game_id,date,season_phase,team,opponent,player,position,min,fg,3pt,ft,oreb,dreb,reb,ast,stl,blk,to,pf,pts,plus_minus
20260430_DAL_IND,"Thursday, April 30, 2026",preseason,Dallas Wings,Indiana Fever,Alanna Smith,F,19,1-2,1-1,2-2,0,4,4,5,1,0,5,2,5,+10
20260430_DAL_IND,"Thursday, April 30, 2026",preseason,Dallas Wings,Indiana Fever,Maddy Siegrist,F,29,7-13,2-5,2-2,2,9,11,0,1,1,1,4,18,+12
20260430_DAL_IND,"Thursday, April 30, 2026",preseason,Dallas Wings,Indiana Fever,Odyssey Sims,G,15,4-4,0-0,1-2,1,2,3,4,1,0,0,3,9,+18
20260430_DAL_IND,"Thursday, April 30, 2026",preseason,Dallas Wings,Indiana Fever,Paige Bueckers,G,20,8-12,4-6,0-0,0,2,2,3,1,0,3,2,20,+15
20260430_DAL_IND,"Thursday, April 30, 2026",preseason,Dallas Wings,Indiana Fever,Azzi Fudd,G,16,2-7,0-2,0-0,0,0,0,1,0,0,0,3,4,-3
20260430_DAL_IND,"Thursday, April 30, 2026",preseason,Dallas Wings,Indiana Fever,Alysha Clark,F,7,0-0,0-0,0-0,1,2,3,1,2,0,2,2,0,+5
20260430_DAL_IND,"Thursday, April 30, 2026",preseason,Dallas Wings,Indiana Fever,Amy Okonkwo,F,10,0-2,0-1,0-0,1,1,2,0,1,0,2,0,0,-6
20260430_DAL_IND,"Thursday, April 30, 2026",preseason,Dallas Wings,Indiana Fever,Dulcy Fankam Mendjiadeu,F,12,4-7,0-0,0-0,1,2,3,1,0,0,1,5,8,+6
20260430_DAL_IND,"Thursday, April 30, 2026",preseason,Dallas Wings,Indiana Fever,Li Yueru,C,12,3-5,0-1,2-3,5,3,8,2,0,0,3,3,8,-2
20260430_DAL_IND,"Thursday, April 30, 2026",preseason,Dallas Wings,Indiana Fever,Lindsay Allen,G,14,1-2,0-0,1-1,0,0,0,2,0,0,1,3,3,-5
20260430_DAL_IND,"Thursday, April 30, 2026",preseason,Dallas Wings,Indiana Fever,Grace Berger,G,14,1-3,1-2,0-0,0,2,2,3,0,0,0,0,3,+6
20260430_DAL_IND,"Thursday, April 30, 2026",preseason,Dallas Wings,Indiana Fever,Aziaha James,G,31,5-13,0-5,7-7,1,6,7,3,4,0,4,5,17,+19
20260430_DAL_IND,"Thursday, April 30, 2026",preseason,Indiana Fever,Dallas Wings,Myisha Hines-Allen,F,17,2-3,0-1,3-4,2,5,7,1,0,0,2,2,7,-8
20260430_DAL_IND,"Thursday, April 30, 2026",preseason,Indiana Fever,Dallas Wings,Monique Billings,F,22,1-5,0-1,0-0,1,2,3,0,1,0,3,5,2,-11
20260430_DAL_IND,"Thursday, April 30, 2026",preseason,Indiana Fever,Dallas Wings,Kelsey Mitchell,G,17,4-12,0-4,2-2,0,0,0,0,0,0,1,2,10,-18
20260430_DAL_IND,"Thursday, April 30, 2026",preseason,Indiana Fever,Dallas Wings,Sophie Cunningham,G,14,0-0,0-0,1-3,0,1,1,0,0,0,0,1,1,-16
20260430_DAL_IND,"Thursday, April 30, 2026",preseason,Indiana Fever,Dallas Wings,Caitlin Clark,G,16,4-6,2-3,11-13,0,2,2,4,1,0,3,2,21,-7
20260430_DAL_IND,"Thursday, April 30, 2026",preseason,Indiana Fever,Dallas Wings,Makayla Timpson,F,23,3-4,0-0,5-7,0,2,2,0,1,1,0,1,11,-6
20260430_DAL_IND,"Thursday, April 30, 2026",preseason,Indiana Fever,Dallas Wings,Damiris Dantas,C,18,2-11,0-8,3-4,0,5,5,1,0,0,3,2,7,-5
20260430_DAL_IND,"Thursday, April 30, 2026",preseason,Indiana Fever,Dallas Wings,Shatori Walker-Kimbrough,G,20,3-7,0-0,1-4,0,2,2,4,2,1,0,0,7,-1
20260430_DAL_IND,"Thursday, April 30, 2026",preseason,Indiana Fever,Dallas Wings,Kayana Traylor,G,11,3-5,2-3,0-0,0,0,0,0,0,0,0,1,8,+8
20260430_DAL_IND,"Thursday, April 30, 2026",preseason,Indiana Fever,Dallas Wings,Megan McConnell,G,9,0-1,0-0,0-0,1,1,2,0,0,1,1,0,0,-3
20260430_DAL_IND,"Thursday, April 30, 2026",preseason,Indiana Fever,Dallas Wings,Raven Johnson,G,21,1-3,0-1,1-3,0,1,1,5,5,0,3,3,3,-2
20260430_DAL_IND,"Thursday, April 30, 2026",preseason,Indiana Fever,Dallas Wings,Jessica Timmons,G,11,1-3,0-2,1-2,1,0,1,0,0,0,1,2,3,-6
20260502_TOR_MIN,"Saturday, May 02, 2026",preseason,Toronto Tempo,Minnesota Lynx,Laura Juskaite,F,28,2-10,0-3,2-2,1,6,7,1,2,0,3,4,6,-5
20260502_TOR_MIN,"Saturday, May 02, 2026",preseason,Toronto Tempo,Minnesota Lynx,Temi Fagbenle,C,15,2-7,0-0,0-0,2,5,7,2,0,1,0,3,4,+1
20260502_TOR_MIN,"Saturday, May 02, 2026",preseason,Toronto Tempo,Minnesota Lynx,Brittney Sykes,G,17,3-9,0-3,2-2,0,1,1,0,1,0,3,3,8,-4
20260502_TOR_MIN,"Saturday, May 02, 2026",preseason,Toronto Tempo,Minnesota Lynx,Kia Nurse,G,15,2-5,1-3,2-2,0,0,0,0,0,0,1,1,7,+6
20260502_TOR_MIN,"Saturday, May 02, 2026",preseason,Toronto Tempo,Minnesota Lynx,Julie Allemand,G,22,2-3,1-2,0-0,0,6,6,2,0,0,0,2,5,+6
20260502_TOR_MIN,"Saturday, May 02, 2026",preseason,Toronto Tempo,Minnesota Lynx,Teonni Key,F,22,1-6,0-1,2-4,2,4,6,2,0,1,1,6,4,-3
20260502_TOR_MIN,"Saturday, May 02, 2026",preseason,Toronto Tempo,Minnesota Lynx,Elizabeth Balogun,G,15,5-8,2-3,0-0,1,0,1,0,1,0,0,3,12,-7
20260502_TOR_MIN,"Saturday, May 02, 2026",preseason,Toronto Tempo,Minnesota Lynx,Lexi Held,G,23,2-8,1-3,0-0,1,0,1,0,1,0,0,4,5,-3
20260502_TOR_MIN,"Saturday, May 02, 2026",preseason,Toronto Tempo,Minnesota Lynx,Kiki Rice,G,23,4-7,0-1,2-3,0,2,2,2,1,0,0,2,10,-14
20260502_TOR_MIN,"Saturday, May 02, 2026",preseason,Toronto Tempo,Minnesota Lynx,Aaliyah Nye,G,20,1-5,1-5,2-3,0,3,3,2,1,0,1,3,5,-12
20260502_TOR_MIN,"Saturday, May 02, 2026",preseason,Toronto Tempo,Minnesota Lynx,Nikolina Milic,F,,,,,,,,,,,,,,
20260502_TOR_MIN,"Saturday, May 02, 2026",preseason,Minnesota Lynx,Toronto Tempo,Natasha Howard,F,13,0-5,0-0,0-0,1,1,2,2,0,0,0,2,0,-6
20260502_TOR_MIN,"Saturday, May 02, 2026",preseason,Minnesota Lynx,Toronto Tempo,Nia Coffey,F,17,4-6,1-2,0-0,1,3,4,0,0,0,0,0,9,+2
20260502_TOR_MIN,"Saturday, May 02, 2026",preseason,Minnesota Lynx,Toronto Tempo,Kayla McBride,G,21,4-7,0-0,5-7,0,3,3,1,1,0,1,0,13,0
20260502_TOR_MIN,"Saturday, May 02, 2026",preseason,Minnesota Lynx,Toronto Tempo,Courtney Williams,G,17,0-5,0-0,0-0,0,5,5,6,1,0,4,1,0,-2
20260502_TOR_MIN,"Saturday, May 02, 2026",preseason,Minnesota Lynx,Toronto Tempo,Olivia Miles,G,28,5-13,0-1,3-5,1,5,6,2,0,0,2,2,13,+1
20260502_TOR_MIN,"Saturday, May 02, 2026",preseason,Minnesota Lynx,Toronto Tempo,Liatu King,F,10,1-3,0-0,1-4,2,1,3,0,1,0,2,2,3,-7
20260502_TOR_MIN,"Saturday, May 02, 2026",preseason,Minnesota Lynx,Toronto Tempo,Antonia Delaere,F,17,0-2,0-0,2-2,0,1,1,2,0,0,0,1,2,+6
20260502_TOR_MIN,"Saturday, May 02, 2026",preseason,Minnesota Lynx,Toronto Tempo,Anastasiia Olairi Kosu,F,15,3-4,0-0,4-4,1,4,5,0,0,0,0,0,10,+12
20260502_TOR_MIN,"Saturday, May 02, 2026",preseason,Minnesota Lynx,Toronto Tempo,Emma Cechova,F,24,5-7,0-0,6-10,2,4,6,0,0,4,2,3,16,+13
20260502_TOR_MIN,"Saturday, May 02, 2026",preseason,Minnesota Lynx,Toronto Tempo,Jaylyn Sherrod,G,6,0-0,0-0,0-2,1,0,1,1,0,0,0,1,0,0
20260502_TOR_MIN,"Saturday, May 02, 2026",preseason,Minnesota Lynx,Toronto Tempo,Saylor Poffenbarger,G,15,0-1,0-1,0-0,1,1,2,0,0,0,0,1,0,+8
20260502_TOR_MIN,"Saturday, May 02, 2026",preseason,Minnesota Lynx,Toronto Tempo,Eliska Hamzova,G,18,2-3,1-1,2-3,1,1,2,1,0,0,4,4,7,+8
20260502_TOR_MIN,"Saturday, May 02, 2026",preseason,Minnesota Lynx,Toronto Tempo,Aubrey Griffin,F,,,,,,,,,,,,,,
20260502_TOR_MIN,"Saturday, May 02, 2026",preseason,Minnesota Lynx,Toronto Tempo,Jade Masogayo,F,,,,,,,,,,,,,,
20260502_TOR_MIN,"Saturday, May 02, 2026",preseason,Minnesota Lynx,Toronto Tempo,Reigan Richardson,G,,,,,,,,,,,,,,
20260502_TOR_MIN,"Saturday, May 02, 2026",preseason,Minnesota Lynx,Toronto Tempo,Lani White,G,,,,,,,,,,,,,,
20260502_NIGER_IND,"Saturday, May 02, 2026",preseason,Indiana Fever,NIGERIA,Monique Billings,F,6,3-3,1-1,0-0,0,2,2,0,1,0,1,1,7,+8
20260502_NIGER_IND,"Saturday, May 02, 2026",preseason,Indiana Fever,NIGERIA,Aliyah Boston,C,10,2-3,0-0,0-0,1,0,1,6,0,1,1,1,4,+21
20260502_NIGER_IND,"Saturday, May 02, 2026",preseason,Indiana Fever,NIGERIA,Kelsey Mitchell,G,14,6-9,3-3,2-2,0,2,2,2,2,0,1,1,17,+28
20260502_NIGER_IND,"Saturday, May 02, 2026",preseason,Indiana Fever,NIGERIA,Sophie Cunningham,G,12,3-4,1-2,1-2,0,1,1,3,1,0,0,3,8,+34
20260502_NIGER_IND,"Saturday, May 02, 2026",preseason,Indiana Fever,NIGERIA,Caitlin Clark,G,13,3-4,2-3,4-4,0,2,2,4,1,0,1,1,12,+32
20260502_NIGER_IND,"Saturday, May 02, 2026",preseason,Indiana Fever,NIGERIA,Myisha Hines-Allen,F,14,2-4,0-0,1-1,1,4,5,1,1,0,0,5,5,+12
20260502_NIGER_IND,"Saturday, May 02, 2026",preseason,Indiana Fever,NIGERIA,Makayla Timpson,F,24,5-5,0-0,2-3,0,5,5,0,2,2,1,0,12,+36
20260502_NIGER_IND,"Saturday, May 02, 2026",preseason,Indiana Fever,NIGERIA,Damiris Dantas,C,23,5-9,4-6,2-2,2,3,5,3,1,0,2,4,16,+14
20260502_NIGER_IND,"Saturday, May 02, 2026",preseason,Indiana Fever,NIGERIA,Shatori Walker-Kimbrough,G,19,2-3,1-2,0-0,1,3,4,0,0,1,2,3,5,+17
20260502_NIGER_IND,"Saturday, May 02, 2026",preseason,Indiana Fever,NIGERIA,Tyasha Harris,G,12,0-3,0-2,2-2,0,0,0,1,0,0,0,0,2,+5
20260502_NIGER_IND,"Saturday, May 02, 2026",preseason,Indiana Fever,NIGERIA,Kayana Traylor,G,11,2-6,1-4,0-0,0,1,1,1,0,0,4,4,5,-2
20260502_NIGER_IND,"Saturday, May 02, 2026",preseason,Indiana Fever,NIGERIA,Megan McConnell,G,12,0-3,0-2,0-0,0,3,3,3,2,0,3,0,0,+11
20260502_NIGER_IND,"Saturday, May 02, 2026",preseason,Indiana Fever,NIGERIA,Raven Johnson,G,16,3-6,1-4,2-2,1,6,7,1,1,1,1,4,9,+13
20260502_NIGER_IND,"Saturday, May 02, 2026",preseason,Indiana Fever,NIGERIA,Jessica Timmons,G,13,0-5,0-2,3-3,0,1,1,1,0,0,1,1,3,+11
20260503_WSH_ATL,"Sunday, May 03, 2026",preseason,Washington Mystics,Atlanta Dream,Kiki Iriafen,F,16,3-6,1-1,4-5,3,1,4,1,0,2,3,5,11,+2
20260503_WSH_ATL,"Sunday, May 03, 2026",preseason,Washington Mystics,Atlanta Dream,Lauren Betts,C,26,7-12,0-0,3-4,1,3,4,3,1,0,1,3,17,+4
20260503_WSH_ATL,"Sunday, May 03, 2026",preseason,Washington Mystics,Atlanta Dream,Sonia Citron,G,19,2-5,0-0,2-2,0,2,2,3,0,0,0,1,6,+11
20260503_WSH_ATL,"Sunday, May 03, 2026",preseason,Washington Mystics,Atlanta Dream,Cotie McMahon,G,27,2-4,0-0,5-7,0,1,1,1,2,0,0,4,9,+10
20260503_WSH_ATL,"Sunday, May 03, 2026",preseason,Washington Mystics,Atlanta Dream,Georgia Amoore,G,17,3-7,2-4,0-0,0,1,1,2,3,0,2,1,8,+6
20260503_WSH_ATL,"Sunday, May 03, 2026",preseason,Washington Mystics,Atlanta Dream,Angela Dugalic,F,20,3-7,1-4,0-0,0,6,6,2,3,1,2,1,7,+4
20260503_WSH_ATL,"Sunday, May 03, 2026",preseason,Washington Mystics,Atlanta Dream,Christeen Iwuala,F,3,1-3,0-0,0-0,1,0,1,1,0,0,0,1,2,+2
20260503_WSH_ATL,"Sunday, May 03, 2026",preseason,Washington Mystics,Atlanta Dream,Madison Scott,G,5,0-1,0-0,0-0,0,0,0,0,1,0,1,1,0,-2
20260503_WSH_ATL,"Sunday, May 03, 2026",preseason,Washington Mystics,Atlanta Dream,Rori Harmon,G,18,3-6,0-3,0-2,0,0,0,4,2,0,4,2,6,+6
20260503_WSH_ATL,"Sunday, May 03, 2026",preseason,Washington Mystics,Atlanta Dream,Lucy Olsen,G,16,3-4,0-0,3-4,1,1,2,2,1,0,2,3,9,+1
20260503_WSH_ATL,"Sunday, May 03, 2026",preseason,Washington Mystics,Atlanta Dream,Darianna Littlepage-Buggs,G,14,2-3,1-1,0-0,0,2,2,1,0,1,1,0,5,+4
20260503_WSH_ATL,"Sunday, May 03, 2026",preseason,Washington Mystics,Atlanta Dream,Cassandre Prosper,G,19,1-3,0-1,1-2,0,3,3,0,1,0,0,3,3,+7
20260503_WSH_ATL,"Sunday, May 03, 2026",preseason,Atlanta Dream,Washington Mystics,Naz Hillmon,F,10,0-1,0-1,0-0,1,0,1,1,0,0,0,0,0,-5
20260503_WSH_ATL,"Sunday, May 03, 2026",preseason,Atlanta Dream,Washington Mystics,Angel Reese,F,11,3-7,0-0,4-6,3,1,4,0,2,0,2,3,10,-9
20260503_WSH_ATL,"Sunday, May 03, 2026",preseason,Atlanta Dream,Washington Mystics,Allisha Gray,G,10,1-3,0-1,1-2,0,1,1,0,1,0,2,1,3,+3
20260503_WSH_ATL,"Sunday, May 03, 2026",preseason,Atlanta Dream,Washington Mystics,Jordin Canada,G,9,1-3,1-2,0-1,0,0,0,1,0,0,1,1,3,-4
20260503_WSH_ATL,"Sunday, May 03, 2026",preseason,Atlanta Dream,Washington Mystics,Rhyne Howard,G,13,0-5,0-5,2-2,0,0,0,3,1,0,0,0,2,-6
20260503_WSH_ATL,"Sunday, May 03, 2026",preseason,Atlanta Dream,Washington Mystics,Stephanie Jones,F,20,0-2,0-1,3-4,2,4,6,1,0,0,2,4,3,-12
20260503_WSH_ATL,"Sunday, May 03, 2026",preseason,Atlanta Dream,Washington Mystics,Taylor Thierry,F,13,2-5,2-4,1-2,1,3,4,1,0,0,1,3,7,-10
20260503_WSH_ATL,"Sunday, May 03, 2026",preseason,Atlanta Dream,Washington Mystics,Sika Kone,F,11,2-4,0-1,0-0,1,1,2,0,0,0,0,1,4,+1
20260503_WSH_ATL,"Sunday, May 03, 2026",preseason,Atlanta Dream,Washington Mystics,Madina Okot,C,21,3-6,1-3,2-4,2,4,6,1,1,2,5,3,9,+3
20260503_WSH_ATL,"Sunday, May 03, 2026",preseason,Atlanta Dream,Washington Mystics,Maite Cazorla,G,22,1-2,0-1,3-4,1,3,4,4,2,0,2,5,5,+1
20260503_WSH_ATL,"Sunday, May 03, 2026",preseason,Atlanta Dream,Washington Mystics,Te-Hina Paopao,G,9,3-4,2-2,0-0,0,2,2,0,0,0,1,0,8,-8
20260503_WSH_ATL,"Sunday, May 03, 2026",preseason,Atlanta Dream,Washington Mystics,Holly Winterburn,G,22,4-9,0-5,4-4,0,2,2,2,2,0,2,2,12,-5
20260503_WSH_ATL,"Sunday, May 03, 2026",preseason,Atlanta Dream,Washington Mystics,Indya Nivar,G,14,1-3,0-1,2-2,1,1,2,0,0,0,2,3,4,+3
20260503_WSH_ATL,"Sunday, May 03, 2026",preseason,Atlanta Dream,Washington Mystics,Isobel Borlase,G,14,1-4,0-2,0-0,0,1,1,2,2,1,1,0,2,-7
20260503_NY_CON,"Sunday, May 03, 2026",preseason,New York Liberty,Connecticut Sun,Breanna Stewart,F,18,2-6,0-1,0-0,0,6,6,2,0,0,1,0,4,-2
20260503_NY_CON,"Sunday, May 03, 2026",preseason,New York Liberty,Connecticut Sun,Jonquel Jones,C,21,4-8,3-6,4-4,0,5,5,0,1,3,0,0,15,+10
20260503_NY_CON,"Sunday, May 03, 2026",preseason,New York Liberty,Connecticut Sun,Rebekah Gardner,G,23,0-2,0-0,6-6,2,5,7,1,0,0,0,1,6,+7
20260503_NY_CON,"Sunday, May 03, 2026",preseason,New York Liberty,Connecticut Sun,Marine Johannes,G,29,4-11,4-9,0-0,0,4,4,4,5,0,1,1,12,+12
20260503_NY_CON,"Sunday, May 03, 2026",preseason,New York Liberty,Connecticut Sun,Sabrina Ionescu,G,16,2-8,0-1,2-2,1,0,1,2,0,0,3,2,6,0
20260503_NY_CON,"Sunday, May 03, 2026",preseason,New York Liberty,Connecticut Sun,Anneli Maley,F,24,3-5,1-2,6-6,3,3,6,1,0,0,1,2,13,+9
20260503_NY_CON,"Sunday, May 03, 2026",preseason,New York Liberty,Connecticut Sun,Alex Fowler,F,15,0-3,0-2,0-0,0,2,2,0,3,0,1,4,0,+16
20260503_NY_CON,"Sunday, May 03, 2026",preseason,New York Liberty,Connecticut Sun,Han Xu,C,15,2-9,0-2,0-0,1,0,1,1,1,1,0,0,4,-4
20260503_NY_CON,"Sunday, May 03, 2026",preseason,New York Liberty,Connecticut Sun,Derin Erdogan,G,18,3-8,1-3,0-0,0,0,0,1,0,0,1,3,7,-4
20260503_NY_CON,"Sunday, May 03, 2026",preseason,New York Liberty,Connecticut Sun,Pauline Astier,G,22,4-5,0-0,4-4,0,1,1,4,1,1,2,3,12,+16
20260503_NY_CON,"Sunday, May 03, 2026",preseason,New York Liberty,Connecticut Sun,Satou Sabally,F,,,,,,,,,,,,,,
20260503_NY_CON,"Sunday, May 03, 2026",preseason,New York Liberty,Connecticut Sun,Leonie Fiebich,F,,,,,,,,,,,,,,
20260503_NY_CON,"Sunday, May 03, 2026",preseason,New York Liberty,Connecticut Sun,Raquel Carrera,F,,,,,,,,,,,,,,
20260503_NY_CON,"Sunday, May 03, 2026",preseason,New York Liberty,Connecticut Sun,Ugonne Onyiah,C,,,,,,,,,,,,,,
20260503_NY_CON,"Sunday, May 03, 2026",preseason,New York Liberty,Connecticut Sun,Betnijah Laney-Hamilton,G,,,,,,,,,,,,,,
20260503_NY_CON,"Sunday, May 03, 2026",preseason,New York Liberty,Connecticut Sun,Rebecca Allen,G,,,,,,,,,,,,,,
20260503_NY_CON,"Sunday, May 03, 2026",preseason,New York Liberty,Connecticut Sun,Marine Fauthoux,G,,,,,,,,,,,,,,
20260503_NY_CON,"Sunday, May 03, 2026",preseason,Connecticut Sun,New York Liberty,Diamond Miller,F,16,2-6,0-1,2-2,1,3,4,1,0,1,0,3,6,-7
20260503_NY_CON,"Sunday, May 03, 2026",preseason,Connecticut Sun,New York Liberty,Aneesah Morrow,F,16,4-11,0-2,0-1,1,7,8,0,1,0,1,2,8,-3
20260503_NY_CON,"Sunday, May 03, 2026",preseason,Connecticut Sun,New York Liberty,Brittney Griner,C,21,7-9,2-2,0-0,1,3,4,1,1,0,0,0,16,-3
20260503_NY_CON,"Sunday, May 03, 2026",preseason,Connecticut Sun,New York Liberty,Kennedy Burke,G,24,1-7,1-6,0-0,0,3,3,4,0,1,1,0,3,+1
20260503_NY_CON,"Sunday, May 03, 2026",preseason,Connecticut Sun,New York Liberty,Saniya Rivers,G,24,2-6,0-1,2-2,0,2,2,4,1,1,2,3,6,-2
20260503_NY_CON,"Sunday, May 03, 2026",preseason,Connecticut Sun,New York Liberty,Raegan Beers,F,14,2-5,1-2,0-0,0,0,0,1,1,0,2,3,5,-3
20260503_NY_CON,"Sunday, May 03, 2026",preseason,Connecticut Sun,New York Liberty,Olivia Nelson-Ododa,C,14,4-7,0-0,1-2,3,1,4,0,0,1,3,4,9,-8
20260503_NY_CON,"Sunday, May 03, 2026",preseason,Connecticut Sun,New York Liberty,Kyla Oldacre,C,5,0-1,0-0,0-0,0,0,0,0,0,0,2,0,0,-6
20260503_NY_CON,"Sunday, May 03, 2026",preseason,Connecticut Sun,New York Liberty,Madison Hayes,G,11,1-2,0-0,0-0,1,3,4,0,0,0,0,0,2,-2
20260503_NY_CON,"Sunday, May 03, 2026",preseason,Connecticut Sun,New York Liberty,Taylor Bigby,G,10,0-3,0-2,0-0,0,0,0,2,0,0,0,0,0,-3
20260503_NY_CON,"Sunday, May 03, 2026",preseason,Connecticut Sun,New York Liberty,Charlisse Leger-Walker,G,14,0-1,0-0,0-0,0,0,0,0,0,0,3,2,0,-3
20260503_NY_CON,"Sunday, May 03, 2026",preseason,Connecticut Sun,New York Liberty,Gianna Kneepkens,G,17,2-4,1-2,0-0,1,1,2,2,2,0,1,1,5,-13
20260503_NY_CON,"Sunday, May 03, 2026",preseason,Connecticut Sun,New York Liberty,Harmoni Turner,G,14,2-4,1-3,2-2,0,2,2,0,0,0,1,1,7,-8
20260503_NY_CON,"Sunday, May 03, 2026",preseason,Connecticut Sun,New York Liberty,Aaliyah Edwards,F,,,,,,,,,,,,,,
20260503_NY_CON,"Sunday, May 03, 2026",preseason,Connecticut Sun,New York Liberty,Nell Angloma,F,,,,,,,,,,,,,,
20260503_NY_CON,"Sunday, May 03, 2026",preseason,Connecticut Sun,New York Liberty,Shey Peddy,G,,,,,,,,,,,,,,
20260503_NY_CON,"Sunday, May 03, 2026",preseason,Connecticut Sun,New York Liberty,Leila Lacan,G,,,,,,,,,,,,,,
20260503_NY_CON,"Sunday, May 03, 2026",preseason,Connecticut Sun,New York Liberty,Mamignan Toure,G,,,,,,,,,,,,,,
20260503_LV_DAL,"Sunday, May 03, 2026",preseason,Las Vegas Aces,Dallas Wings,Stephanie Talbot,F,19,2-6,1-2,3-3,0,1,1,1,2,0,2,2,8,-10
20260503_LV_DAL,"Sunday, May 03, 2026",preseason,Las Vegas Aces,Dallas Wings,NaLyssa Smith,F,25,3-6,0-1,3-8,2,2,4,0,0,0,2,4,9,-19
20260503_LV_DAL,"Sunday, May 03, 2026",preseason,Las Vegas Aces,Dallas Wings,A'ja Wilson,C,23,5-9,0-1,8-13,0,5,5,1,1,1,4,4,18,-13
20260503_LV_DAL,"Sunday, May 03, 2026",preseason,Las Vegas Aces,Dallas Wings,Chelsea Gray,G,22,4-9,2-4,0-0,0,2,2,5,1,0,2,2,10,-15
20260503_LV_DAL,"Sunday, May 03, 2026",preseason,Las Vegas Aces,Dallas Wings,Jackie Young,G,25,7-13,1-4,1-2,0,0,0,3,0,0,1,3,16,-11
20260503_LV_DAL,"Sunday, May 03, 2026",preseason,Las Vegas Aces,Dallas Wings,Cheyenne Parker-Tyus,F,11,1-1,0-0,2-4,0,5,5,1,0,0,2,1,4,+3
20260503_LV_DAL,"Sunday, May 03, 2026",preseason,Las Vegas Aces,Dallas Wings,Brianna Turner,F,12,0-0,0-0,0-0,0,1,1,0,0,0,0,0,0,+5
20260503_LV_DAL,"Sunday, May 03, 2026",preseason,Las Vegas Aces,Dallas Wings,Kierstan Bell,F,18,2-3,1-2,0-0,0,0,0,1,1,0,0,1,5,-3
20260503_LV_DAL,"Sunday, May 03, 2026",preseason,Las Vegas Aces,Dallas Wings,Jewell Loyd,G,28,2-6,0-2,5-6,0,6,6,0,4,0,2,2,9,-8
20260503_LV_DAL,"Sunday, May 03, 2026",preseason,Las Vegas Aces,Dallas Wings,Chennedy Carter,G,16,2-7,0-3,1-2,0,0,0,2,0,2,0,6,5,-16
20260503_LV_DAL,"Sunday, May 03, 2026",preseason,Las Vegas Aces,Dallas Wings,Jordan Obi,G,3,0-0,0-0,0-0,0,1,1,0,0,0,1,1,0,+2
20260503_LV_DAL,"Sunday, May 03, 2026",preseason,Dallas Wings,Las Vegas Aces,Alanna Smith,F,12,5-6,2-2,0-0,3,4,7,1,0,0,1,3,12,+19
20260503_LV_DAL,"Sunday, May 03, 2026",preseason,Dallas Wings,Las Vegas Aces,Maddy Siegrist,F,22,7-10,0-1,0-0,1,4,5,1,0,0,1,2,14,+9
20260503_LV_DAL,"Sunday, May 03, 2026",preseason,Dallas Wings,Las Vegas Aces,Odyssey Sims,G,16,2-5,1-1,0-0,0,0,0,2,0,0,0,1,5,+8
20260503_LV_DAL,"Sunday, May 03, 2026",preseason,Dallas Wings,Las Vegas Aces,Paige Bueckers,G,22,4-9,1-1,2-2,0,4,4,9,1,0,0,0,11,+15
20260503_LV_DAL,"Sunday, May 03, 2026",preseason,Dallas Wings,Las Vegas Aces,Azzi Fudd,G,21,4-10,1-5,3-4,0,0,0,1,0,0,1,2,12,+15
20260503_LV_DAL,"Sunday, May 03, 2026",preseason,Dallas Wings,Las Vegas Aces,Alysha Clark,F,18,2-3,0-0,2-3,0,2,2,1,1,0,0,3,6,+1
20260503_LV_DAL,"Sunday, May 03, 2026",preseason,Dallas Wings,Las Vegas Aces,Amy Okonkwo,F,10,2-5,1-4,3-3,1,2,3,0,1,0,1,1,8,-1
20260503_LV_DAL,"Sunday, May 03, 2026",preseason,Dallas Wings,Las Vegas Aces,Jessica Shepard,F,17,2-2,0-0,2-4,1,4,5,2,0,0,0,3,6,+9
20260503_LV_DAL,"Sunday, May 03, 2026",preseason,Dallas Wings,Las Vegas Aces,Dulcy Fankam Mendjiadeu,F,10,0-0,0-0,0-0,1,0,1,0,0,0,1,2,0,0
20260503_LV_DAL,"Sunday, May 03, 2026",preseason,Dallas Wings,Las Vegas Aces,Li Yueru,C,5,0-0,0-0,0-0,0,0,0,0,0,0,1,1,0,+3
20260503_LV_DAL,"Sunday, May 03, 2026",preseason,Dallas Wings,Las Vegas Aces,Rayah Marshall,C,3,0-0,0-0,0-0,0,0,0,0,1,0,1,1,0,-4
20260503_LV_DAL,"Sunday, May 03, 2026",preseason,Dallas Wings,Las Vegas Aces,Lindsay Allen,G,4,0-0,0-0,0-0,0,0,0,0,0,0,1,1,0,-4
20260503_LV_DAL,"Sunday, May 03, 2026",preseason,Dallas Wings,Las Vegas Aces,Grace Berger,G,9,0-1,0-0,2-2,0,1,1,2,1,0,0,1,2,0
20260503_LV_DAL,"Sunday, May 03, 2026",preseason,Dallas Wings,Las Vegas Aces,Aziaha James,G,17,6-13,2-5,4-7,2,2,4,2,2,1,3,4,18,+15
20260503_LV_DAL,"Sunday, May 03, 2026",preseason,Dallas Wings,Las Vegas Aces,JJ Quinerly,G,11,1-3,1-1,4-4,0,3,3,3,1,0,3,2,7,+3
20260503_LV_DAL,"Sunday, May 03, 2026",preseason,Dallas Wings,Las Vegas Aces,Costanza Verona,G,4,0-4,0-0,0-0,0,0,0,0,1,0,0,0,0,-3
20260503_LA_POR,"Sunday, May 03, 2026",preseason,Los Angeles Sparks,Portland Fire,Nneka Ogwumike,F,20,5-9,2-3,5-7,2,2,4,5,1,0,0,2,17,+21
20260503_LA_POR,"Sunday, May 03, 2026",preseason,Los Angeles Sparks,Portland Fire,Dearica Hamby,F,19,4-5,0-0,5-6,1,3,4,2,2,0,2,4,13,+16
20260503_LA_POR,"Sunday, May 03, 2026",preseason,Los Angeles Sparks,Portland Fire,Kelsey Plum,G,18,3-7,2-2,5-5,0,1,1,4,0,0,2,3,13,+21
20260503_LA_POR,"Sunday, May 03, 2026",preseason,Los Angeles Sparks,Portland Fire,Ariel Atkins,G,17,1-4,1-2,1-2,0,2,2,3,1,1,1,0,4,+16
20260503_LA_POR,"Sunday, May 03, 2026",preseason,Los Angeles Sparks,Portland Fire,Rae Burrell,G,18,2-5,0-2,0-0,2,0,2,0,2,1,1,0,4,+24
20260503_LA_POR,"Sunday, May 03, 2026",preseason,Los Angeles Sparks,Portland Fire,Emma Cannon,F,8,1-2,1-2,0-0,0,1,1,1,0,0,0,1,3,-4
20260503_LA_POR,"Sunday, May 03, 2026",preseason,Los Angeles Sparks,Portland Fire,Cameron Brink,F,12,0-2,0-1,0-0,1,3,4,0,1,1,4,5,0,0
20260503_LA_POR,"Sunday, May 03, 2026",preseason,Los Angeles Sparks,Portland Fire,Sania Feagin,F,10,2-3,0-0,4-4,2,1,3,0,1,0,1,1,8,-5
20260503_LA_POR,"Sunday, May 03, 2026",preseason,Los Angeles Sparks,Portland Fire,Jihyun Park,F,10,1-3,0-2,0-0,0,2,2,0,0,0,0,1,2,-2
20260503_LA_POR,"Sunday, May 03, 2026",preseason,Los Angeles Sparks,Portland Fire,Laura Ziegler,F,10,0-3,0-3,0-0,1,0,1,0,0,1,1,3,0,-8
20260503_LA_POR,"Sunday, May 03, 2026",preseason,Los Angeles Sparks,Portland Fire,Erica Wheeler,G,11,2-5,2-5,0-0,0,0,0,2,1,0,1,3,6,-5
20260503_LA_POR,"Sunday, May 03, 2026",preseason,Los Angeles Sparks,Portland Fire,Julie Vanloo,G,9,0-2,0-2,0-0,0,2,2,2,0,0,2,3,0,-8
20260503_LA_POR,"Sunday, May 03, 2026",preseason,Los Angeles Sparks,Portland Fire,Ta'Niya Latson,G,14,2-5,0-2,3-6,0,1,1,2,0,0,4,2,7,+4
20260503_LA_POR,"Sunday, May 03, 2026",preseason,Los Angeles Sparks,Portland Fire,Chance Gray,G,13,2-5,1-3,1-2,1,1,2,1,1,0,1,0,6,-12
20260503_LA_POR,"Sunday, May 03, 2026",preseason,Los Angeles Sparks,Portland Fire,Sevgi Uzun,G,10,1-4,0-2,0-0,0,2,2,0,0,0,0,0,2,-8
20260503_LA_POR,"Sunday, May 03, 2026",preseason,Portland Fire,Los Angeles Sparks,Bridget Carleton,F,25,3-8,1-5,2-4,1,0,1,1,1,0,1,1,9,-10
20260503_LA_POR,"Sunday, May 03, 2026",preseason,Portland Fire,Los Angeles Sparks,Nyadiew Puoch,F,23,4-5,2-3,2-4,0,1,1,2,1,0,0,2,12,-12
20260503_LA_POR,"Sunday, May 03, 2026",preseason,Portland Fire,Los Angeles Sparks,Luisa Geiselsoder,C,21,2-6,0-2,3-3,0,6,6,0,0,1,4,5,7,-13
20260503_LA_POR,"Sunday, May 03, 2026",preseason,Portland Fire,Los Angeles Sparks,Haley Jones,G,21,4-8,0-1,0-0,0,3,3,2,2,0,4,5,8,-20
20260503_LA_POR,"Sunday, May 03, 2026",preseason,Portland Fire,Los Angeles Sparks,Carla Leite,G,22,4-6,1-1,2-2,0,1,1,3,1,0,4,4,11,-8
20260503_LA_POR,"Sunday, May 03, 2026",preseason,Portland Fire,Los Angeles Sparks,Chloe Bibby,F,16,0-1,0-0,0-0,0,1,1,0,0,0,0,0,0,+12
20260503_LA_POR,"Sunday, May 03, 2026",preseason,Portland Fire,Los Angeles Sparks,Frieda Buhner,F,21,1-6,0-3,3-4,0,1,1,0,0,0,1,2,5,0
20260503_LA_POR,"Sunday, May 03, 2026",preseason,Portland Fire,Los Angeles Sparks,Serah Williams,C,19,3-6,0-0,6-8,3,5,8,1,2,1,3,4,12,+3
20260503_LA_POR,"Sunday, May 03, 2026",preseason,Portland Fire,Los Angeles Sparks,Maya Caldwell,G,15,1-3,0-2,0-0,1,4,5,2,0,0,3,2,2,0
20260503_LA_POR,"Sunday, May 03, 2026",preseason,Portland Fire,Los Angeles Sparks,Jordan Harrison,G,18,2-5,0-1,5-5,1,2,3,4,1,0,4,4,9,-2
20260503_LA_POR,"Sunday, May 03, 2026",preseason,Portland Fire,Los Angeles Sparks,Kamiah Smalls,F,,,,,,,,,,,,,,
20260503_LA_POR,"Sunday, May 03, 2026",preseason,Portland Fire,Los Angeles Sparks,Emily Engstler,F,,,,,,,,,,,,,,
20260503_LA_POR,"Sunday, May 03, 2026",preseason,Portland Fire,Los Angeles Sparks,Megan DiLeo,C,,,,,,,,,,,,,,
20260503_LA_POR,"Sunday, May 03, 2026",preseason,Portland Fire,Los Angeles Sparks,Karlie Samuelson,G,,,,,,,,,,,,,,
20260503_LA_POR,"Sunday, May 03, 2026",preseason,Portland Fire,Los Angeles Sparks,Sug Sutton,G,,,,,,,,,,,,,,
20260503_LA_POR,"Sunday, May 03, 2026",preseason,Portland Fire,Los Angeles Sparks,Sarah Ashlee Barker,G,,,,,,,,,,,,,,
20260503_LA_POR,"Sunday, May 03, 2026",preseason,Portland Fire,Los Angeles Sparks,Teja Oblak,G,,,,,,,,,,,,,,
20260508_CON_NY,"Friday, May 08, 2026",regular_season,Connecticut Sun,New York Liberty,Diamond Miller,F,25,6-16,1-6,3-5,1,2,3,1,2,0,2,3,16,-15
20260508_CON_NY,"Friday, May 08, 2026",regular_season,Connecticut Sun,New York Liberty,Aneesah Morrow,F,24,7-15,1-5,0-0,3,3,6,0,1,0,5,5,15,-15
20260508_CON_NY,"Friday, May 08, 2026",regular_season,Connecticut Sun,New York Liberty,Brittney Griner,C,27,6-11,0-1,1-1,3,3,6,2,0,0,2,2,13,-21
20260508_CON_NY,"Friday, May 08, 2026",regular_season,Connecticut Sun,New York Liberty,Kennedy Burke,G,24,2-8,0-1,0-0,2,1,3,3,0,1,0,4,4,-22
20260508_CON_NY,"Friday, May 08, 2026",regular_season,Connecticut Sun,New York Liberty,Saniya Rivers,G,26,2-6,0-1,1-2,0,2,2,6,0,1,4,2,5,-27
20260508_CON_NY,"Friday, May 08, 2026",regular_season,Connecticut Sun,New York Liberty,Raegan Beers,F,11,0-1,0-0,1-4,0,2,2,0,0,0,0,2,1,-9
20260508_CON_NY,"Friday, May 08, 2026",regular_season,Connecticut Sun,New York Liberty,Olivia Nelson-Ododa,C,15,0-2,0-0,1-2,1,1,2,3,1,0,0,2,1,-15
20260508_CON_NY,"Friday, May 08, 2026",regular_season,Connecticut Sun,New York Liberty,Hailey Van Lith,G,14,4-7,1-2,0-0,0,1,1,4,1,0,2,2,9,-7
20260508_CON_NY,"Friday, May 08, 2026",regular_season,Connecticut Sun,New York Liberty,Charlisse Leger-Walker,G,21,2-9,0-2,0-1,0,2,2,1,0,0,1,1,4,-17
20260508_CON_NY,"Friday, May 08, 2026",regular_season,Connecticut Sun,New York Liberty,Gianna Kneepkens,G,13,3-8,1-4,0-0,2,3,5,1,0,0,0,2,7,-7
20260508_CON_NY,"Friday, May 08, 2026",regular_season,Connecticut Sun,New York Liberty,Aaliyah Edwards,F,,,,,,,,,,,,,,
20260508_CON_NY,"Friday, May 08, 2026",regular_season,Connecticut Sun,New York Liberty,Shey Peddy,G,,,,,,,,,,,,,,
20260508_CON_NY,"Friday, May 08, 2026",regular_season,Connecticut Sun,New York Liberty,Ashlon Jackson,G,,,,,,,,,,,,,,
20260508_CON_NY,"Friday, May 08, 2026",regular_season,New York Liberty,Connecticut Sun,Breanna Stewart,F,28,10-17,0-4,11-12,1,9,10,2,1,3,4,3,31,+21
20260508_CON_NY,"Friday, May 08, 2026",regular_season,New York Liberty,Connecticut Sun,Jonquel Jones,C,25,3-7,1-5,3-4,0,5,5,1,2,1,2,5,10,+10
20260508_CON_NY,"Friday, May 08, 2026",regular_season,New York Liberty,Connecticut Sun,Betnijah Laney-Hamilton,G,28,4-7,0-3,4-4,0,2,2,4,0,0,2,0,12,+15
20260508_CON_NY,"Friday, May 08, 2026",regular_season,New York Liberty,Connecticut Sun,Marine Johannes,G,28,6-13,5-9,0-0,2,3,5,3,3,0,1,2,17,+17
20260508_CON_NY,"Friday, May 08, 2026",regular_season,New York Liberty,Connecticut Sun,Pauline Astier,G,20,2-4,0-0,1-3,1,1,2,4,1,0,0,4,5,+4
20260508_CON_NY,"Friday, May 08, 2026",regular_season,New York Liberty,Connecticut Sun,Aubrey Griffin,F,5,1-1,0-0,0-0,0,0,0,0,0,0,1,0,2,+6
20260508_CON_NY,"Friday, May 08, 2026",regular_season,New York Liberty,Connecticut Sun,Han Xu,C,22,3-8,2-6,0-0,0,2,2,1,0,1,1,2,8,+25
20260508_CON_NY,"Friday, May 08, 2026",regular_season,New York Liberty,Connecticut Sun,Rebekah Gardner,G,22,3-6,0-1,3-4,2,2,4,0,1,0,2,5,9,+26
20260508_CON_NY,"Friday, May 08, 2026",regular_season,New York Liberty,Connecticut Sun,Julie Vanloo,G,22,3-4,2-3,4-4,1,6,7,11,1,0,3,2,12,+31
20260508_CON_NY,"Friday, May 08, 2026",regular_season,New York Liberty,Connecticut Sun,Satou Sabally,F,,,,,,,,,,,,,,
20260508_CON_NY,"Friday, May 08, 2026",regular_season,New York Liberty,Connecticut Sun,Rebecca Allen,G,,,,,,,,,,,,,,
20260508_CON_NY,"Friday, May 08, 2026",regular_season,New York Liberty,Connecticut Sun,Sabrina Ionescu,G,,,,,,,,,,,,,,
20260508_WSH_TOR,"Friday, May 08, 2026",regular_season,Washington Mystics,Toronto Tempo,Kiki Iriafen,F,28,5-9,0-2,2-4,4,12,16,2,0,1,2,5,12,+13
20260508_WSH_TOR,"Friday, May 08, 2026",regular_season,Washington Mystics,Toronto Tempo,Shakira Austin,C,28,6-13,0-1,6-10,0,11,11,2,2,2,2,4,18,+13
20260508_WSH_TOR,"Friday, May 08, 2026",regular_season,Washington Mystics,Toronto Tempo,Sonia Citron,G,34,9-12,3-6,5-8,0,2,2,0,2,2,2,2,26,+13
20260508_WSH_TOR,"Friday, May 08, 2026",regular_season,Washington Mystics,Toronto Tempo,Georgia Amoore,G,20,2-9,2-7,0-0,0,3,3,3,2,0,5,1,6,+16
20260508_WSH_TOR,"Friday, May 08, 2026",regular_season,Washington Mystics,Toronto Tempo,Cassandre Prosper,G,19,1-5,0-3,0-0,1,0,1,2,1,0,1,6,2,+4
20260508_WSH_TOR,"Friday, May 08, 2026",regular_season,Washington Mystics,Toronto Tempo,Angela Dugalic,F,12,1-4,0-2,0-0,0,2,2,0,0,0,1,1,2,-10
20260508_WSH_TOR,"Friday, May 08, 2026",regular_season,Washington Mystics,Toronto Tempo,Lauren Betts,C,12,0-4,0-0,0-0,3,2,5,1,0,0,0,1,0,-10
20260508_WSH_TOR,"Friday, May 08, 2026",regular_season,Washington Mystics,Toronto Tempo,Rori Harmon,G,20,0-2,0-0,0-0,0,2,2,2,3,0,3,4,0,-13
20260508_WSH_TOR,"Friday, May 08, 2026",regular_season,Washington Mystics,Toronto Tempo,Lucy Olsen,G,10,0-3,0-1,0-0,0,0,0,1,0,0,2,0,0,-7
20260508_WSH_TOR,"Friday, May 08, 2026",regular_season,Washington Mystics,Toronto Tempo,Alex Wilson,G,17,1-3,0-2,0-0,1,1,2,1,0,0,0,4,2,-4
20260508_WSH_TOR,"Friday, May 08, 2026",regular_season,Toronto Tempo,Washington Mystics,Nyara Sabally,F,26,3-8,0-2,2-4,3,3,6,0,3,1,1,5,8,-4
20260508_WSH_TOR,"Friday, May 08, 2026",regular_season,Toronto Tempo,Washington Mystics,Temi Fagbenle,C,16,0-2,0-1,2-2,0,1,1,1,1,0,4,4,2,0
20260508_WSH_TOR,"Friday, May 08, 2026",regular_season,Toronto Tempo,Washington Mystics,Brittney Sykes,G,28,4-18,0-5,6-9,0,3,3,2,3,0,2,4,14,-4
20260508_WSH_TOR,"Friday, May 08, 2026",regular_season,Toronto Tempo,Washington Mystics,Marina Mabrey,G,30,6-18,3-9,12-14,0,7,7,2,1,0,4,3,27,-7
20260508_WSH_TOR,"Friday, May 08, 2026",regular_season,Toronto Tempo,Washington Mystics,Julie Allemand,G,30,1-2,1-2,0-0,0,3,3,2,1,0,0,1,3,-6
20260508_WSH_TOR,"Friday, May 08, 2026",regular_season,Toronto Tempo,Washington Mystics,Maria Conde,F,15,0-4,0-1,2-2,2,1,3,0,0,0,1,0,2,+6
20260508_WSH_TOR,"Friday, May 08, 2026",regular_season,Toronto Tempo,Washington Mystics,Teonni Key,F,9,0-1,0-1,0-2,1,2,3,1,0,1,1,0,0,-3
20260508_WSH_TOR,"Friday, May 08, 2026",regular_season,Toronto Tempo,Washington Mystics,Laura Juskaite,F,15,2-6,1-2,2-2,1,5,6,0,1,0,2,5,7,+1
20260508_WSH_TOR,"Friday, May 08, 2026",regular_season,Toronto Tempo,Washington Mystics,Mariella Fasoula,C,1,0-0,0-0,0-0,0,1,1,0,0,0,0,2,0,-2
20260508_WSH_TOR,"Friday, May 08, 2026",regular_season,Toronto Tempo,Washington Mystics,Kia Nurse,G,10,1-1,0-0,0-0,0,1,1,1,0,0,1,2,2,+4
20260508_WSH_TOR,"Friday, May 08, 2026",regular_season,Toronto Tempo,Washington Mystics,Lexi Held,G,2,0-0,0-0,0-0,0,0,0,0,0,0,0,0,0,-1
20260508_WSH_TOR,"Friday, May 08, 2026",regular_season,Toronto Tempo,Washington Mystics,Kiki Rice,G,18,0-3,0-2,0-0,2,1,3,1,0,0,0,0,0,+1
20260509_GS_SEA,"Saturday, May 09, 2026",regular_season,Golden State Valkyries,Seattle Storm,Kayla Thornton,F,30,4-9,3-6,2-2,3,5,8,1,0,0,2,2,13,+5
20260509_GS_SEA,"Saturday, May 09, 2026",regular_season,Golden State Valkyries,Seattle Storm,Gabby Williams,F,24,2-9,1-5,2-3,3,3,6,4,1,0,2,0,7,+3
20260509_GS_SEA,"Saturday, May 09, 2026",regular_season,Golden State Valkyries,Seattle Storm,Kiah Stokes,C,24,3-5,0-1,0-0,0,4,4,3,1,3,0,3,6,+10
20260509_GS_SEA,"Saturday, May 09, 2026",regular_season,Golden State Valkyries,Seattle Storm,Tiffany Hayes,G,4,0-1,0-1,1-2,0,0,0,1,0,0,0,1,1,-6
20260509_GS_SEA,"Saturday, May 09, 2026",regular_season,Golden State Valkyries,Seattle Storm,Veronica Burton,G,31,5-13,2-4,4-5,1,1,2,6,2,0,1,4,16,+8
20260509_GS_SEA,"Saturday, May 09, 2026",regular_season,Golden State Valkyries,Seattle Storm,Cecilia Zandalasini,F,7,3-5,1-3,1-2,0,2,2,1,1,0,0,0,8,+8
20260509_GS_SEA,"Saturday, May 09, 2026",regular_season,Golden State Valkyries,Seattle Storm,Laeticia Amihere,F,16,1-3,0-1,1-3,3,1,4,1,0,0,1,4,3,+1
20260509_GS_SEA,"Saturday, May 09, 2026",regular_season,Golden State Valkyries,Seattle Storm,Janelle Salaun,F,27,7-16,5-11,1-3,0,2,2,1,0,1,1,4,20,+10
20260509_GS_SEA,"Saturday, May 09, 2026",regular_season,Golden State Valkyries,Seattle Storm,Kaila Charles,G,17,1-2,1-1,0-0,3,3,6,2,0,1,2,5,3,+18
20260509_GS_SEA,"Saturday, May 09, 2026",regular_season,Golden State Valkyries,Seattle Storm,Miela Sowah,G,3,0-1,0-1,0-0,0,0,0,0,0,0,0,0,0,-6
20260509_GS_SEA,"Saturday, May 09, 2026",regular_season,Golden State Valkyries,Seattle Storm,Kaitlyn Chen,G,16,5-10,2-3,2-2,0,1,1,2,0,0,0,0,14,+6
20260509_GS_SEA,"Saturday, May 09, 2026",regular_season,Golden State Valkyries,Seattle Storm,Ndjakalenga Mwenentanda,G,1,0-0,0-0,0-0,0,0,0,0,0,0,0,0,0,-2
20260509_GS_SEA,"Saturday, May 09, 2026",regular_season,Seattle Storm,Golden State Valkyries,Jordan Horston,F,15,0-4,0-2,0-0,0,4,4,0,0,1,1,1,0,-6
20260509_GS_SEA,"Saturday, May 09, 2026",regular_season,Seattle Storm,Golden State Valkyries,Stefanie Dolson,C,27,2-3,1-2,1-2,1,4,5,3,0,2,2,3,6,-5
20260509_GS_SEA,"Saturday, May 09, 2026",regular_season,Seattle Storm,Golden State Valkyries,Dominique Malonga,C,29,8-15,0-2,5-9,4,4,8,0,0,2,3,3,21,-4
20260509_GS_SEA,"Saturday, May 09, 2026",regular_season,Seattle Storm,Golden State Valkyries,Natisha Hiedeman,G,23,2-7,0-4,2-3,0,5,5,3,1,0,1,5,6,-1
20260509_GS_SEA,"Saturday, May 09, 2026",regular_season,Seattle Storm,Golden State Valkyries,Flau'jae Johnson,G,26,3-12,3-7,3-3,0,2,2,2,1,0,2,2,12,-6
20260509_GS_SEA,"Saturday, May 09, 2026",regular_season,Seattle Storm,Golden State Valkyries,Mackenzie Holmes,F,11,1-1,0-0,0-0,3,3,6,0,0,0,0,2,2,-4
20260509_GS_SEA,"Saturday, May 09, 2026",regular_season,Seattle Storm,Golden State Valkyries,Grace VanSlooten,F,7,1-2,1-1,2-2,0,0,0,0,0,0,0,2,5,-3
20260509_GS_SEA,"Saturday, May 09, 2026",regular_season,Seattle Storm,Golden State Valkyries,Lexie Brown,G,22,0-2,0-2,0-0,1,1,2,3,0,0,4,1,0,-19
20260509_GS_SEA,"Saturday, May 09, 2026",regular_season,Seattle Storm,Golden State Valkyries,Zia Cooke,G,23,5-12,2-3,3-5,3,4,7,2,1,0,1,1,15,+3
20260509_GS_SEA,"Saturday, May 09, 2026",regular_season,Seattle Storm,Golden State Valkyries,Jade Melbourne,G,17,4-5,2-3,3-3,1,1,2,3,1,0,0,2,13,-10
20260509_GS_SEA,"Saturday, May 09, 2026",regular_season,Seattle Storm,Golden State Valkyries,Katie Lou Samuelson,F,,,,,,,,,,,,,,
20260509_GS_SEA,"Saturday, May 09, 2026",regular_season,Seattle Storm,Golden State Valkyries,Ezi Magbegor,F,,,,,,,,,,,,,,
20260509_GS_SEA,"Saturday, May 09, 2026",regular_season,Seattle Storm,Golden State Valkyries,Taina Mair,G,,,,,,,,,,,,,,
20260509_DAL_IND,"Saturday, May 09, 2026",regular_season,Dallas Wings,Indiana Fever,Jessica Shepard,F,32,5-8,0-0,3-5,1,8,9,9,2,0,2,5,13,+5
20260509_DAL_IND,"Saturday, May 09, 2026",regular_season,Dallas Wings,Indiana Fever,Alanna Smith,F,20,2-6,0-1,2-2,1,2,3,2,2,1,2,4,6,-7
20260509_DAL_IND,"Saturday, May 09, 2026",regular_season,Dallas Wings,Indiana Fever,Odyssey Sims,G,26,8-11,2-3,2-3,0,2,2,2,2,0,4,5,20,-10
20260509_DAL_IND,"Saturday, May 09, 2026",regular_season,Dallas Wings,Indiana Fever,Arike Ogunbowale,G,29,8-15,3-7,3-3,0,1,1,5,0,0,3,5,22,+6
20260509_DAL_IND,"Saturday, May 09, 2026",regular_season,Dallas Wings,Indiana Fever,Paige Bueckers,G,32,8-10,1-3,3-6,0,3,3,4,1,0,1,2,20,+8
20260509_DAL_IND,"Saturday, May 09, 2026",regular_season,Dallas Wings,Indiana Fever,Alysha Clark,F,4,1-1,1-1,0-0,0,1,1,0,0,0,1,2,3,+3
20260509_DAL_IND,"Saturday, May 09, 2026",regular_season,Dallas Wings,Indiana Fever,Maddy Siegrist,F,18,3-7,1-3,0-0,0,3,3,1,0,0,0,3,7,+4
20260509_DAL_IND,"Saturday, May 09, 2026",regular_season,Dallas Wings,Indiana Fever,Awak Kuier,F,2,0-0,0-0,0-0,0,1,1,1,1,0,0,0,0,+1
20260509_DAL_IND,"Saturday, May 09, 2026",regular_season,Dallas Wings,Indiana Fever,Li Yueru,C,4,0-1,0-0,3-4,0,1,1,0,0,0,0,0,3,0
20260509_DAL_IND,"Saturday, May 09, 2026",regular_season,Dallas Wings,Indiana Fever,Azzi Fudd,G,18,1-2,1-2,0-0,1,0,1,0,1,0,0,0,3,-1
20260509_DAL_IND,"Saturday, May 09, 2026",regular_season,Dallas Wings,Indiana Fever,Aziaha James,G,16,3-5,3-3,1-1,0,2,2,2,0,1,2,2,10,+6
20260509_DAL_IND,"Saturday, May 09, 2026",regular_season,Dallas Wings,Indiana Fever,Dulcy Fankam Mendjiadeu,F,,,,,,,,,,,,,,
20260509_DAL_IND,"Saturday, May 09, 2026",regular_season,Dallas Wings,Indiana Fever,JJ Quinerly,G,,,,,,,,,,,,,,
20260509_DAL_IND,"Saturday, May 09, 2026",regular_season,Indiana Fever,Dallas Wings,Myisha Hines-Allen,F,21,3-7,0-1,0-0,1,5,6,2,0,0,2,2,6,+2
20260509_DAL_IND,"Saturday, May 09, 2026",regular_season,Indiana Fever,Dallas Wings,Aliyah Boston,C,26,9-14,1-2,4-6,2,2,4,3,3,1,1,2,23,0
20260509_DAL_IND,"Saturday, May 09, 2026",regular_season,Indiana Fever,Dallas Wings,Kelsey Mitchell,G,33,11-22,2-9,6-7,3,0,3,4,0,0,2,4,30,-5
20260509_DAL_IND,"Saturday, May 09, 2026",regular_season,Indiana Fever,Dallas Wings,Sophie Cunningham,G,26,1-2,1-1,0-0,1,3,4,3,0,0,0,3,3,-5
20260509_DAL_IND,"Saturday, May 09, 2026",regular_season,Indiana Fever,Dallas Wings,Caitlin Clark,G,31,7-18,2-9,4-4,0,5,5,7,0,0,5,4,20,+2
20260509_DAL_IND,"Saturday, May 09, 2026",regular_season,Indiana Fever,Dallas Wings,Makayla Timpson,F,19,5-6,0-0,1-2,0,2,2,1,0,0,0,2,11,-2
20260509_DAL_IND,"Saturday, May 09, 2026",regular_season,Indiana Fever,Dallas Wings,Damiris Dantas,C,13,3-4,1-2,0-0,0,1,1,1,0,1,2,5,7,-3
20260509_DAL_IND,"Saturday, May 09, 2026",regular_season,Indiana Fever,Dallas Wings,Tyasha Harris,G,4,0-1,0-0,0-0,0,0,0,0,0,0,0,0,0,+2
20260509_DAL_IND,"Saturday, May 09, 2026",regular_season,Indiana Fever,Dallas Wings,Lexie Hull,G,15,0-2,0-0,0-0,0,1,1,0,0,0,1,2,0,-1
20260509_DAL_IND,"Saturday, May 09, 2026",regular_season,Indiana Fever,Dallas Wings,Raven Johnson,G,12,1-1,0-0,2-2,0,2,2,2,1,0,1,1,4,-5
20260509_DAL_IND,"Saturday, May 09, 2026",regular_season,Indiana Fever,Dallas Wings,Monique Billings,F,,,,,,,,,,,,,,
20260509_DAL_IND,"Saturday, May 09, 2026",regular_season,Indiana Fever,Dallas Wings,Shatori Walker-Kimbrough,G,,,,,,,,,,,,,,
20260509_PHX_LV,"Saturday, May 09, 2026",regular_season,Phoenix Mercury,Las Vegas Aces,DeWanna Bonner,F,22,5-7,3-4,0-0,0,7,7,2,1,2,0,2,13,+31
20260509_PHX_LV,"Saturday, May 09, 2026",regular_season,Phoenix Mercury,Las Vegas Aces,Alyssa Thomas,F,26,9-17,0-0,2-4,1,5,6,9,3,0,1,1,20,+25
20260509_PHX_LV,"Saturday, May 09, 2026",regular_season,Phoenix Mercury,Las Vegas Aces,Natasha Mack,F,25,4-5,0-0,2-2,5,10,15,1,1,1,0,2,10,+34
20260509_PHX_LV,"Saturday, May 09, 2026",regular_season,Phoenix Mercury,Las Vegas Aces,Kahleah Copper,G,28,6-16,0-5,1-1,0,0,0,2,0,0,4,2,13,+29
20260509_PHX_LV,"Saturday, May 09, 2026",regular_season,Phoenix Mercury,Las Vegas Aces,Jovana Nogic,G,21,5-8,4-5,5-5,0,0,0,4,2,0,1,1,19,+26
20260509_PHX_LV,"Saturday, May 09, 2026",regular_season,Phoenix Mercury,Las Vegas Aces,Peyton Williams,F,6,0-1,0-0,0-0,0,0,0,2,0,1,0,0,0,-1
20260509_PHX_LV,"Saturday, May 09, 2026",regular_season,Phoenix Mercury,Las Vegas Aces,Anneli Maley,F,6,0-2,0-0,1-2,0,2,2,0,0,0,0,1,1,-1
20260509_PHX_LV,"Saturday, May 09, 2026",regular_season,Phoenix Mercury,Las Vegas Aces,Noemie Brochant,F,18,3-6,1-1,1-1,0,3,3,0,0,0,0,0,8,+9
20260509_PHX_LV,"Saturday, May 09, 2026",regular_season,Phoenix Mercury,Las Vegas Aces,Kyara Linskens,C,14,1-4,0-1,0-0,1,1,2,1,2,0,0,0,2,+5
20260509_PHX_LV,"Saturday, May 09, 2026",regular_season,Phoenix Mercury,Las Vegas Aces,Kiana Williams,G,21,4-9,3-7,0-0,0,1,1,1,2,0,1,0,11,+9
20260509_PHX_LV,"Saturday, May 09, 2026",regular_season,Phoenix Mercury,Las Vegas Aces,Quionche Carter,G,12,1-2,0-1,0-0,0,1,1,1,0,0,0,1,2,-1
20260509_PHX_LV,"Saturday, May 09, 2026",regular_season,Las Vegas Aces,Phoenix Mercury,Stephanie Talbot,F,19,1-6,0-4,0-0,0,2,2,0,0,0,1,0,2,-19
20260509_PHX_LV,"Saturday, May 09, 2026",regular_season,Las Vegas Aces,Phoenix Mercury,NaLyssa Smith,F,21,4-7,0-0,3-6,2,4,6,1,0,2,0,3,11,-16
20260509_PHX_LV,"Saturday, May 09, 2026",regular_season,Las Vegas Aces,Phoenix Mercury,A'ja Wilson,C,24,8-15,2-3,1-2,1,3,4,4,2,2,2,0,19,-22
20260509_PHX_LV,"Saturday, May 09, 2026",regular_season,Las Vegas Aces,Phoenix Mercury,Chelsea Gray,G,22,2-6,0-2,0-0,1,0,1,6,0,2,3,1,4,-24
20260509_PHX_LV,"Saturday, May 09, 2026",regular_season,Las Vegas Aces,Phoenix Mercury,Jackie Young,G,25,5-15,2-6,0-0,0,6,6,3,0,0,2,1,12,-24
20260509_PHX_LV,"Saturday, May 09, 2026",regular_season,Las Vegas Aces,Phoenix Mercury,Cheyenne Parker-Tyus,F,12,1-3,0-1,0-0,0,4,4,0,0,0,2,2,2,-8
20260509_PHX_LV,"Saturday, May 09, 2026",regular_season,Las Vegas Aces,Phoenix Mercury,Brianna Turner,F,14,0-0,0-0,0-0,2,1,3,0,0,1,1,0,0,-7
20260509_PHX_LV,"Saturday, May 09, 2026",regular_season,Las Vegas Aces,Phoenix Mercury,Kierstan Bell,F,19,0-4,0-1,0-0,0,6,6,1,1,0,2,1,0,-14
20260509_PHX_LV,"Saturday, May 09, 2026",regular_season,Las Vegas Aces,Phoenix Mercury,Jewell Loyd,G,24,3-7,0-2,0-0,0,1,1,2,0,1,1,2,6,-22
20260509_PHX_LV,"Saturday, May 09, 2026",regular_season,Las Vegas Aces,Phoenix Mercury,Chennedy Carter,G,19,5-8,0-0,0-0,0,2,2,2,2,0,3,5,10,-9
20260510_ATL_MIN,"Sunday, May 10, 2026",regular_season,Atlanta Dream,Minnesota Lynx,Naz Hillmon,F,33,6-10,2-5,1-2,3,4,7,2,1,0,0,0,15,+11
20260510_ATL_MIN,"Sunday, May 10, 2026",regular_season,Atlanta Dream,Minnesota Lynx,Angel Reese,F,32,4-11,0-0,3-6,9,5,14,2,2,3,5,5,11,-3
20260510_ATL_MIN,"Sunday, May 10, 2026",regular_season,Atlanta Dream,Minnesota Lynx,Allisha Gray,G,33,7-18,1-8,9-11,2,6,8,3,2,1,4,2,24,+13
20260510_ATL_MIN,"Sunday, May 10, 2026",regular_season,Atlanta Dream,Minnesota Lynx,Jordin Canada,G,27,4-7,1-3,3-4,1,1,2,6,0,0,4,0,12,+2
20260510_ATL_MIN,"Sunday, May 10, 2026",regular_season,Atlanta Dream,Minnesota Lynx,Rhyne Howard,G,38,4-10,3-7,4-5,1,5,6,5,3,1,3,4,15,+5
20260510_ATL_MIN,"Sunday, May 10, 2026",regular_season,Atlanta Dream,Minnesota Lynx,Sika Kone,F,3,0-1,0-1,0-0,0,0,0,0,0,0,0,0,0,-6
20260510_ATL_MIN,"Sunday, May 10, 2026",regular_season,Atlanta Dream,Minnesota Lynx,Madina Okot,C,10,3-6,0-1,2-2,2,2,4,0,1,0,1,2,8,+2
20260510_ATL_MIN,"Sunday, May 10, 2026",regular_season,Atlanta Dream,Minnesota Lynx,Te-Hina Paopao,G,21,3-10,0-4,0-0,1,4,5,4,0,1,3,5,6,-7
20260510_ATL_MIN,"Sunday, May 10, 2026",regular_season,Atlanta Dream,Minnesota Lynx,Isobel Borlase,G,3,0-0,0-0,0-0,0,0,0,0,0,0,0,0,0,-12
20260510_ATL_MIN,"Sunday, May 10, 2026",regular_season,Atlanta Dream,Minnesota Lynx,Brionna Jones,F,,,,,,,,,,,,,,
20260510_ATL_MIN,"Sunday, May 10, 2026",regular_season,Atlanta Dream,Minnesota Lynx,Aaliyah Nye,G,,,,,,,,,,,,,,
20260510_ATL_MIN,"Sunday, May 10, 2026",regular_season,Atlanta Dream,Minnesota Lynx,Indya Nivar,G,,,,,,,,,,,,,,
20260510_ATL_MIN,"Sunday, May 10, 2026",regular_season,Minnesota Lynx,Atlanta Dream,Natasha Howard,F,20,3-6,0-1,0-4,4,1,5,2,1,0,5,6,6,+3
20260510_ATL_MIN,"Sunday, May 10, 2026",regular_season,Minnesota Lynx,Atlanta Dream,Nia Coffey,F,31,1-4,1-3,0-0,0,3,3,1,1,3,0,2,3,-8
20260510_ATL_MIN,"Sunday, May 10, 2026",regular_season,Minnesota Lynx,Atlanta Dream,Kayla McBride,G,33,7-13,2-6,4-5,0,2,2,2,1,0,1,0,20,-6
20260510_ATL_MIN,"Sunday, May 10, 2026",regular_season,Minnesota Lynx,Atlanta Dream,Courtney Williams,G,32,7-18,0-4,0-0,0,6,6,6,3,0,2,1,14,-8
20260510_ATL_MIN,"Sunday, May 10, 2026",regular_season,Minnesota Lynx,Atlanta Dream,Olivia Miles,G,34,6-14,1-2,8-8,0,3,3,8,2,2,3,3,21,0
20260510_ATL_MIN,"Sunday, May 10, 2026",regular_season,Minnesota Lynx,Atlanta Dream,Antonia Delaere,F,14,1-2,0-1,0-0,0,0,0,1,1,0,1,2,2,+6
20260510_ATL_MIN,"Sunday, May 10, 2026",regular_season,Minnesota Lynx,Atlanta Dream,Anastasiia Olairi Kosu,F,6,2-4,0-0,0-0,1,0,1,0,1,1,0,1,4,+6
20260510_ATL_MIN,"Sunday, May 10, 2026",regular_season,Minnesota Lynx,Atlanta Dream,Emma Cechova,F,19,5-5,0-0,2-4,1,2,3,0,0,1,2,6,12,+1
20260510_ATL_MIN,"Sunday, May 10, 2026",regular_season,Minnesota Lynx,Atlanta Dream,Emese Hof,C,4,1-2,0-0,0-0,0,0,0,0,0,0,0,1,2,-4
20260510_ATL_MIN,"Sunday, May 10, 2026",regular_season,Minnesota Lynx,Atlanta Dream,Maya Caldwell,G,8,2-2,1-1,1-1,1,1,2,0,0,0,1,2,6,+5
20260510_ATL_MIN,"Sunday, May 10, 2026",regular_season,Minnesota Lynx,Atlanta Dream,Napheesa Collier,F,,,,,,,,,,,,,,
20260510_ATL_MIN,"Sunday, May 10, 2026",regular_season,Minnesota Lynx,Atlanta Dream,Dorka Juhasz,F,,,,,,,,,,,,,,
20260510_ATL_MIN,"Sunday, May 10, 2026",regular_season,Minnesota Lynx,Atlanta Dream,Eliska Hamzova,G,,,,,,,,,,,,,,
20260510_CHI_POR,"Sunday, May 10, 2026",regular_season,Chicago Sky,Portland Fire,Rickea Jackson,F,36,5-14,1-4,8-10,1,6,7,3,0,1,3,4,19,+10
20260510_CHI_POR,"Sunday, May 10, 2026",regular_season,Chicago Sky,Portland Fire,Kamilla Cardoso,C,25,8-15,0-0,6-8,8,6,14,1,0,1,2,3,22,+3
20260510_CHI_POR,"Sunday, May 10, 2026",regular_season,Chicago Sky,Portland Fire,Skylar Diggins,G,33,8-12,2-3,3-5,2,9,11,7,1,2,2,2,21,+10
20260510_CHI_POR,"Sunday, May 10, 2026",regular_season,Chicago Sky,Portland Fire,Jacy Sheldon,G,34,4-7,1-3,4-4,0,4,4,4,1,3,0,3,13,+17
20260510_CHI_POR,"Sunday, May 10, 2026",regular_season,Chicago Sky,Portland Fire,Gabriela Jaquez,G,32,3-7,1-1,3-4,2,5,7,2,2,0,0,3,10,+14
20260510_CHI_POR,"Sunday, May 10, 2026",regular_season,Chicago Sky,Portland Fire,Elizabeth Williams,C,15,4-5,0-0,2-3,1,0,1,2,0,1,0,0,10,+12
20260510_CHI_POR,"Sunday, May 10, 2026",regular_season,Chicago Sky,Portland Fire,Rachel Banham,G,15,1-3,1-3,0-0,0,0,0,2,0,0,2,1,3,+3
20260510_CHI_POR,"Sunday, May 10, 2026",regular_season,Chicago Sky,Portland Fire,Aicha Coulibaly,G,6,0-3,0-1,0-0,0,2,2,1,0,0,0,1,0,0
20260510_CHI_POR,"Sunday, May 10, 2026",regular_season,Chicago Sky,Portland Fire,Sydney Taylor,G,4,0-3,0-2,0-0,0,0,0,0,0,0,0,0,0,+6
20260510_CHI_POR,"Sunday, May 10, 2026",regular_season,Portland Fire,Chicago Sky,Bridget Carleton,F,30,4-10,3-7,2-3,0,1,1,4,1,1,0,1,13,-6
20260510_CHI_POR,"Sunday, May 10, 2026",regular_season,Portland Fire,Chicago Sky,Emily Engstler,F,23,2-6,0-2,0-0,0,2,2,2,1,3,3,5,4,-3
20260510_CHI_POR,"Sunday, May 10, 2026",regular_season,Portland Fire,Chicago Sky,Nyadiew Puoch,F,17,2-3,1-1,0-0,1,0,1,2,3,0,0,0,5,-1
20260510_CHI_POR,"Sunday, May 10, 2026",regular_season,Portland Fire,Chicago Sky,Luisa Geiselsoder,C,25,2-10,1-6,3-3,1,6,7,3,0,2,0,3,8,-2
20260510_CHI_POR,"Sunday, May 10, 2026",regular_season,Portland Fire,Chicago Sky,Carla Leite,G,29,3-11,1-5,11-12,1,2,3,3,0,0,1,3,18,-2
20260510_CHI_POR,"Sunday, May 10, 2026",regular_season,Portland Fire,Chicago Sky,Frieda Buhner,F,13,2-4,0-2,0-0,0,3,3,0,0,0,0,3,4,-6
20260510_CHI_POR,"Sunday, May 10, 2026",regular_season,Portland Fire,Chicago Sky,Megan DiLeo,C,14,4-6,2-4,0-2,0,1,1,1,0,0,1,1,10,-15
20260510_CHI_POR,"Sunday, May 10, 2026",regular_season,Portland Fire,Chicago Sky,Serah Williams,C,8,0-3,0-0,0-0,0,2,2,1,0,0,0,0,0,-2
20260510_CHI_POR,"Sunday, May 10, 2026",regular_season,Portland Fire,Chicago Sky,Haley Jones,G,7,2-3,0-0,0-0,0,0,0,0,0,0,0,2,4,-10
20260510_CHI_POR,"Sunday, May 10, 2026",regular_season,Portland Fire,Chicago Sky,Sarah Ashlee Barker,G,24,6-9,1-2,0-0,0,4,4,0,1,1,1,4,13,-15
20260510_CHI_POR,"Sunday, May 10, 2026",regular_season,Portland Fire,Chicago Sky,Jordan Harrison,G,11,2-6,0-0,0-0,0,0,0,4,0,0,2,2,4,-13
20260510_CHI_POR,"Sunday, May 10, 2026",regular_season,Portland Fire,Chicago Sky,Teja Oblak,G,,,,,,,,,,,,,,
20260510_SEA_CON,"Sunday, May 10, 2026",regular_season,Seattle Storm,Connecticut Sun,Jordan Horston,F,15,1-4,0-1,2-2,1,2,3,1,1,1,3,0,4,-4
20260510_SEA_CON,"Sunday, May 10, 2026",regular_season,Seattle Storm,Connecticut Sun,Stefanie Dolson,C,21,1-3,0-2,4-4,1,3,4,0,0,0,1,5,6,+11
20260510_SEA_CON,"Sunday, May 10, 2026",regular_season,Seattle Storm,Connecticut Sun,Dominique Malonga,C,20,2-6,0-0,2-2,0,7,7,0,2,3,2,4,6,+15
20260510_SEA_CON,"Sunday, May 10, 2026",regular_season,Seattle Storm,Connecticut Sun,Natisha Hiedeman,G,26,5-10,0-1,1-2,0,2,2,3,1,0,4,2,11,-2
20260510_SEA_CON,"Sunday, May 10, 2026",regular_season,Seattle Storm,Connecticut Sun,Flau'jae Johnson,G,30,3-10,1-3,9-10,1,5,6,1,3,1,1,2,16,+11
20260510_SEA_CON,"Sunday, May 10, 2026",regular_season,Seattle Storm,Connecticut Sun,Mackenzie Holmes,F,23,2-6,1-3,0-0,2,4,6,2,0,1,1,5,5,-4
20260510_SEA_CON,"Sunday, May 10, 2026",regular_season,Seattle Storm,Connecticut Sun,Grace VanSlooten,F,10,2-2,1-1,0-0,1,1,2,0,1,0,0,0,5,+2
20260510_SEA_CON,"Sunday, May 10, 2026",regular_season,Seattle Storm,Connecticut Sun,Lexie Brown,G,21,6-7,5-6,0-0,0,0,0,1,0,1,0,0,17,+5
20260510_SEA_CON,"Sunday, May 10, 2026",regular_season,Seattle Storm,Connecticut Sun,Zia Cooke,G,12,1-6,1-3,1-2,1,0,1,0,1,0,1,1,4,-3
20260510_SEA_CON,"Sunday, May 10, 2026",regular_season,Seattle Storm,Connecticut Sun,Jade Melbourne,G,23,4-7,1-2,6-11,0,1,1,6,1,1,1,3,15,+4
20260510_SEA_CON,"Sunday, May 10, 2026",regular_season,Seattle Storm,Connecticut Sun,Katie Lou Samuelson,F,,,,,,,,,,,,,,
20260510_SEA_CON,"Sunday, May 10, 2026",regular_season,Seattle Storm,Connecticut Sun,Ezi Magbegor,F,,,,,,,,,,,,,,
20260510_SEA_CON,"Sunday, May 10, 2026",regular_season,Seattle Storm,Connecticut Sun,Taina Mair,G,,,,,,,,,,,,,,
20260510_SEA_CON,"Sunday, May 10, 2026",regular_season,Connecticut Sun,Seattle Storm,Diamond Miller,F,27,3-10,2-4,5-6,1,4,5,1,1,0,2,6,13,-10
20260510_SEA_CON,"Sunday, May 10, 2026",regular_season,Connecticut Sun,Seattle Storm,Brittney Griner,C,28,6-11,0-1,4-4,3,3,6,0,2,0,2,5,16,-9
20260510_SEA_CON,"Sunday, May 10, 2026",regular_season,Connecticut Sun,Seattle Storm,Kennedy Burke,G,34,3-11,2-6,4-6,1,5,6,5,0,2,5,3,12,+5
20260510_SEA_CON,"Sunday, May 10, 2026",regular_season,Connecticut Sun,Seattle Storm,Saniya Rivers,G,20,1-8,0-2,0-0,0,1,1,3,0,0,2,2,2,-22
20260510_SEA_CON,"Sunday, May 10, 2026",regular_season,Connecticut Sun,Seattle Storm,Charlisse Leger-Walker,G,20,2-6,0-2,2-2,1,1,2,2,1,0,1,4,6,-11
20260510_SEA_CON,"Sunday, May 10, 2026",regular_season,Connecticut Sun,Seattle Storm,Aneesah Morrow,F,31,7-15,3-6,0-2,3,13,16,1,1,0,2,1,17,-1
20260510_SEA_CON,"Sunday, May 10, 2026",regular_season,Connecticut Sun,Seattle Storm,Olivia Nelson-Ododa,C,12,2-2,0-0,1-2,0,1,1,1,1,1,1,2,5,+2
20260510_SEA_CON,"Sunday, May 10, 2026",regular_season,Connecticut Sun,Seattle Storm,Hailey Van Lith,G,20,4-8,1-2,0-0,0,3,3,4,1,0,1,4,9,+4
20260510_SEA_CON,"Sunday, May 10, 2026",regular_season,Connecticut Sun,Seattle Storm,Gianna Kneepkens,G,8,1-2,0-0,0-0,1,0,1,1,0,0,0,1,2,+7
20260510_SEA_CON,"Sunday, May 10, 2026",regular_season,Connecticut Sun,Seattle Storm,Aaliyah Edwards,F,,,,,,,,,,,,,,
20260510_SEA_CON,"Sunday, May 10, 2026",regular_season,Connecticut Sun,Seattle Storm,Raegan Beers,F,,,,,,,,,,,,,,
20260510_SEA_CON,"Sunday, May 10, 2026",regular_season,Connecticut Sun,Seattle Storm,Shey Peddy,G,,,,,,,,,,,,,,
20260510_SEA_CON,"Sunday, May 10, 2026",regular_season,Connecticut Sun,Seattle Storm,Ashlon Jackson,G,,,,,,,,,,,,,,
20260510_NY_WSH,"Sunday, May 10, 2026",regular_season,New York Liberty,Washington Mystics,Breanna Stewart,F,39,9-23,1-4,4-4,1,8,9,4,2,2,4,5,23,+9
20260510_NY_WSH,"Sunday, May 10, 2026",regular_season,New York Liberty,Washington Mystics,Jonquel Jones,C,24,3-8,1-2,6-7,2,6,8,2,0,1,3,6,13,+11
20260510_NY_WSH,"Sunday, May 10, 2026",regular_season,New York Liberty,Washington Mystics,Betnijah Laney-Hamilton,G,25,0-0,0-0,3-4,1,1,2,0,0,1,0,2,3,+12
20260510_NY_WSH,"Sunday, May 10, 2026",regular_season,New York Liberty,Washington Mystics,Marine Johannes,G,37,8-15,6-13,3-5,1,0,1,2,2,0,3,3,25,+10
20260510_NY_WSH,"Sunday, May 10, 2026",regular_season,New York Liberty,Washington Mystics,Pauline Astier,G,35,6-10,0-2,6-7,1,4,5,7,2,0,2,5,18,-1
20260510_NY_WSH,"Sunday, May 10, 2026",regular_season,New York Liberty,Washington Mystics,Aubrey Griffin,F,0,0-0,0-0,0-0,0,0,0,0,0,0,0,0,0,0
20260510_NY_WSH,"Sunday, May 10, 2026",regular_season,New York Liberty,Washington Mystics,Han Xu,C,26,2-5,0-2,0-0,1,4,5,0,1,1,0,6,4,-11
20260510_NY_WSH,"Sunday, May 10, 2026",regular_season,New York Liberty,Washington Mystics,Rebekah Gardner,G,25,4-5,0-1,1-1,1,2,3,2,0,0,1,1,9,-5
20260510_NY_WSH,"Sunday, May 10, 2026",regular_season,New York Liberty,Washington Mystics,Julie Vanloo,G,13,1-3,1-3,0-0,0,1,1,2,0,0,2,3,3,0
20260510_NY_WSH,"Sunday, May 10, 2026",regular_season,New York Liberty,Washington Mystics,Satou Sabally,F,,,,,,,,,,,,,,
20260510_NY_WSH,"Sunday, May 10, 2026",regular_season,New York Liberty,Washington Mystics,Rebecca Allen,G,,,,,,,,,,,,,,
20260510_NY_WSH,"Sunday, May 10, 2026",regular_season,New York Liberty,Washington Mystics,Sabrina Ionescu,G,,,,,,,,,,,,,,
20260510_NY_WSH,"Sunday, May 10, 2026",regular_season,New York Liberty,Washington Mystics,Marine Fauthoux,G,,,,,,,,,,,,,,
20260510_NY_WSH,"Sunday, May 10, 2026",regular_season,Washington Mystics,New York Liberty,Kiki Iriafen,F,28,7-13,0-1,6-7,6,6,12,3,1,0,2,5,20,-8
20260510_NY_WSH,"Sunday, May 10, 2026",regular_season,Washington Mystics,New York Liberty,Shakira Austin,C,33,6-13,0-1,4-8,2,8,10,4,0,0,1,2,16,+2
20260510_NY_WSH,"Sunday, May 10, 2026",regular_season,Washington Mystics,New York Liberty,Sonia Citron,G,36,4-12,0-6,9-10,3,2,5,2,2,0,2,2,17,-6
20260510_NY_WSH,"Sunday, May 10, 2026",regular_season,Washington Mystics,New York Liberty,Georgia Amoore,G,21,3-8,1-4,0-0,0,1,1,7,1,0,1,3,7,-4
20260510_NY_WSH,"Sunday, May 10, 2026",regular_season,Washington Mystics,New York Liberty,Cassandre Prosper,G,28,4-9,0-1,0-0,3,0,3,0,1,0,0,6,8,-8
20260510_NY_WSH,"Sunday, May 10, 2026",regular_season,Washington Mystics,New York Liberty,Angela Dugalic,F,10,2-4,1-3,0-2,0,2,2,0,1,0,0,3,5,+3
20260510_NY_WSH,"Sunday, May 10, 2026",regular_season,Washington Mystics,New York Liberty,Lauren Betts,C,18,3-7,0-0,1-2,1,1,2,1,0,1,0,1,7,-7
20260510_NY_WSH,"Sunday, May 10, 2026",regular_season,Washington Mystics,New York Liberty,Rori Harmon,G,22,1-3,1-3,0-0,0,3,3,4,1,0,5,1,3,-1
20260510_NY_WSH,"Sunday, May 10, 2026",regular_season,Washington Mystics,New York Liberty,Lucy Olsen,G,5,2-2,1-1,0-0,0,0,0,1,0,0,0,1,5,+4
20260510_NY_WSH,"Sunday, May 10, 2026",regular_season,Washington Mystics,New York Liberty,Alex Wilson,G,24,2-9,1-6,0-0,4,0,4,2,0,0,2,3,5,0
20260510_NY_WSH,"Sunday, May 10, 2026",regular_season,Washington Mystics,New York Liberty,Michaela Onyenwere,F,,,,,,,,,,,,,,
20260510_NY_WSH,"Sunday, May 10, 2026",regular_season,Washington Mystics,New York Liberty,Cotie McMahon,G,,,,,,,,,,,,,,
20260510_NY_WSH,"Sunday, May 10, 2026",regular_season,Washington Mystics,New York Liberty,Darianna Littlepage-Buggs,G,,,,,,,,,,,,,,
20260510_NY_WSH,"Sunday, May 10, 2026",regular_season,Washington Mystics,New York Liberty,Alicia Florez,G,,,,,,,,,,,,,,
20260510_LV_LA,"Sunday, May 10, 2026",regular_season,Las Vegas Aces,Los Angeles Sparks,Stephanie Talbot,F,18,4-5,0-1,0-0,0,2,2,3,3,0,1,0,8,+5
20260510_LV_LA,"Sunday, May 10, 2026",regular_season,Las Vegas Aces,Los Angeles Sparks,NaLyssa Smith,F,16,5-5,0-0,2-4,2,4,6,2,0,2,0,4,12,+14
20260510_LV_LA,"Sunday, May 10, 2026",regular_season,Las Vegas Aces,Los Angeles Sparks,A'ja Wilson,C,30,7-14,0-2,5-6,0,4,4,3,1,2,3,1,19,+19
20260510_LV_LA,"Sunday, May 10, 2026",regular_season,Las Vegas Aces,Los Angeles Sparks,Chelsea Gray,G,32,6-10,4-5,0-0,0,3,3,5,0,0,6,3,16,+11
20260510_LV_LA,"Sunday, May 10, 2026",regular_season,Las Vegas Aces,Los Angeles Sparks,Jackie Young,G,31,8-12,2-5,2-2,1,4,5,9,1,1,1,2,20,+25
20260510_LV_LA,"Sunday, May 10, 2026",regular_season,Las Vegas Aces,Los Angeles Sparks,Cheyenne Parker-Tyus,F,3,1-1,0-0,0-0,0,0,0,1,1,1,0,0,2,+4
20260510_LV_LA,"Sunday, May 10, 2026",regular_season,Las Vegas Aces,Los Angeles Sparks,Brianna Turner,F,16,2-3,0-0,0-0,2,4,6,1,2,2,0,1,4,+16
20260510_LV_LA,"Sunday, May 10, 2026",regular_season,Las Vegas Aces,Los Angeles Sparks,Kierstan Bell,F,8,0-1,0-1,0-0,0,0,0,1,0,1,0,0,0,+8
20260510_LV_LA,"Sunday, May 10, 2026",regular_season,Las Vegas Aces,Los Angeles Sparks,Jewell Loyd,G,26,1-5,0-3,0-0,0,4,4,3,1,1,1,2,2,+5
20260510_LV_LA,"Sunday, May 10, 2026",regular_season,Las Vegas Aces,Los Angeles Sparks,Chennedy Carter,G,20,9-13,1-3,3-5,1,0,1,0,2,0,2,3,22,+28
20260510_LV_LA,"Sunday, May 10, 2026",regular_season,Los Angeles Sparks,Las Vegas Aces,Nneka Ogwumike,F,33,7-15,3-5,2-2,5,5,10,2,1,0,2,1,19,-15
20260510_LV_LA,"Sunday, May 10, 2026",regular_season,Los Angeles Sparks,Las Vegas Aces,Dearica Hamby,F,27,4-11,0-1,4-8,2,3,5,1,0,0,3,2,12,-16
20260510_LV_LA,"Sunday, May 10, 2026",regular_season,Los Angeles Sparks,Las Vegas Aces,Kelsey Plum,G,35,10-18,4-8,3-4,1,3,4,2,0,0,3,3,27,-25
20260510_LV_LA,"Sunday, May 10, 2026",regular_season,Los Angeles Sparks,Las Vegas Aces,Ariel Atkins,G,32,3-12,0-6,2-2,2,2,4,3,3,0,3,2,8,-6
20260510_LV_LA,"Sunday, May 10, 2026",regular_season,Los Angeles Sparks,Las Vegas Aces,Rae Burrell,G,28,2-6,1-3,0-0,1,2,3,1,1,0,2,3,5,-24
20260510_LV_LA,"Sunday, May 10, 2026",regular_season,Los Angeles Sparks,Las Vegas Aces,Emma Cannon,F,2,1-1,1-1,0-0,0,0,0,0,0,0,2,1,3,+1
20260510_LV_LA,"Sunday, May 10, 2026",regular_season,Los Angeles Sparks,Las Vegas Aces,Cameron Brink,F,8,0-0,0-0,0-0,3,0,3,0,0,0,3,3,0,-19
20260510_LV_LA,"Sunday, May 10, 2026",regular_season,Los Angeles Sparks,Las Vegas Aces,Sania Feagin,F,3,0-0,0-0,0-0,0,0,0,0,0,0,0,1,0,-4
20260510_LV_LA,"Sunday, May 10, 2026",regular_season,Los Angeles Sparks,Las Vegas Aces,Jihyun Park,F,2,0-1,0-0,0-0,0,0,0,0,0,0,0,0,0,+1
20260510_LV_LA,"Sunday, May 10, 2026",regular_season,Los Angeles Sparks,Las Vegas Aces,Erica Wheeler,G,18,1-11,0-6,0-0,1,0,1,1,3,0,0,1,2,-21
20260510_LV_LA,"Sunday, May 10, 2026",regular_season,Los Angeles Sparks,Las Vegas Aces,Ta'Niya Latson,G,5,1-1,0-0,0-0,0,1,1,0,0,0,1,0,2,-2
20260510_LV_LA,"Sunday, May 10, 2026",regular_season,Los Angeles Sparks,Las Vegas Aces,Chance Gray,G,8,0-2,0-1,0-0,0,1,1,1,0,0,0,0,0,-5
20260511_PHX_GS,"Monday, May 11, 2026",regular_season,Phoenix Mercury,Golden State Valkyries,DeWanna Bonner,F,32,2-9,0-3,1-1,1,7,8,3,0,1,1,1,5,-1
20260511_PHX_GS,"Monday, May 11, 2026",regular_season,Phoenix Mercury,Golden State Valkyries,Alyssa Thomas,F,38,5-9,0-0,9-12,1,8,9,11,0,0,6,5,19,-9
20260511_PHX_GS,"Monday, May 11, 2026",regular_season,Phoenix Mercury,Golden State Valkyries,Natasha Mack,F,29,4-5,1-1,2-2,1,1,2,1,0,1,1,3,11,-11
20260511_PHX_GS,"Monday, May 11, 2026",regular_season,Phoenix Mercury,Golden State Valkyries,Kahleah Copper,G,36,4-15,1-4,2-2,0,1,1,4,1,0,3,2,11,-16
20260511_PHX_GS,"Monday, May 11, 2026",regular_season,Phoenix Mercury,Golden State Valkyries,Jovana Nogic,G,27,5-6,4-5,2-2,1,0,1,1,0,0,4,5,16,+3
20260511_PHX_GS,"Monday, May 11, 2026",regular_season,Phoenix Mercury,Golden State Valkyries,Anneli Maley,F,0,0-0,0-0,0-0,0,0,0,0,0,0,0,0,0,-2
20260511_PHX_GS,"Monday, May 11, 2026",regular_season,Phoenix Mercury,Golden State Valkyries,Noemie Brochant,F,16,3-5,3-5,0-0,0,1,1,0,0,0,1,2,9,-11
20260511_PHX_GS,"Monday, May 11, 2026",regular_season,Phoenix Mercury,Golden State Valkyries,Kyara Linskens,C,5,1-2,0-1,0-0,0,0,0,0,1,1,0,1,2,-6
20260511_PHX_GS,"Monday, May 11, 2026",regular_season,Phoenix Mercury,Golden State Valkyries,Kiana Williams,G,12,2-2,2-2,0-0,0,1,1,0,0,0,1,2,6,-14
20260511_PHX_GS,"Monday, May 11, 2026",regular_season,Phoenix Mercury,Golden State Valkyries,Quionche Carter,G,6,0-1,0-1,0-0,0,1,1,0,0,0,0,0,0,-13
20260511_PHX_GS,"Monday, May 11, 2026",regular_season,Phoenix Mercury,Golden State Valkyries,Peyton Williams,F,,,,,,,,,,,,,,
20260511_PHX_GS,"Monday, May 11, 2026",regular_season,Phoenix Mercury,Golden State Valkyries,Sami Whitcomb,G,,,,,,,,,,,,,,
20260511_PHX_GS,"Monday, May 11, 2026",regular_season,Golden State Valkyries,Phoenix Mercury,Kayla Thornton,F,31,8-14,3-8,0-0,1,2,3,0,0,0,1,3,19,+6
20260511_PHX_GS,"Monday, May 11, 2026",regular_season,Golden State Valkyries,Phoenix Mercury,Gabby Williams,F,32,7-13,4-9,1-1,1,4,5,3,4,1,4,2,19,+12
20260511_PHX_GS,"Monday, May 11, 2026",regular_season,Golden State Valkyries,Phoenix Mercury,Kiah Stokes,C,13,0-2,0-1,1-2,0,3,3,0,1,0,0,3,1,-15
20260511_PHX_GS,"Monday, May 11, 2026",regular_season,Golden State Valkyries,Phoenix Mercury,Kaila Charles,G,33,2-8,1-5,2-2,0,4,4,1,1,0,1,4,7,-3
20260511_PHX_GS,"Monday, May 11, 2026",regular_season,Golden State Valkyries,Phoenix Mercury,Veronica Burton,G,32,3-9,1-5,6-6,1,2,3,12,3,0,0,3,13,+12
20260511_PHX_GS,"Monday, May 11, 2026",regular_season,Golden State Valkyries,Phoenix Mercury,Laeticia Amihere,F,24,5-7,0-0,3-4,1,5,6,5,0,3,2,4,13,+33
20260511_PHX_GS,"Monday, May 11, 2026",regular_season,Golden State Valkyries,Phoenix Mercury,Janelle Salaun,F,26,7-10,4-5,3-3,1,2,3,2,1,0,0,1,21,+27
20260511_PHX_GS,"Monday, May 11, 2026",regular_season,Golden State Valkyries,Phoenix Mercury,Kaitlyn Chen,G,9,1-4,0-0,0-0,1,2,3,2,0,0,1,1,2,+8
20260511_PHX_GS,"Monday, May 11, 2026",regular_season,Golden State Valkyries,Phoenix Mercury,Miela Sowah,G,,,,,,,,,,,,,,
20260511_PHX_GS,"Monday, May 11, 2026",regular_season,Golden State Valkyries,Phoenix Mercury,Ndjakalenga Mwenentanda,G,,,,,,,,,,,,,,
20260513_ATL_DAL,"Wednesday, May 13, 2026",regular_season,Atlanta Dream,Dallas Wings,Naz Hillmon,F,36,0-5,0-3,1-2,0,3,3,1,0,0,1,4,1,+12
20260513_ATL_DAL,"Wednesday, May 13, 2026",regular_season,Atlanta Dream,Dallas Wings,Angel Reese,F,34,4-8,0-1,4-4,8,8,16,2,1,1,3,3,12,+1
20260513_ATL_DAL,"Wednesday, May 13, 2026",regular_season,Atlanta Dream,Dallas Wings,Allisha Gray,G,34,9-20,4-9,4-4,0,4,4,0,0,1,0,2,26,+9
20260513_ATL_DAL,"Wednesday, May 13, 2026",regular_season,Atlanta Dream,Dallas Wings,Jordin Canada,G,31,8-15,3-7,0-0,1,6,7,5,3,0,1,3,19,+3
20260513_ATL_DAL,"Wednesday, May 13, 2026",regular_season,Atlanta Dream,Dallas Wings,Rhyne Howard,G,37,3-14,1-9,7-7,2,1,3,4,1,0,0,4,14,+4
20260513_ATL_DAL,"Wednesday, May 13, 2026",regular_season,Atlanta Dream,Dallas Wings,Sika Kone,F,1,0-0,0-0,0-0,0,2,2,0,0,0,1,1,0,-3
20260513_ATL_DAL,"Wednesday, May 13, 2026",regular_season,Atlanta Dream,Dallas Wings,Madina Okot,C,9,0-1,0-0,0-0,0,5,5,0,0,0,1,0,0,0
20260513_ATL_DAL,"Wednesday, May 13, 2026",regular_season,Atlanta Dream,Dallas Wings,Te-Hina Paopao,G,13,1-4,0-3,0-0,0,3,3,1,0,0,2,1,2,-4
20260513_ATL_DAL,"Wednesday, May 13, 2026",regular_season,Atlanta Dream,Dallas Wings,Indya Nivar,G,1,0-0,0-0,0-0,0,1,1,0,0,1,0,0,0,0
20260513_ATL_DAL,"Wednesday, May 13, 2026",regular_season,Atlanta Dream,Dallas Wings,Isobel Borlase,G,4,1-2,1-1,0-0,0,0,0,0,0,0,0,0,3,+3
20260513_ATL_DAL,"Wednesday, May 13, 2026",regular_season,Atlanta Dream,Dallas Wings,Aaliyah Nye,G,,,,,,,,,,,,,,
20260513_ATL_DAL,"Wednesday, May 13, 2026",regular_season,Dallas Wings,Atlanta Dream,Jessica Shepard,F,31,6-11,0-0,0-0,3,5,8,3,0,0,2,2,12,-15
20260513_ATL_DAL,"Wednesday, May 13, 2026",regular_season,Dallas Wings,Atlanta Dream,Alanna Smith,F,27,1-8,0-6,0-0,2,4,6,3,0,1,3,2,2,-9
20260513_ATL_DAL,"Wednesday, May 13, 2026",regular_season,Dallas Wings,Atlanta Dream,Odyssey Sims,G,23,3-8,1-3,0-0,0,1,1,4,0,0,1,2,7,-15
20260513_ATL_DAL,"Wednesday, May 13, 2026",regular_season,Dallas Wings,Atlanta Dream,Arike Ogunbowale,G,36,7-15,0-4,6-7,0,4,4,1,1,0,2,2,20,-1
20260513_ATL_DAL,"Wednesday, May 13, 2026",regular_season,Dallas Wings,Atlanta Dream,Paige Bueckers,G,32,5-12,2-4,3-3,0,2,2,3,0,1,0,2,15,-7
20260513_ATL_DAL,"Wednesday, May 13, 2026",regular_season,Dallas Wings,Atlanta Dream,Alysha Clark,F,14,1-2,0-1,0-0,0,4,4,0,0,0,0,2,2,+5
20260513_ATL_DAL,"Wednesday, May 13, 2026",regular_season,Dallas Wings,Atlanta Dream,Maddy Siegrist,F,8,1-3,0-1,0-0,0,3,3,0,0,0,0,1,2,+5
20260513_ATL_DAL,"Wednesday, May 13, 2026",regular_season,Dallas Wings,Atlanta Dream,Awak Kuier,F,15,2-4,1-2,1-2,1,3,4,1,0,1,0,0,6,+9
20260513_ATL_DAL,"Wednesday, May 13, 2026",regular_season,Dallas Wings,Atlanta Dream,Aziaha James,G,15,2-10,0-5,2-2,1,1,2,0,2,1,0,4,6,+3
20260513_ATL_DAL,"Wednesday, May 13, 2026",regular_season,Dallas Wings,Atlanta Dream,Li Yueru,C,,,,,,,,,,,,,,
20260513_ATL_DAL,"Wednesday, May 13, 2026",regular_season,Dallas Wings,Atlanta Dream,JJ Quinerly,G,,,,,,,,,,,,,,
20260513_MIN_PHX,"Wednesday, May 13, 2026",regular_season,Minnesota Lynx,Phoenix Mercury,Natasha Howard,F,29,6-9,0-0,2-6,4,7,11,2,1,0,4,4,14,+8
20260513_MIN_PHX,"Wednesday, May 13, 2026",regular_season,Minnesota Lynx,Phoenix Mercury,Nia Coffey,F,21,5-7,3-4,0-0,1,9,10,0,0,1,1,6,13,+3
20260513_MIN_PHX,"Wednesday, May 13, 2026",regular_season,Minnesota Lynx,Phoenix Mercury,Kayla McBride,G,33,4-10,2-6,4-4,0,2,2,3,1,0,3,1,14,+4
20260513_MIN_PHX,"Wednesday, May 13, 2026",regular_season,Minnesota Lynx,Phoenix Mercury,Courtney Williams,G,30,4-13,1-4,2-3,0,3,3,5,2,2,1,2,11,+7
20260513_MIN_PHX,"Wednesday, May 13, 2026",regular_season,Minnesota Lynx,Phoenix Mercury,Olivia Miles,G,26,5-10,0-2,3-4,0,6,6,7,0,0,2,4,13,+6
20260513_MIN_PHX,"Wednesday, May 13, 2026",regular_season,Minnesota Lynx,Phoenix Mercury,Antonia Delaere,F,19,3-4,1-1,1-1,0,0,0,1,0,0,0,2,8,-1
20260513_MIN_PHX,"Wednesday, May 13, 2026",regular_season,Minnesota Lynx,Phoenix Mercury,Anastasiia Olairi Kosu,F,9,1-2,0-0,0-0,1,1,2,2,0,0,0,3,2,0
20260513_MIN_PHX,"Wednesday, May 13, 2026",regular_season,Minnesota Lynx,Phoenix Mercury,Emma Cechova,F,22,4-8,0-1,3-4,3,3,6,0,1,1,2,4,11,-3
20260513_MIN_PHX,"Wednesday, May 13, 2026",regular_season,Minnesota Lynx,Phoenix Mercury,Maya Caldwell,G,8,0-0,0-0,0-0,0,2,2,0,0,0,0,1,0,0
20260513_MIN_PHX,"Wednesday, May 13, 2026",regular_season,Minnesota Lynx,Phoenix Mercury,Eliska Hamzova,G,5,0-1,0-1,2-2,0,1,1,0,0,0,2,1,2,-4
20260513_MIN_PHX,"Wednesday, May 13, 2026",regular_season,Minnesota Lynx,Phoenix Mercury,Napheesa Collier,F,,,,,,,,,,,,,,
20260513_MIN_PHX,"Wednesday, May 13, 2026",regular_season,Minnesota Lynx,Phoenix Mercury,Dorka Juhasz,F,,,,,,,,,,,,,,
20260513_MIN_PHX,"Wednesday, May 13, 2026",regular_season,Phoenix Mercury,Minnesota Lynx,DeWanna Bonner,F,30,6-16,2-8,2-2,1,6,7,2,0,1,1,3,16,-8
20260513_MIN_PHX,"Wednesday, May 13, 2026",regular_season,Phoenix Mercury,Minnesota Lynx,Alyssa Thomas,F,34,2-10,0-0,6-13,0,4,4,8,2,0,4,2,10,-9
20260513_MIN_PHX,"Wednesday, May 13, 2026",regular_season,Phoenix Mercury,Minnesota Lynx,Valeriane Ayayi,F,17,2-4,2-3,0-0,1,3,4,3,1,0,2,3,6,+1
20260513_MIN_PHX,"Wednesday, May 13, 2026",regular_season,Phoenix Mercury,Minnesota Lynx,Natasha Mack,F,28,4-5,0-1,1-1,3,7,10,0,1,3,0,2,9,-5
20260513_MIN_PHX,"Wednesday, May 13, 2026",regular_season,Phoenix Mercury,Minnesota Lynx,Kahleah Copper,G,35,9-21,2-7,10-13,1,0,1,2,2,0,3,2,30,-1
20260513_MIN_PHX,"Wednesday, May 13, 2026",regular_season,Phoenix Mercury,Minnesota Lynx,Noemie Brochant,F,12,0-0,0-0,0-0,0,0,0,1,1,0,0,1,0,0
20260513_MIN_PHX,"Wednesday, May 13, 2026",regular_season,Phoenix Mercury,Minnesota Lynx,Kyara Linskens,C,12,2-3,2-3,2-2,2,2,4,1,0,0,0,3,8,+1
20260513_MIN_PHX,"Wednesday, May 13, 2026",regular_season,Phoenix Mercury,Minnesota Lynx,Jovana Nogic,G,17,0-6,0-2,2-2,1,0,1,2,3,0,1,3,2,+5
20260513_MIN_PHX,"Wednesday, May 13, 2026",regular_season,Phoenix Mercury,Minnesota Lynx,Kiana Williams,G,14,1-6,1-5,0-0,0,0,0,1,1,0,0,3,3,-4
20260513_MIN_PHX,"Wednesday, May 13, 2026",regular_season,Phoenix Mercury,Minnesota Lynx,Anneli Maley,F,,,,,,,,,,,,,,
20260513_MIN_PHX,"Wednesday, May 13, 2026",regular_season,Phoenix Mercury,Minnesota Lynx,Sami Whitcomb,G,,,,,,,,,,,,,,
20260513_MIN_PHX,"Wednesday, May 13, 2026",regular_season,Phoenix Mercury,Minnesota Lynx,Quionche Carter,G,,,,,,,,,,,,,,
20260513_NY_POR,"Wednesday, May 13, 2026",regular_season,New York Liberty,Portland Fire,Breanna Stewart,F,38,4-12,0-2,8-8,1,9,10,4,2,3,2,5,16,-2
20260513_NY_POR,"Wednesday, May 13, 2026",regular_season,New York Liberty,Portland Fire,Jonquel Jones,C,34,6-11,3-6,2-2,1,6,7,3,1,0,4,3,17,-3
20260513_NY_POR,"Wednesday, May 13, 2026",regular_season,New York Liberty,Portland Fire,Betnijah Laney-Hamilton,G,25,3-7,2-6,2-2,0,3,3,3,0,0,4,1,10,-11
20260513_NY_POR,"Wednesday, May 13, 2026",regular_season,New York Liberty,Portland Fire,Marine Johannes,G,33,6-11,3-7,3-3,2,2,4,4,2,0,2,1,18,-4
20260513_NY_POR,"Wednesday, May 13, 2026",regular_season,New York Liberty,Portland Fire,Pauline Astier,G,30,10-14,2-3,2-3,3,2,5,3,2,0,5,3,24,-2
20260513_NY_POR,"Wednesday, May 13, 2026",regular_season,New York Liberty,Portland Fire,Aubrey Griffin,F,0,0-0,0-0,0-0,0,0,0,0,0,0,0,0,0,-3
20260513_NY_POR,"Wednesday, May 13, 2026",regular_season,New York Liberty,Portland Fire,Han Xu,C,6,0-1,0-0,0-0,0,0,0,0,0,0,0,0,0,+1
20260513_NY_POR,"Wednesday, May 13, 2026",regular_season,New York Liberty,Portland Fire,Rebekah Gardner,G,22,3-4,2-3,0-0,1,1,2,4,0,0,0,1,8,+11
20260513_NY_POR,"Wednesday, May 13, 2026",regular_season,New York Liberty,Portland Fire,Julie Vanloo,G,12,1-2,1-1,0-0,0,0,0,2,0,0,1,2,3,+3
20260513_NY_POR,"Wednesday, May 13, 2026",regular_season,Portland Fire,New York Liberty,Bridget Carleton,F,33,9-16,5-11,3-3,0,1,1,0,4,0,0,2,26,+12
20260513_NY_POR,"Wednesday, May 13, 2026",regular_season,Portland Fire,New York Liberty,Emily Engstler,F,24,2-3,2-3,0-0,0,3,3,1,2,3,3,3,6,-1
20260513_NY_POR,"Wednesday, May 13, 2026",regular_season,Portland Fire,New York Liberty,Nyadiew Puoch,F,22,0-5,0-2,0-0,2,1,3,0,0,0,1,4,0,+2
20260513_NY_POR,"Wednesday, May 13, 2026",regular_season,Portland Fire,New York Liberty,Luisa Geiselsoder,C,25,4-10,3-6,2-2,1,4,5,2,1,1,1,3,13,+13
20260513_NY_POR,"Wednesday, May 13, 2026",regular_season,Portland Fire,New York Liberty,Carla Leite,G,26,8-14,0-1,5-5,1,3,4,6,1,0,2,1,21,+14
20260513_NY_POR,"Wednesday, May 13, 2026",regular_season,Portland Fire,New York Liberty,Kamiah Smalls,F,14,4-7,4-5,1-1,0,0,0,2,0,0,2,1,13,-12
20260513_NY_POR,"Wednesday, May 13, 2026",regular_season,Portland Fire,New York Liberty,Frieda Buhner,F,8,0-0,0-0,2-2,2,0,2,0,0,0,0,2,2,-14
20260513_NY_POR,"Wednesday, May 13, 2026",regular_season,Portland Fire,New York Liberty,Megan DiLeo,C,15,2-4,0-2,2-2,1,0,1,0,0,0,1,2,6,-11
20260513_NY_POR,"Wednesday, May 13, 2026",regular_season,Portland Fire,New York Liberty,Haley Jones,G,11,3-4,0-1,0-0,0,5,5,1,0,0,1,2,6,+8
20260513_NY_POR,"Wednesday, May 13, 2026",regular_season,Portland Fire,New York Liberty,Sarah Ashlee Barker,G,22,2-5,1-2,0-0,1,1,2,3,0,0,2,1,5,-1
20260513_NY_POR,"Wednesday, May 13, 2026",regular_season,Portland Fire,New York Liberty,Serah Williams,C,,,,,,,,,,,,,,
20260513_SEA_TOR,"Wednesday, May 13, 2026",regular_season,Seattle Storm,Toronto Tempo,Jordan Horston,F,18,0-0,0-0,1-2,0,2,2,1,0,0,1,1,1,-2
20260513_SEA_TOR,"Wednesday, May 13, 2026",regular_season,Seattle Storm,Toronto Tempo,Stefanie Dolson,C,22,6-8,2-3,2-2,0,3,3,0,0,2,3,5,16,-5
20260513_SEA_TOR,"Wednesday, May 13, 2026",regular_season,Seattle Storm,Toronto Tempo,Dominique Malonga,C,32,9-19,2-3,1-4,1,6,7,1,1,1,1,1,21,-10
20260513_SEA_TOR,"Wednesday, May 13, 2026",regular_season,Seattle Storm,Toronto Tempo,Natisha Hiedeman,G,22,2-6,1-4,0-0,0,0,0,5,0,0,2,3,5,-11
20260513_SEA_TOR,"Wednesday, May 13, 2026",regular_season,Seattle Storm,Toronto Tempo,Flau'jae Johnson,G,29,2-7,0-1,3-4,1,5,6,2,1,1,3,3,7,-13
20260513_SEA_TOR,"Wednesday, May 13, 2026",regular_season,Seattle Storm,Toronto Tempo,Mackenzie Holmes,F,5,0-0,0-0,0-0,0,1,1,0,0,0,0,0,0,-9
20260513_SEA_TOR,"Wednesday, May 13, 2026",regular_season,Seattle Storm,Toronto Tempo,Grace VanSlooten,F,12,0-0,0-0,2-2,0,2,2,0,1,1,1,0,2,0
20260513_SEA_TOR,"Wednesday, May 13, 2026",regular_season,Seattle Storm,Toronto Tempo,Lexie Brown,G,16,0-1,0-1,0-0,0,3,3,1,0,0,3,3,0,-10
20260513_SEA_TOR,"Wednesday, May 13, 2026",regular_season,Seattle Storm,Toronto Tempo,Zia Cooke,G,16,3-8,1-5,0-0,0,3,3,2,0,0,1,1,7,0
20260513_SEA_TOR,"Wednesday, May 13, 2026",regular_season,Seattle Storm,Toronto Tempo,Jade Melbourne,G,28,5-9,1-3,3-3,1,0,1,6,3,0,4,4,14,-5
20260513_SEA_TOR,"Wednesday, May 13, 2026",regular_season,Seattle Storm,Toronto Tempo,Katie Lou Samuelson,F,,,,,,,,,,,,,,
20260513_SEA_TOR,"Wednesday, May 13, 2026",regular_season,Seattle Storm,Toronto Tempo,Ezi Magbegor,F,,,,,,,,,,,,,,
20260513_SEA_TOR,"Wednesday, May 13, 2026",regular_season,Seattle Storm,Toronto Tempo,Awa Fam,C,,,,,,,,,,,,,,
20260513_SEA_TOR,"Wednesday, May 13, 2026",regular_season,Seattle Storm,Toronto Tempo,Taina Mair,G,,,,,,,,,,,,,,
20260513_SEA_TOR,"Wednesday, May 13, 2026",regular_season,Toronto Tempo,Seattle Storm,Nyara Sabally,F,26,2-4,0-1,4-6,2,3,5,3,2,2,2,2,8,+8
20260513_SEA_TOR,"Wednesday, May 13, 2026",regular_season,Toronto Tempo,Seattle Storm,Teonni Key,F,8,1-1,0-0,0-0,1,0,1,0,0,1,0,0,2,+1
20260513_SEA_TOR,"Wednesday, May 13, 2026",regular_season,Toronto Tempo,Seattle Storm,Brittney Sykes,G,33,5-14,0-2,8-9,4,4,8,6,1,1,4,2,18,+11
20260513_SEA_TOR,"Wednesday, May 13, 2026",regular_season,Toronto Tempo,Seattle Storm,Marina Mabrey,G,29,9-20,6-11,2-2,0,4,4,3,4,0,1,0,26,+14
20260513_SEA_TOR,"Wednesday, May 13, 2026",regular_season,Toronto Tempo,Seattle Storm,Julie Allemand,G,29,1-5,0-2,0-0,0,3,3,6,3,0,3,0,2,+19
20260513_SEA_TOR,"Wednesday, May 13, 2026",regular_season,Toronto Tempo,Seattle Storm,Maria Conde,F,29,6-13,4-8,0-0,2,6,8,0,1,0,1,5,16,+11
20260513_SEA_TOR,"Wednesday, May 13, 2026",regular_season,Toronto Tempo,Seattle Storm,Nikolina Milic,F,10,1-1,0-0,0-0,0,1,1,1,0,0,1,2,2,+3
20260513_SEA_TOR,"Wednesday, May 13, 2026",regular_season,Toronto Tempo,Seattle Storm,Laura Juskaite,F,7,0-1,0-1,0-0,0,1,1,0,0,0,0,2,0,+4
20260513_SEA_TOR,"Wednesday, May 13, 2026",regular_season,Toronto Tempo,Seattle Storm,Kia Nurse,G,7,0-1,0-1,0-0,0,0,0,1,0,0,0,1,0,-1
20260513_SEA_TOR,"Wednesday, May 13, 2026",regular_season,Toronto Tempo,Seattle Storm,Lexi Held,G,2,0-0,0-0,0-0,0,0,0,0,0,0,0,0,0,-2
20260513_SEA_TOR,"Wednesday, May 13, 2026",regular_season,Toronto Tempo,Seattle Storm,Kiki Rice,G,21,5-9,1-3,1-1,0,2,2,1,0,0,0,3,12,-3
20260513_SEA_TOR,"Wednesday, May 13, 2026",regular_season,Toronto Tempo,Seattle Storm,Mariella Fasoula,C,,,,,,,,,,,,,,
20260514_LV_CON,"Thursday, May 14, 2026",regular_season,Las Vegas Aces,Connecticut Sun,Stephanie Talbot,F,12,2-2,0-0,0-0,0,2,2,0,0,0,0,0,4,+7
20260514_LV_CON,"Thursday, May 14, 2026",regular_season,Las Vegas Aces,Connecticut Sun,NaLyssa Smith,F,18,2-4,0-0,2-4,2,3,5,2,2,0,2,5,6,+5
20260514_LV_CON,"Thursday, May 14, 2026",regular_season,Las Vegas Aces,Connecticut Sun,A'ja Wilson,C,21,8-15,0-0,6-9,4,7,11,1,0,2,1,4,22,+33
20260514_LV_CON,"Thursday, May 14, 2026",regular_season,Las Vegas Aces,Connecticut Sun,Chelsea Gray,G,26,3-7,1-3,0-0,0,6,6,6,1,1,2,1,7,+29
20260514_LV_CON,"Thursday, May 14, 2026",regular_season,Las Vegas Aces,Connecticut Sun,Jackie Young,G,27,4-10,0-2,3-3,0,1,1,6,2,0,1,2,11,+14
20260514_LV_CON,"Thursday, May 14, 2026",regular_season,Las Vegas Aces,Connecticut Sun,Cheyenne Parker-Tyus,F,18,3-5,0-0,4-5,3,2,5,1,1,2,1,1,10,+23
20260514_LV_CON,"Thursday, May 14, 2026",regular_season,Las Vegas Aces,Connecticut Sun,Brianna Turner,F,18,0-0,0-0,0-0,0,5,5,0,0,1,2,2,0,-3
20260514_LV_CON,"Thursday, May 14, 2026",regular_season,Las Vegas Aces,Connecticut Sun,Kierstan Bell,F,9,0-2,0-1,0-0,0,1,1,0,0,0,0,0,0,-1
20260514_LV_CON,"Thursday, May 14, 2026",regular_season,Las Vegas Aces,Connecticut Sun,Jewell Loyd,G,28,4-11,3-8,0-0,0,2,2,1,1,0,2,1,11,+22
20260514_LV_CON,"Thursday, May 14, 2026",regular_season,Las Vegas Aces,Connecticut Sun,Chennedy Carter,G,25,13-16,1-2,0-0,3,5,8,4,2,0,4,3,27,+16
20260514_LV_CON,"Thursday, May 14, 2026",regular_season,Las Vegas Aces,Connecticut Sun,Janiah Barker,F,,,,,,,,,,,,,,
20260514_LV_CON,"Thursday, May 14, 2026",regular_season,Las Vegas Aces,Connecticut Sun,Dana Evans,G,,,,,,,,,,,,,,
20260514_LV_CON,"Thursday, May 14, 2026",regular_season,Connecticut Sun,Las Vegas Aces,Diamond Miller,F,24,1-9,1-3,2-2,0,2,2,1,0,0,1,4,5,-27
20260514_LV_CON,"Thursday, May 14, 2026",regular_season,Connecticut Sun,Las Vegas Aces,Olivia Nelson-Ododa,C,22,5-7,0-0,4-4,0,6,6,3,1,0,2,4,14,-13
20260514_LV_CON,"Thursday, May 14, 2026",regular_season,Connecticut Sun,Las Vegas Aces,Kennedy Burke,G,31,2-8,0-3,0-0,0,1,1,5,0,1,4,0,4,-21
20260514_LV_CON,"Thursday, May 14, 2026",regular_season,Connecticut Sun,Las Vegas Aces,Saniya Rivers,G,30,2-11,0-1,4-4,0,1,1,4,0,1,2,1,8,-19
20260514_LV_CON,"Thursday, May 14, 2026",regular_season,Connecticut Sun,Las Vegas Aces,Charlisse Leger-Walker,G,16,1-2,0-0,0-0,0,2,2,2,0,0,2,2,2,-16
20260514_LV_CON,"Thursday, May 14, 2026",regular_season,Connecticut Sun,Las Vegas Aces,Aneesah Morrow,F,24,4-16,1-3,7-10,4,7,11,0,1,0,0,3,16,-23
20260514_LV_CON,"Thursday, May 14, 2026",regular_season,Connecticut Sun,Las Vegas Aces,Raegan Beers,F,14,3-8,0-0,1-2,2,1,3,0,1,0,0,4,7,-5
20260514_LV_CON,"Thursday, May 14, 2026",regular_season,Connecticut Sun,Las Vegas Aces,Hailey Van Lith,G,22,3-5,1-2,2-2,0,0,0,1,2,1,2,1,9,-14
20260514_LV_CON,"Thursday, May 14, 2026",regular_season,Connecticut Sun,Las Vegas Aces,Gianna Kneepkens,G,16,2-4,0-1,0-0,2,1,3,0,1,0,0,1,4,-7
20260514_LV_CON,"Thursday, May 14, 2026",regular_season,Connecticut Sun,Las Vegas Aces,Aaliyah Edwards,F,,,,,,,,,,,,,,
20260514_LV_CON,"Thursday, May 14, 2026",regular_season,Connecticut Sun,Las Vegas Aces,Brittney Griner,C,,,,,,,,,,,,,,
20260514_LV_CON,"Thursday, May 14, 2026",regular_season,Connecticut Sun,Las Vegas Aces,Shey Peddy,G,,,,,,,,,,,,,,
20260514_LV_CON,"Thursday, May 14, 2026",regular_season,Connecticut Sun,Las Vegas Aces,Ashlon Jackson,G,,,,,,,,,,,,,,
20260514_CHI_GS,"Thursday, May 14, 2026",regular_season,Chicago Sky,Golden State Valkyries,Rickea Jackson,F,39,6-18,1-5,5-6,2,3,5,5,1,2,1,3,18,+3
20260514_CHI_GS,"Thursday, May 14, 2026",regular_season,Chicago Sky,Golden State Valkyries,Kamilla Cardoso,C,27,3-10,0-0,2-5,1,6,7,1,1,2,1,3,8,+7
20260514_CHI_GS,"Thursday, May 14, 2026",regular_season,Chicago Sky,Golden State Valkyries,Skylar Diggins,G,34,5-16,1-4,4-6,0,5,5,7,1,2,0,2,15,+8
20260514_CHI_GS,"Thursday, May 14, 2026",regular_season,Chicago Sky,Golden State Valkyries,Jacy Sheldon,G,31,4-8,2-5,2-2,1,6,7,4,3,1,1,3,12,+7
20260514_CHI_GS,"Thursday, May 14, 2026",regular_season,Chicago Sky,Golden State Valkyries,Gabriela Jaquez,G,26,3-7,1-2,0-0,0,5,5,2,0,0,1,2,7,+10
20260514_CHI_GS,"Thursday, May 14, 2026",regular_season,Chicago Sky,Golden State Valkyries,Elizabeth Williams,C,13,1-2,0-0,0-2,3,3,6,0,0,1,1,1,2,-1
20260514_CHI_GS,"Thursday, May 14, 2026",regular_season,Chicago Sky,Golden State Valkyries,Natasha Cloud,G,18,3-7,1-3,0-0,1,3,4,0,0,0,3,4,7,-2
20260514_CHI_GS,"Thursday, May 14, 2026",regular_season,Chicago Sky,Golden State Valkyries,Rachel Banham,G,12,0-1,0-1,0-0,0,0,0,0,1,0,0,1,0,-2
20260514_CHI_GS,"Thursday, May 14, 2026",regular_season,Chicago Sky,Golden State Valkyries,Aicha Coulibaly,G,,,,,,,,,,,,,,
20260514_CHI_GS,"Thursday, May 14, 2026",regular_season,Chicago Sky,Golden State Valkyries,Sydney Taylor,G,,,,,,,,,,,,,,
20260514_CHI_GS,"Thursday, May 14, 2026",regular_season,Golden State Valkyries,Chicago Sky,Kayla Thornton,F,30,0-11,0-3,0-0,3,3,6,0,0,1,0,1,0,-2
20260514_CHI_GS,"Thursday, May 14, 2026",regular_season,Golden State Valkyries,Chicago Sky,Gabby Williams,F,32,6-17,3-6,3-4,1,4,5,1,1,1,2,1,18,-4
20260514_CHI_GS,"Thursday, May 14, 2026",regular_season,Golden State Valkyries,Chicago Sky,Kiah Stokes,C,29,3-8,0-2,1-2,3,8,11,2,0,5,0,6,7,-2
20260514_CHI_GS,"Thursday, May 14, 2026",regular_season,Golden State Valkyries,Chicago Sky,Kaila Charles,G,28,4-9,1-4,0-0,5,4,9,2,0,0,1,4,9,-4
20260514_CHI_GS,"Thursday, May 14, 2026",regular_season,Golden State Valkyries,Chicago Sky,Veronica Burton,G,36,5-15,2-6,4-4,0,3,3,4,1,0,5,5,16,+5
20260514_CHI_GS,"Thursday, May 14, 2026",regular_season,Golden State Valkyries,Chicago Sky,Laeticia Amihere,F,11,1-2,0-0,1-2,0,1,1,1,1,2,1,0,3,-4
20260514_CHI_GS,"Thursday, May 14, 2026",regular_season,Golden State Valkyries,Chicago Sky,Janelle Salaun,F,17,1-5,1-4,3-4,0,1,1,0,0,0,0,1,6,-9
20260514_CHI_GS,"Thursday, May 14, 2026",regular_season,Golden State Valkyries,Chicago Sky,Kaitlyn Chen,G,18,2-8,0-1,0-0,2,4,6,0,0,0,2,1,4,-10
20260514_CHI_GS,"Thursday, May 14, 2026",regular_season,Golden State Valkyries,Chicago Sky,Ashten Prechtel,F,,,,,,,,,,,,,,
20260514_CHI_GS,"Thursday, May 14, 2026",regular_season,Golden State Valkyries,Chicago Sky,Miela Sowah,G,,,,,,,,,,,,,,
20260514_CHI_GS,"Thursday, May 14, 2026",regular_season,Golden State Valkyries,Chicago Sky,Ndjakalenga Mwenentanda,G,,,,,,,,,,,,,,
20260514_IND_LA,"Thursday, May 14, 2026",regular_season,Indiana Fever,Los Angeles Sparks,Monique Billings,F,27,2-4,1-1,4-6,2,6,8,2,1,0,3,3,9,+7
20260514_IND_LA,"Thursday, May 14, 2026",regular_season,Indiana Fever,Los Angeles Sparks,Aliyah Boston,C,23,0-3,0-1,4-4,3,4,7,2,0,2,2,6,4,+9
20260514_IND_LA,"Thursday, May 14, 2026",regular_season,Indiana Fever,Los Angeles Sparks,Kelsey Mitchell,G,27,9-17,3-9,2-2,0,0,0,0,1,0,2,3,23,+14
20260514_IND_LA,"Thursday, May 14, 2026",regular_season,Indiana Fever,Los Angeles Sparks,Sophie Cunningham,G,27,5-9,2-5,0-0,1,6,7,1,1,0,0,0,12,+14
20260514_IND_LA,"Thursday, May 14, 2026",regular_season,Indiana Fever,Los Angeles Sparks,Caitlin Clark,G,31,9-17,1-7,5-5,0,4,4,9,2,1,6,2,24,+5
20260514_IND_LA,"Thursday, May 14, 2026",regular_season,Indiana Fever,Los Angeles Sparks,Myisha Hines-Allen,F,11,1-1,0-0,0-0,1,1,2,3,1,0,0,2,2,+5
20260514_IND_LA,"Thursday, May 14, 2026",regular_season,Indiana Fever,Los Angeles Sparks,Makayla Timpson,F,9,1-2,0-0,0-0,0,1,1,1,0,0,0,0,2,-3
20260514_IND_LA,"Thursday, May 14, 2026",regular_season,Indiana Fever,Los Angeles Sparks,Damiris Dantas,C,11,1-4,1-4,0-0,0,1,1,0,0,0,1,4,3,0
20260514_IND_LA,"Thursday, May 14, 2026",regular_season,Indiana Fever,Los Angeles Sparks,Tyasha Harris,G,16,3-4,1-2,0-0,0,1,1,3,0,0,1,0,7,-5
20260514_IND_LA,"Thursday, May 14, 2026",regular_season,Indiana Fever,Los Angeles Sparks,Lexie Hull,G,13,0-1,0-1,1-2,0,1,1,0,1,0,1,3,1,-5
20260514_IND_LA,"Thursday, May 14, 2026",regular_season,Indiana Fever,Los Angeles Sparks,Raven Johnson,G,5,0-1,0-0,0-0,1,0,1,2,0,0,0,1,0,+4
20260514_IND_LA,"Thursday, May 14, 2026",regular_season,Indiana Fever,Los Angeles Sparks,Shatori Walker-Kimbrough,G,,,,,,,,,,,,,,
20260514_IND_LA,"Thursday, May 14, 2026",regular_season,Los Angeles Sparks,Indiana Fever,Nneka Ogwumike,F,32,3-5,1-2,3-4,0,5,5,0,3,1,3,2,10,-10
20260514_IND_LA,"Thursday, May 14, 2026",regular_season,Los Angeles Sparks,Indiana Fever,Dearica Hamby,F,29,6-8,0-1,4-5,1,7,8,1,2,0,4,4,16,-10
20260514_IND_LA,"Thursday, May 14, 2026",regular_season,Los Angeles Sparks,Indiana Fever,Kelsey Plum,G,37,9-16,1-5,6-8,0,1,1,4,1,0,5,3,25,-10
20260514_IND_LA,"Thursday, May 14, 2026",regular_season,Los Angeles Sparks,Indiana Fever,Ariel Atkins,G,16,0-4,0-1,2-2,1,1,2,2,1,0,2,3,2,-14
20260514_IND_LA,"Thursday, May 14, 2026",regular_season,Los Angeles Sparks,Indiana Fever,Rae Burrell,G,29,4-10,0-2,2-2,1,0,1,1,2,0,1,1,10,-7
20260514_IND_LA,"Thursday, May 14, 2026",regular_season,Los Angeles Sparks,Indiana Fever,Cameron Brink,F,19,4-6,0-2,3-4,1,4,5,1,1,3,3,3,11,+2
20260514_IND_LA,"Thursday, May 14, 2026",regular_season,Los Angeles Sparks,Indiana Fever,Erica Wheeler,G,21,1-5,0-1,0-0,0,1,1,4,2,0,0,5,2,+3
20260514_IND_LA,"Thursday, May 14, 2026",regular_season,Los Angeles Sparks,Indiana Fever,Ta'Niya Latson,G,2,0-1,0-1,0-0,0,0,0,0,0,0,1,0,0,+2
20260514_IND_LA,"Thursday, May 14, 2026",regular_season,Los Angeles Sparks,Indiana Fever,Chance Gray,G,16,1-2,0-0,0-0,0,1,1,0,0,0,0,3,2,-1
20260514_IND_LA,"Thursday, May 14, 2026",regular_season,Los Angeles Sparks,Indiana Fever,Emma Cannon,F,,,,,,,,,,,,,,
20260514_IND_LA,"Thursday, May 14, 2026",regular_season,Los Angeles Sparks,Indiana Fever,Jihyun Park,F,,,,,,,,,,,,,,
20260515_MIN_DAL,"Friday, May 15, 2026",regular_season,Minnesota Lynx,Dallas Wings,Natasha Howard,F,35,11-14,0-0,4-6,4,1,5,4,0,3,7,4,26,+11
20260515_MIN_DAL,"Friday, May 15, 2026",regular_season,Minnesota Lynx,Dallas Wings,Nia Coffey,F,30,5-6,3-3,0-0,0,8,8,1,1,2,1,4,13,+8
20260515_MIN_DAL,"Friday, May 15, 2026",regular_season,Minnesota Lynx,Dallas Wings,Kayla McBride,G,34,1-7,0-2,9-11,1,7,8,1,1,1,2,3,11,+6
20260515_MIN_DAL,"Friday, May 15, 2026",regular_season,Minnesota Lynx,Dallas Wings,Courtney Williams,G,31,9-10,3-4,0-0,0,5,5,3,2,0,1,3,21,+3
20260515_MIN_DAL,"Friday, May 15, 2026",regular_season,Minnesota Lynx,Dallas Wings,Olivia Miles,G,32,7-12,0-1,1-1,1,1,2,6,0,1,3,2,15,+8
20260515_MIN_DAL,"Friday, May 15, 2026",regular_season,Minnesota Lynx,Dallas Wings,Antonia Delaere,F,13,0-0,0-0,0-0,0,1,1,1,0,0,1,0,0,-9
20260515_MIN_DAL,"Friday, May 15, 2026",regular_season,Minnesota Lynx,Dallas Wings,Anastasiia Olairi Kosu,F,5,1-2,0-0,0-0,0,0,0,1,0,0,0,1,2,-3
20260515_MIN_DAL,"Friday, May 15, 2026",regular_season,Minnesota Lynx,Dallas Wings,Emma Cechova,F,11,1-3,0-0,0-0,0,2,2,0,0,0,0,2,2,-8
20260515_MIN_DAL,"Friday, May 15, 2026",regular_season,Minnesota Lynx,Dallas Wings,Maya Caldwell,G,11,0-4,0-3,0-0,0,0,0,3,2,0,1,0,0,+4
20260515_MIN_DAL,"Friday, May 15, 2026",regular_season,Minnesota Lynx,Dallas Wings,Liatu King,F,,,,,,,,,,,,,,
20260515_MIN_DAL,"Friday, May 15, 2026",regular_season,Minnesota Lynx,Dallas Wings,Eliska Hamzova,G,,,,,,,,,,,,,,
20260515_MIN_DAL,"Friday, May 15, 2026",regular_season,Dallas Wings,Minnesota Lynx,Jessica Shepard,F,31,3-8,0-1,1-2,2,4,6,4,1,0,0,3,7,-13
20260515_MIN_DAL,"Friday, May 15, 2026",regular_season,Dallas Wings,Minnesota Lynx,Alanna Smith,F,27,3-6,0-1,0-1,2,2,4,5,2,1,2,3,6,-6
20260515_MIN_DAL,"Friday, May 15, 2026",regular_season,Dallas Wings,Minnesota Lynx,Odyssey Sims,G,25,4-8,1-2,2-2,0,1,1,3,2,0,1,0,11,-6
20260515_MIN_DAL,"Friday, May 15, 2026",regular_season,Dallas Wings,Minnesota Lynx,Arike Ogunbowale,G,30,2-11,1-4,1-1,3,1,4,1,0,0,1,3,6,-1
20260515_MIN_DAL,"Friday, May 15, 2026",regular_season,Dallas Wings,Minnesota Lynx,Paige Bueckers,G,31,7-13,3-4,10-11,0,3,3,8,0,0,3,2,27,-6
20260515_MIN_DAL,"Friday, May 15, 2026",regular_season,Dallas Wings,Minnesota Lynx,Alysha Clark,F,3,0-0,0-0,0-0,0,0,0,0,1,0,0,0,0,-7
20260515_MIN_DAL,"Friday, May 15, 2026",regular_season,Dallas Wings,Minnesota Lynx,Maddy Siegrist,F,16,7-11,0-3,3-3,0,4,4,1,0,1,0,1,17,+9
20260515_MIN_DAL,"Friday, May 15, 2026",regular_season,Dallas Wings,Minnesota Lynx,Awak Kuier,F,6,0-0,0-0,0-0,1,0,1,0,0,0,1,1,0,+6
20260515_MIN_DAL,"Friday, May 15, 2026",regular_season,Dallas Wings,Minnesota Lynx,Azzi Fudd,G,20,4-7,0-2,0-0,0,1,1,0,1,1,2,4,8,+8
20260515_MIN_DAL,"Friday, May 15, 2026",regular_season,Dallas Wings,Minnesota Lynx,Aziaha James,G,11,1-3,0-0,2-2,1,1,2,0,2,0,1,1,4,-4
20260515_MIN_DAL,"Friday, May 15, 2026",regular_season,Dallas Wings,Minnesota Lynx,Li Yueru,C,,,,,,,,,,,,,,
20260515_MIN_DAL,"Friday, May 15, 2026",regular_season,Dallas Wings,Minnesota Lynx,JJ Quinerly,G,,,,,,,,,,,,,,
20260515_NY_POR,"Friday, May 15, 2026",regular_season,New York Liberty,Portland Fire,Breanna Stewart,F,28,8-14,1-4,5-6,1,6,7,1,0,0,2,3,22,+20
20260515_NY_POR,"Friday, May 15, 2026",regular_season,New York Liberty,Portland Fire,Jonquel Jones,C,26,2-4,0-0,2-2,1,8,9,3,1,0,2,1,6,+26
20260515_NY_POR,"Friday, May 15, 2026",regular_season,New York Liberty,Portland Fire,Betnijah Laney-Hamilton,G,17,3-6,2-5,0-0,0,2,2,2,1,0,0,1,8,+12
20260515_NY_POR,"Friday, May 15, 2026",regular_season,New York Liberty,Portland Fire,Marine Johannes,G,28,1-7,1-7,0-0,0,3,3,11,2,0,1,1,3,+31
20260515_NY_POR,"Friday, May 15, 2026",regular_season,New York Liberty,Portland Fire,Pauline Astier,G,22,7-12,3-6,3-4,0,3,3,2,1,0,0,2,20,+16
20260515_NY_POR,"Friday, May 15, 2026",regular_season,New York Liberty,Portland Fire,Aubrey Griffin,F,2,0-0,0-0,0-0,0,1,1,0,0,0,0,1,0,-2
20260515_NY_POR,"Friday, May 15, 2026",regular_season,New York Liberty,Portland Fire,Alex Fowler,F,17,4-7,2-5,2-2,0,0,0,1,0,0,3,6,12,-6
20260515_NY_POR,"Friday, May 15, 2026",regular_season,New York Liberty,Portland Fire,Han Xu,C,7,1-2,0-0,1-2,1,1,2,2,0,0,1,0,3,-3
20260515_NY_POR,"Friday, May 15, 2026",regular_season,New York Liberty,Portland Fire,Rebekah Gardner,G,20,4-7,2-4,4-4,1,4,5,5,0,0,1,1,14,+5
20260515_NY_POR,"Friday, May 15, 2026",regular_season,New York Liberty,Portland Fire,Julie Vanloo,G,18,3-5,3-5,0-0,0,0,0,4,1,0,2,1,9,+2
20260515_NY_POR,"Friday, May 15, 2026",regular_season,New York Liberty,Portland Fire,Rebecca Allen,G,14,1-3,1-2,0-0,0,0,0,1,1,0,0,2,3,-11
20260515_NY_POR,"Friday, May 15, 2026",regular_season,Portland Fire,New York Liberty,Bridget Carleton,F,25,4-11,2-6,1-1,2,3,5,2,1,0,1,2,11,-31
20260515_NY_POR,"Friday, May 15, 2026",regular_season,Portland Fire,New York Liberty,Kamiah Smalls,F,16,1-3,0-2,0-0,0,0,0,4,0,0,2,1,2,-7
20260515_NY_POR,"Friday, May 15, 2026",regular_season,Portland Fire,New York Liberty,Emily Engstler,F,19,4-7,2-3,1-2,1,3,4,0,0,1,1,1,11,-9
20260515_NY_POR,"Friday, May 15, 2026",regular_season,Portland Fire,New York Liberty,Nyadiew Puoch,F,31,5-9,2-5,1-1,1,1,2,2,2,0,1,5,13,-5
20260515_NY_POR,"Friday, May 15, 2026",regular_season,Portland Fire,New York Liberty,Luisa Geiselsoder,C,22,3-6,0-2,0-0,0,5,5,1,1,0,1,3,6,-7
20260515_NY_POR,"Friday, May 15, 2026",regular_season,Portland Fire,New York Liberty,Frieda Buhner,F,14,0-3,0-3,0-0,0,0,0,0,0,0,2,2,0,0
20260515_NY_POR,"Friday, May 15, 2026",regular_season,Portland Fire,New York Liberty,Megan DiLeo,C,14,5-6,0-1,4-4,1,2,3,0,0,0,1,2,14,-14
20260515_NY_POR,"Friday, May 15, 2026",regular_season,Portland Fire,New York Liberty,Serah Williams,C,4,0-0,0-0,1-2,0,2,2,1,1,1,0,0,1,+3
20260515_NY_POR,"Friday, May 15, 2026",regular_season,Portland Fire,New York Liberty,Sug Sutton,G,20,3-13,1-5,1-4,0,3,3,8,0,0,1,3,8,-15
20260515_NY_POR,"Friday, May 15, 2026",regular_season,Portland Fire,New York Liberty,Haley Jones,G,15,3-6,0-1,4-6,1,2,3,2,1,0,2,2,10,-6
20260515_NY_POR,"Friday, May 15, 2026",regular_season,Portland Fire,New York Liberty,Sarah Ashlee Barker,G,21,2-4,2-3,0-0,1,2,3,2,1,0,3,1,6,+1
20260515_LV_CON,"Friday, May 15, 2026",regular_season,Las Vegas Aces,Connecticut Sun,Stephanie Talbot,F,22,0-0,0-0,1-2,0,1,1,2,1,0,2,3,1,+9
20260515_LV_CON,"Friday, May 15, 2026",regular_season,Las Vegas Aces,Connecticut Sun,NaLyssa Smith,F,17,2-4,0-0,0-0,0,4,4,0,0,1,0,1,4,+12
20260515_LV_CON,"Friday, May 15, 2026",regular_season,Las Vegas Aces,Connecticut Sun,A'ja Wilson,C,32,15-18,2-2,13-13,0,3,3,3,1,2,3,2,45,+15
20260515_LV_CON,"Friday, May 15, 2026",regular_season,Las Vegas Aces,Connecticut Sun,Chelsea Gray,G,31,4-7,3-5,1-1,0,7,7,10,1,0,5,1,12,+5
20260515_LV_CON,"Friday, May 15, 2026",regular_season,Las Vegas Aces,Connecticut Sun,Jackie Young,G,31,6-16,0-2,1-2,2,4,6,6,0,0,4,4,13,+21
20260515_LV_CON,"Friday, May 15, 2026",regular_season,Las Vegas Aces,Connecticut Sun,Cheyenne Parker-Tyus,F,14,1-1,0-0,0-0,1,1,2,1,0,2,1,2,2,-9
20260515_LV_CON,"Friday, May 15, 2026",regular_season,Las Vegas Aces,Connecticut Sun,Brianna Turner,F,3,0-0,0-0,0-0,0,0,0,0,0,0,0,0,0,-9
20260515_LV_CON,"Friday, May 15, 2026",regular_season,Las Vegas Aces,Connecticut Sun,Jewell Loyd,G,27,2-4,1-3,1-2,0,4,4,1,1,0,1,4,6,-6
20260515_LV_CON,"Friday, May 15, 2026",regular_season,Las Vegas Aces,Connecticut Sun,Chennedy Carter,G,22,5-8,0-1,8-12,0,1,1,1,2,1,1,1,18,-3
20260515_LV_CON,"Friday, May 15, 2026",regular_season,Las Vegas Aces,Connecticut Sun,Kierstan Bell,F,,,,,,,,,,,,,,
20260515_LV_CON,"Friday, May 15, 2026",regular_season,Las Vegas Aces,Connecticut Sun,Janiah Barker,F,,,,,,,,,,,,,,
20260515_LV_CON,"Friday, May 15, 2026",regular_season,Las Vegas Aces,Connecticut Sun,Dana Evans,G,,,,,,,,,,,,,,
20260515_LV_CON,"Friday, May 15, 2026",regular_season,Connecticut Sun,Las Vegas Aces,Aaliyah Edwards,F,17,3-5,0-0,0-0,1,2,3,0,1,0,2,3,6,-18
20260515_LV_CON,"Friday, May 15, 2026",regular_season,Connecticut Sun,Las Vegas Aces,Diamond Miller,F,15,3-10,2-4,2-2,1,2,3,0,1,0,0,3,10,-6
20260515_LV_CON,"Friday, May 15, 2026",regular_season,Connecticut Sun,Las Vegas Aces,Kennedy Burke,G,24,5-12,1-5,0-0,1,2,3,3,4,1,3,4,11,-19
20260515_LV_CON,"Friday, May 15, 2026",regular_season,Connecticut Sun,Las Vegas Aces,Hailey Van Lith,G,22,7-11,3-4,0-0,1,0,1,4,0,0,1,1,17,-4
20260515_LV_CON,"Friday, May 15, 2026",regular_season,Connecticut Sun,Las Vegas Aces,Gianna Kneepkens,G,18,1-5,0-2,1-1,2,1,3,1,0,0,2,2,3,-5
20260515_LV_CON,"Friday, May 15, 2026",regular_season,Connecticut Sun,Las Vegas Aces,Aneesah Morrow,F,27,4-11,0-3,2-2,2,8,10,2,2,0,2,4,10,+4
20260515_LV_CON,"Friday, May 15, 2026",regular_season,Connecticut Sun,Las Vegas Aces,Raegan Beers,F,17,2-4,0-0,2-2,2,2,4,2,0,0,1,3,6,+14
20260515_LV_CON,"Friday, May 15, 2026",regular_season,Connecticut Sun,Las Vegas Aces,Nell Angloma,F,14,3-6,0-0,1-2,1,0,1,1,0,0,1,2,7,+4
20260515_LV_CON,"Friday, May 15, 2026",regular_season,Connecticut Sun,Las Vegas Aces,Saniya Rivers,G,28,5-12,2-6,2-2,0,3,3,7,2,1,1,3,14,-2
20260515_LV_CON,"Friday, May 15, 2026",regular_season,Connecticut Sun,Las Vegas Aces,Charlisse Leger-Walker,G,18,3-5,1-1,3-4,0,1,1,4,1,0,0,0,10,-3
20260515_LV_CON,"Friday, May 15, 2026",regular_season,Connecticut Sun,Las Vegas Aces,Brittney Griner,C,,,,,,,,,,,,,,
20260515_LV_CON,"Friday, May 15, 2026",regular_season,Connecticut Sun,Las Vegas Aces,Olivia Nelson-Ododa,C,,,,,,,,,,,,,,
20260515_WSH_IND,"Friday, May 15, 2026",regular_season,Washington Mystics,Indiana Fever,Kiki Iriafen,F,36,11-17,1-1,2-4,4,9,13,2,1,1,6,3,25,+10
20260515_WSH_IND,"Friday, May 15, 2026",regular_season,Washington Mystics,Indiana Fever,Shakira Austin,C,34,7-11,0-0,5-6,1,8,9,5,0,3,3,5,19,+6
20260515_WSH_IND,"Friday, May 15, 2026",regular_season,Washington Mystics,Indiana Fever,Sonia Citron,G,38,10-14,1-4,9-10,1,5,6,4,1,1,2,1,30,+7
20260515_WSH_IND,"Friday, May 15, 2026",regular_season,Washington Mystics,Indiana Fever,Cotie McMahon,G,30,5-12,2-4,1-2,0,5,5,2,0,0,1,4,13,-13
20260515_WSH_IND,"Friday, May 15, 2026",regular_season,Washington Mystics,Indiana Fever,Georgia Amoore,G,24,2-3,1-2,2-2,0,0,0,4,0,0,2,3,7,+13
20260515_WSH_IND,"Friday, May 15, 2026",regular_season,Washington Mystics,Indiana Fever,Angela Dugalic,F,6,0-0,0-0,0-0,0,3,3,0,0,1,0,1,0,-7
20260515_WSH_IND,"Friday, May 15, 2026",regular_season,Washington Mystics,Indiana Fever,Lauren Betts,C,14,1-2,0-0,2-2,2,0,2,0,0,0,1,4,4,-5
20260515_WSH_IND,"Friday, May 15, 2026",regular_season,Washington Mystics,Indiana Fever,Rori Harmon,G,9,0-0,0-0,1-2,0,1,1,1,1,0,1,1,1,-2
20260515_WSH_IND,"Friday, May 15, 2026",regular_season,Washington Mystics,Indiana Fever,Cassandre Prosper,G,25,1-6,0-2,0-0,0,4,4,0,0,1,4,6,2,+8
20260515_WSH_IND,"Friday, May 15, 2026",regular_season,Washington Mystics,Indiana Fever,Alex Wilson,G,9,1-3,1-3,0-0,0,1,1,0,0,1,0,0,3,-7
20260515_WSH_IND,"Friday, May 15, 2026",regular_season,Washington Mystics,Indiana Fever,Michaela Onyenwere,F,,,,,,,,,,,,,,
20260515_WSH_IND,"Friday, May 15, 2026",regular_season,Washington Mystics,Indiana Fever,Lucy Olsen,G,,,,,,,,,,,,,,
20260515_WSH_IND,"Friday, May 15, 2026",regular_season,Indiana Fever,Washington Mystics,Monique Billings,F,36,4-11,1-2,1-2,6,3,9,3,3,2,0,4,10,-9
20260515_WSH_IND,"Friday, May 15, 2026",regular_season,Indiana Fever,Washington Mystics,Aliyah Boston,C,21,3-8,1-3,2-4,1,3,4,1,1,0,0,2,9,-12
20260515_WSH_IND,"Friday, May 15, 2026",regular_season,Indiana Fever,Washington Mystics,Kelsey Mitchell,G,39,10-25,4-8,0-2,0,0,0,0,1,0,3,2,24,-10
20260515_WSH_IND,"Friday, May 15, 2026",regular_season,Indiana Fever,Washington Mystics,Sophie Cunningham,G,20,2-5,1-3,2-2,0,1,1,2,0,0,0,3,7,0
20260515_WSH_IND,"Friday, May 15, 2026",regular_season,Indiana Fever,Washington Mystics,Caitlin Clark,G,37,10-28,7-17,5-5,1,3,4,10,2,1,4,3,32,+14
20260515_WSH_IND,"Friday, May 15, 2026",regular_season,Indiana Fever,Washington Mystics,Myisha Hines-Allen,F,21,2-4,0-2,2-2,0,2,2,5,2,1,2,4,6,+5
20260515_WSH_IND,"Friday, May 15, 2026",regular_season,Indiana Fever,Washington Mystics,Makayla Timpson,F,4,0-1,0-0,0-0,1,0,1,0,0,0,0,1,0,-1
20260515_WSH_IND,"Friday, May 15, 2026",regular_season,Indiana Fever,Washington Mystics,Damiris Dantas,C,7,1-2,1-2,0-0,0,2,2,0,1,0,0,1,3,+3
20260515_WSH_IND,"Friday, May 15, 2026",regular_season,Indiana Fever,Washington Mystics,Tyasha Harris,G,10,1-2,0-1,0-0,0,0,0,1,0,0,1,0,2,+2
20260515_WSH_IND,"Friday, May 15, 2026",regular_season,Indiana Fever,Washington Mystics,Lexie Hull,G,26,3-6,2-4,1-2,1,3,4,1,3,0,1,5,9,+8
20260515_WSH_IND,"Friday, May 15, 2026",regular_season,Indiana Fever,Washington Mystics,Raven Johnson,G,4,0-0,0-0,0-0,1,1,2,0,0,0,0,0,0,-10
20260515_WSH_IND,"Friday, May 15, 2026",regular_season,Indiana Fever,Washington Mystics,Shatori Walker-Kimbrough,G,,,,,,,,,,,,,,
20260516_TOR_LA,"Saturday, May 16, 2026",regular_season,Toronto Tempo,Los Angeles Sparks,Nyara Sabally,F,28,5-10,0-1,4-4,5,4,9,3,1,2,0,3,14,-4
20260516_TOR_LA,"Saturday, May 16, 2026",regular_season,Toronto Tempo,Los Angeles Sparks,Nikolina Milic,F,5,0-0,0-0,0-0,0,0,0,0,0,0,2,1,0,-15
20260516_TOR_LA,"Saturday, May 16, 2026",regular_season,Toronto Tempo,Los Angeles Sparks,Brittney Sykes,G,35,7-19,2-7,11-11,0,4,4,7,4,0,3,4,27,-7
20260516_TOR_LA,"Saturday, May 16, 2026",regular_season,Toronto Tempo,Los Angeles Sparks,Marina Mabrey,G,21,3-10,1-6,0-0,0,2,2,0,0,1,3,3,7,-21
20260516_TOR_LA,"Saturday, May 16, 2026",regular_season,Toronto Tempo,Los Angeles Sparks,Julie Allemand,G,21,2-4,1-3,0-0,0,1,1,4,2,0,1,1,5,-18
20260516_TOR_LA,"Saturday, May 16, 2026",regular_season,Toronto Tempo,Los Angeles Sparks,Maria Conde,F,20,2-6,2-5,0-0,2,2,4,0,1,0,2,0,6,0
20260516_TOR_LA,"Saturday, May 16, 2026",regular_season,Toronto Tempo,Los Angeles Sparks,Teonni Key,F,9,1-1,1-1,2-2,2,0,2,1,0,1,0,2,5,-1
20260516_TOR_LA,"Saturday, May 16, 2026",regular_season,Toronto Tempo,Los Angeles Sparks,Laura Juskaite,F,25,5-9,2-4,4-5,1,2,3,4,4,0,1,5,16,+19
20260516_TOR_LA,"Saturday, May 16, 2026",regular_season,Toronto Tempo,Los Angeles Sparks,Kia Nurse,G,9,2-4,0-2,0-0,0,1,1,1,1,0,0,0,4,+8
20260516_TOR_LA,"Saturday, May 16, 2026",regular_season,Toronto Tempo,Los Angeles Sparks,Lexi Held,G,6,0-0,0-0,0-0,0,0,0,0,0,0,0,1,0,+4
20260516_TOR_LA,"Saturday, May 16, 2026",regular_season,Toronto Tempo,Los Angeles Sparks,Kiki Rice,G,21,4-7,3-4,0-0,0,0,0,2,0,0,1,4,11,+15
20260516_TOR_LA,"Saturday, May 16, 2026",regular_season,Los Angeles Sparks,Toronto Tempo,Nneka Ogwumike,F,32,8-11,1-2,3-3,0,5,5,3,1,0,2,4,20,+14
20260516_TOR_LA,"Saturday, May 16, 2026",regular_season,Los Angeles Sparks,Toronto Tempo,Dearica Hamby,F,32,8-10,0-0,3-3,1,6,7,4,0,0,2,4,19,+6
20260516_TOR_LA,"Saturday, May 16, 2026",regular_season,Los Angeles Sparks,Toronto Tempo,Erica Wheeler,G,33,3-5,2-4,2-2,0,2,2,7,1,0,3,1,10,+16
20260516_TOR_LA,"Saturday, May 16, 2026",regular_season,Los Angeles Sparks,Toronto Tempo,Kelsey Plum,G,33,10-16,4-8,3-4,0,0,0,9,3,0,2,3,27,+8
20260516_TOR_LA,"Saturday, May 16, 2026",regular_season,Los Angeles Sparks,Toronto Tempo,Rae Burrell,G,35,5-6,2-3,1-2,1,4,5,2,0,0,5,2,13,+10
20260516_TOR_LA,"Saturday, May 16, 2026",regular_season,Los Angeles Sparks,Toronto Tempo,Cameron Brink,F,16,3-6,0-1,4-6,0,3,3,1,1,1,1,3,10,-12
20260516_TOR_LA,"Saturday, May 16, 2026",regular_season,Los Angeles Sparks,Toronto Tempo,Kate Martin,G,6,0-2,0-1,0-0,0,1,1,0,0,0,0,1,0,-1
20260516_TOR_LA,"Saturday, May 16, 2026",regular_season,Los Angeles Sparks,Toronto Tempo,Ta'Niya Latson,G,2,0-0,0-0,0-0,0,0,0,0,0,0,0,0,0,-7
20260516_TOR_LA,"Saturday, May 16, 2026",regular_season,Los Angeles Sparks,Toronto Tempo,Chance Gray,G,11,0-2,0-2,0-0,0,1,1,0,0,0,1,0,0,-14
20260516_TOR_LA,"Saturday, May 16, 2026",regular_season,Los Angeles Sparks,Toronto Tempo,Emma Cannon,F,,,,,,,,,,,,,,
20260516_TOR_LA,"Saturday, May 16, 2026",regular_season,Los Angeles Sparks,Toronto Tempo,Jihyun Park,F,,,,,,,,,,,,,,
20260516_CHI_PHX,"Saturday, May 16, 2026",regular_season,Chicago Sky,Phoenix Mercury,Rickea Jackson,F,32,10-22,4-10,5-6,1,5,6,0,0,3,2,0,29,-21
20260516_CHI_PHX,"Saturday, May 16, 2026",regular_season,Chicago Sky,Phoenix Mercury,Kamilla Cardoso,C,23,2-6,0-0,3-4,2,6,8,1,0,1,2,4,7,-2
20260516_CHI_PHX,"Saturday, May 16, 2026",regular_season,Chicago Sky,Phoenix Mercury,Skylar Diggins,G,12,0-5,0-2,0-0,1,1,2,3,1,0,0,3,0,-9
20260516_CHI_PHX,"Saturday, May 16, 2026",regular_season,Chicago Sky,Phoenix Mercury,Jacy Sheldon,G,26,3-6,1-2,1-1,0,0,0,3,0,0,2,5,8,-7
20260516_CHI_PHX,"Saturday, May 16, 2026",regular_season,Chicago Sky,Phoenix Mercury,Gabriela Jaquez,G,29,4-5,0-1,5-7,1,2,3,0,1,0,2,2,13,-5
20260516_CHI_PHX,"Saturday, May 16, 2026",regular_season,Chicago Sky,Phoenix Mercury,Elizabeth Williams,C,17,0-2,0-0,1-2,1,3,4,1,0,1,1,3,1,-5
20260516_CHI_PHX,"Saturday, May 16, 2026",regular_season,Chicago Sky,Phoenix Mercury,Natasha Cloud,G,23,3-8,0-2,1-3,0,3,3,7,2,0,1,5,7,-11
20260516_CHI_PHX,"Saturday, May 16, 2026",regular_season,Chicago Sky,Phoenix Mercury,Rachel Banham,G,16,2-5,1-3,0-0,0,0,0,1,0,1,1,3,5,0
20260516_CHI_PHX,"Saturday, May 16, 2026",regular_season,Chicago Sky,Phoenix Mercury,Aicha Coulibaly,G,16,4-6,0-1,0-0,0,1,1,0,1,0,0,4,8,+12
20260516_CHI_PHX,"Saturday, May 16, 2026",regular_season,Chicago Sky,Phoenix Mercury,Sydney Taylor,G,7,1-3,0-1,3-3,0,0,0,0,0,1,0,1,5,+8
20260516_CHI_PHX,"Saturday, May 16, 2026",regular_season,Chicago Sky,Phoenix Mercury,Azura Stevens,F,,,,,,,,,,,,,,
20260516_CHI_PHX,"Saturday, May 16, 2026",regular_season,Chicago Sky,Phoenix Mercury,Courtney Vandersloot,G,,,,,,,,,,,,,,
20260516_CHI_PHX,"Saturday, May 16, 2026",regular_season,Chicago Sky,Phoenix Mercury,DiJonai Carrington,G,,,,,,,,,,,,,,
20260516_CHI_PHX,"Saturday, May 16, 2026",regular_season,Phoenix Mercury,Chicago Sky,DeWanna Bonner,F,33,3-7,0-2,2-2,1,6,7,0,1,1,2,2,8,+4
20260516_CHI_PHX,"Saturday, May 16, 2026",regular_season,Phoenix Mercury,Chicago Sky,Alyssa Thomas,F,33,5-10,0-0,7-7,2,9,11,6,0,1,4,4,17,+21
20260516_CHI_PHX,"Saturday, May 16, 2026",regular_season,Phoenix Mercury,Chicago Sky,Natasha Mack,F,30,3-8,0-0,4-6,2,4,6,3,1,4,3,6,10,+9
20260516_CHI_PHX,"Saturday, May 16, 2026",regular_season,Phoenix Mercury,Chicago Sky,Kahleah Copper,G,34,3-16,1-6,10-10,0,5,5,1,3,0,1,2,17,+8
20260516_CHI_PHX,"Saturday, May 16, 2026",regular_season,Phoenix Mercury,Chicago Sky,Jovana Nogic,G,31,6-11,5-8,10-11,2,2,4,0,0,0,1,2,27,+23
20260516_CHI_PHX,"Saturday, May 16, 2026",regular_season,Phoenix Mercury,Chicago Sky,Valeriane Ayayi,F,12,3-6,0-2,2-3,1,1,2,1,0,0,1,0,8,-8
20260516_CHI_PHX,"Saturday, May 16, 2026",regular_season,Phoenix Mercury,Chicago Sky,Noemie Brochant,F,11,1-1,0-0,0-0,1,1,2,0,0,0,0,3,2,+6
20260516_CHI_PHX,"Saturday, May 16, 2026",regular_season,Phoenix Mercury,Chicago Sky,Kyara Linskens,C,8,0-2,0-2,0-0,1,2,3,1,0,1,1,3,0,-8
20260516_CHI_PHX,"Saturday, May 16, 2026",regular_season,Phoenix Mercury,Chicago Sky,Kiana Williams,G,8,0-1,0-1,2-2,0,0,0,0,0,0,2,0,2,-15
20260516_CHI_PHX,"Saturday, May 16, 2026",regular_season,Phoenix Mercury,Chicago Sky,Anneli Maley,F,,,,,,,,,,,,,,
20260516_CHI_PHX,"Saturday, May 16, 2026",regular_season,Phoenix Mercury,Chicago Sky,Sami Whitcomb,G,,,,,,,,,,,,,,
20260516_CHI_PHX,"Saturday, May 16, 2026",regular_season,Phoenix Mercury,Chicago Sky,Quionche Carter,G,,,,,,,,,,,,,,
20260517_LV_ATL,"Sunday, May 17, 2026",regular_season,Las Vegas Aces,Atlanta Dream,Stephanie Talbot,F,16,0-1,0-0,0-0,1,4,5,2,0,2,0,2,0,+2
20260517_LV_ATL,"Sunday, May 17, 2026",regular_season,Las Vegas Aces,Atlanta Dream,NaLyssa Smith,F,20,6-7,0-1,1-3,3,3,6,1,0,0,2,5,13,+6
20260517_LV_ATL,"Sunday, May 17, 2026",regular_season,Las Vegas Aces,Atlanta Dream,A'ja Wilson,C,31,6-12,2-2,6-7,0,6,6,1,0,2,4,5,20,-3
20260517_LV_ATL,"Sunday, May 17, 2026",regular_season,Las Vegas Aces,Atlanta Dream,Chelsea Gray,G,33,8-13,5-8,0-0,0,5,5,6,1,1,3,0,21,+4
20260517_LV_ATL,"Sunday, May 17, 2026",regular_season,Las Vegas Aces,Atlanta Dream,Jackie Young,G,34,0-12,0-5,0-0,1,6,7,7,2,2,2,2,0,+6
20260517_LV_ATL,"Sunday, May 17, 2026",regular_season,Las Vegas Aces,Atlanta Dream,Cheyenne Parker-Tyus,F,9,2-5,0-1,0-0,0,1,1,0,0,1,0,1,4,-3
20260517_LV_ATL,"Sunday, May 17, 2026",regular_season,Las Vegas Aces,Atlanta Dream,Brianna Turner,F,6,0-0,0-0,0-0,1,0,1,0,1,0,0,1,0,+5
20260517_LV_ATL,"Sunday, May 17, 2026",regular_season,Las Vegas Aces,Atlanta Dream,Jewell Loyd,G,29,2-10,2-8,1-2,0,5,5,1,1,0,0,4,7,-11
20260517_LV_ATL,"Sunday, May 17, 2026",regular_season,Las Vegas Aces,Atlanta Dream,Chennedy Carter,G,21,7-13,1-2,5-5,0,2,2,3,0,0,2,3,20,-1
20260517_LV_ATL,"Sunday, May 17, 2026",regular_season,Las Vegas Aces,Atlanta Dream,Kierstan Bell,F,,,,,,,,,,,,,,
20260517_LV_ATL,"Sunday, May 17, 2026",regular_season,Atlanta Dream,Las Vegas Aces,Naz Hillmon,F,30,2-9,0-3,2-4,2,3,5,0,0,0,0,4,6,+5
20260517_LV_ATL,"Sunday, May 17, 2026",regular_season,Atlanta Dream,Las Vegas Aces,Angel Reese,F,29,1-8,0-1,7-8,4,4,8,3,0,1,8,3,9,-13
20260517_LV_ATL,"Sunday, May 17, 2026",regular_season,Atlanta Dream,Las Vegas Aces,Allisha Gray,G,37,8-18,1-5,8-11,1,8,9,1,0,1,2,4,25,+1
20260517_LV_ATL,"Sunday, May 17, 2026",regular_season,Atlanta Dream,Las Vegas Aces,Jordin Canada,G,33,4-8,0-2,3-3,0,3,3,5,7,0,2,3,11,-20
20260517_LV_ATL,"Sunday, May 17, 2026",regular_season,Atlanta Dream,Las Vegas Aces,Te-Hina Paopao,G,36,5-14,4-9,5-6,0,2,2,2,1,1,0,4,19,+6
20260517_LV_ATL,"Sunday, May 17, 2026",regular_season,Atlanta Dream,Las Vegas Aces,Sika Kone,F,3,0-2,0-1,0-0,0,0,0,0,0,0,0,1,0,-7
20260517_LV_ATL,"Sunday, May 17, 2026",regular_season,Atlanta Dream,Las Vegas Aces,Madina Okot,C,16,7-12,0-2,0-1,2,9,11,1,0,1,1,4,14,+18
20260517_LV_ATL,"Sunday, May 17, 2026",regular_season,Atlanta Dream,Las Vegas Aces,Aaliyah Nye,G,1,0-0,0-0,0-0,0,0,0,0,0,0,0,0,0,+1
20260517_LV_ATL,"Sunday, May 17, 2026",regular_season,Atlanta Dream,Las Vegas Aces,Indya Nivar,G,10,0-2,0-0,0-4,2,4,6,3,1,1,0,0,0,+3
20260517_LV_ATL,"Sunday, May 17, 2026",regular_season,Atlanta Dream,Las Vegas Aces,Isobel Borlase,G,4,0-0,0-0,0-0,0,1,1,0,0,0,0,0,0,+1
20260517_SEA_IND,"Sunday, May 17, 2026",regular_season,Seattle Storm,Indiana Fever,Jordan Horston,F,15,1-5,0-1,0-0,0,2,2,3,1,0,1,2,2,0
20260517_SEA_IND,"Sunday, May 17, 2026",regular_season,Seattle Storm,Indiana Fever,Stefanie Dolson,C,30,3-6,0-2,0-0,0,5,5,2,2,1,0,3,6,-6
20260517_SEA_IND,"Sunday, May 17, 2026",regular_season,Seattle Storm,Indiana Fever,Natisha Hiedeman,G,31,7-18,3-6,2-2,0,2,2,2,1,1,1,3,19,-2
20260517_SEA_IND,"Sunday, May 17, 2026",regular_season,Seattle Storm,Indiana Fever,Flau'jae Johnson,G,28,3-14,0-4,8-9,2,4,6,0,1,4,2,2,14,-2
20260517_SEA_IND,"Sunday, May 17, 2026",regular_season,Seattle Storm,Indiana Fever,Jade Melbourne,G,29,3-7,0-2,6-6,0,1,1,3,0,0,2,4,12,-16
20260517_SEA_IND,"Sunday, May 17, 2026",regular_season,Seattle Storm,Indiana Fever,Mackenzie Holmes,F,10,2-3,0-0,0-0,0,1,1,0,2,0,1,2,4,-5
20260517_SEA_IND,"Sunday, May 17, 2026",regular_season,Seattle Storm,Indiana Fever,Grace VanSlooten,F,18,2-4,0-1,1-4,0,2,2,3,2,2,0,0,5,-16
20260517_SEA_IND,"Sunday, May 17, 2026",regular_season,Seattle Storm,Indiana Fever,Lexie Brown,G,17,1-3,1-3,0-0,0,4,4,0,0,0,1,2,3,-5
20260517_SEA_IND,"Sunday, May 17, 2026",regular_season,Seattle Storm,Indiana Fever,Zia Cooke,G,22,3-11,2-4,5-6,1,0,1,4,0,0,0,4,13,-3
20260517_SEA_IND,"Sunday, May 17, 2026",regular_season,Seattle Storm,Indiana Fever,Katie Lou Samuelson,F,,,,,,,,,,,,,,
20260517_SEA_IND,"Sunday, May 17, 2026",regular_season,Seattle Storm,Indiana Fever,Ezi Magbegor,F,,,,,,,,,,,,,,
20260517_SEA_IND,"Sunday, May 17, 2026",regular_season,Seattle Storm,Indiana Fever,Taylor Thierry,F,,,,,,,,,,,,,,
20260517_SEA_IND,"Sunday, May 17, 2026",regular_season,Seattle Storm,Indiana Fever,Dominique Malonga,C,,,,,,,,,,,,,,
20260517_SEA_IND,"Sunday, May 17, 2026",regular_season,Seattle Storm,Indiana Fever,Taina Mair,G,,,,,,,,,,,,,,
20260517_SEA_IND,"Sunday, May 17, 2026",regular_season,Indiana Fever,Seattle Storm,Myisha Hines-Allen,F,27,3-3,0-0,2-2,2,4,6,4,1,0,1,3,8,+16
20260517_SEA_IND,"Sunday, May 17, 2026",regular_season,Indiana Fever,Seattle Storm,Monique Billings,F,20,2-5,0-1,0-0,1,4,5,1,1,0,1,1,4,-1
20260517_SEA_IND,"Sunday, May 17, 2026",regular_season,Indiana Fever,Seattle Storm,Kelsey Mitchell,G,28,8-18,1-5,0-0,0,0,0,2,1,0,0,3,17,+21
20260517_SEA_IND,"Sunday, May 17, 2026",regular_season,Indiana Fever,Seattle Storm,Lexie Hull,G,19,3-8,0-3,3-3,0,4,4,2,0,0,1,4,9,+9
20260517_SEA_IND,"Sunday, May 17, 2026",regular_season,Indiana Fever,Seattle Storm,Caitlin Clark,G,24,5-10,2-4,9-9,0,7,7,10,0,2,5,3,21,+6
20260517_SEA_IND,"Sunday, May 17, 2026",regular_season,Indiana Fever,Seattle Storm,Makayla Timpson,F,18,3-7,0-0,0-0,3,3,6,1,1,0,1,3,6,+5
20260517_SEA_IND,"Sunday, May 17, 2026",regular_season,Indiana Fever,Seattle Storm,Damiris Dantas,C,6,1-1,1-1,0-0,0,0,0,0,0,1,0,1,3,+12
20260517_SEA_IND,"Sunday, May 17, 2026",regular_season,Indiana Fever,Seattle Storm,Shatori Walker-Kimbrough,G,3,0-1,0-0,0-0,0,0,0,0,0,0,1,0,0,-9
20260517_SEA_IND,"Sunday, May 17, 2026",regular_season,Indiana Fever,Seattle Storm,Sophie Cunningham,G,25,5-9,1-5,6-6,0,3,3,0,1,1,3,2,17,+4
20260517_SEA_IND,"Sunday, May 17, 2026",regular_season,Indiana Fever,Seattle Storm,Tyasha Harris,G,13,1-4,0-1,2-2,0,4,4,1,0,1,1,1,4,-8
20260517_SEA_IND,"Sunday, May 17, 2026",regular_season,Indiana Fever,Seattle Storm,Raven Johnson,G,17,0-1,0-1,0-0,1,2,3,1,0,1,3,2,0,0
20260517_SEA_IND,"Sunday, May 17, 2026",regular_season,Indiana Fever,Seattle Storm,Aliyah Boston,C,,,,,,,,,,,,,,
20260517_CHI_MIN,"Sunday, May 17, 2026",regular_season,Chicago Sky,Minnesota Lynx,Rickea Jackson,F,11,3-6,0-2,0-0,0,1,1,0,0,1,2,0,6,-7
20260517_CHI_MIN,"Sunday, May 17, 2026",regular_season,Chicago Sky,Minnesota Lynx,Kamilla Cardoso,C,26,5-8,0-0,1-3,4,8,12,4,0,3,1,3,11,+12
20260517_CHI_MIN,"Sunday, May 17, 2026",regular_season,Chicago Sky,Minnesota Lynx,Natasha Cloud,G,32,5-9,1-3,0-2,0,6,6,7,0,0,4,4,11,+13
20260517_CHI_MIN,"Sunday, May 17, 2026",regular_season,Chicago Sky,Minnesota Lynx,Jacy Sheldon,G,32,3-7,1-3,3-3,0,1,1,2,4,0,1,1,10,+9
20260517_CHI_MIN,"Sunday, May 17, 2026",regular_season,Chicago Sky,Minnesota Lynx,Gabriela Jaquez,G,32,6-11,1-2,7-7,1,7,8,1,1,0,2,2,20,+5
20260517_CHI_MIN,"Sunday, May 17, 2026",regular_season,Chicago Sky,Minnesota Lynx,Elizabeth Williams,C,14,1-3,0-0,0-0,2,6,8,0,0,0,2,1,2,-5
20260517_CHI_MIN,"Sunday, May 17, 2026",regular_season,Chicago Sky,Minnesota Lynx,Rachel Banham,G,23,5-12,2-6,1-2,0,1,1,0,0,0,1,1,13,+7
20260517_CHI_MIN,"Sunday, May 17, 2026",regular_season,Chicago Sky,Minnesota Lynx,Aicha Coulibaly,G,21,1-8,0-1,6-6,1,0,1,1,2,0,0,2,8,+5
20260517_CHI_MIN,"Sunday, May 17, 2026",regular_season,Chicago Sky,Minnesota Lynx,Sydney Taylor,G,10,1-3,1-3,2-2,1,0,1,2,0,0,1,2,5,-4
20260517_CHI_MIN,"Sunday, May 17, 2026",regular_season,Chicago Sky,Minnesota Lynx,Azura Stevens,F,,,,,,,,,,,,,,
20260517_CHI_MIN,"Sunday, May 17, 2026",regular_season,Chicago Sky,Minnesota Lynx,Courtney Vandersloot,G,,,,,,,,,,,,,,
20260517_CHI_MIN,"Sunday, May 17, 2026",regular_season,Chicago Sky,Minnesota Lynx,Skylar Diggins,G,,,,,,,,,,,,,,
20260517_CHI_MIN,"Sunday, May 17, 2026",regular_season,Chicago Sky,Minnesota Lynx,DiJonai Carrington,G,,,,,,,,,,,,,,
20260517_CHI_MIN,"Sunday, May 17, 2026",regular_season,Minnesota Lynx,Chicago Sky,Natasha Howard,F,29,8-15,0-1,1-4,3,6,9,7,2,0,4,3,17,+3
20260517_CHI_MIN,"Sunday, May 17, 2026",regular_season,Minnesota Lynx,Chicago Sky,Nia Coffey,F,25,1-4,0-3,0-0,0,3,3,2,0,0,1,5,2,-1
20260517_CHI_MIN,"Sunday, May 17, 2026",regular_season,Minnesota Lynx,Chicago Sky,Kayla McBride,G,40,8-17,2-6,2-2,2,5,7,1,4,1,2,4,20,-7
20260517_CHI_MIN,"Sunday, May 17, 2026",regular_season,Minnesota Lynx,Chicago Sky,Courtney Williams,G,30,7-19,3-6,0-0,1,4,5,3,0,0,2,1,17,-10
20260517_CHI_MIN,"Sunday, May 17, 2026",regular_season,Minnesota Lynx,Chicago Sky,Olivia Miles,G,35,4-10,1-4,4-4,1,5,6,2,4,1,4,4,13,+1
20260517_CHI_MIN,"Sunday, May 17, 2026",regular_season,Minnesota Lynx,Chicago Sky,Antonia Delaere,F,6,0-0,0-0,0-0,0,0,0,1,0,0,0,1,0,-9
20260517_CHI_MIN,"Sunday, May 17, 2026",regular_season,Minnesota Lynx,Chicago Sky,Anastasiia Olairi Kosu,F,6,1-1,0-0,0-0,0,0,0,0,0,0,0,1,2,0
20260517_CHI_MIN,"Sunday, May 17, 2026",regular_season,Minnesota Lynx,Chicago Sky,Emese Hof,C,11,1-3,0-0,1-2,1,2,3,2,0,0,2,2,3,-10
20260517_CHI_MIN,"Sunday, May 17, 2026",regular_season,Minnesota Lynx,Chicago Sky,Maya Caldwell,G,16,2-4,1-2,0-0,0,2,2,2,0,1,0,0,5,-5
20260517_CHI_MIN,"Sunday, May 17, 2026",regular_season,Minnesota Lynx,Chicago Sky,Eliska Hamzova,G,2,0-0,0-0,0-0,0,0,0,0,0,0,0,0,0,+3
20260517_CHI_MIN,"Sunday, May 17, 2026",regular_season,Minnesota Lynx,Chicago Sky,Napheesa Collier,F,,,,,,,,,,,,,,
20260517_CHI_MIN,"Sunday, May 17, 2026",regular_season,Minnesota Lynx,Chicago Sky,Dorka Juhasz,F,,,,,,,,,,,,,,
20260517_CHI_MIN,"Sunday, May 17, 2026",regular_season,Minnesota Lynx,Chicago Sky,Emma Cechova,F,,,,,,,,,,,,,,
20260517_TOR_LA,"Sunday, May 17, 2026",regular_season,Toronto Tempo,Los Angeles Sparks,Nyara Sabally,F,20,3-4,0-0,1-1,2,2,4,4,1,1,2,1,7,+10
20260517_TOR_LA,"Sunday, May 17, 2026",regular_season,Toronto Tempo,Los Angeles Sparks,Laura Juskaite,F,21,3-5,0-1,1-2,2,3,5,1,2,0,2,4,7,+1
20260517_TOR_LA,"Sunday, May 17, 2026",regular_season,Toronto Tempo,Los Angeles Sparks,Brittney Sykes,G,38,10-21,3-8,15-15,0,1,1,3,3,1,3,3,38,+7
20260517_TOR_LA,"Sunday, May 17, 2026",regular_season,Toronto Tempo,Los Angeles Sparks,Marina Mabrey,G,26,2-7,2-4,8-8,1,2,3,4,1,0,3,5,14,+2
20260517_TOR_LA,"Sunday, May 17, 2026",regular_season,Toronto Tempo,Los Angeles Sparks,Kiki Rice,G,35,5-8,1-3,8-10,1,4,5,2,0,0,0,5,19,+5
20260517_TOR_LA,"Sunday, May 17, 2026",regular_season,Toronto Tempo,Los Angeles Sparks,Maria Conde,F,23,2-6,1-4,0-0,0,0,0,3,0,0,1,3,5,+5
20260517_TOR_LA,"Sunday, May 17, 2026",regular_season,Toronto Tempo,Los Angeles Sparks,Teonni Key,F,20,2-6,0-1,2-2,3,4,7,0,1,1,0,5,6,0
20260517_TOR_LA,"Sunday, May 17, 2026",regular_season,Toronto Tempo,Los Angeles Sparks,Kia Nurse,G,12,2-4,2-3,4-4,0,0,0,0,0,0,1,1,10,+15
20260517_TOR_LA,"Sunday, May 17, 2026",regular_season,Toronto Tempo,Los Angeles Sparks,Lexi Held,G,5,0-0,0-0,0-0,0,0,0,0,0,0,0,0,0,+5
20260517_TOR_LA,"Sunday, May 17, 2026",regular_season,Toronto Tempo,Los Angeles Sparks,Mariella Fasoula,C,,,,,,,,,,,,,,
20260517_TOR_LA,"Sunday, May 17, 2026",regular_season,Los Angeles Sparks,Toronto Tempo,Nneka Ogwumike,F,31,6-10,2-3,3-4,0,7,7,3,0,0,2,2,17,-10
20260517_TOR_LA,"Sunday, May 17, 2026",regular_season,Los Angeles Sparks,Toronto Tempo,Dearica Hamby,F,31,7-11,1-2,6-8,4,5,9,3,3,0,1,3,21,-1
20260517_TOR_LA,"Sunday, May 17, 2026",regular_season,Los Angeles Sparks,Toronto Tempo,Erica Wheeler,G,30,1-9,0-3,2-3,1,1,2,7,1,1,3,5,4,-4
20260517_TOR_LA,"Sunday, May 17, 2026",regular_season,Los Angeles Sparks,Toronto Tempo,Kelsey Plum,G,36,9-14,1-3,9-11,0,1,1,7,1,0,3,5,28,-6
20260517_TOR_LA,"Sunday, May 17, 2026",regular_season,Los Angeles Sparks,Toronto Tempo,Rae Burrell,G,18,0-2,0-1,2-2,2,1,3,2,0,0,1,6,2,-2
20260517_TOR_LA,"Sunday, May 17, 2026",regular_season,Los Angeles Sparks,Toronto Tempo,Cameron Brink,F,18,3-4,0-1,1-2,1,1,2,2,0,2,1,6,7,-9
20260517_TOR_LA,"Sunday, May 17, 2026",regular_season,Los Angeles Sparks,Toronto Tempo,Jihyun Park,F,8,1-3,0-2,0-0,1,0,1,2,0,0,0,3,2,-12
20260517_TOR_LA,"Sunday, May 17, 2026",regular_season,Los Angeles Sparks,Toronto Tempo,Kate Martin,G,18,4-7,3-6,0-0,0,0,0,0,1,0,1,0,11,+9
20260517_TOR_LA,"Sunday, May 17, 2026",regular_season,Los Angeles Sparks,Toronto Tempo,Chance Gray,G,10,2-4,0-2,0-0,0,1,1,0,0,0,1,2,4,-15
20260517_TOR_LA,"Sunday, May 17, 2026",regular_season,Los Angeles Sparks,Toronto Tempo,Emma Cannon,F,,,,,,,,,,,,,,
20260517_TOR_LA,"Sunday, May 17, 2026",regular_season,Los Angeles Sparks,Toronto Tempo,Ta'Niya Latson,G,,,,,,,,,,,,,,
20260519_WSH_DAL,"Tuesday, May 19, 2026",regular_season,Washington Mystics,Dallas Wings,Kiki Iriafen,F,26,2-6,1-1,4-6,2,8,10,2,1,0,2,2,9,-12
20260519_WSH_DAL,"Tuesday, May 19, 2026",regular_season,Washington Mystics,Dallas Wings,Shakira Austin,C,26,5-10,0-0,2-2,0,4,4,1,1,0,4,0,12,-15
20260519_WSH_DAL,"Tuesday, May 19, 2026",regular_season,Washington Mystics,Dallas Wings,Sonia Citron,G,26,3-6,1-2,0-0,0,1,1,1,1,0,5,3,7,-4
20260519_WSH_DAL,"Tuesday, May 19, 2026",regular_season,Washington Mystics,Dallas Wings,Cotie McMahon,G,21,2-3,1-2,2-2,0,1,1,1,0,0,4,3,7,-23
20260519_WSH_DAL,"Tuesday, May 19, 2026",regular_season,Washington Mystics,Dallas Wings,Georgia Amoore,G,24,1-6,1-4,0-0,0,1,1,3,0,0,2,1,3,-18
20260519_WSH_DAL,"Tuesday, May 19, 2026",regular_season,Washington Mystics,Dallas Wings,Angela Dugalic,F,13,1-2,0-0,0-0,0,3,3,1,0,1,0,1,2,-12
20260519_WSH_DAL,"Tuesday, May 19, 2026",regular_season,Washington Mystics,Dallas Wings,Lauren Betts,C,15,5-7,0-0,1-1,0,3,3,0,0,0,0,1,11,-7
20260519_WSH_DAL,"Tuesday, May 19, 2026",regular_season,Washington Mystics,Dallas Wings,Rori Harmon,G,5,0-2,0-1,2-2,0,1,1,2,0,0,1,2,2,-2
20260519_WSH_DAL,"Tuesday, May 19, 2026",regular_season,Washington Mystics,Dallas Wings,Lucy Olsen,G,10,3-3,0-0,2-2,0,0,0,2,0,0,0,2,8,+1
20260519_WSH_DAL,"Tuesday, May 19, 2026",regular_season,Washington Mystics,Dallas Wings,Cassandre Prosper,G,25,2-4,1-2,1-2,0,0,0,3,0,0,0,2,6,-14
20260519_WSH_DAL,"Tuesday, May 19, 2026",regular_season,Washington Mystics,Dallas Wings,Alex Wilson,G,8,0-0,0-0,2-3,0,0,0,0,0,0,0,0,2,-9
20260519_WSH_DAL,"Tuesday, May 19, 2026",regular_season,Dallas Wings,Washington Mystics,Jessica Shepard,F,27,4-7,0-0,4-5,4,12,16,6,0,0,0,1,12,+18
20260519_WSH_DAL,"Tuesday, May 19, 2026",regular_season,Dallas Wings,Washington Mystics,Alanna Smith,F,7,1-3,1-1,0-0,1,0,1,1,2,0,2,4,3,-1
20260519_WSH_DAL,"Tuesday, May 19, 2026",regular_season,Dallas Wings,Washington Mystics,Odyssey Sims,G,16,0-3,0-1,0-0,0,0,0,4,0,0,4,4,0,+5
20260519_WSH_DAL,"Tuesday, May 19, 2026",regular_season,Dallas Wings,Washington Mystics,Arike Ogunbowale,G,33,4-10,2-5,6-6,0,0,0,3,3,0,0,0,16,+21
20260519_WSH_DAL,"Tuesday, May 19, 2026",regular_season,Dallas Wings,Washington Mystics,Paige Bueckers,G,33,7-12,4-5,0-0,0,3,3,7,0,0,1,3,18,+21
20260519_WSH_DAL,"Tuesday, May 19, 2026",regular_season,Dallas Wings,Washington Mystics,Alysha Clark,F,7,1-2,1-2,0-0,1,0,1,0,0,0,0,0,3,0
20260519_WSH_DAL,"Tuesday, May 19, 2026",regular_season,Dallas Wings,Washington Mystics,Maddy Siegrist,F,20,4-9,2-4,0-0,0,0,0,2,0,0,0,3,10,+19
20260519_WSH_DAL,"Tuesday, May 19, 2026",regular_season,Dallas Wings,Washington Mystics,Awak Kuier,F,20,4-6,0-2,1-1,1,2,3,4,3,1,0,1,9,+11
20260519_WSH_DAL,"Tuesday, May 19, 2026",regular_season,Dallas Wings,Washington Mystics,Li Yueru,C,5,0-3,0-1,1-2,3,0,3,0,0,0,0,0,1,-1
20260519_WSH_DAL,"Tuesday, May 19, 2026",regular_season,Dallas Wings,Washington Mystics,Azzi Fudd,G,24,6-9,0-1,0-0,1,1,2,3,1,0,1,2,12,+20
20260519_WSH_DAL,"Tuesday, May 19, 2026",regular_season,Dallas Wings,Washington Mystics,Aziaha James,G,7,2-6,1-2,3-3,0,2,2,0,1,0,0,2,8,+2
20260519_WSH_DAL,"Tuesday, May 19, 2026",regular_season,Dallas Wings,Washington Mystics,JJ Quinerly,G,,,,,,,,,,,,,,
20260519_CON_POR,"Tuesday, May 19, 2026",regular_season,Connecticut Sun,Portland Fire,Aaliyah Edwards,F,17,5-6,0-0,2-3,1,1,2,0,2,1,2,1,12,-10
20260519_CON_POR,"Tuesday, May 19, 2026",regular_season,Connecticut Sun,Portland Fire,Diamond Miller,F,13,1-2,1-2,0-0,0,0,0,1,0,0,0,4,3,+3
20260519_CON_POR,"Tuesday, May 19, 2026",regular_season,Connecticut Sun,Portland Fire,Brittney Griner,C,27,6-12,0-0,4-7,3,2,5,4,0,2,2,2,16,+9
20260519_CON_POR,"Tuesday, May 19, 2026",regular_season,Connecticut Sun,Portland Fire,Kennedy Burke,G,21,0-5,0-3,0-0,0,6,6,3,2,1,1,2,0,-1
20260519_CON_POR,"Tuesday, May 19, 2026",regular_season,Connecticut Sun,Portland Fire,Hailey Van Lith,G,25,5-9,1-3,1-2,0,1,1,3,0,1,2,4,12,+7
20260519_CON_POR,"Tuesday, May 19, 2026",regular_season,Connecticut Sun,Portland Fire,Aneesah Morrow,F,34,5-10,1-4,1-2,3,9,12,4,1,1,4,1,12,+1
20260519_CON_POR,"Tuesday, May 19, 2026",regular_season,Connecticut Sun,Portland Fire,Raegan Beers,F,5,2-2,0-0,0-0,2,0,2,0,0,0,1,1,4,-2
20260519_CON_POR,"Tuesday, May 19, 2026",regular_season,Connecticut Sun,Portland Fire,Nell Angloma,F,3,0-0,0-0,1-2,0,0,0,0,0,0,0,2,1,-2
20260519_CON_POR,"Tuesday, May 19, 2026",regular_season,Connecticut Sun,Portland Fire,Saniya Rivers,G,28,4-8,0-3,1-2,1,2,3,6,4,0,1,3,9,0
20260519_CON_POR,"Tuesday, May 19, 2026",regular_season,Connecticut Sun,Portland Fire,Charlisse Leger-Walker,G,23,3-7,3-4,1-2,0,1,1,2,0,0,4,4,10,-4
20260519_CON_POR,"Tuesday, May 19, 2026",regular_season,Connecticut Sun,Portland Fire,Gianna Kneepkens,G,4,1-2,1-1,0-0,0,0,0,0,0,0,0,1,3,-6
20260519_CON_POR,"Tuesday, May 19, 2026",regular_season,Connecticut Sun,Portland Fire,Ashlon Jackson,G,,,,,,,,,,,,,,
20260519_CON_POR,"Tuesday, May 19, 2026",regular_season,Portland Fire,Connecticut Sun,Bridget Carleton,F,33,5-12,2-7,6-6,0,5,5,3,3,1,2,2,18,+9
20260519_CON_POR,"Tuesday, May 19, 2026",regular_season,Portland Fire,Connecticut Sun,Emily Engstler,F,28,4-7,2-3,5-5,1,2,3,2,2,1,2,3,15,+6
20260519_CON_POR,"Tuesday, May 19, 2026",regular_season,Portland Fire,Connecticut Sun,Nyadiew Puoch,F,21,4-8,0-2,2-2,1,3,4,0,1,0,1,2,10,-7
20260519_CON_POR,"Tuesday, May 19, 2026",regular_season,Portland Fire,Connecticut Sun,Luisa Geiselsoder,C,25,1-5,0-2,0-0,0,2,2,4,0,0,2,4,2,+19
20260519_CON_POR,"Tuesday, May 19, 2026",regular_season,Portland Fire,Connecticut Sun,Sug Sutton,G,25,4-10,1-2,3-4,1,0,1,5,1,0,2,1,12,+10
20260519_CON_POR,"Tuesday, May 19, 2026",regular_season,Portland Fire,Connecticut Sun,Megan DiLeo,C,8,1-2,0-1,1-1,0,2,2,1,0,0,0,1,3,-7
20260519_CON_POR,"Tuesday, May 19, 2026",regular_season,Portland Fire,Connecticut Sun,Serah Williams,C,12,1-1,0-0,1-4,1,4,5,0,0,1,0,3,3,-14
20260519_CON_POR,"Tuesday, May 19, 2026",regular_season,Portland Fire,Connecticut Sun,Holly Winterburn,G,15,1-4,0-2,0-0,0,1,1,4,1,0,1,2,2,-8
20260519_CON_POR,"Tuesday, May 19, 2026",regular_season,Portland Fire,Connecticut Sun,Haley Jones,G,12,0-0,0-0,0-0,0,0,0,1,1,0,3,1,0,-8
20260519_CON_POR,"Tuesday, May 19, 2026",regular_season,Portland Fire,Connecticut Sun,Sarah Ashlee Barker,G,21,7-13,2-3,2-4,3,1,4,3,2,0,2,4,18,+5
20260519_CON_POR,"Tuesday, May 19, 2026",regular_season,Portland Fire,Connecticut Sun,Frieda Buhner,F,,,,,,,,,,,,,,
20260520_TOR_PHX,"Wednesday, May 20, 2026",regular_season,Toronto Tempo,Phoenix Mercury,Maria Conde,F,33,1-9,0-4,0-0,1,3,4,2,0,1,1,3,2,+1
20260520_TOR_PHX,"Wednesday, May 20, 2026",regular_season,Toronto Tempo,Phoenix Mercury,Laura Juskaite,F,23,3-5,2-3,2-2,1,4,5,0,0,0,2,5,10,+9
20260520_TOR_PHX,"Wednesday, May 20, 2026",regular_season,Toronto Tempo,Phoenix Mercury,Brittney Sykes,G,35,10-19,4-8,7-8,2,5,7,6,0,0,0,3,31,+2
20260520_TOR_PHX,"Wednesday, May 20, 2026",regular_season,Toronto Tempo,Phoenix Mercury,Marina Mabrey,G,32,11-23,6-14,2-2,0,5,5,3,1,1,2,2,30,+7
20260520_TOR_PHX,"Wednesday, May 20, 2026",regular_season,Toronto Tempo,Phoenix Mercury,Kiki Rice,G,34,5-7,2-2,3-5,2,5,7,3,2,0,2,5,15,+13
20260520_TOR_PHX,"Wednesday, May 20, 2026",regular_season,Toronto Tempo,Phoenix Mercury,Teonni Key,F,11,1-3,1-3,0-0,0,2,2,0,1,0,2,3,3,+5
20260520_TOR_PHX,"Wednesday, May 20, 2026",regular_season,Toronto Tempo,Phoenix Mercury,Nikolina Milic,F,10,2-4,0-0,0-0,1,1,2,0,0,0,1,1,4,-2
20260520_TOR_PHX,"Wednesday, May 20, 2026",regular_season,Toronto Tempo,Phoenix Mercury,Kia Nurse,G,13,0-2,0-2,0-0,1,1,2,0,0,0,0,3,0,+4
20260520_TOR_PHX,"Wednesday, May 20, 2026",regular_season,Toronto Tempo,Phoenix Mercury,Lexi Held,G,9,1-2,0-0,1-1,0,1,1,1,0,0,1,1,3,+1
20260520_TOR_PHX,"Wednesday, May 20, 2026",regular_season,Toronto Tempo,Phoenix Mercury,Isabelle Harrison,F,,,,,,,,,,,,,,
20260520_TOR_PHX,"Wednesday, May 20, 2026",regular_season,Toronto Tempo,Phoenix Mercury,Nyara Sabally,F,,,,,,,,,,,,,,
20260520_TOR_PHX,"Wednesday, May 20, 2026",regular_season,Toronto Tempo,Phoenix Mercury,Temi Fagbenle,C,,,,,,,,,,,,,,
20260520_TOR_PHX,"Wednesday, May 20, 2026",regular_season,Toronto Tempo,Phoenix Mercury,Mariella Fasoula,C,,,,,,,,,,,,,,
20260520_TOR_PHX,"Wednesday, May 20, 2026",regular_season,Toronto Tempo,Phoenix Mercury,Julie Allemand,G,,,,,,,,,,,,,,
20260520_TOR_PHX,"Wednesday, May 20, 2026",regular_season,Phoenix Mercury,Toronto Tempo,DeWanna Bonner,F,30,4-11,0-4,5-5,0,4,4,1,1,0,1,2,13,-9
20260520_TOR_PHX,"Wednesday, May 20, 2026",regular_season,Phoenix Mercury,Toronto Tempo,Alyssa Thomas,F,35,6-7,0-0,5-6,3,3,6,8,3,0,2,3,17,-2
20260520_TOR_PHX,"Wednesday, May 20, 2026",regular_season,Phoenix Mercury,Toronto Tempo,Natasha Mack,F,18,6-7,0-0,0-0,2,8,10,3,0,0,0,1,12,+4
20260520_TOR_PHX,"Wednesday, May 20, 2026",regular_season,Phoenix Mercury,Toronto Tempo,Kahleah Copper,G,35,7-18,0-4,4-6,0,3,3,4,0,0,4,1,18,-14
20260520_TOR_PHX,"Wednesday, May 20, 2026",regular_season,Phoenix Mercury,Toronto Tempo,Jovana Nogic,G,29,4-15,2-9,3-3,0,0,0,3,0,0,2,4,13,-19
20260520_TOR_PHX,"Wednesday, May 20, 2026",regular_season,Phoenix Mercury,Toronto Tempo,Valeriane Ayayi,F,12,0-1,0-0,3-6,0,3,3,1,2,0,0,3,3,-1
20260520_TOR_PHX,"Wednesday, May 20, 2026",regular_season,Phoenix Mercury,Toronto Tempo,Noemie Brochant,F,25,2-4,1-2,0-0,1,3,4,0,0,1,0,1,5,-7
20260520_TOR_PHX,"Wednesday, May 20, 2026",regular_season,Phoenix Mercury,Toronto Tempo,Kyara Linskens,C,3,0-1,0-0,2-2,2,0,2,0,0,0,0,1,2,-5
20260520_TOR_PHX,"Wednesday, May 20, 2026",regular_season,Phoenix Mercury,Toronto Tempo,Kiana Williams,G,12,3-6,1-3,0-0,0,0,0,0,0,0,0,1,7,+13
20260520_TOR_PHX,"Wednesday, May 20, 2026",regular_season,Phoenix Mercury,Toronto Tempo,Sami Whitcomb,G,,,,,,,,,,,,,,
20260520_TOR_PHX,"Wednesday, May 20, 2026",regular_season,Phoenix Mercury,Toronto Tempo,Quionche Carter,G,,,,,,,,,,,,,,
20260520_POR_IND,"Wednesday, May 20, 2026",regular_season,Portland Fire,Indiana Fever,Bridget Carleton,F,25,6-13,2-6,2-2,0,3,3,0,3,0,0,3,16,-21
20260520_POR_IND,"Wednesday, May 20, 2026",regular_season,Portland Fire,Indiana Fever,Emily Engstler,F,21,2-10,1-3,0-0,0,2,2,0,0,0,1,2,5,-27
20260520_POR_IND,"Wednesday, May 20, 2026",regular_season,Portland Fire,Indiana Fever,Nyadiew Puoch,F,20,0-1,0-0,0-0,1,0,1,0,0,1,1,2,0,-21
20260520_POR_IND,"Wednesday, May 20, 2026",regular_season,Portland Fire,Indiana Fever,Luisa Geiselsoder,C,22,1-3,0-1,2-2,0,1,1,1,0,0,2,5,4,-16
20260520_POR_IND,"Wednesday, May 20, 2026",regular_season,Portland Fire,Indiana Fever,Sug Sutton,G,24,6-8,0-1,2-2,0,1,1,4,1,0,3,1,14,-9
20260520_POR_IND,"Wednesday, May 20, 2026",regular_season,Portland Fire,Indiana Fever,Megan DiLeo,C,18,2-5,0-2,0-0,1,5,6,0,1,2,0,4,4,-1
20260520_POR_IND,"Wednesday, May 20, 2026",regular_season,Portland Fire,Indiana Fever,Serah Williams,C,17,3-5,0-0,0-1,0,2,2,0,1,0,0,1,6,+10
20260520_POR_IND,"Wednesday, May 20, 2026",regular_season,Portland Fire,Indiana Fever,Holly Winterburn,G,8,1-2,0-1,2-2,0,2,2,1,0,0,1,2,4,+4
20260520_POR_IND,"Wednesday, May 20, 2026",regular_season,Portland Fire,Indiana Fever,Haley Jones,G,13,2-4,0-1,2-2,1,2,3,1,0,0,0,2,6,+6
20260520_POR_IND,"Wednesday, May 20, 2026",regular_season,Portland Fire,Indiana Fever,Sarah Ashlee Barker,G,19,2-8,0-1,4-4,0,6,6,1,1,0,0,1,8,0
20260520_POR_IND,"Wednesday, May 20, 2026",regular_season,Portland Fire,Indiana Fever,Carla Leite,G,14,2-3,0-0,2-2,0,1,1,1,1,0,4,3,6,-10
20260520_POR_IND,"Wednesday, May 20, 2026",regular_season,Portland Fire,Indiana Fever,Kamiah Smalls,F,,,,,,,,,,,,,,
20260520_POR_IND,"Wednesday, May 20, 2026",regular_season,Portland Fire,Indiana Fever,Karlie Samuelson,G,,,,,,,,,,,,,,
20260520_POR_IND,"Wednesday, May 20, 2026",regular_season,Indiana Fever,Portland Fire,Monique Billings,F,21,2-7,0-1,5-5,1,3,4,1,1,1,1,0,9,+1
20260520_POR_IND,"Wednesday, May 20, 2026",regular_season,Indiana Fever,Portland Fire,Aliyah Boston,C,21,8-11,2-4,6-6,0,8,8,3,2,1,5,2,24,+22
20260520_POR_IND,"Wednesday, May 20, 2026",regular_season,Indiana Fever,Portland Fire,Kelsey Mitchell,G,28,6-11,2-3,7-9,1,1,2,4,0,0,2,4,21,+25
20260520_POR_IND,"Wednesday, May 20, 2026",regular_season,Indiana Fever,Portland Fire,Tyasha Harris,G,29,0-6,0-4,0-0,0,1,1,7,2,0,0,4,0,+17
20260520_POR_IND,"Wednesday, May 20, 2026",regular_season,Indiana Fever,Portland Fire,Lexie Hull,G,22,4-4,4-4,4-4,0,8,8,1,0,1,1,2,16,+25
20260520_POR_IND,"Wednesday, May 20, 2026",regular_season,Indiana Fever,Portland Fire,Myisha Hines-Allen,F,18,3-5,0-0,1-1,1,2,3,3,1,1,2,2,7,-2
20260520_POR_IND,"Wednesday, May 20, 2026",regular_season,Indiana Fever,Portland Fire,Makayla Timpson,F,20,1-1,0-0,0-2,2,3,5,0,0,0,0,2,2,+11
20260520_POR_IND,"Wednesday, May 20, 2026",regular_season,Indiana Fever,Portland Fire,Shatori Walker-Kimbrough,G,3,0-0,0-0,0-0,0,0,0,0,0,0,0,0,0,-5
20260520_POR_IND,"Wednesday, May 20, 2026",regular_season,Indiana Fever,Portland Fire,Sophie Cunningham,G,15,1-5,0-4,0-0,0,2,2,1,0,0,0,1,2,-1
20260520_POR_IND,"Wednesday, May 20, 2026",regular_season,Indiana Fever,Portland Fire,Raven Johnson,G,22,3-12,1-8,2-2,0,3,3,1,0,1,3,4,9,-8
20260520_POR_IND,"Wednesday, May 20, 2026",regular_season,Indiana Fever,Portland Fire,Damiris Dantas,C,,,,,,,,,,,,,,
20260520_POR_IND,"Wednesday, May 20, 2026",regular_season,Indiana Fever,Portland Fire,Caitlin Clark,G,,,,,,,,,,,,,,
20260521_DAL_CHI,"Thursday, May 21, 2026",regular_season,Dallas Wings,Chicago Sky,Jessica Shepard,F,31,6-7,0-1,6-9,1,9,10,12,0,0,1,3,18,+10
20260521_DAL_CHI,"Thursday, May 21, 2026",regular_season,Dallas Wings,Chicago Sky,Alanna Smith,F,16,3-6,1-3,0-0,2,4,6,0,1,1,0,5,7,+3
20260521_DAL_CHI,"Thursday, May 21, 2026",regular_season,Dallas Wings,Chicago Sky,Odyssey Sims,G,19,2-6,0-1,0-0,0,0,0,3,1,0,0,0,4,+9
20260521_DAL_CHI,"Thursday, May 21, 2026",regular_season,Dallas Wings,Chicago Sky,Arike Ogunbowale,G,32,7-16,4-6,5-5,0,2,2,5,0,0,1,2,23,+7
20260521_DAL_CHI,"Thursday, May 21, 2026",regular_season,Dallas Wings,Chicago Sky,Paige Bueckers,G,33,11-19,1-3,1-1,0,3,3,4,0,0,3,3,24,+5
20260521_DAL_CHI,"Thursday, May 21, 2026",regular_season,Dallas Wings,Chicago Sky,Maddy Siegrist,F,7,0-1,0-1,0-0,0,1,1,0,1,0,0,0,0,-6
20260521_DAL_CHI,"Thursday, May 21, 2026",regular_season,Dallas Wings,Chicago Sky,Awak Kuier,F,5,0-2,0-1,0-0,0,1,1,0,0,0,0,1,0,-3
20260521_DAL_CHI,"Thursday, May 21, 2026",regular_season,Dallas Wings,Chicago Sky,Li Yueru,C,20,1-4,1-3,4-6,4,5,9,3,1,0,1,3,7,+18
20260521_DAL_CHI,"Thursday, May 21, 2026",regular_season,Dallas Wings,Chicago Sky,Azzi Fudd,G,28,4-6,2-2,2-2,0,0,0,1,0,0,1,1,12,+6
20260521_DAL_CHI,"Thursday, May 21, 2026",regular_season,Dallas Wings,Chicago Sky,Aziaha James,G,8,2-5,0-0,0-0,2,2,4,0,1,0,1,2,4,+1
20260521_DAL_CHI,"Thursday, May 21, 2026",regular_season,Dallas Wings,Chicago Sky,Alysha Clark,F,,,,,,,,,,,,,,
20260521_DAL_CHI,"Thursday, May 21, 2026",regular_season,Dallas Wings,Chicago Sky,JJ Quinerly,G,,,,,,,,,,,,,,
20260521_DAL_CHI,"Thursday, May 21, 2026",regular_season,Chicago Sky,Dallas Wings,Kamilla Cardoso,C,33,10-14,0-0,4-6,4,7,11,5,0,1,0,2,24,-12
20260521_DAL_CHI,"Thursday, May 21, 2026",regular_season,Chicago Sky,Dallas Wings,Skylar Diggins,G,34,6-14,2-6,1-2,0,1,1,4,1,1,2,3,15,-12
20260521_DAL_CHI,"Thursday, May 21, 2026",regular_season,Chicago Sky,Dallas Wings,Natasha Cloud,G,35,6-12,1-5,8-8,0,8,8,5,1,1,4,4,21,-7
20260521_DAL_CHI,"Thursday, May 21, 2026",regular_season,Chicago Sky,Dallas Wings,Jacy Sheldon,G,21,1-4,0-2,0-0,0,0,0,1,0,0,0,2,2,+3
20260521_DAL_CHI,"Thursday, May 21, 2026",regular_season,Chicago Sky,Dallas Wings,Gabriela Jaquez,G,28,4-11,0-2,4-4,1,4,5,2,1,0,1,4,12,-8
20260521_DAL_CHI,"Thursday, May 21, 2026",regular_season,Chicago Sky,Dallas Wings,Elizabeth Williams,C,18,2-4,0-0,1-2,1,2,3,1,1,2,1,2,5,-6
20260521_DAL_CHI,"Thursday, May 21, 2026",regular_season,Chicago Sky,Dallas Wings,Rachel Banham,G,15,3-8,2-6,2-2,0,0,0,1,0,0,1,3,10,-6
20260521_DAL_CHI,"Thursday, May 21, 2026",regular_season,Chicago Sky,Dallas Wings,Aicha Coulibaly,G,16,0-0,0-0,0-0,0,2,2,1,0,0,0,3,0,-2
20260521_DAL_CHI,"Thursday, May 21, 2026",regular_season,Chicago Sky,Dallas Wings,Azura Stevens,F,,,,,,,,,,,,,,
20260521_DAL_CHI,"Thursday, May 21, 2026",regular_season,Chicago Sky,Dallas Wings,Rickea Jackson,F,,,,,,,,,,,,,,
20260521_DAL_CHI,"Thursday, May 21, 2026",regular_season,Chicago Sky,Dallas Wings,Courtney Vandersloot,G,,,,,,,,,,,,,,
20260521_DAL_CHI,"Thursday, May 21, 2026",regular_season,Chicago Sky,Dallas Wings,DiJonai Carrington,G,,,,,,,,,,,,,,
20260521_DAL_CHI,"Thursday, May 21, 2026",regular_season,Chicago Sky,Dallas Wings,Sydney Taylor,G,,,,,,,,,,,,,,
20260521_CON_SEA,"Thursday, May 21, 2026",regular_season,Connecticut Sun,Seattle Storm,Aaliyah Edwards,F,27,5-12,0-2,2-2,2,2,4,3,1,0,4,4,12,-2
20260521_CON_SEA,"Thursday, May 21, 2026",regular_season,Connecticut Sun,Seattle Storm,Diamond Miller,F,15,1-6,0-3,0-0,1,1,2,0,0,1,0,0,2,-8
20260521_CON_SEA,"Thursday, May 21, 2026",regular_season,Connecticut Sun,Seattle Storm,Aneesah Morrow,F,7,1-1,0-0,0-0,1,2,3,0,0,0,2,1,2,-10
20260521_CON_SEA,"Thursday, May 21, 2026",regular_season,Connecticut Sun,Seattle Storm,Hailey Van Lith,G,12,0-4,0-1,0-0,0,0,0,1,0,0,0,0,0,-2
20260521_CON_SEA,"Thursday, May 21, 2026",regular_season,Connecticut Sun,Seattle Storm,Gianna Kneepkens,G,4,0-2,0-1,2-2,0,1,1,0,0,0,0,0,2,-1
20260521_CON_SEA,"Thursday, May 21, 2026",regular_season,Connecticut Sun,Seattle Storm,Raegan Beers,F,27,4-8,1-1,1-3,4,4,8,2,2,0,2,4,10,+12
20260521_CON_SEA,"Thursday, May 21, 2026",regular_season,Connecticut Sun,Seattle Storm,Nell Angloma,F,29,7-12,0-0,1-4,1,6,7,0,3,1,1,3,15,+8
20260521_CON_SEA,"Thursday, May 21, 2026",regular_season,Connecticut Sun,Seattle Storm,Kennedy Burke,G,23,5-8,3-5,2-3,1,5,6,1,0,1,0,2,15,+3
20260521_CON_SEA,"Thursday, May 21, 2026",regular_season,Connecticut Sun,Seattle Storm,Saniya Rivers,G,13,1-1,0-0,0-0,1,3,4,3,1,0,1,1,2,+19
20260521_CON_SEA,"Thursday, May 21, 2026",regular_season,Connecticut Sun,Seattle Storm,Charlisse Leger-Walker,G,28,6-15,1-6,3-3,0,2,2,3,1,0,1,2,16,+4
20260521_CON_SEA,"Thursday, May 21, 2026",regular_season,Connecticut Sun,Seattle Storm,Ashlon Jackson,G,15,2-3,0-1,0-0,0,1,1,1,2,0,0,2,4,-13
20260521_CON_SEA,"Thursday, May 21, 2026",regular_season,Connecticut Sun,Seattle Storm,Brittney Griner,C,,,,,,,,,,,,,,
20260521_CON_SEA,"Thursday, May 21, 2026",regular_season,Connecticut Sun,Seattle Storm,Olivia Nelson-Ododa,C,,,,,,,,,,,,,,
20260521_CON_SEA,"Thursday, May 21, 2026",regular_season,Seattle Storm,Connecticut Sun,Jordan Horston,F,17,0-2,0-1,0-0,1,2,3,0,2,0,1,1,0,+5
20260521_CON_SEA,"Thursday, May 21, 2026",regular_season,Seattle Storm,Connecticut Sun,Stefanie Dolson,C,28,0-4,0-2,3-4,1,2,3,2,0,2,2,2,3,+4
20260521_CON_SEA,"Thursday, May 21, 2026",regular_season,Seattle Storm,Connecticut Sun,Natisha Hiedeman,G,30,8-18,3-9,1-1,0,1,1,5,1,0,1,1,20,+3
20260521_CON_SEA,"Thursday, May 21, 2026",regular_season,Seattle Storm,Connecticut Sun,Flau'jae Johnson,G,16,2-6,0-2,1-2,0,3,3,0,1,1,0,0,5,0
20260521_CON_SEA,"Thursday, May 21, 2026",regular_season,Seattle Storm,Connecticut Sun,Jade Melbourne,G,30,1-4,0-1,9-10,0,2,2,3,0,1,5,1,11,-7
20260521_CON_SEA,"Thursday, May 21, 2026",regular_season,Seattle Storm,Connecticut Sun,Mackenzie Holmes,F,26,6-8,1-1,5-5,1,5,6,1,1,2,0,2,18,-11
20260521_CON_SEA,"Thursday, May 21, 2026",regular_season,Seattle Storm,Connecticut Sun,Taylor Thierry,F,9,2-4,2-3,0-0,1,1,2,0,0,0,0,5,6,-4
20260521_CON_SEA,"Thursday, May 21, 2026",regular_season,Seattle Storm,Connecticut Sun,Lexie Brown,G,22,2-6,0-1,1-1,0,2,2,2,2,0,0,3,5,0
20260521_CON_SEA,"Thursday, May 21, 2026",regular_season,Seattle Storm,Connecticut Sun,Zia Cooke,G,19,4-10,0-3,2-2,1,3,4,1,1,0,5,0,10,+1
20260521_CON_SEA,"Thursday, May 21, 2026",regular_season,Seattle Storm,Connecticut Sun,Taina Mair,G,3,0-1,0-0,0-0,0,0,0,1,0,0,0,0,0,-1
20260521_CON_SEA,"Thursday, May 21, 2026",regular_season,Seattle Storm,Connecticut Sun,Katie Lou Samuelson,F,,,,,,,,,,,,,,
20260521_CON_SEA,"Thursday, May 21, 2026",regular_season,Seattle Storm,Connecticut Sun,Ezi Magbegor,F,,,,,,,,,,,,,,
20260521_CON_SEA,"Thursday, May 21, 2026",regular_season,Seattle Storm,Connecticut Sun,Dominique Malonga,C,,,,,,,,,,,,,,
20260522_GS_NY,"Friday, May 22, 2026",regular_season,Golden State Valkyries,New York Liberty,Kayla Thornton,F,28,5-9,0-2,1-2,2,3,5,1,1,2,0,3,11,+16
20260522_GS_NY,"Friday, May 22, 2026",regular_season,Golden State Valkyries,New York Liberty,Gabby Williams,F,21,4-11,4-6,4-6,0,2,2,2,0,0,0,3,16,+15
20260522_GS_NY,"Friday, May 22, 2026",regular_season,Golden State Valkyries,New York Liberty,Kiah Stokes,C,26,2-3,2-3,0-0,0,3,3,3,1,1,0,2,6,+6
20260522_GS_NY,"Friday, May 22, 2026",regular_season,Golden State Valkyries,New York Liberty,Kaila Charles,G,24,5-10,1-5,2-3,2,5,7,1,0,0,1,1,13,+22
20260522_GS_NY,"Friday, May 22, 2026",regular_season,Golden State Valkyries,New York Liberty,Veronica Burton,G,27,5-14,3-6,0-1,1,3,4,7,0,0,1,2,13,+25
20260522_GS_NY,"Friday, May 22, 2026",regular_season,Golden State Valkyries,New York Liberty,Laeticia Amihere,F,13,2-3,0-0,1-2,1,7,8,0,1,0,1,1,5,+9
20260522_GS_NY,"Friday, May 22, 2026",regular_season,Golden State Valkyries,New York Liberty,Janelle Salaun,F,26,3-11,2-7,4-5,3,3,6,1,2,0,1,2,12,+5
20260522_GS_NY,"Friday, May 22, 2026",regular_season,Golden State Valkyries,New York Liberty,Tiffany Hayes,G,14,2-7,1-4,4-4,0,1,1,2,0,0,0,1,9,+3
20260522_GS_NY,"Friday, May 22, 2026",regular_season,Golden State Valkyries,New York Liberty,Miela Sowah,G,3,0-1,0-1,0-0,0,0,0,0,0,0,0,1,0,-4
20260522_GS_NY,"Friday, May 22, 2026",regular_season,Golden State Valkyries,New York Liberty,Kaitlyn Chen,G,15,0-2,0-1,2-2,0,0,0,1,0,0,1,1,2,-9
20260522_GS_NY,"Friday, May 22, 2026",regular_season,Golden State Valkyries,New York Liberty,Ndjakalenga Mwenentanda,G,1,0-0,0-0,0-0,0,0,0,0,0,0,0,0,0,-3
20260522_GS_NY,"Friday, May 22, 2026",regular_season,Golden State Valkyries,New York Liberty,Ashten Prechtel,F,,,,,,,,,,,,,,
20260522_GS_NY,"Friday, May 22, 2026",regular_season,New York Liberty,Golden State Valkyries,Breanna Stewart,F,30,7-13,0-1,4-6,2,7,9,2,0,1,1,2,18,-14
20260522_GS_NY,"Friday, May 22, 2026",regular_season,New York Liberty,Golden State Valkyries,Satou Sabally,F,16,2-8,1-3,0-0,0,4,4,2,0,1,2,3,5,-4
20260522_GS_NY,"Friday, May 22, 2026",regular_season,New York Liberty,Golden State Valkyries,Jonquel Jones,C,28,6-12,1-3,3-4,2,6,8,3,0,1,2,1,16,-14
20260522_GS_NY,"Friday, May 22, 2026",regular_season,New York Liberty,Golden State Valkyries,Marine Johannes,G,26,0-5,0-5,0-0,1,2,3,1,1,0,2,1,0,-7
20260522_GS_NY,"Friday, May 22, 2026",regular_season,New York Liberty,Golden State Valkyries,Pauline Astier,G,25,3-5,1-1,0-0,0,5,5,2,0,0,0,4,7,-12
20260522_GS_NY,"Friday, May 22, 2026",regular_season,New York Liberty,Golden State Valkyries,Alex Fowler,F,15,0-3,0-2,0-0,0,0,0,0,1,0,0,4,0,-6
20260522_GS_NY,"Friday, May 22, 2026",regular_season,New York Liberty,Golden State Valkyries,Han Xu,C,7,2-3,1-2,0-0,0,0,0,0,0,0,0,0,5,+3
20260522_GS_NY,"Friday, May 22, 2026",regular_season,New York Liberty,Golden State Valkyries,Rebekah Gardner,G,19,4-5,1-2,3-4,0,2,2,0,0,1,1,1,12,-10
20260522_GS_NY,"Friday, May 22, 2026",regular_season,New York Liberty,Golden State Valkyries,Julie Vanloo,G,16,1-3,0-2,0-0,0,2,2,8,0,0,4,3,2,-4
20260522_GS_NY,"Friday, May 22, 2026",regular_season,New York Liberty,Golden State Valkyries,Rebecca Allen,G,17,1-5,1-3,2-2,1,3,4,2,0,0,2,3,5,-17
20260522_TOR_MIN,"Friday, May 22, 2026",regular_season,Toronto Tempo,Minnesota Lynx,Maria Conde,F,20,1-6,1-4,0-0,0,1,1,1,0,0,1,3,3,-20
20260522_TOR_MIN,"Friday, May 22, 2026",regular_season,Toronto Tempo,Minnesota Lynx,Laura Juskaite,F,26,2-7,1-6,2-2,2,1,3,2,0,0,3,5,7,-22
20260522_TOR_MIN,"Friday, May 22, 2026",regular_season,Toronto Tempo,Minnesota Lynx,Brittney Sykes,G,20,2-7,1-4,1-1,1,2,3,4,0,0,1,2,6,-14
20260522_TOR_MIN,"Friday, May 22, 2026",regular_season,Toronto Tempo,Minnesota Lynx,Marina Mabrey,G,19,1-9,0-8,1-1,1,1,2,1,2,0,4,2,3,-21
20260522_TOR_MIN,"Friday, May 22, 2026",regular_season,Toronto Tempo,Minnesota Lynx,Kiki Rice,G,23,3-7,2-3,3-4,1,5,6,4,0,0,0,1,11,-12
20260522_TOR_MIN,"Friday, May 22, 2026",regular_season,Toronto Tempo,Minnesota Lynx,Teonni Key,F,16,2-5,0-1,0-0,2,1,3,0,1,1,1,1,4,-12
20260522_TOR_MIN,"Friday, May 22, 2026",regular_season,Toronto Tempo,Minnesota Lynx,Nikolina Milic,F,14,4-6,0-1,0-0,0,1,1,1,0,0,0,2,8,-11
20260522_TOR_MIN,"Friday, May 22, 2026",regular_season,Toronto Tempo,Minnesota Lynx,Mariella Fasoula,C,11,2-5,0-0,0-0,1,0,1,1,1,2,1,3,4,-2
20260522_TOR_MIN,"Friday, May 22, 2026",regular_season,Toronto Tempo,Minnesota Lynx,Kia Nurse,G,27,6-13,6-11,5-6,1,3,4,2,1,0,1,1,23,-15
20260522_TOR_MIN,"Friday, May 22, 2026",regular_season,Toronto Tempo,Minnesota Lynx,Lexi Held,G,23,1-6,1-3,0-0,0,1,1,3,0,0,1,3,3,-11
20260522_TOR_MIN,"Friday, May 22, 2026",regular_season,Toronto Tempo,Minnesota Lynx,Isabelle Harrison,F,,,,,,,,,,,,,,
20260522_TOR_MIN,"Friday, May 22, 2026",regular_season,Toronto Tempo,Minnesota Lynx,Nyara Sabally,F,,,,,,,,,,,,,,
20260522_TOR_MIN,"Friday, May 22, 2026",regular_season,Toronto Tempo,Minnesota Lynx,Temi Fagbenle,C,,,,,,,,,,,,,,
20260522_TOR_MIN,"Friday, May 22, 2026",regular_season,Toronto Tempo,Minnesota Lynx,Julie Allemand,G,,,,,,,,,,,,,,
20260522_TOR_MIN,"Friday, May 22, 2026",regular_season,Minnesota Lynx,Toronto Tempo,Natasha Howard,F,22,5-7,0-0,3-4,4,2,6,3,0,0,4,3,13,+20
20260522_TOR_MIN,"Friday, May 22, 2026",regular_season,Minnesota Lynx,Toronto Tempo,Nia Coffey,F,25,4-4,0-0,0-0,1,2,3,2,1,0,1,1,8,+11
20260522_TOR_MIN,"Friday, May 22, 2026",regular_season,Minnesota Lynx,Toronto Tempo,Kayla McBride,G,23,5-8,1-3,2-3,1,3,4,2,1,0,1,1,13,+19
20260522_TOR_MIN,"Friday, May 22, 2026",regular_season,Minnesota Lynx,Toronto Tempo,Courtney Williams,G,29,6-15,3-8,0-0,0,8,8,3,0,0,0,2,15,+18
20260522_TOR_MIN,"Friday, May 22, 2026",regular_season,Minnesota Lynx,Toronto Tempo,Olivia Miles,G,23,6-10,0-1,2-2,0,4,4,5,1,1,2,0,14,+22
20260522_TOR_MIN,"Friday, May 22, 2026",regular_season,Minnesota Lynx,Toronto Tempo,Liatu King,F,19,3-5,1-2,2-4,2,5,7,0,1,0,1,0,9,+9
20260522_TOR_MIN,"Friday, May 22, 2026",regular_season,Minnesota Lynx,Toronto Tempo,Antonia Delaere,F,18,1-3,1-3,0-0,1,0,1,4,0,0,1,3,3,+10
20260522_TOR_MIN,"Friday, May 22, 2026",regular_season,Minnesota Lynx,Toronto Tempo,Anastasiia Olairi Kosu,F,14,2-4,0-0,1-2,2,2,4,0,2,1,2,1,5,+16
20260522_TOR_MIN,"Friday, May 22, 2026",regular_season,Minnesota Lynx,Toronto Tempo,Maya Caldwell,G,22,6-12,4-7,0-0,2,1,3,3,1,1,0,3,16,+11
20260522_TOR_MIN,"Friday, May 22, 2026",regular_season,Minnesota Lynx,Toronto Tempo,Eliska Hamzova,G,5,0-1,0-0,4-6,2,4,6,2,0,0,2,0,4,+4
20260522_TOR_MIN,"Friday, May 22, 2026",regular_season,Minnesota Lynx,Toronto Tempo,Napheesa Collier,F,,,,,,,,,,,,,,
20260522_TOR_MIN,"Friday, May 22, 2026",regular_season,Minnesota Lynx,Toronto Tempo,Dorka Juhasz,F,,,,,,,,,,,,,,
20260522_TOR_MIN,"Friday, May 22, 2026",regular_season,Minnesota Lynx,Toronto Tempo,Emma Cechova,F,,,,,,,,,,,,,,
20260522_LA_PHX,"Friday, May 22, 2026",regular_season,Los Angeles Sparks,Phoenix Mercury,Nneka Ogwumike,F,31,5-11,2-2,0-0,1,5,6,2,1,0,1,0,12,+6
20260522_LA_PHX,"Friday, May 22, 2026",regular_season,Los Angeles Sparks,Phoenix Mercury,Dearica Hamby,F,30,7-11,2-3,11-11,5,10,15,3,1,0,0,3,27,+13
20260522_LA_PHX,"Friday, May 22, 2026",regular_season,Los Angeles Sparks,Phoenix Mercury,Erica Wheeler,G,26,2-4,1-2,0-0,0,1,1,4,0,0,2,5,5,-3
20260522_LA_PHX,"Friday, May 22, 2026",regular_season,Los Angeles Sparks,Phoenix Mercury,Kelsey Plum,G,34,6-14,4-10,0-0,0,1,1,7,1,0,4,2,16,+14
20260522_LA_PHX,"Friday, May 22, 2026",regular_season,Los Angeles Sparks,Phoenix Mercury,Ariel Atkins,G,24,4-8,3-7,0-1,0,1,1,2,3,1,2,5,11,+2
20260522_LA_PHX,"Friday, May 22, 2026",regular_season,Los Angeles Sparks,Phoenix Mercury,Cameron Brink,F,19,3-6,1-2,5-6,1,4,5,1,1,3,6,4,12,-1
20260522_LA_PHX,"Friday, May 22, 2026",regular_season,Los Angeles Sparks,Phoenix Mercury,Jihyun Park,F,11,0-0,0-0,2-2,0,1,1,1,1,0,0,3,2,+9
20260522_LA_PHX,"Friday, May 22, 2026",regular_season,Los Angeles Sparks,Phoenix Mercury,Rae Burrell,G,22,4-9,2-5,2-2,0,1,1,2,0,0,2,2,12,+8
20260522_LA_PHX,"Friday, May 22, 2026",regular_season,Los Angeles Sparks,Phoenix Mercury,Kate Martin,G,1,0-0,0-0,0-0,0,0,0,0,0,0,0,0,0,0
20260522_LA_PHX,"Friday, May 22, 2026",regular_season,Los Angeles Sparks,Phoenix Mercury,Chance Gray,G,2,0-1,0-1,0-0,0,0,0,1,0,0,0,1,0,-3
20260522_LA_PHX,"Friday, May 22, 2026",regular_season,Los Angeles Sparks,Phoenix Mercury,Emma Cannon,F,,,,,,,,,,,,,,
20260522_LA_PHX,"Friday, May 22, 2026",regular_season,Los Angeles Sparks,Phoenix Mercury,Sania Feagin,F,,,,,,,,,,,,,,
20260522_LA_PHX,"Friday, May 22, 2026",regular_season,Los Angeles Sparks,Phoenix Mercury,Ta'Niya Latson,G,,,,,,,,,,,,,,
20260522_LA_PHX,"Friday, May 22, 2026",regular_season,Phoenix Mercury,Los Angeles Sparks,DeWanna Bonner,F,30,3-7,1-5,2-2,2,3,5,1,3,1,1,1,9,-1
20260522_LA_PHX,"Friday, May 22, 2026",regular_season,Phoenix Mercury,Los Angeles Sparks,Alyssa Thomas,F,35,7-13,0-0,9-11,2,5,7,7,2,0,3,2,23,-5
20260522_LA_PHX,"Friday, May 22, 2026",regular_season,Phoenix Mercury,Los Angeles Sparks,Natasha Mack,F,28,4-6,0-0,2-3,6,3,9,2,2,0,1,4,10,+3
20260522_LA_PHX,"Friday, May 22, 2026",regular_season,Phoenix Mercury,Los Angeles Sparks,Kahleah Copper,G,36,7-20,1-7,7-10,0,5,5,2,0,0,4,2,22,-14
20260522_LA_PHX,"Friday, May 22, 2026",regular_season,Phoenix Mercury,Los Angeles Sparks,Jovana Nogic,G,30,5-11,3-6,2-3,0,1,1,3,1,0,1,5,15,-5
20260522_LA_PHX,"Friday, May 22, 2026",regular_season,Phoenix Mercury,Los Angeles Sparks,Valeriane Ayayi,F,6,0-2,0-0,0-0,0,2,2,0,0,0,0,2,0,-1
20260522_LA_PHX,"Friday, May 22, 2026",regular_season,Phoenix Mercury,Los Angeles Sparks,Marta Suarez,F,9,2-4,2-4,0-0,0,1,1,0,1,0,0,6,6,-13
20260522_LA_PHX,"Friday, May 22, 2026",regular_season,Phoenix Mercury,Los Angeles Sparks,Noemie Brochant,F,15,0-4,0-2,0-0,1,2,3,1,0,1,2,1,0,-4
20260522_LA_PHX,"Friday, May 22, 2026",regular_season,Phoenix Mercury,Los Angeles Sparks,Kiana Williams,G,11,1-2,1-1,0-0,0,0,0,1,0,0,1,1,3,-2
20260522_LA_PHX,"Friday, May 22, 2026",regular_season,Phoenix Mercury,Los Angeles Sparks,Quionche Carter,G,0,0-0,0-0,0-0,0,0,0,0,0,0,0,0,0,-3
20260522_LA_PHX,"Friday, May 22, 2026",regular_season,Phoenix Mercury,Los Angeles Sparks,Kyara Linskens,C,,,,,,,,,,,,,,
20260522_LA_PHX,"Friday, May 22, 2026",regular_season,Phoenix Mercury,Los Angeles Sparks,Sami Whitcomb,G,,,,,,,,,,,,,,
20260522_DAL_ATL,"Friday, May 22, 2026",regular_season,Dallas Wings,Atlanta Dream,Jessica Shepard,F,31,5-11,0-1,0-0,6,5,11,2,0,0,3,3,10,-26
20260522_DAL_ATL,"Friday, May 22, 2026",regular_season,Dallas Wings,Atlanta Dream,Alanna Smith,F,10,1-3,0-2,0-0,2,0,2,0,0,0,0,2,2,-13
20260522_DAL_ATL,"Friday, May 22, 2026",regular_season,Dallas Wings,Atlanta Dream,Odyssey Sims,G,21,5-6,1-2,3-3,0,1,1,5,2,0,1,2,14,+4
20260522_DAL_ATL,"Friday, May 22, 2026",regular_season,Dallas Wings,Atlanta Dream,Arike Ogunbowale,G,25,1-11,0-5,0-0,0,0,0,1,0,1,2,2,2,-27
20260522_DAL_ATL,"Friday, May 22, 2026",regular_season,Dallas Wings,Atlanta Dream,Paige Bueckers,G,31,3-13,1-6,0-2,0,1,1,7,2,0,3,4,7,-25
20260522_DAL_ATL,"Friday, May 22, 2026",regular_season,Dallas Wings,Atlanta Dream,Alysha Clark,F,4,0-1,0-1,0-0,0,0,0,0,0,1,1,0,0,0
20260522_DAL_ATL,"Friday, May 22, 2026",regular_season,Dallas Wings,Atlanta Dream,Maddy Siegrist,F,17,2-8,1-1,0-0,2,0,2,1,0,1,0,1,5,-4
20260522_DAL_ATL,"Friday, May 22, 2026",regular_season,Dallas Wings,Atlanta Dream,Awak Kuier,F,17,6-6,2-2,2-5,0,4,4,0,1,1,3,0,16,+8
20260522_DAL_ATL,"Friday, May 22, 2026",regular_season,Dallas Wings,Atlanta Dream,Li Yueru,C,5,0-0,0-0,0-0,0,0,0,0,0,0,0,0,0,+1
20260522_DAL_ATL,"Friday, May 22, 2026",regular_season,Dallas Wings,Atlanta Dream,Azzi Fudd,G,21,3-9,1-4,0-0,0,1,1,0,1,3,0,1,7,-1
20260522_DAL_ATL,"Friday, May 22, 2026",regular_season,Dallas Wings,Atlanta Dream,Aziaha James,G,18,2-6,1-4,1-2,0,4,4,5,3,1,1,3,6,-2
20260522_DAL_ATL,"Friday, May 22, 2026",regular_season,Dallas Wings,Atlanta Dream,JJ Quinerly,G,,,,,,,,,,,,,,
20260522_DAL_ATL,"Friday, May 22, 2026",regular_season,Atlanta Dream,Dallas Wings,Naz Hillmon,F,36,3-6,0-3,0-0,0,3,3,2,0,0,4,2,6,+13
20260522_DAL_ATL,"Friday, May 22, 2026",regular_season,Atlanta Dream,Dallas Wings,Angel Reese,F,32,7-11,0-0,1-2,3,6,9,2,0,0,5,3,15,+12
20260522_DAL_ATL,"Friday, May 22, 2026",regular_season,Atlanta Dream,Dallas Wings,Allisha Gray,G,34,7-14,0-3,2-2,1,3,4,1,1,1,1,1,16,+12
20260522_DAL_ATL,"Friday, May 22, 2026",regular_season,Atlanta Dream,Dallas Wings,Jordin Canada,G,30,4-9,1-2,0-0,1,4,5,6,1,0,1,2,9,+13
20260522_DAL_ATL,"Friday, May 22, 2026",regular_season,Atlanta Dream,Dallas Wings,Rhyne Howard,G,35,7-12,2-3,9-9,0,4,4,8,4,2,2,1,25,+18
20260522_DAL_ATL,"Friday, May 22, 2026",regular_season,Atlanta Dream,Dallas Wings,Sika Kone,F,4,1-2,0-0,0-0,0,1,1,0,0,0,0,0,2,+9
20260522_DAL_ATL,"Friday, May 22, 2026",regular_season,Atlanta Dream,Dallas Wings,Madina Okot,C,8,0-0,0-0,0-0,0,5,5,0,0,1,2,0,0,0
20260522_DAL_ATL,"Friday, May 22, 2026",regular_season,Atlanta Dream,Dallas Wings,Te-Hina Paopao,G,13,3-4,3-3,0-0,0,2,2,2,0,0,2,0,9,+4
20260522_DAL_ATL,"Friday, May 22, 2026",regular_season,Atlanta Dream,Dallas Wings,Aaliyah Nye,G,1,0-0,0-0,0-0,0,0,0,0,0,0,0,0,0,0
20260522_DAL_ATL,"Friday, May 22, 2026",regular_season,Atlanta Dream,Dallas Wings,Indya Nivar,G,5,1-3,0-1,0-0,0,1,1,1,0,0,0,2,2,0
20260522_DAL_ATL,"Friday, May 22, 2026",regular_season,Atlanta Dream,Dallas Wings,Isobel Borlase,G,2,1-1,0-0,0-0,0,1,1,0,0,0,0,1,2,+4
20260522_DAL_ATL,"Friday, May 22, 2026",regular_season,Atlanta Dream,Dallas Wings,Brionna Jones,F,,,,,,,,,,,,,,
20260522_GS_IND,"Friday, May 22, 2026",regular_season,Golden State Valkyries,Indiana Fever,Kayla Thornton,F,27,3-5,1-2,3-3,0,2,2,0,1,0,1,3,10,-9
20260522_GS_IND,"Friday, May 22, 2026",regular_season,Golden State Valkyries,Indiana Fever,Gabby Williams,F,22,2-8,0-3,2-2,0,0,0,3,4,0,3,0,6,-6
20260522_GS_IND,"Friday, May 22, 2026",regular_season,Golden State Valkyries,Indiana Fever,Kiah Stokes,C,23,1-4,0-1,0-0,3,4,7,1,1,1,1,3,2,-1
20260522_GS_IND,"Friday, May 22, 2026",regular_season,Golden State Valkyries,Indiana Fever,Kaila Charles,G,23,0-6,0-3,4-4,2,5,7,1,0,0,2,4,4,-9
20260522_GS_IND,"Friday, May 22, 2026",regular_season,Golden State Valkyries,Indiana Fever,Veronica Burton,G,29,4-12,2-5,7-8,0,3,3,3,0,2,3,5,17,-6
20260522_GS_IND,"Friday, May 22, 2026",regular_season,Golden State Valkyries,Indiana Fever,Laeticia Amihere,F,11,1-3,0-0,0-2,4,0,4,1,0,0,1,3,2,0
20260522_GS_IND,"Friday, May 22, 2026",regular_season,Golden State Valkyries,Indiana Fever,Janelle Salaun,F,21,1-8,0-4,2-2,1,1,2,0,1,0,0,1,4,-6
20260522_GS_IND,"Friday, May 22, 2026",regular_season,Golden State Valkyries,Indiana Fever,Tiffany Hayes,G,26,7-13,2-2,3-3,0,2,2,2,1,0,2,3,19,0
20260522_GS_IND,"Friday, May 22, 2026",regular_season,Golden State Valkyries,Indiana Fever,Kaitlyn Chen,G,19,7-11,2-2,2-3,0,1,1,0,1,0,1,2,18,-3
20260522_GS_IND,"Friday, May 22, 2026",regular_season,Golden State Valkyries,Indiana Fever,Cecilia Zandalasini,F,,,,,,,,,,,,,,
20260522_GS_IND,"Friday, May 22, 2026",regular_season,Golden State Valkyries,Indiana Fever,Ndjakalenga Mwenentanda,G,,,,,,,,,,,,,,
20260522_GS_IND,"Friday, May 22, 2026",regular_season,Golden State Valkyries,Indiana Fever,Juste Jocyte,G,,,,,,,,,,,,,,
20260522_GS_IND,"Friday, May 22, 2026",regular_season,Indiana Fever,Golden State Valkyries,Monique Billings,F,11,1-2,0-0,0-0,1,2,3,0,1,0,1,2,2,+3
20260522_GS_IND,"Friday, May 22, 2026",regular_season,Indiana Fever,Golden State Valkyries,Aliyah Boston,C,29,8-15,1-3,3-4,4,12,16,3,2,0,2,3,20,+15
20260522_GS_IND,"Friday, May 22, 2026",regular_season,Indiana Fever,Golden State Valkyries,Kelsey Mitchell,G,31,4-10,0-3,11-11,0,0,0,3,0,0,1,1,19,+6
20260522_GS_IND,"Friday, May 22, 2026",regular_season,Indiana Fever,Golden State Valkyries,Lexie Hull,G,24,2-5,2-4,1-4,1,3,4,2,0,0,1,4,7,+10
20260522_GS_IND,"Friday, May 22, 2026",regular_season,Indiana Fever,Golden State Valkyries,Caitlin Clark,G,32,7-15,4-9,4-5,0,2,2,9,1,1,6,5,22,+7
20260522_GS_IND,"Friday, May 22, 2026",regular_season,Indiana Fever,Golden State Valkyries,Myisha Hines-Allen,F,13,0-2,0-0,2-2,0,2,2,2,1,1,3,2,2,0
20260522_GS_IND,"Friday, May 22, 2026",regular_season,Indiana Fever,Golden State Valkyries,Makayla Timpson,F,12,0-1,0-0,0-0,2,3,5,0,1,0,0,0,0,-3
20260522_GS_IND,"Friday, May 22, 2026",regular_season,Indiana Fever,Golden State Valkyries,Grace VanSlooten,F,2,0-0,0-0,0-0,0,0,0,0,0,0,0,0,0,-2
20260522_GS_IND,"Friday, May 22, 2026",regular_season,Indiana Fever,Golden State Valkyries,Sophie Cunningham,G,28,4-8,2-5,1-3,0,0,0,1,1,0,1,4,11,0
20260522_GS_IND,"Friday, May 22, 2026",regular_season,Indiana Fever,Golden State Valkyries,Tyasha Harris,G,2,0-0,0-0,0-0,0,0,0,0,0,0,1,1,0,-1
20260522_GS_IND,"Friday, May 22, 2026",regular_season,Indiana Fever,Golden State Valkyries,Raven Johnson,G,15,3-5,1-2,0-0,0,2,2,2,0,0,2,4,7,+5
20260522_GS_IND,"Friday, May 22, 2026",regular_season,Indiana Fever,Golden State Valkyries,Damiris Dantas,C,,,,,,,,,,,,,,
20260523_CON_SEA,"Saturday, May 23, 2026",regular_season,Connecticut Sun,Seattle Storm,Aaliyah Edwards,F,24,5-11,0-0,0-0,2,5,7,2,2,1,1,3,10,-3
20260523_CON_SEA,"Saturday, May 23, 2026",regular_season,Connecticut Sun,Seattle Storm,Diamond Miller,F,23,3-6,0-1,7-8,0,3,3,2,2,0,3,2,13,-6
20260523_CON_SEA,"Saturday, May 23, 2026",regular_season,Connecticut Sun,Seattle Storm,Kennedy Burke,G,25,3-9,1-5,0-1,2,1,3,1,1,1,2,2,7,-1
20260523_CON_SEA,"Saturday, May 23, 2026",regular_season,Connecticut Sun,Seattle Storm,Charlisse Leger-Walker,G,30,2-9,1-3,0-0,1,2,3,5,2,0,0,1,5,-6
20260523_CON_SEA,"Saturday, May 23, 2026",regular_season,Connecticut Sun,Seattle Storm,Gianna Kneepkens,G,11,2-5,0-3,0-0,0,1,1,0,0,0,0,3,4,+3
20260523_CON_SEA,"Saturday, May 23, 2026",regular_season,Connecticut Sun,Seattle Storm,Aneesah Morrow,F,18,3-5,1-1,0-1,1,5,6,0,0,0,2,2,7,-25
20260523_CON_SEA,"Saturday, May 23, 2026",regular_season,Connecticut Sun,Seattle Storm,Raegan Beers,F,14,2-4,0-1,0-0,1,3,4,1,1,0,1,2,4,-5
20260523_CON_SEA,"Saturday, May 23, 2026",regular_season,Connecticut Sun,Seattle Storm,Nell Angloma,F,14,0-1,0-0,2-2,1,2,3,1,0,0,0,3,2,-3
20260523_CON_SEA,"Saturday, May 23, 2026",regular_season,Connecticut Sun,Seattle Storm,Hailey Van Lith,G,10,2-5,1-1,0-0,0,0,0,1,0,0,1,0,5,-12
20260523_CON_SEA,"Saturday, May 23, 2026",regular_season,Connecticut Sun,Seattle Storm,Saniya Rivers,G,21,1-6,0-1,0-2,0,2,2,2,1,1,2,0,2,-17
20260523_CON_SEA,"Saturday, May 23, 2026",regular_season,Connecticut Sun,Seattle Storm,Ashlon Jackson,G,9,0-1,0-1,0-0,0,1,1,0,0,0,0,0,0,-15
20260523_CON_SEA,"Saturday, May 23, 2026",regular_season,Connecticut Sun,Seattle Storm,Brittney Griner,C,,,,,,,,,,,,,,
20260523_CON_SEA,"Saturday, May 23, 2026",regular_season,Connecticut Sun,Seattle Storm,Olivia Nelson-Ododa,C,,,,,,,,,,,,,,
20260523_CON_SEA,"Saturday, May 23, 2026",regular_season,Seattle Storm,Connecticut Sun,Jordan Horston,F,22,4-9,0-2,0-0,0,4,4,0,3,0,1,2,8,+18
20260523_CON_SEA,"Saturday, May 23, 2026",regular_season,Seattle Storm,Connecticut Sun,Stefanie Dolson,C,25,2-3,1-1,0-0,0,4,4,4,1,0,1,3,5,+24
20260523_CON_SEA,"Saturday, May 23, 2026",regular_season,Seattle Storm,Connecticut Sun,Natisha Hiedeman,G,27,4-10,1-4,2-2,0,2,2,6,0,0,1,2,11,+12
20260523_CON_SEA,"Saturday, May 23, 2026",regular_season,Seattle Storm,Connecticut Sun,Flau'jae Johnson,G,31,7-12,3-6,0-0,0,7,7,5,0,3,5,2,17,+18
20260523_CON_SEA,"Saturday, May 23, 2026",regular_season,Seattle Storm,Connecticut Sun,Jade Melbourne,G,20,2-5,0-0,0-1,0,3,3,4,2,0,1,2,4,+4
20260523_CON_SEA,"Saturday, May 23, 2026",regular_season,Seattle Storm,Connecticut Sun,Joyner Holmes,F,15,1-4,0-1,0-0,1,4,5,1,0,3,2,1,2,-2
20260523_CON_SEA,"Saturday, May 23, 2026",regular_season,Seattle Storm,Connecticut Sun,Mackenzie Holmes,F,18,0-2,0-0,2-4,2,4,6,1,0,1,1,4,2,-4
20260523_CON_SEA,"Saturday, May 23, 2026",regular_season,Seattle Storm,Connecticut Sun,Taylor Thierry,F,4,0-0,0-0,0-0,1,0,1,0,0,0,0,0,0,-1
20260523_CON_SEA,"Saturday, May 23, 2026",regular_season,Seattle Storm,Connecticut Sun,Lexie Brown,G,13,1-1,1-1,0-0,0,1,1,0,0,0,1,1,3,+3
20260523_CON_SEA,"Saturday, May 23, 2026",regular_season,Seattle Storm,Connecticut Sun,Zia Cooke,G,24,7-14,2-6,9-10,2,3,5,1,1,0,2,1,25,+18
20260523_CON_SEA,"Saturday, May 23, 2026",regular_season,Seattle Storm,Connecticut Sun,Katie Lou Samuelson,F,,,,,,,,,,,,,,
20260523_CON_SEA,"Saturday, May 23, 2026",regular_season,Seattle Storm,Connecticut Sun,Ezi Magbegor,F,,,,,,,,,,,,,,
20260523_CON_SEA,"Saturday, May 23, 2026",regular_season,Seattle Storm,Connecticut Sun,Dominique Malonga,C,,,,,,,,,,,,,,
20260523_CON_SEA,"Saturday, May 23, 2026",regular_season,Seattle Storm,Connecticut Sun,Awa Fam,C,,,,,,,,,,,,,,
20260523_MIN_CHI,"Saturday, May 23, 2026",regular_season,Minnesota Lynx,Chicago Sky,Natasha Howard,F,33,11-15,0-0,4-5,5,9,14,5,0,0,3,5,26,+16
20260523_MIN_CHI,"Saturday, May 23, 2026",regular_season,Minnesota Lynx,Chicago Sky,Nia Coffey,F,25,3-11,1-7,1-1,2,5,7,0,0,2,4,3,8,+7
20260523_MIN_CHI,"Saturday, May 23, 2026",regular_season,Minnesota Lynx,Chicago Sky,Kayla McBride,G,35,4-9,2-4,3-3,0,6,6,4,1,0,0,1,13,+11
20260523_MIN_CHI,"Saturday, May 23, 2026",regular_season,Minnesota Lynx,Chicago Sky,Courtney Williams,G,33,8-18,0-1,1-1,2,6,8,3,3,2,2,3,17,+12
20260523_MIN_CHI,"Saturday, May 23, 2026",regular_season,Minnesota Lynx,Chicago Sky,Olivia Miles,G,33,4-14,0-2,6-7,1,8,9,5,2,0,5,3,14,+8
20260523_MIN_CHI,"Saturday, May 23, 2026",regular_season,Minnesota Lynx,Chicago Sky,Liatu King,F,10,0-1,0-0,0-2,1,3,4,0,1,3,2,3,0,-6
20260523_MIN_CHI,"Saturday, May 23, 2026",regular_season,Minnesota Lynx,Chicago Sky,Antonia Delaere,F,11,1-3,1-1,0-0,0,1,1,0,0,0,0,0,3,+6
20260523_MIN_CHI,"Saturday, May 23, 2026",regular_season,Minnesota Lynx,Chicago Sky,Emese Hof,C,6,1-1,0-0,0-0,1,1,2,0,0,0,2,3,2,-4
20260523_MIN_CHI,"Saturday, May 23, 2026",regular_season,Minnesota Lynx,Chicago Sky,Maya Caldwell,G,13,0-2,0-1,2-2,1,2,3,2,0,0,1,3,2,0
20260523_MIN_CHI,"Saturday, May 23, 2026",regular_season,Minnesota Lynx,Chicago Sky,Napheesa Collier,F,,,,,,,,,,,,,,
20260523_MIN_CHI,"Saturday, May 23, 2026",regular_season,Minnesota Lynx,Chicago Sky,Dorka Juhasz,F,,,,,,,,,,,,,,
20260523_MIN_CHI,"Saturday, May 23, 2026",regular_season,Minnesota Lynx,Chicago Sky,Anastasiia Olairi Kosu,F,,,,,,,,,,,,,,
20260523_MIN_CHI,"Saturday, May 23, 2026",regular_season,Minnesota Lynx,Chicago Sky,Emma Cechova,F,,,,,,,,,,,,,,
20260523_MIN_CHI,"Saturday, May 23, 2026",regular_season,Minnesota Lynx,Chicago Sky,Eliska Hamzova,G,,,,,,,,,,,,,,
20260523_MIN_CHI,"Saturday, May 23, 2026",regular_season,Chicago Sky,Minnesota Lynx,Kamilla Cardoso,C,23,4-6,0-0,9-9,2,5,7,0,1,0,1,4,17,-10
20260523_MIN_CHI,"Saturday, May 23, 2026",regular_season,Chicago Sky,Minnesota Lynx,Skylar Diggins,G,32,4-12,0-1,5-7,2,4,6,6,1,0,3,3,13,-13
20260523_MIN_CHI,"Saturday, May 23, 2026",regular_season,Chicago Sky,Minnesota Lynx,Natasha Cloud,G,32,2-6,0-2,2-3,0,2,2,1,1,1,3,3,6,-7
20260523_MIN_CHI,"Saturday, May 23, 2026",regular_season,Chicago Sky,Minnesota Lynx,Jacy Sheldon,G,19,2-6,1-4,0-0,0,1,1,1,2,0,0,3,5,-9
20260523_MIN_CHI,"Saturday, May 23, 2026",regular_season,Chicago Sky,Minnesota Lynx,Gabriela Jaquez,G,23,1-8,1-4,4-4,0,4,4,0,2,0,1,3,7,-5
20260523_MIN_CHI,"Saturday, May 23, 2026",regular_season,Chicago Sky,Minnesota Lynx,Azura Stevens,F,16,3-10,0-3,0-0,0,3,3,1,1,1,2,1,6,-5
20260523_MIN_CHI,"Saturday, May 23, 2026",regular_season,Chicago Sky,Minnesota Lynx,Elizabeth Williams,C,18,2-7,0-0,0-2,2,1,3,1,1,0,0,1,4,+1
20260523_MIN_CHI,"Saturday, May 23, 2026",regular_season,Chicago Sky,Minnesota Lynx,Rachel Banham,G,17,2-6,2-6,0-0,0,0,0,3,1,0,0,0,6,+1
20260523_MIN_CHI,"Saturday, May 23, 2026",regular_season,Chicago Sky,Minnesota Lynx,Sydney Taylor,G,20,3-12,2-9,3-5,1,1,2,1,1,0,1,4,11,-3
20260523_MIN_CHI,"Saturday, May 23, 2026",regular_season,Chicago Sky,Minnesota Lynx,Rickea Jackson,F,,,,,,,,,,,,,,
20260523_MIN_CHI,"Saturday, May 23, 2026",regular_season,Chicago Sky,Minnesota Lynx,Courtney Vandersloot,G,,,,,,,,,,,,,,
20260523_MIN_CHI,"Saturday, May 23, 2026",regular_season,Chicago Sky,Minnesota Lynx,DiJonai Carrington,G,,,,,,,,,,,,,,
20260523_POR_TOR,"Saturday, May 23, 2026",regular_season,Portland Fire,Toronto Tempo,Bridget Carleton,F,28,5-10,4-8,1-2,0,2,2,3,2,0,2,5,15,+25
20260523_POR_TOR,"Saturday, May 23, 2026",regular_season,Portland Fire,Toronto Tempo,Emily Engstler,F,22,5-8,1-3,5-5,1,6,7,0,2,4,3,4,16,+15
20260523_POR_TOR,"Saturday, May 23, 2026",regular_season,Portland Fire,Toronto Tempo,Nyadiew Puoch,F,24,2-8,1-3,0-0,2,1,3,1,1,0,2,2,5,+9
20260523_POR_TOR,"Saturday, May 23, 2026",regular_season,Portland Fire,Toronto Tempo,Luisa Geiselsoder,C,20,3-7,0-2,0-0,1,4,5,0,0,1,1,1,6,+20
20260523_POR_TOR,"Saturday, May 23, 2026",regular_season,Portland Fire,Toronto Tempo,Carla Leite,G,22,4-11,0-0,7-7,1,2,3,9,0,0,4,1,15,+15
20260523_POR_TOR,"Saturday, May 23, 2026",regular_season,Portland Fire,Toronto Tempo,Frieda Buhner,F,13,1-2,1-2,2-2,1,1,2,1,0,0,0,0,5,-3
20260523_POR_TOR,"Saturday, May 23, 2026",regular_season,Portland Fire,Toronto Tempo,Megan DiLeo,C,20,6-8,2-3,0-0,2,2,4,0,0,1,0,3,14,-1
20260523_POR_TOR,"Saturday, May 23, 2026",regular_season,Portland Fire,Toronto Tempo,Serah Williams,C,14,3-6,0-0,2-2,1,2,3,0,2,1,0,2,8,-2
20260523_POR_TOR,"Saturday, May 23, 2026",regular_season,Portland Fire,Toronto Tempo,Holly Winterburn,G,1,0-0,0-0,0-0,0,0,0,0,0,0,0,0,0,-3
20260523_POR_TOR,"Saturday, May 23, 2026",regular_season,Portland Fire,Toronto Tempo,Sarah Ashlee Barker,G,19,5-6,1-1,1-3,1,2,3,1,0,0,0,2,12,+13
20260523_POR_TOR,"Saturday, May 23, 2026",regular_season,Portland Fire,Toronto Tempo,Teja Oblak,G,17,1-4,1-1,0-0,0,1,1,9,0,0,2,2,3,+7
20260523_POR_TOR,"Saturday, May 23, 2026",regular_season,Portland Fire,Toronto Tempo,Karlie Samuelson,G,,,,,,,,,,,,,,
20260523_POR_TOR,"Saturday, May 23, 2026",regular_season,Toronto Tempo,Portland Fire,Nyara Sabally,F,23,4-6,1-1,0-0,1,2,3,0,0,1,0,1,9,-12
20260523_POR_TOR,"Saturday, May 23, 2026",regular_season,Toronto Tempo,Portland Fire,Laura Juskaite,F,20,1-3,0-1,1-1,0,2,2,1,0,0,1,3,3,-5
20260523_POR_TOR,"Saturday, May 23, 2026",regular_season,Toronto Tempo,Portland Fire,Brittney Sykes,G,34,3-9,0-2,4-4,0,0,0,5,1,0,7,3,10,-23
20260523_POR_TOR,"Saturday, May 23, 2026",regular_season,Toronto Tempo,Portland Fire,Marina Mabrey,G,28,7-15,3-8,2-3,3,2,5,8,0,1,4,4,19,-17
20260523_POR_TOR,"Saturday, May 23, 2026",regular_season,Toronto Tempo,Portland Fire,Kiki Rice,G,30,8-11,0-1,3-4,2,3,5,3,2,1,1,2,19,-17
20260523_POR_TOR,"Saturday, May 23, 2026",regular_season,Toronto Tempo,Portland Fire,Maria Conde,F,23,3-9,1-5,1-2,2,3,5,1,0,0,1,2,8,-21
20260523_POR_TOR,"Saturday, May 23, 2026",regular_season,Toronto Tempo,Portland Fire,Teonni Key,F,11,2-2,0-0,0-0,1,1,2,0,0,1,1,2,4,-6
20260523_POR_TOR,"Saturday, May 23, 2026",regular_season,Toronto Tempo,Portland Fire,Nikolina Milic,F,8,0-2,0-1,1-2,0,2,2,0,0,0,1,1,1,+1
20260523_POR_TOR,"Saturday, May 23, 2026",regular_season,Toronto Tempo,Portland Fire,Mariella Fasoula,C,3,0-0,0-0,0-0,0,1,1,0,0,0,1,0,0,+2
20260523_POR_TOR,"Saturday, May 23, 2026",regular_season,Toronto Tempo,Portland Fire,Kia Nurse,G,12,1-7,0-5,2-2,0,2,2,0,0,0,0,1,4,-3
20260523_POR_TOR,"Saturday, May 23, 2026",regular_season,Toronto Tempo,Portland Fire,Lexi Held,G,8,1-2,1-1,0-0,1,1,2,1,0,0,0,2,3,+6
20260523_POR_TOR,"Saturday, May 23, 2026",regular_season,Toronto Tempo,Portland Fire,Isabelle Harrison,F,,,,,,,,,,,,,,
20260523_POR_TOR,"Saturday, May 23, 2026",regular_season,Toronto Tempo,Portland Fire,Temi Fagbenle,C,,,,,,,,,,,,,,
20260523_POR_TOR,"Saturday, May 23, 2026",regular_season,Toronto Tempo,Portland Fire,Julie Allemand,G,,,,,,,,,,,,,,
20260524_LA_LV,"Sunday, May 24, 2026",regular_season,Los Angeles Sparks,Las Vegas Aces,Dearica Hamby,F,36,6-12,1-2,3-4,0,5,5,4,1,0,3,6,16,0
20260524_LA_LV,"Sunday, May 24, 2026",regular_season,Los Angeles Sparks,Las Vegas Aces,Cameron Brink,F,24,7-11,2-5,0-1,4,4,8,0,1,1,6,6,16,+8
20260524_LA_LV,"Sunday, May 24, 2026",regular_season,Los Angeles Sparks,Las Vegas Aces,Erica Wheeler,G,34,4-7,2-3,0-0,0,7,7,6,2,0,2,2,10,+15
20260524_LA_LV,"Sunday, May 24, 2026",regular_season,Los Angeles Sparks,Las Vegas Aces,Kelsey Plum,G,37,12-17,6-7,8-8,0,4,4,9,1,0,3,4,38,+11
20260524_LA_LV,"Sunday, May 24, 2026",regular_season,Los Angeles Sparks,Las Vegas Aces,Ariel Atkins,G,30,5-12,1-5,0-0,0,3,3,3,1,0,2,1,11,-5
20260524_LA_LV,"Sunday, May 24, 2026",regular_season,Los Angeles Sparks,Las Vegas Aces,Emma Cannon,F,1,0-0,0-0,0-0,0,0,0,0,0,0,0,1,0,+1
20260524_LA_LV,"Sunday, May 24, 2026",regular_season,Los Angeles Sparks,Las Vegas Aces,Jihyun Park,F,7,0-1,0-1,0-0,0,1,1,1,1,0,0,2,0,0
20260524_LA_LV,"Sunday, May 24, 2026",regular_season,Los Angeles Sparks,Las Vegas Aces,Rae Burrell,G,25,3-7,2-6,2-2,0,2,2,2,1,0,1,1,10,-9
20260524_LA_LV,"Sunday, May 24, 2026",regular_season,Los Angeles Sparks,Las Vegas Aces,Kate Martin,G,6,0-0,0-0,0-0,0,0,0,1,0,0,0,1,0,+9
20260524_LA_LV,"Sunday, May 24, 2026",regular_season,Los Angeles Sparks,Las Vegas Aces,Ta'Niya Latson,G,,,,,,,,,,,,,,
20260524_LA_LV,"Sunday, May 24, 2026",regular_season,Los Angeles Sparks,Las Vegas Aces,Chance Gray,G,,,,,,,,,,,,,,
20260524_LA_LV,"Sunday, May 24, 2026",regular_season,Las Vegas Aces,Los Angeles Sparks,Stephanie Talbot,F,16,1-2,0-1,0-0,2,1,3,1,0,0,0,2,2,-23
20260524_LA_LV,"Sunday, May 24, 2026",regular_season,Las Vegas Aces,Los Angeles Sparks,NaLyssa Smith,F,28,8-12,1-2,5-7,6,3,9,1,2,1,1,1,22,-1
20260524_LA_LV,"Sunday, May 24, 2026",regular_season,Las Vegas Aces,Los Angeles Sparks,A'ja Wilson,C,35,8-20,2-4,6-6,2,13,15,4,2,4,3,1,24,-3
20260524_LA_LV,"Sunday, May 24, 2026",regular_season,Las Vegas Aces,Los Angeles Sparks,Chelsea Gray,G,37,6-14,0-5,0-0,0,2,2,7,1,2,3,3,12,-7
20260524_LA_LV,"Sunday, May 24, 2026",regular_season,Las Vegas Aces,Los Angeles Sparks,Jackie Young,G,19,0-2,0-2,0-0,1,2,3,2,0,1,3,5,0,-9
20260524_LA_LV,"Sunday, May 24, 2026",regular_season,Las Vegas Aces,Los Angeles Sparks,Brianna Turner,F,8,0-0,0-0,2-2,0,1,1,1,0,0,0,2,2,-2
20260524_LA_LV,"Sunday, May 24, 2026",regular_season,Las Vegas Aces,Los Angeles Sparks,Jewell Loyd,G,29,3-13,3-11,1-2,0,0,0,2,0,0,1,3,10,0
20260524_LA_LV,"Sunday, May 24, 2026",regular_season,Las Vegas Aces,Los Angeles Sparks,Chennedy Carter,G,26,8-13,4-4,3-4,2,1,3,3,1,1,3,3,23,+15
20260524_LA_LV,"Sunday, May 24, 2026",regular_season,Las Vegas Aces,Los Angeles Sparks,Cheyenne Parker-Tyus,F,,,,,,,,,,,,,,
20260524_LA_LV,"Sunday, May 24, 2026",regular_season,Las Vegas Aces,Los Angeles Sparks,Kierstan Bell,F,,,,,,,,,,,,,,
20260524_LA_LV,"Sunday, May 24, 2026",regular_season,Las Vegas Aces,Los Angeles Sparks,Janiah Barker,F,,,,,,,,,,,,,,
20260524_PHX_ATL,"Sunday, May 24, 2026",regular_season,Phoenix Mercury,Atlanta Dream,Alyssa Thomas,F,36,9-13,0-0,2-2,1,11,12,7,2,0,4,2,20,-1
20260524_PHX_ATL,"Sunday, May 24, 2026",regular_season,Phoenix Mercury,Atlanta Dream,Natasha Mack,F,16,3-5,0-0,0-0,4,3,7,1,0,2,1,4,6,+4
20260524_PHX_ATL,"Sunday, May 24, 2026",regular_season,Phoenix Mercury,Atlanta Dream,Noemie Brochant,F,31,3-7,0-2,0-0,2,3,5,2,2,1,1,2,6,0
20260524_PHX_ATL,"Sunday, May 24, 2026",regular_season,Phoenix Mercury,Atlanta Dream,Kahleah Copper,G,30,6-16,1-6,7-8,1,2,3,1,0,0,3,3,20,-8
20260524_PHX_ATL,"Sunday, May 24, 2026",regular_season,Phoenix Mercury,Atlanta Dream,Jovana Nogic,G,21,3-9,2-4,3-3,0,0,0,1,0,0,4,4,11,-2
20260524_PHX_ATL,"Sunday, May 24, 2026",regular_season,Phoenix Mercury,Atlanta Dream,DeWanna Bonner,F,24,2-7,0-3,0-0,1,2,3,1,2,0,0,0,4,-7
20260524_PHX_ATL,"Sunday, May 24, 2026",regular_season,Phoenix Mercury,Atlanta Dream,Marta Suarez,F,10,0-0,0-0,0-0,0,3,3,0,0,0,0,0,0,-2
20260524_PHX_ATL,"Sunday, May 24, 2026",regular_season,Phoenix Mercury,Atlanta Dream,Kyara Linskens,C,12,3-4,1-2,3-3,0,2,2,0,1,2,1,1,10,+5
20260524_PHX_ATL,"Sunday, May 24, 2026",regular_season,Phoenix Mercury,Atlanta Dream,Kiana Williams,G,20,0-5,0-4,3-3,0,1,1,1,1,1,1,3,3,+1
20260524_PHX_ATL,"Sunday, May 24, 2026",regular_season,Phoenix Mercury,Atlanta Dream,Valeriane Ayayi,F,,,,,,,,,,,,,,
20260524_PHX_ATL,"Sunday, May 24, 2026",regular_season,Phoenix Mercury,Atlanta Dream,Sami Whitcomb,G,,,,,,,,,,,,,,
20260524_PHX_ATL,"Sunday, May 24, 2026",regular_season,Phoenix Mercury,Atlanta Dream,Quionche Carter,G,,,,,,,,,,,,,,
20260524_PHX_ATL,"Sunday, May 24, 2026",regular_season,Phoenix Mercury,Atlanta Dream,Monique Akoa Makani,G,,,,,,,,,,,,,,
20260524_PHX_ATL,"Sunday, May 24, 2026",regular_season,Atlanta Dream,Phoenix Mercury,Naz Hillmon,F,23,2-2,0-0,0-1,2,2,4,0,0,0,1,0,4,-1
20260524_PHX_ATL,"Sunday, May 24, 2026",regular_season,Atlanta Dream,Phoenix Mercury,Angel Reese,F,32,6-16,0-1,5-10,5,5,10,4,4,1,3,4,17,+4
20260524_PHX_ATL,"Sunday, May 24, 2026",regular_season,Atlanta Dream,Phoenix Mercury,Allisha Gray,G,36,7-15,2-5,2-3,0,1,1,0,1,0,3,1,18,+7
20260524_PHX_ATL,"Sunday, May 24, 2026",regular_season,Atlanta Dream,Phoenix Mercury,Jordin Canada,G,31,4-8,0-2,3-5,0,7,7,14,3,1,1,4,11,+12
20260524_PHX_ATL,"Sunday, May 24, 2026",regular_season,Atlanta Dream,Phoenix Mercury,Rhyne Howard,G,34,7-15,6-12,1-2,3,5,8,0,1,0,2,3,21,+2
20260524_PHX_ATL,"Sunday, May 24, 2026",regular_season,Atlanta Dream,Phoenix Mercury,Sika Kone,F,6,0-1,0-0,0-0,0,0,0,0,0,0,0,0,0,-11
20260524_PHX_ATL,"Sunday, May 24, 2026",regular_season,Atlanta Dream,Phoenix Mercury,Madina Okot,C,7,0-2,0-0,0-0,1,1,2,0,0,0,4,3,0,-6
20260524_PHX_ATL,"Sunday, May 24, 2026",regular_season,Atlanta Dream,Phoenix Mercury,Te-Hina Paopao,G,14,1-1,1-1,0-0,0,1,1,2,0,0,0,1,3,-4
20260524_PHX_ATL,"Sunday, May 24, 2026",regular_season,Atlanta Dream,Phoenix Mercury,Aaliyah Nye,G,0,0-0,0-0,0-0,0,0,0,0,0,0,0,0,0,0
20260524_PHX_ATL,"Sunday, May 24, 2026",regular_season,Atlanta Dream,Phoenix Mercury,Indya Nivar,G,2,1-1,1-1,0-0,0,1,1,0,0,0,0,0,3,0
20260524_PHX_ATL,"Sunday, May 24, 2026",regular_season,Atlanta Dream,Phoenix Mercury,Isobel Borlase,G,16,2-7,1-4,0-0,1,3,4,2,0,1,0,0,5,+7
20260524_PHX_ATL,"Sunday, May 24, 2026",regular_season,Atlanta Dream,Phoenix Mercury,Brionna Jones,F,,,,,,,,,,,,,,
20260524_DAL_NY,"Sunday, May 24, 2026",regular_season,Dallas Wings,New York Liberty,Jessica Shepard,F,33,5-9,0-1,0-1,2,9,11,6,0,0,1,3,10,+21
20260524_DAL_NY,"Sunday, May 24, 2026",regular_season,Dallas Wings,New York Liberty,Alanna Smith,F,15,0-1,0-1,0-0,0,2,2,3,1,0,0,3,0,-9
20260524_DAL_NY,"Sunday, May 24, 2026",regular_season,Dallas Wings,New York Liberty,Odyssey Sims,G,8,0-0,0-0,0-0,0,0,0,2,0,0,0,0,0,+3
20260524_DAL_NY,"Sunday, May 24, 2026",regular_season,Dallas Wings,New York Liberty,Arike Ogunbowale,G,38,5-20,5-13,4-6,0,4,4,5,1,0,3,2,19,+18
20260524_DAL_NY,"Sunday, May 24, 2026",regular_season,Dallas Wings,New York Liberty,Paige Bueckers,G,36,7-13,2-4,8-8,2,4,6,2,0,0,1,4,24,+8
20260524_DAL_NY,"Sunday, May 24, 2026",regular_season,Dallas Wings,New York Liberty,Maddy Siegrist,F,6,1-1,0-0,0-0,0,1,1,0,1,1,1,1,2,+2
20260524_DAL_NY,"Sunday, May 24, 2026",regular_season,Dallas Wings,New York Liberty,Awak Kuier,F,24,2-3,2-3,4-4,1,5,6,1,0,2,1,0,10,+17
20260524_DAL_NY,"Sunday, May 24, 2026",regular_season,Dallas Wings,New York Liberty,Li Yueru,C,3,0-1,0-1,0-0,0,1,1,0,0,0,0,0,0,-4
20260524_DAL_NY,"Sunday, May 24, 2026",regular_season,Dallas Wings,New York Liberty,Azzi Fudd,G,32,9-15,6-12,0-0,0,2,2,3,3,2,1,3,24,+22
20260524_DAL_NY,"Sunday, May 24, 2026",regular_season,Dallas Wings,New York Liberty,Aziaha James,G,4,1-2,0-0,0-0,1,0,1,0,0,0,0,0,2,-3
20260524_DAL_NY,"Sunday, May 24, 2026",regular_season,Dallas Wings,New York Liberty,Alysha Clark,F,,,,,,,,,,,,,,
20260524_DAL_NY,"Sunday, May 24, 2026",regular_season,Dallas Wings,New York Liberty,Dulcy Fankam Mendjiadeu,F,,,,,,,,,,,,,,
20260524_DAL_NY,"Sunday, May 24, 2026",regular_season,Dallas Wings,New York Liberty,JJ Quinerly,G,,,,,,,,,,,,,,
20260524_DAL_NY,"Sunday, May 24, 2026",regular_season,Dallas Wings,New York Liberty,Costanza Verona,G,,,,,,,,,,,,,,
20260524_DAL_NY,"Sunday, May 24, 2026",regular_season,New York Liberty,Dallas Wings,Breanna Stewart,F,34,7-18,0-2,0-0,4,7,11,3,1,0,2,1,14,-17
20260524_DAL_NY,"Sunday, May 24, 2026",regular_season,New York Liberty,Dallas Wings,Satou Sabally,F,25,6-14,3-6,5-5,1,1,2,2,0,0,1,4,20,-17
20260524_DAL_NY,"Sunday, May 24, 2026",regular_season,New York Liberty,Dallas Wings,Jonquel Jones,C,29,5-11,0-3,4-5,2,5,7,2,1,0,1,3,14,-7
20260524_DAL_NY,"Sunday, May 24, 2026",regular_season,New York Liberty,Dallas Wings,Marine Johannes,G,22,0-3,0-3,0-0,1,2,3,5,0,0,1,3,0,-1
20260524_DAL_NY,"Sunday, May 24, 2026",regular_season,New York Liberty,Dallas Wings,Sabrina Ionescu,G,31,4-15,2-5,1-2,0,5,5,7,0,0,1,2,11,-13
20260524_DAL_NY,"Sunday, May 24, 2026",regular_season,New York Liberty,Dallas Wings,Anneli Maley,F,11,0-2,0-2,0-0,2,1,3,0,1,0,0,4,0,+4
20260524_DAL_NY,"Sunday, May 24, 2026",regular_season,New York Liberty,Dallas Wings,Raquel Carrera,F,1,0-0,0-0,0-0,0,0,0,1,0,0,0,0,0,0
20260524_DAL_NY,"Sunday, May 24, 2026",regular_season,New York Liberty,Dallas Wings,Han Xu,C,12,2-4,2-3,0-0,0,2,2,0,0,0,0,0,6,-5
20260524_DAL_NY,"Sunday, May 24, 2026",regular_season,New York Liberty,Dallas Wings,Rebekah Gardner,G,16,2-2,0-0,0-0,0,1,1,0,0,0,1,0,4,-8
20260524_DAL_NY,"Sunday, May 24, 2026",regular_season,New York Liberty,Dallas Wings,Pauline Astier,G,18,2-3,1-2,2-2,0,0,0,1,1,0,2,1,7,-11
20260524_DAL_NY,"Sunday, May 24, 2026",regular_season,New York Liberty,Dallas Wings,Rebecca Allen,G,,,,,,,,,,,,,,
20260524_WSH_SEA,"Sunday, May 24, 2026",regular_season,Washington Mystics,Seattle Storm,Michaela Onyenwere,F,17,1-3,0-1,4-4,0,0,0,0,1,0,2,4,6,+6
20260524_WSH_SEA,"Sunday, May 24, 2026",regular_season,Washington Mystics,Seattle Storm,Kiki Iriafen,F,26,4-8,1-1,4-6,1,3,4,0,2,1,0,2,13,-10
20260524_WSH_SEA,"Sunday, May 24, 2026",regular_season,Washington Mystics,Seattle Storm,Shakira Austin,C,29,4-7,1-2,3-3,0,4,4,0,2,2,1,3,12,-10
20260524_WSH_SEA,"Sunday, May 24, 2026",regular_season,Washington Mystics,Seattle Storm,Sonia Citron,G,32,3-6,0-2,10-11,1,4,5,2,2,0,2,2,16,-8
20260524_WSH_SEA,"Sunday, May 24, 2026",regular_season,Washington Mystics,Seattle Storm,Georgia Amoore,G,26,2-9,1-7,8-8,0,2,2,6,0,2,4,6,13,-13
20260524_WSH_SEA,"Sunday, May 24, 2026",regular_season,Washington Mystics,Seattle Storm,Angela Dugalic,F,12,5-6,1-1,2-3,1,2,3,1,1,0,0,0,13,+3
20260524_WSH_SEA,"Sunday, May 24, 2026",regular_season,Washington Mystics,Seattle Storm,Lauren Betts,C,13,2-4,0-0,2-4,1,2,3,0,0,0,2,2,6,-7
20260524_WSH_SEA,"Sunday, May 24, 2026",regular_season,Washington Mystics,Seattle Storm,Rori Harmon,G,3,1-2,0-1,0-0,0,1,1,0,0,0,1,1,2,-2
20260524_WSH_SEA,"Sunday, May 24, 2026",regular_season,Washington Mystics,Seattle Storm,Lucy Olsen,G,4,0-1,0-1,0-0,0,2,2,2,0,0,0,0,0,-3
20260524_WSH_SEA,"Sunday, May 24, 2026",regular_season,Washington Mystics,Seattle Storm,Cotie McMahon,G,16,0-3,0-1,2-2,2,0,2,1,1,0,0,4,2,-8
20260524_WSH_SEA,"Sunday, May 24, 2026",regular_season,Washington Mystics,Seattle Storm,Cassandre Prosper,G,22,1-8,0-3,0-0,0,0,0,2,0,0,1,2,2,-8
20260524_WSH_SEA,"Sunday, May 24, 2026",regular_season,Washington Mystics,Seattle Storm,Alex Wilson,G,,,,,,,,,,,,,,
20260524_WSH_SEA,"Sunday, May 24, 2026",regular_season,Seattle Storm,Washington Mystics,Jordan Horston,F,20,2-4,1-3,0-0,0,3,3,1,1,0,1,3,5,+6
20260524_WSH_SEA,"Sunday, May 24, 2026",regular_season,Seattle Storm,Washington Mystics,Stefanie Dolson,C,26,3-3,2-2,8-8,0,3,3,2,0,2,1,5,16,+16
20260524_WSH_SEA,"Sunday, May 24, 2026",regular_season,Seattle Storm,Washington Mystics,Natisha Hiedeman,G,28,7-12,4-6,6-6,0,1,1,5,0,0,2,3,24,+4
20260524_WSH_SEA,"Sunday, May 24, 2026",regular_season,Seattle Storm,Washington Mystics,Flau'jae Johnson,G,25,4-14,2-7,7-7,1,5,6,1,1,1,2,4,17,+4
20260524_WSH_SEA,"Sunday, May 24, 2026",regular_season,Seattle Storm,Washington Mystics,Jade Melbourne,G,25,0-6,0-2,3-4,1,1,2,6,2,0,2,4,3,+6
20260524_WSH_SEA,"Sunday, May 24, 2026",regular_season,Seattle Storm,Washington Mystics,Katie Lou Samuelson,F,18,1-2,1-2,0-0,0,2,2,2,0,0,1,0,3,+12
20260524_WSH_SEA,"Sunday, May 24, 2026",regular_season,Seattle Storm,Washington Mystics,Mackenzie Holmes,F,14,1-2,0-0,0-0,1,3,4,0,3,0,0,3,2,-4
20260524_WSH_SEA,"Sunday, May 24, 2026",regular_season,Seattle Storm,Washington Mystics,Awa Fam,C,20,4-7,0-1,2-2,0,2,2,0,1,0,2,4,10,+6
20260524_WSH_SEA,"Sunday, May 24, 2026",regular_season,Seattle Storm,Washington Mystics,Lexie Brown,G,8,1-1,1-1,4-5,0,0,0,1,2,0,0,1,7,-3
20260524_WSH_SEA,"Sunday, May 24, 2026",regular_season,Seattle Storm,Washington Mystics,Zia Cooke,G,17,3-8,2-4,2-2,0,1,1,2,0,0,3,1,10,+13
20260524_WSH_SEA,"Sunday, May 24, 2026",regular_season,Seattle Storm,Washington Mystics,Joyner Holmes,F,,,,,,,,,,,,,,
20260524_WSH_SEA,"Sunday, May 24, 2026",regular_season,Seattle Storm,Washington Mystics,Ezi Magbegor,F,,,,,,,,,,,,,,
20260524_WSH_SEA,"Sunday, May 24, 2026",regular_season,Seattle Storm,Washington Mystics,Dominique Malonga,C,,,,,,,,,,,,,,
20260526_POR_NY,"Tuesday, May 26, 2026",regular_season,Portland Fire,New York Liberty,Bridget Carleton,F,30,2-9,1-6,5-5,0,3,3,2,2,0,1,3,10,+10
20260526_POR_NY,"Tuesday, May 26, 2026",regular_season,Portland Fire,New York Liberty,Emily Engstler,F,28,3-6,1-3,1-2,1,4,5,2,4,4,1,2,8,+10
20260526_POR_NY,"Tuesday, May 26, 2026",regular_season,Portland Fire,New York Liberty,Nyadiew Puoch,F,20,2-7,0-2,1-1,1,2,3,2,1,0,0,2,5,+3
20260526_POR_NY,"Tuesday, May 26, 2026",regular_season,Portland Fire,New York Liberty,Luisa Geiselsoder,C,22,2-9,2-4,0-0,0,5,5,2,2,0,0,3,6,+11
20260526_POR_NY,"Tuesday, May 26, 2026",regular_season,Portland Fire,New York Liberty,Carla Leite,G,22,8-14,1-2,1-2,0,0,0,2,1,0,4,1,18,+9
20260526_POR_NY,"Tuesday, May 26, 2026",regular_season,Portland Fire,New York Liberty,Megan DiLeo,C,18,5-8,1-2,0-0,0,1,1,0,0,0,0,4,11,-4
20260526_POR_NY,"Tuesday, May 26, 2026",regular_season,Portland Fire,New York Liberty,Serah Williams,C,11,1-5,0-0,2-4,2,1,3,0,0,1,0,2,4,-4
20260526_POR_NY,"Tuesday, May 26, 2026",regular_season,Portland Fire,New York Liberty,Karlie Samuelson,G,13,1-4,0-3,0-0,0,1,1,1,0,1,0,0,2,-4
20260526_POR_NY,"Tuesday, May 26, 2026",regular_season,Portland Fire,New York Liberty,Sarah Ashlee Barker,G,18,3-5,1-2,0-0,2,3,5,3,1,0,2,2,7,+6
20260526_POR_NY,"Tuesday, May 26, 2026",regular_season,Portland Fire,New York Liberty,Teja Oblak,G,18,4-8,2-2,0-0,2,1,3,4,1,0,4,3,10,-2
20260526_POR_NY,"Tuesday, May 26, 2026",regular_season,Portland Fire,New York Liberty,Frieda Buhner,F,,,,,,,,,,,,,,
20260526_POR_NY,"Tuesday, May 26, 2026",regular_season,Portland Fire,New York Liberty,Holly Winterburn,G,,,,,,,,,,,,,,
20260526_POR_NY,"Tuesday, May 26, 2026",regular_season,Portland Fire,New York Liberty,Jordan Harrison,G,,,,,,,,,,,,,,
20260526_POR_NY,"Tuesday, May 26, 2026",regular_season,New York Liberty,Portland Fire,Breanna Stewart,F,33,4-11,2-3,15-17,0,7,7,0,3,1,3,3,25,-4
20260526_POR_NY,"Tuesday, May 26, 2026",regular_season,New York Liberty,Portland Fire,Satou Sabally,F,4,0-1,0-1,2-2,0,0,0,0,0,0,1,2,2,-7
20260526_POR_NY,"Tuesday, May 26, 2026",regular_season,New York Liberty,Portland Fire,Jonquel Jones,C,32,3-11,1-5,5-5,3,8,11,4,0,4,3,5,12,-9
20260526_POR_NY,"Tuesday, May 26, 2026",regular_season,New York Liberty,Portland Fire,Marine Johannes,G,32,6-12,5-9,0-0,0,2,2,6,0,1,6,0,17,-2
20260526_POR_NY,"Tuesday, May 26, 2026",regular_season,New York Liberty,Portland Fire,Pauline Astier,G,32,2-4,0-1,0-0,0,3,3,3,0,0,3,5,4,-14
20260526_POR_NY,"Tuesday, May 26, 2026",regular_season,New York Liberty,Portland Fire,Anneli Maley,F,11,0-0,0-0,0-0,0,0,0,0,2,0,0,1,0,-3
20260526_POR_NY,"Tuesday, May 26, 2026",regular_season,New York Liberty,Portland Fire,Han Xu,C,16,4-5,0-1,0-0,1,0,1,2,2,1,0,0,8,+3
20260526_POR_NY,"Tuesday, May 26, 2026",regular_season,New York Liberty,Portland Fire,Rebekah Gardner,G,17,2-4,0-0,0-0,0,0,0,1,0,0,3,1,4,+6
20260526_POR_NY,"Tuesday, May 26, 2026",regular_season,New York Liberty,Portland Fire,Rebecca Allen,G,24,0-4,0-4,2-2,0,3,3,1,1,1,0,3,2,-5
20260526_POR_NY,"Tuesday, May 26, 2026",regular_season,New York Liberty,Portland Fire,Raquel Carrera,F,,,,,,,,,,,,,,
20260526_CON_GS,"Tuesday, May 26, 2026",regular_season,Connecticut Sun,Golden State Valkyries,Aaliyah Edwards,F,21,3-8,0-1,2-2,1,4,5,0,1,1,3,2,8,-17
20260526_CON_GS,"Tuesday, May 26, 2026",regular_season,Connecticut Sun,Golden State Valkyries,Diamond Miller,F,17,0-3,0-2,4-4,0,1,1,0,1,0,3,2,4,-15
20260526_CON_GS,"Tuesday, May 26, 2026",regular_season,Connecticut Sun,Golden State Valkyries,Kennedy Burke,G,20,1-3,0-1,1-2,0,2,2,0,2,0,2,0,3,-14
20260526_CON_GS,"Tuesday, May 26, 2026",regular_season,Connecticut Sun,Golden State Valkyries,Charlisse Leger-Walker,G,19,3-5,2-3,1-2,0,2,2,2,1,0,2,4,9,-16
20260526_CON_GS,"Tuesday, May 26, 2026",regular_season,Connecticut Sun,Golden State Valkyries,Gianna Kneepkens,G,12,2-2,0-0,2-2,1,0,1,1,1,0,0,2,6,-12
20260526_CON_GS,"Tuesday, May 26, 2026",regular_season,Connecticut Sun,Golden State Valkyries,Aneesah Morrow,F,23,4-8,1-3,2-4,3,7,10,2,0,0,1,1,11,-16
20260526_CON_GS,"Tuesday, May 26, 2026",regular_season,Connecticut Sun,Golden State Valkyries,Raegan Beers,F,7,1-1,0-0,1-1,0,3,3,0,1,0,1,3,3,+1
20260526_CON_GS,"Tuesday, May 26, 2026",regular_season,Connecticut Sun,Golden State Valkyries,Nell Angloma,F,14,2-4,1-2,1-2,1,0,1,0,0,0,2,2,6,-8
20260526_CON_GS,"Tuesday, May 26, 2026",regular_season,Connecticut Sun,Golden State Valkyries,Olivia Nelson-Ododa,C,12,2-5,0-0,3-4,1,0,1,5,0,2,2,6,7,-11
20260526_CON_GS,"Tuesday, May 26, 2026",regular_season,Connecticut Sun,Golden State Valkyries,Hailey Van Lith,G,20,2-7,0-0,1-1,0,2,2,2,1,0,0,0,5,-9
20260526_CON_GS,"Tuesday, May 26, 2026",regular_season,Connecticut Sun,Golden State Valkyries,Saniya Rivers,G,22,0-8,0-3,2-2,1,2,3,0,1,1,2,4,2,-16
20260526_CON_GS,"Tuesday, May 26, 2026",regular_season,Connecticut Sun,Golden State Valkyries,Ashlon Jackson,G,14,2-3,2-3,0-2,0,1,1,1,1,0,0,0,6,-2
20260526_CON_GS,"Tuesday, May 26, 2026",regular_season,Connecticut Sun,Golden State Valkyries,Brittney Griner,C,,,,,,,,,,,,,,
20260526_CON_GS,"Tuesday, May 26, 2026",regular_season,Golden State Valkyries,Connecticut Sun,Kayla Thornton,F,16,1-6,1-4,2-2,1,7,8,2,3,0,2,3,5,+26
20260526_CON_GS,"Tuesday, May 26, 2026",regular_season,Golden State Valkyries,Connecticut Sun,Gabby Williams,F,18,6-10,3-5,0-0,0,2,2,1,0,0,0,0,15,+21
20260526_CON_GS,"Tuesday, May 26, 2026",regular_season,Golden State Valkyries,Connecticut Sun,Kiah Stokes,C,13,0-2,0-0,1-2,0,1,1,1,1,0,0,4,1,+16
20260526_CON_GS,"Tuesday, May 26, 2026",regular_season,Golden State Valkyries,Connecticut Sun,Kaila Charles,G,21,5-8,2-2,0-1,2,5,7,0,2,0,2,0,12,+27
20260526_CON_GS,"Tuesday, May 26, 2026",regular_season,Golden State Valkyries,Connecticut Sun,Veronica Burton,G,17,4-6,2-2,1-1,1,1,2,6,0,0,0,3,11,+17
20260526_CON_GS,"Tuesday, May 26, 2026",regular_season,Golden State Valkyries,Connecticut Sun,Cecilia Zandalasini,F,14,2-5,2-4,0-1,0,1,1,1,0,0,2,1,6,+2
20260526_CON_GS,"Tuesday, May 26, 2026",regular_season,Golden State Valkyries,Connecticut Sun,Laeticia Amihere,F,19,3-5,0-0,3-5,2,2,4,3,0,2,0,1,9,+4
20260526_CON_GS,"Tuesday, May 26, 2026",regular_season,Golden State Valkyries,Connecticut Sun,Ashten Prechtel,F,5,2-3,1-2,0-0,1,0,1,0,0,0,1,0,5,-2
20260526_CON_GS,"Tuesday, May 26, 2026",regular_season,Golden State Valkyries,Connecticut Sun,Janelle Salaun,F,26,3-13,1-9,2-4,1,3,4,2,1,0,3,5,9,+10
20260526_CON_GS,"Tuesday, May 26, 2026",regular_season,Golden State Valkyries,Connecticut Sun,Tiffany Hayes,G,17,3-7,0-2,3-3,0,2,2,3,0,0,0,2,9,+6
20260526_CON_GS,"Tuesday, May 26, 2026",regular_season,Golden State Valkyries,Connecticut Sun,Kaitlyn Chen,G,23,3-5,0-1,4-4,2,0,2,2,0,0,1,3,10,+10
20260526_CON_GS,"Tuesday, May 26, 2026",regular_season,Golden State Valkyries,Connecticut Sun,Ndjakalenga Mwenentanda,G,6,0-1,0-1,0-0,1,0,1,1,0,0,0,1,0,0
20260526_CON_GS,"Tuesday, May 26, 2026",regular_season,Golden State Valkyries,Connecticut Sun,Juste Jocyte,G,5,2-2,1-1,0-0,0,0,0,2,0,0,1,2,5,-2
20260527_PHX_NY,"Wednesday, May 27, 2026",regular_season,Phoenix Mercury,New York Liberty,Alyssa Thomas,F,32,4-9,0-0,1-3,3,4,7,9,3,0,4,4,9,-13
20260527_PHX_NY,"Wednesday, May 27, 2026",regular_season,Phoenix Mercury,New York Liberty,Natasha Mack,F,28,6-7,0-0,2-2,1,5,6,1,0,2,1,1,14,-5
20260527_PHX_NY,"Wednesday, May 27, 2026",regular_season,Phoenix Mercury,New York Liberty,Noemie Brochant,F,19,1-4,1-4,0-0,0,2,2,1,1,1,0,2,3,-1
20260527_PHX_NY,"Wednesday, May 27, 2026",regular_season,Phoenix Mercury,New York Liberty,Kahleah Copper,G,36,6-18,2-9,5-6,0,2,2,2,1,0,2,3,19,-13
20260527_PHX_NY,"Wednesday, May 27, 2026",regular_season,Phoenix Mercury,New York Liberty,Monique Akoa Makani,G,19,2-5,2-4,3-4,0,2,2,4,2,0,3,2,9,+9
20260527_PHX_NY,"Wednesday, May 27, 2026",regular_season,Phoenix Mercury,New York Liberty,DeWanna Bonner,F,24,1-5,0-4,0-0,1,4,5,0,0,0,1,5,2,-11
20260527_PHX_NY,"Wednesday, May 27, 2026",regular_season,Phoenix Mercury,New York Liberty,Valeriane Ayayi,F,9,0-1,0-0,3-4,0,0,0,0,0,0,1,2,3,-7
20260527_PHX_NY,"Wednesday, May 27, 2026",regular_season,Phoenix Mercury,New York Liberty,Kyara Linskens,C,12,1-3,1-2,0-2,1,5,6,1,0,2,2,2,3,-5
20260527_PHX_NY,"Wednesday, May 27, 2026",regular_season,Phoenix Mercury,New York Liberty,Jovana Nogic,G,14,3-5,3-5,0-1,1,1,2,1,0,0,2,0,9,-4
20260527_PHX_NY,"Wednesday, May 27, 2026",regular_season,Phoenix Mercury,New York Liberty,Kiana Williams,G,7,1-2,1-2,0-0,0,0,0,0,0,0,0,0,3,0
20260527_PHX_NY,"Wednesday, May 27, 2026",regular_season,Phoenix Mercury,New York Liberty,Marta Suarez,F,,,,,,,,,,,,,,
20260527_PHX_NY,"Wednesday, May 27, 2026",regular_season,Phoenix Mercury,New York Liberty,Quionche Carter,G,,,,,,,,,,,,,,
20260527_PHX_NY,"Wednesday, May 27, 2026",regular_season,New York Liberty,Phoenix Mercury,Breanna Stewart,F,34,4-10,0-3,3-3,0,6,6,2,1,0,4,2,11,+10
20260527_PHX_NY,"Wednesday, May 27, 2026",regular_season,New York Liberty,Phoenix Mercury,Leonie Fiebich,F,33,3-4,2-3,1-1,0,0,0,1,2,0,3,3,9,+5
20260527_PHX_NY,"Wednesday, May 27, 2026",regular_season,New York Liberty,Phoenix Mercury,Jonquel Jones,C,31,5-16,3-7,4-4,3,9,12,4,1,0,0,0,17,+15
20260527_PHX_NY,"Wednesday, May 27, 2026",regular_season,New York Liberty,Phoenix Mercury,Marine Johannes,G,24,7-11,7-9,0-0,0,3,3,5,2,0,1,4,21,-1
20260527_PHX_NY,"Wednesday, May 27, 2026",regular_season,New York Liberty,Phoenix Mercury,Pauline Astier,G,23,3-7,0-1,1-1,2,2,4,4,0,2,2,2,7,+2
20260527_PHX_NY,"Wednesday, May 27, 2026",regular_season,New York Liberty,Phoenix Mercury,Raquel Carrera,F,1,0-0,0-0,0-0,0,0,0,0,0,0,0,1,0,-5
20260527_PHX_NY,"Wednesday, May 27, 2026",regular_season,New York Liberty,Phoenix Mercury,Han Xu,C,11,3-6,1-2,1-1,1,2,3,0,1,0,0,1,8,-5
20260527_PHX_NY,"Wednesday, May 27, 2026",regular_season,New York Liberty,Phoenix Mercury,Rebekah Gardner,G,18,1-3,0-1,0-0,0,2,2,1,1,0,0,3,2,+6
20260527_PHX_NY,"Wednesday, May 27, 2026",regular_season,New York Liberty,Phoenix Mercury,Betnijah Laney-Hamilton,G,13,2-5,1-1,2-2,0,0,0,2,1,0,0,3,7,+15
20260527_PHX_NY,"Wednesday, May 27, 2026",regular_season,New York Liberty,Phoenix Mercury,Rebecca Allen,G,13,0-5,0-3,2-2,0,2,2,0,0,0,1,1,2,+8
20260528_TOR_CHI,"Thursday, May 28, 2026",regular_season,Toronto Tempo,Chicago Sky,Nyara Sabally,F,28,11-14,3-4,4-6,2,4,6,2,2,2,2,4,29,+2
20260528_TOR_CHI,"Thursday, May 28, 2026",regular_season,Toronto Tempo,Chicago Sky,Laura Juskaite,F,22,3-4,1-1,0-0,0,2,2,2,0,1,1,5,7,+8
20260528_TOR_CHI,"Thursday, May 28, 2026",regular_season,Toronto Tempo,Chicago Sky,Brittney Sykes,G,35,6-14,1-4,7-8,1,5,6,2,0,1,0,0,20,+3
20260528_TOR_CHI,"Thursday, May 28, 2026",regular_season,Toronto Tempo,Chicago Sky,Marina Mabrey,G,28,9-13,3-7,3-4,2,2,4,7,1,0,2,5,24,+9
20260528_TOR_CHI,"Thursday, May 28, 2026",regular_season,Toronto Tempo,Chicago Sky,Kiki Rice,G,34,3-7,0-2,8-9,1,7,8,7,2,0,3,4,14,+11
20260528_TOR_CHI,"Thursday, May 28, 2026",regular_season,Toronto Tempo,Chicago Sky,Maria Conde,F,21,4-9,3-6,1-1,1,3,4,0,0,0,1,3,12,-7
20260528_TOR_CHI,"Thursday, May 28, 2026",regular_season,Toronto Tempo,Chicago Sky,Teonni Key,F,10,1-2,1-1,0-0,0,1,1,0,0,0,2,3,3,+4
20260528_TOR_CHI,"Thursday, May 28, 2026",regular_season,Toronto Tempo,Chicago Sky,Nikolina Milic,F,8,0-2,0-0,2-2,1,2,3,0,0,0,0,0,2,+2
20260528_TOR_CHI,"Thursday, May 28, 2026",regular_season,Toronto Tempo,Chicago Sky,Kia Nurse,G,8,0-1,0-1,0-0,0,1,1,0,0,0,0,1,0,+2
20260528_TOR_CHI,"Thursday, May 28, 2026",regular_season,Toronto Tempo,Chicago Sky,Lexi Held,G,6,0-0,0-0,0-0,2,0,2,2,1,0,2,0,0,+1
20260528_TOR_CHI,"Thursday, May 28, 2026",regular_season,Toronto Tempo,Chicago Sky,Isabelle Harrison,F,,,,,,,,,,,,,,
20260528_TOR_CHI,"Thursday, May 28, 2026",regular_season,Toronto Tempo,Chicago Sky,Temi Fagbenle,C,,,,,,,,,,,,,,
20260528_TOR_CHI,"Thursday, May 28, 2026",regular_season,Toronto Tempo,Chicago Sky,Julie Allemand,G,,,,,,,,,,,,,,
20260528_TOR_CHI,"Thursday, May 28, 2026",regular_season,Chicago Sky,Toronto Tempo,Azura Stevens,F,15,3-7,1-4,3-3,0,0,0,3,1,0,0,2,10,-1
20260528_TOR_CHI,"Thursday, May 28, 2026",regular_season,Chicago Sky,Toronto Tempo,Kamilla Cardoso,C,22,1-5,0-0,0-0,2,3,5,3,0,0,1,2,2,-1
20260528_TOR_CHI,"Thursday, May 28, 2026",regular_season,Chicago Sky,Toronto Tempo,Skylar Diggins,G,36,8-16,1-6,6-7,0,2,2,9,1,2,0,2,23,-3
20260528_TOR_CHI,"Thursday, May 28, 2026",regular_season,Chicago Sky,Toronto Tempo,Natasha Cloud,G,31,7-8,2-3,2-2,1,4,5,9,1,0,3,5,18,0
20260528_TOR_CHI,"Thursday, May 28, 2026",regular_season,Chicago Sky,Toronto Tempo,Jacy Sheldon,G,19,2-6,0-3,0-0,0,0,0,0,0,0,0,4,4,-7
20260528_TOR_CHI,"Thursday, May 28, 2026",regular_season,Chicago Sky,Toronto Tempo,Elizabeth Williams,C,23,4-6,0-0,3-6,4,5,9,3,1,1,2,2,11,-8
20260528_TOR_CHI,"Thursday, May 28, 2026",regular_season,Chicago Sky,Toronto Tempo,Rachel Banham,G,13,0-1,0-1,0-0,0,1,1,1,0,0,2,3,0,-6
20260528_TOR_CHI,"Thursday, May 28, 2026",regular_season,Chicago Sky,Toronto Tempo,Aicha Coulibaly,G,18,2-4,0-2,5-5,1,2,3,1,2,0,1,3,9,-5
20260528_TOR_CHI,"Thursday, May 28, 2026",regular_season,Chicago Sky,Toronto Tempo,Sydney Taylor,G,23,9-22,3-12,6-6,1,1,2,2,1,0,0,1,27,-4
20260528_TOR_CHI,"Thursday, May 28, 2026",regular_season,Chicago Sky,Toronto Tempo,Rickea Jackson,F,,,,,,,,,,,,,,
20260528_TOR_CHI,"Thursday, May 28, 2026",regular_season,Chicago Sky,Toronto Tempo,Courtney Vandersloot,G,,,,,,,,,,,,,,
20260528_TOR_CHI,"Thursday, May 28, 2026",regular_season,Chicago Sky,Toronto Tempo,DiJonai Carrington,G,,,,,,,,,,,,,,
20260528_TOR_CHI,"Thursday, May 28, 2026",regular_season,Chicago Sky,Toronto Tempo,Saylor Poffenbarger,G,,,,,,,,,,,,,,
20260528_TOR_CHI,"Thursday, May 28, 2026",regular_season,Chicago Sky,Toronto Tempo,Gabriela Jaquez,G,,,,,,,,,,,,,,
20260528_ATL_MIN,"Thursday, May 28, 2026",regular_season,Atlanta Dream,Minnesota Lynx,Naz Hillmon,F,32,7-14,1-5,0-0,2,6,8,1,1,0,3,1,15,-18
20260528_ATL_MIN,"Thursday, May 28, 2026",regular_season,Atlanta Dream,Minnesota Lynx,Angel Reese,F,27,3-8,0-2,4-4,4,4,8,5,1,0,2,2,10,-16
20260528_ATL_MIN,"Thursday, May 28, 2026",regular_season,Atlanta Dream,Minnesota Lynx,Allisha Gray,G,31,7-11,5-8,2-2,0,0,0,3,1,0,3,4,21,-15
20260528_ATL_MIN,"Thursday, May 28, 2026",regular_season,Atlanta Dream,Minnesota Lynx,Jordin Canada,G,29,2-6,1-3,4-4,0,1,1,5,0,0,4,0,9,-18
20260528_ATL_MIN,"Thursday, May 28, 2026",regular_season,Atlanta Dream,Minnesota Lynx,Rhyne Howard,G,36,4-14,2-8,0-0,0,2,2,4,1,2,2,2,10,-12
20260528_ATL_MIN,"Thursday, May 28, 2026",regular_season,Atlanta Dream,Minnesota Lynx,Sika Kone,F,9,2-4,1-3,0-0,1,2,3,0,0,0,0,1,5,+8
20260528_ATL_MIN,"Thursday, May 28, 2026",regular_season,Atlanta Dream,Minnesota Lynx,Madina Okot,C,5,1-1,0-0,2-4,1,0,1,0,0,0,1,0,4,-5
20260528_ATL_MIN,"Thursday, May 28, 2026",regular_season,Atlanta Dream,Minnesota Lynx,Te-Hina Paopao,G,11,1-1,1-1,0-0,0,0,0,1,0,0,0,0,3,+3
20260528_ATL_MIN,"Thursday, May 28, 2026",regular_season,Atlanta Dream,Minnesota Lynx,Aaliyah Nye,G,2,0-0,0-0,0-0,0,0,0,0,0,0,0,0,0,0
20260528_ATL_MIN,"Thursday, May 28, 2026",regular_season,Atlanta Dream,Minnesota Lynx,Indya Nivar,G,5,0-2,0-0,0-2,1,2,3,1,1,0,1,0,0,+4
20260528_ATL_MIN,"Thursday, May 28, 2026",regular_season,Atlanta Dream,Minnesota Lynx,Isobel Borlase,G,13,2-4,0-1,0-0,1,0,1,3,0,0,0,0,4,-6
20260528_ATL_MIN,"Thursday, May 28, 2026",regular_season,Atlanta Dream,Minnesota Lynx,Brionna Jones,F,,,,,,,,,,,,,,
20260528_ATL_MIN,"Thursday, May 28, 2026",regular_season,Minnesota Lynx,Atlanta Dream,Natasha Howard,F,33,11-16,0-0,0-0,3,5,8,5,2,2,3,4,22,+18
20260528_ATL_MIN,"Thursday, May 28, 2026",regular_season,Minnesota Lynx,Atlanta Dream,Nia Coffey,F,31,6-10,2-5,0-0,0,5,5,3,1,0,0,2,14,+16
20260528_ATL_MIN,"Thursday, May 28, 2026",regular_season,Minnesota Lynx,Atlanta Dream,Kayla McBride,G,34,4-10,1-4,3-3,0,2,2,1,3,0,2,1,12,+20
20260528_ATL_MIN,"Thursday, May 28, 2026",regular_season,Minnesota Lynx,Atlanta Dream,Courtney Williams,G,33,10-15,3-5,2-2,1,2,3,7,1,0,4,1,25,+10
20260528_ATL_MIN,"Thursday, May 28, 2026",regular_season,Minnesota Lynx,Atlanta Dream,Olivia Miles,G,34,6-10,0-2,4-5,1,4,5,8,1,0,3,4,16,+21
20260528_ATL_MIN,"Thursday, May 28, 2026",regular_season,Minnesota Lynx,Atlanta Dream,Liatu King,F,9,1-1,1-1,0-0,0,1,1,0,0,0,0,1,3,-1
20260528_ATL_MIN,"Thursday, May 28, 2026",regular_season,Minnesota Lynx,Atlanta Dream,Antonia Delaere,F,6,0-1,0-1,0-0,0,0,0,0,1,0,0,0,0,-2
20260528_ATL_MIN,"Thursday, May 28, 2026",regular_season,Minnesota Lynx,Atlanta Dream,Anastasiia Olairi Kosu,F,7,1-1,0-0,0-0,0,0,0,1,0,0,1,2,2,-3
20260528_ATL_MIN,"Thursday, May 28, 2026",regular_season,Minnesota Lynx,Atlanta Dream,Maya Caldwell,G,14,1-3,0-1,0-0,0,0,0,1,1,0,1,1,2,-4
20260528_ATL_MIN,"Thursday, May 28, 2026",regular_season,Minnesota Lynx,Atlanta Dream,Napheesa Collier,F,,,,,,,,,,,,,,
20260528_ATL_MIN,"Thursday, May 28, 2026",regular_season,Minnesota Lynx,Atlanta Dream,Dorka Juhasz,F,,,,,,,,,,,,,,
20260528_ATL_MIN,"Thursday, May 28, 2026",regular_season,Minnesota Lynx,Atlanta Dream,Emma Cechova,F,,,,,,,,,,,,,,
20260528_CON_POR,"Thursday, May 28, 2026",regular_season,Connecticut Sun,Portland Fire,Aaliyah Edwards,F,5,0-0,0-0,0-2,2,0,2,0,0,0,0,0,0,-7
20260528_CON_POR,"Thursday, May 28, 2026",regular_season,Connecticut Sun,Portland Fire,Diamond Miller,F,20,2-6,0-2,1-2,0,0,0,1,2,0,1,4,5,-9
20260528_CON_POR,"Thursday, May 28, 2026",regular_season,Connecticut Sun,Portland Fire,Aneesah Morrow,F,29,6-19,1-7,0-0,8,5,13,1,1,2,2,3,13,-6
20260528_CON_POR,"Thursday, May 28, 2026",regular_season,Connecticut Sun,Portland Fire,Saniya Rivers,G,23,3-11,0-3,1-2,1,0,1,2,0,0,3,0,7,-10
20260528_CON_POR,"Thursday, May 28, 2026",regular_season,Connecticut Sun,Portland Fire,Charlisse Leger-Walker,G,27,3-7,0-3,5-9,0,2,2,3,0,0,2,4,11,-14
20260528_CON_POR,"Thursday, May 28, 2026",regular_season,Connecticut Sun,Portland Fire,Raegan Beers,F,14,2-2,0-0,0-0,0,4,4,2,0,0,0,2,4,-6
20260528_CON_POR,"Thursday, May 28, 2026",regular_season,Connecticut Sun,Portland Fire,Nell Angloma,F,4,0-0,0-0,0-0,0,0,0,0,0,0,0,2,0,+1
20260528_CON_POR,"Thursday, May 28, 2026",regular_season,Connecticut Sun,Portland Fire,Olivia Nelson-Ododa,C,21,2-3,0-0,0-2,3,1,4,4,2,0,0,1,4,+3
20260528_CON_POR,"Thursday, May 28, 2026",regular_season,Connecticut Sun,Portland Fire,Kennedy Burke,G,18,2-5,0-1,2-2,0,2,2,1,1,0,4,2,6,0
20260528_CON_POR,"Thursday, May 28, 2026",regular_season,Connecticut Sun,Portland Fire,Hailey Van Lith,G,13,3-5,0-2,1-1,0,2,2,0,0,1,2,3,7,+4
20260528_CON_POR,"Thursday, May 28, 2026",regular_season,Connecticut Sun,Portland Fire,Gianna Kneepkens,G,9,1-2,0-1,2-2,0,1,1,0,0,0,0,1,4,-2
20260528_CON_POR,"Thursday, May 28, 2026",regular_season,Connecticut Sun,Portland Fire,Ashlon Jackson,G,17,0-2,0-2,0-0,0,2,2,3,3,0,3,0,0,-4
20260528_CON_POR,"Thursday, May 28, 2026",regular_season,Connecticut Sun,Portland Fire,Brittney Griner,C,,,,,,,,,,,,,,
20260528_CON_POR,"Thursday, May 28, 2026",regular_season,Portland Fire,Connecticut Sun,Bridget Carleton,F,29,5-10,2-5,1-1,2,5,7,3,1,0,2,1,13,0
20260528_CON_POR,"Thursday, May 28, 2026",regular_season,Portland Fire,Connecticut Sun,Emily Engstler,F,19,2-5,0-3,0-0,0,1,1,2,0,2,2,1,4,-7
20260528_CON_POR,"Thursday, May 28, 2026",regular_season,Portland Fire,Connecticut Sun,Nyadiew Puoch,F,18,1-3,0-2,0-4,0,0,0,0,1,0,2,3,2,-5
20260528_CON_POR,"Thursday, May 28, 2026",regular_season,Portland Fire,Connecticut Sun,Luisa Geiselsoder,C,19,1-4,1-3,0-0,1,0,1,2,2,0,1,2,3,-4
20260528_CON_POR,"Thursday, May 28, 2026",regular_season,Portland Fire,Connecticut Sun,Carla Leite,G,23,4-10,2-3,10-10,0,0,0,3,1,0,4,3,20,-1
20260528_CON_POR,"Thursday, May 28, 2026",regular_season,Portland Fire,Connecticut Sun,Frieda Buhner,F,13,4-5,1-1,0-0,0,1,1,0,0,0,0,0,9,+13
20260528_CON_POR,"Thursday, May 28, 2026",regular_season,Portland Fire,Connecticut Sun,Megan DiLeo,C,18,3-6,1-2,3-4,1,3,4,2,0,0,0,3,10,+15
20260528_CON_POR,"Thursday, May 28, 2026",regular_season,Portland Fire,Connecticut Sun,Serah Williams,C,11,0-0,0-0,1-2,0,1,1,0,0,0,1,1,1,+3
20260528_CON_POR,"Thursday, May 28, 2026",regular_season,Portland Fire,Connecticut Sun,Karlie Samuelson,G,12,0-2,0-2,0-0,0,0,0,1,1,0,0,1,0,+6
20260528_CON_POR,"Thursday, May 28, 2026",regular_season,Portland Fire,Connecticut Sun,Sarah Ashlee Barker,G,22,2-4,0-1,0-0,2,9,11,1,3,1,4,4,4,+19
20260528_CON_POR,"Thursday, May 28, 2026",regular_season,Portland Fire,Connecticut Sun,Teja Oblak,G,17,2-3,0-0,1-3,0,0,0,2,1,0,3,2,5,+11
20260528_CON_POR,"Thursday, May 28, 2026",regular_season,Portland Fire,Connecticut Sun,Holly Winterburn,G,,,,,,,,,,,,,,
20260528_WSH_SEA,"Thursday, May 28, 2026",regular_season,Washington Mystics,Seattle Storm,Michaela Onyenwere,F,22,5-10,3-7,1-2,2,0,2,2,0,0,2,2,14,+2
20260528_WSH_SEA,"Thursday, May 28, 2026",regular_season,Washington Mystics,Seattle Storm,Kiki Iriafen,F,24,5-7,0-1,3-3,2,7,9,0,0,0,1,5,13,+15
20260528_WSH_SEA,"Thursday, May 28, 2026",regular_season,Washington Mystics,Seattle Storm,Shakira Austin,C,29,6-13,1-2,5-5,2,11,13,5,0,1,2,0,18,+10
20260528_WSH_SEA,"Thursday, May 28, 2026",regular_season,Washington Mystics,Seattle Storm,Sonia Citron,G,30,3-12,1-2,0-0,2,2,4,3,1,0,1,1,7,+14
20260528_WSH_SEA,"Thursday, May 28, 2026",regular_season,Washington Mystics,Seattle Storm,Georgia Amoore,G,27,2-3,1-1,2-2,0,0,0,2,0,0,2,3,7,+7
20260528_WSH_SEA,"Thursday, May 28, 2026",regular_season,Washington Mystics,Seattle Storm,Angela Dugalic,F,16,1-6,0-3,0-0,2,1,3,2,1,0,1,1,2,-1
20260528_WSH_SEA,"Thursday, May 28, 2026",regular_season,Washington Mystics,Seattle Storm,Lauren Betts,C,11,1-2,0-0,4-4,0,3,3,0,0,0,0,1,6,+4
20260528_WSH_SEA,"Thursday, May 28, 2026",regular_season,Washington Mystics,Seattle Storm,Cotie McMahon,G,8,0-1,0-1,0-0,0,0,0,2,0,1,1,1,0,+7
20260528_WSH_SEA,"Thursday, May 28, 2026",regular_season,Washington Mystics,Seattle Storm,Cassandre Prosper,G,10,1-3,0-1,0-0,1,0,1,0,0,0,1,4,2,+5
20260528_WSH_SEA,"Thursday, May 28, 2026",regular_season,Washington Mystics,Seattle Storm,Alicia Florez,G,23,4-9,1-3,0-0,2,3,5,3,2,0,1,4,9,+7
20260528_WSH_SEA,"Thursday, May 28, 2026",regular_season,Washington Mystics,Seattle Storm,Rori Harmon,G,,,,,,,,,,,,,,
20260528_WSH_SEA,"Thursday, May 28, 2026",regular_season,Washington Mystics,Seattle Storm,Lucy Olsen,G,,,,,,,,,,,,,,
20260528_WSH_SEA,"Thursday, May 28, 2026",regular_season,Washington Mystics,Seattle Storm,Alex Wilson,G,,,,,,,,,,,,,,
20260528_WSH_SEA,"Thursday, May 28, 2026",regular_season,Seattle Storm,Washington Mystics,Jordan Horston,F,19,1-5,0-1,2-2,1,4,5,3,0,1,1,3,4,-8
20260528_WSH_SEA,"Thursday, May 28, 2026",regular_season,Seattle Storm,Washington Mystics,Stefanie Dolson,C,20,0-3,0-2,0-0,1,2,3,1,1,0,0,2,0,-20
20260528_WSH_SEA,"Thursday, May 28, 2026",regular_season,Seattle Storm,Washington Mystics,Natisha Hiedeman,G,28,2-9,1-5,3-3,0,2,2,1,1,0,3,1,8,-14
20260528_WSH_SEA,"Thursday, May 28, 2026",regular_season,Seattle Storm,Washington Mystics,Flau'jae Johnson,G,29,3-13,0-4,2-2,1,1,2,2,0,2,0,3,8,-11
20260528_WSH_SEA,"Thursday, May 28, 2026",regular_season,Seattle Storm,Washington Mystics,Jade Melbourne,G,23,6-8,0-0,3-4,1,2,3,3,1,0,1,2,15,+5
20260528_WSH_SEA,"Thursday, May 28, 2026",regular_season,Seattle Storm,Washington Mystics,Katie Lou Samuelson,F,15,2-3,1-2,3-4,0,1,1,0,2,0,0,1,8,-7
20260528_WSH_SEA,"Thursday, May 28, 2026",regular_season,Seattle Storm,Washington Mystics,Mackenzie Holmes,F,20,3-4,2-2,0-0,4,6,10,1,2,0,4,3,8,+6
20260528_WSH_SEA,"Thursday, May 28, 2026",regular_season,Seattle Storm,Washington Mystics,Awa Fam,C,17,2-5,0-1,2-4,4,1,5,0,0,0,1,4,6,-2
20260528_WSH_SEA,"Thursday, May 28, 2026",regular_season,Seattle Storm,Washington Mystics,Lexie Brown,G,11,1-3,1-3,0-0,0,0,0,1,0,0,0,0,3,-7
20260528_WSH_SEA,"Thursday, May 28, 2026",regular_season,Seattle Storm,Washington Mystics,Zia Cooke,G,18,2-10,0-3,0-0,0,0,0,2,0,0,1,2,4,-12
20260528_WSH_SEA,"Thursday, May 28, 2026",regular_season,Seattle Storm,Washington Mystics,Joyner Holmes,F,,,,,,,,,,,,,,
20260528_WSH_SEA,"Thursday, May 28, 2026",regular_season,Seattle Storm,Washington Mystics,Ezi Magbegor,F,,,,,,,,,,,,,,
20260528_WSH_SEA,"Thursday, May 28, 2026",regular_season,Seattle Storm,Washington Mystics,Dominique Malonga,C,,,,,,,,,,,,,,
20260529_LV_DAL,"Friday, May 29, 2026",regular_season,Las Vegas Aces,Dallas Wings,Stephanie Talbot,F,7,1-1,0-0,0-0,1,2,3,1,0,0,1,0,2,-3
20260529_LV_DAL,"Friday, May 29, 2026",regular_season,Las Vegas Aces,Dallas Wings,NaLyssa Smith,F,27,4-5,0-0,1-4,4,8,12,0,0,1,1,3,9,-11
20260529_LV_DAL,"Friday, May 29, 2026",regular_season,Las Vegas Aces,Dallas Wings,A'ja Wilson,C,35,10-24,1-1,0-1,1,6,7,3,1,0,2,0,21,-12
20260529_LV_DAL,"Friday, May 29, 2026",regular_season,Las Vegas Aces,Dallas Wings,Chelsea Gray,G,34,2-10,1-4,3-3,0,3,3,8,1,1,1,3,8,-2
20260529_LV_DAL,"Friday, May 29, 2026",regular_season,Las Vegas Aces,Dallas Wings,Jackie Young,G,33,7-20,1-5,0-0,1,2,3,7,1,0,0,2,15,-15
20260529_LV_DAL,"Friday, May 29, 2026",regular_season,Las Vegas Aces,Dallas Wings,Cheyenne Parker-Tyus,F,8,3-5,1-1,2-2,1,1,2,0,0,0,0,3,9,+7
20260529_LV_DAL,"Friday, May 29, 2026",regular_season,Las Vegas Aces,Dallas Wings,Kierstan Bell,F,9,0-0,0-0,0-0,0,0,0,1,1,0,0,1,0,-1
20260529_LV_DAL,"Friday, May 29, 2026",regular_season,Las Vegas Aces,Dallas Wings,Jewell Loyd,G,28,3-6,2-5,1-2,0,2,2,1,0,1,0,1,9,-6
20260529_LV_DAL,"Friday, May 29, 2026",regular_season,Las Vegas Aces,Dallas Wings,Chennedy Carter,G,19,6-11,2-4,0-0,0,1,1,0,1,0,0,2,14,+3
20260529_LV_DAL,"Friday, May 29, 2026",regular_season,Las Vegas Aces,Dallas Wings,Brianna Turner,F,,,,,,,,,,,,,,
20260529_LV_DAL,"Friday, May 29, 2026",regular_season,Las Vegas Aces,Dallas Wings,Janiah Barker,F,,,,,,,,,,,,,,
20260529_LV_DAL,"Friday, May 29, 2026",regular_season,Dallas Wings,Las Vegas Aces,Jessica Shepard,F,38,8-13,0-1,6-6,4,16,20,10,0,0,2,3,22,+13
20260529_LV_DAL,"Friday, May 29, 2026",regular_season,Dallas Wings,Las Vegas Aces,Maddy Siegrist,F,17,3-7,2-3,0-0,2,5,7,1,0,0,0,2,8,-1
20260529_LV_DAL,"Friday, May 29, 2026",regular_season,Dallas Wings,Las Vegas Aces,Arike Ogunbowale,G,18,0-4,0-1,1-1,0,0,0,2,0,0,1,2,1,-5
20260529_LV_DAL,"Friday, May 29, 2026",regular_season,Dallas Wings,Las Vegas Aces,Paige Bueckers,G,38,8-18,2-6,2-3,1,2,3,6,0,2,3,2,20,+15
20260529_LV_DAL,"Friday, May 29, 2026",regular_season,Dallas Wings,Las Vegas Aces,Azzi Fudd,G,38,9-15,3-5,1-2,1,2,3,2,1,1,0,1,22,+15
20260529_LV_DAL,"Friday, May 29, 2026",regular_season,Dallas Wings,Las Vegas Aces,Alysha Clark,F,18,1-2,1-2,3-4,0,0,0,1,0,0,1,4,6,+11
20260529_LV_DAL,"Friday, May 29, 2026",regular_season,Dallas Wings,Las Vegas Aces,Awak Kuier,F,21,3-5,2-3,4-4,0,4,4,0,0,2,1,1,12,+7
20260529_LV_DAL,"Friday, May 29, 2026",regular_season,Dallas Wings,Las Vegas Aces,Odyssey Sims,G,6,0-0,0-0,2-2,0,1,1,0,0,0,2,0,2,-7
20260529_LV_DAL,"Friday, May 29, 2026",regular_season,Dallas Wings,Las Vegas Aces,Aziaha James,G,6,1-3,0-1,0-0,0,1,1,1,0,0,0,1,2,-8
20260529_LV_DAL,"Friday, May 29, 2026",regular_season,Dallas Wings,Las Vegas Aces,Dulcy Fankam Mendjiadeu,F,,,,,,,,,,,,,,
20260529_LV_DAL,"Friday, May 29, 2026",regular_season,Dallas Wings,Las Vegas Aces,Li Yueru,C,,,,,,,,,,,,,,
20260529_LV_DAL,"Friday, May 29, 2026",regular_season,Dallas Wings,Las Vegas Aces,JJ Quinerly,G,,,,,,,,,,,,,,
20260529_IND_GS,"Friday, May 29, 2026",regular_season,Indiana Fever,Golden State Valkyries,Monique Billings,F,19,1-2,0-1,2-2,2,3,5,2,0,1,0,2,4,-7
20260529_IND_GS,"Friday, May 29, 2026",regular_season,Indiana Fever,Golden State Valkyries,Aliyah Boston,C,22,4-11,1-3,4-4,2,4,6,4,0,0,2,4,13,-2
20260529_IND_GS,"Friday, May 29, 2026",regular_season,Indiana Fever,Golden State Valkyries,Kelsey Mitchell,G,30,5-13,2-5,2-3,0,1,1,3,0,0,1,5,14,-6
20260529_IND_GS,"Friday, May 29, 2026",regular_season,Indiana Fever,Golden State Valkyries,Lexie Hull,G,23,2-7,1-3,0-0,1,5,6,0,1,0,1,3,5,+2
20260529_IND_GS,"Friday, May 29, 2026",regular_season,Indiana Fever,Golden State Valkyries,Caitlin Clark,G,29,3-12,2-6,8-8,0,4,4,6,3,1,5,4,16,-2
20260529_IND_GS,"Friday, May 29, 2026",regular_season,Indiana Fever,Golden State Valkyries,Myisha Hines-Allen,F,16,1-4,0-0,0-0,0,1,1,1,0,1,0,1,2,-2
20260529_IND_GS,"Friday, May 29, 2026",regular_season,Indiana Fever,Golden State Valkyries,Makayla Timpson,F,15,3-3,0-0,1-2,2,3,5,2,1,1,0,3,7,+2
20260529_IND_GS,"Friday, May 29, 2026",regular_season,Indiana Fever,Golden State Valkyries,Sophie Cunningham,G,25,4-11,1-7,2-2,0,2,2,2,2,0,1,2,11,+1
20260529_IND_GS,"Friday, May 29, 2026",regular_season,Indiana Fever,Golden State Valkyries,Raven Johnson,G,21,7-10,2-3,0-0,0,4,4,2,0,1,1,1,16,+4
20260529_IND_GS,"Friday, May 29, 2026",regular_season,Indiana Fever,Golden State Valkyries,Grace VanSlooten,F,,,,,,,,,,,,,,
20260529_IND_GS,"Friday, May 29, 2026",regular_season,Indiana Fever,Golden State Valkyries,Damiris Dantas,C,,,,,,,,,,,,,,
20260529_IND_GS,"Friday, May 29, 2026",regular_season,Indiana Fever,Golden State Valkyries,Tyasha Harris,G,,,,,,,,,,,,,,
20260529_IND_GS,"Friday, May 29, 2026",regular_season,Golden State Valkyries,Indiana Fever,Kayla Thornton,F,18,0-2,0-2,0-0,0,3,3,0,0,0,1,2,0,0
20260529_IND_GS,"Friday, May 29, 2026",regular_season,Golden State Valkyries,Indiana Fever,Gabby Williams,F,28,6-14,0-4,7-10,1,5,6,6,3,0,1,1,19,-2
20260529_IND_GS,"Friday, May 29, 2026",regular_season,Golden State Valkyries,Indiana Fever,Kiah Stokes,C,26,2-4,0-0,0-0,1,3,4,2,0,4,2,1,4,-2
20260529_IND_GS,"Friday, May 29, 2026",regular_season,Golden State Valkyries,Indiana Fever,Kaila Charles,G,15,3-5,1-2,0-0,1,3,4,1,0,0,1,1,7,-8
20260529_IND_GS,"Friday, May 29, 2026",regular_season,Golden State Valkyries,Indiana Fever,Veronica Burton,G,29,7-13,1-3,10-12,2,4,6,3,1,5,1,5,25,-2
20260529_IND_GS,"Friday, May 29, 2026",regular_season,Golden State Valkyries,Indiana Fever,Cecilia Zandalasini,F,14,3-8,2-3,0-0,0,0,0,3,0,0,1,1,8,+2
20260529_IND_GS,"Friday, May 29, 2026",regular_season,Golden State Valkyries,Indiana Fever,Laeticia Amihere,F,14,1-5,0-0,1-2,2,3,5,1,0,1,1,3,3,+4
20260529_IND_GS,"Friday, May 29, 2026",regular_season,Golden State Valkyries,Indiana Fever,Janelle Salaun,F,24,7-12,3-5,2-4,1,6,7,3,1,0,0,2,19,+1
20260529_IND_GS,"Friday, May 29, 2026",regular_season,Golden State Valkyries,Indiana Fever,Tiffany Hayes,G,5,0-0,0-0,0-0,0,1,1,0,0,0,1,3,0,+6
20260529_IND_GS,"Friday, May 29, 2026",regular_season,Golden State Valkyries,Indiana Fever,Kaitlyn Chen,G,11,1-1,0-0,0-0,0,1,1,3,0,0,0,1,2,+4
20260529_IND_GS,"Friday, May 29, 2026",regular_season,Golden State Valkyries,Indiana Fever,Juste Jocyte,G,16,1-4,1-2,0-0,0,0,0,2,0,1,2,1,3,+7
20260529_IND_GS,"Friday, May 29, 2026",regular_season,Golden State Valkyries,Indiana Fever,Ashten Prechtel,F,,,,,,,,,,,,,,
20260529_IND_GS,"Friday, May 29, 2026",regular_season,Golden State Valkyries,Indiana Fever,Ndjakalenga Mwenentanda,G,,,,,,,,,,,,,,
20260529_PHX_NY,"Friday, May 29, 2026",regular_season,Phoenix Mercury,New York Liberty,Alyssa Thomas,F,36,5-14,0-0,5-6,1,2,3,8,3,1,3,3,15,-8
20260529_PHX_NY,"Friday, May 29, 2026",regular_season,Phoenix Mercury,New York Liberty,Natasha Mack,F,28,3-5,0-0,0-0,2,7,9,0,5,1,1,1,6,-11
20260529_PHX_NY,"Friday, May 29, 2026",regular_season,Phoenix Mercury,New York Liberty,Noemie Brochant,F,21,0-4,0-4,2-2,0,1,1,0,1,0,0,2,2,-5
20260529_PHX_NY,"Friday, May 29, 2026",regular_season,Phoenix Mercury,New York Liberty,Kahleah Copper,G,37,4-16,1-8,7-8,0,3,3,1,0,1,3,3,16,-4
20260529_PHX_NY,"Friday, May 29, 2026",regular_season,Phoenix Mercury,New York Liberty,Monique Akoa Makani,G,29,5-8,3-4,0-0,0,3,3,3,1,0,0,6,13,-9
20260529_PHX_NY,"Friday, May 29, 2026",regular_season,Phoenix Mercury,New York Liberty,DeWanna Bonner,F,22,0-3,0-2,4-4,0,3,3,0,0,0,0,2,4,-5
20260529_PHX_NY,"Friday, May 29, 2026",regular_season,Phoenix Mercury,New York Liberty,Valeriane Ayayi,F,3,0-1,0-0,0-0,0,1,1,1,0,0,1,0,0,+3
20260529_PHX_NY,"Friday, May 29, 2026",regular_season,Phoenix Mercury,New York Liberty,Kyara Linskens,C,12,2-4,0-1,0-0,0,0,0,1,1,0,0,1,4,+4
20260529_PHX_NY,"Friday, May 29, 2026",regular_season,Phoenix Mercury,New York Liberty,Jovana Nogic,G,12,2-7,2-5,2-2,0,0,0,0,0,0,1,2,8,0
20260529_PHX_NY,"Friday, May 29, 2026",regular_season,Phoenix Mercury,New York Liberty,Sami Whitcomb,G,,,,,,,,,,,,,,
20260529_PHX_NY,"Friday, May 29, 2026",regular_season,Phoenix Mercury,New York Liberty,Kiana Williams,G,,,,,,,,,,,,,,
20260529_PHX_NY,"Friday, May 29, 2026",regular_season,Phoenix Mercury,New York Liberty,Quionche Carter,G,,,,,,,,,,,,,,
20260529_PHX_NY,"Friday, May 29, 2026",regular_season,New York Liberty,Phoenix Mercury,Breanna Stewart,F,29,4-11,1-4,0-0,2,6,8,4,1,0,2,0,9,+4
20260529_PHX_NY,"Friday, May 29, 2026",regular_season,New York Liberty,Phoenix Mercury,Leonie Fiebich,F,30,1-6,0-2,1-1,1,1,2,1,1,0,4,1,3,+2
20260529_PHX_NY,"Friday, May 29, 2026",regular_season,New York Liberty,Phoenix Mercury,Jonquel Jones,C,31,2-9,1-4,4-4,3,6,9,2,1,2,2,4,9,+8
20260529_PHX_NY,"Friday, May 29, 2026",regular_season,New York Liberty,Phoenix Mercury,Marine Johannes,G,19,2-5,2-5,0-0,0,2,2,1,0,0,2,4,6,-6
20260529_PHX_NY,"Friday, May 29, 2026",regular_season,New York Liberty,Phoenix Mercury,Pauline Astier,G,31,6-8,1-1,3-4,0,6,6,6,0,1,2,5,16,+10
20260529_PHX_NY,"Friday, May 29, 2026",regular_season,New York Liberty,Phoenix Mercury,Satou Sabally,F,10,1-3,0-1,2-2,0,3,3,1,0,0,1,2,4,+5
20260529_PHX_NY,"Friday, May 29, 2026",regular_season,New York Liberty,Phoenix Mercury,Han Xu,C,17,4-7,1-2,0-0,1,5,6,1,0,1,1,1,9,+5
20260529_PHX_NY,"Friday, May 29, 2026",regular_season,New York Liberty,Phoenix Mercury,Rebekah Gardner,G,15,3-5,0-1,0-0,0,1,1,0,0,1,0,2,6,+3
20260529_PHX_NY,"Friday, May 29, 2026",regular_season,New York Liberty,Phoenix Mercury,Betnijah Laney-Hamilton,G,15,3-6,2-5,5-6,0,3,3,2,2,0,1,1,13,+2
20260529_PHX_NY,"Friday, May 29, 2026",regular_season,New York Liberty,Phoenix Mercury,Rebecca Allen,G,3,0-0,0-0,0-0,0,0,0,0,0,0,1,1,0,+2
20260529_PHX_NY,"Friday, May 29, 2026",regular_season,New York Liberty,Phoenix Mercury,Raquel Carrera,F,,,,,,,,,,,,,,
20260529_LA_WSH,"Friday, May 29, 2026",regular_season,Los Angeles Sparks,Washington Mystics,Nneka Ogwumike,F,33,8-17,1-3,3-5,2,9,11,2,1,1,1,3,20,+4
20260529_LA_WSH,"Friday, May 29, 2026",regular_season,Los Angeles Sparks,Washington Mystics,Dearica Hamby,F,30,4-9,0-2,6-8,2,5,7,9,4,0,1,2,14,0
20260529_LA_WSH,"Friday, May 29, 2026",regular_season,Los Angeles Sparks,Washington Mystics,Erica Wheeler,G,35,8-16,1-4,4-4,1,1,2,8,1,0,4,1,21,+8
20260529_LA_WSH,"Friday, May 29, 2026",regular_season,Los Angeles Sparks,Washington Mystics,Ariel Atkins,G,29,4-5,0-0,0-0,1,1,2,2,0,0,2,6,8,-2
20260529_LA_WSH,"Friday, May 29, 2026",regular_season,Los Angeles Sparks,Washington Mystics,Rae Burrell,G,32,2-8,0-5,0-1,0,2,2,1,0,0,1,4,4,-5
20260529_LA_WSH,"Friday, May 29, 2026",regular_season,Los Angeles Sparks,Washington Mystics,Cameron Brink,F,17,5-7,2-3,4-4,1,1,2,1,1,1,2,4,16,+6
20260529_LA_WSH,"Friday, May 29, 2026",regular_season,Los Angeles Sparks,Washington Mystics,Jihyun Park,F,6,0-0,0-0,0-2,0,0,0,0,1,0,1,0,0,+5
20260529_LA_WSH,"Friday, May 29, 2026",regular_season,Los Angeles Sparks,Washington Mystics,Ta'Niya Latson,G,5,0-1,0-0,3-4,0,0,0,0,0,0,1,2,3,-3
20260529_LA_WSH,"Friday, May 29, 2026",regular_season,Los Angeles Sparks,Washington Mystics,Chance Gray,G,13,2-3,2-3,0-0,2,1,3,0,0,0,1,2,6,+12
20260529_LA_WSH,"Friday, May 29, 2026",regular_season,Los Angeles Sparks,Washington Mystics,Emma Cannon,F,,,,,,,,,,,,,,
20260529_LA_WSH,"Friday, May 29, 2026",regular_season,Washington Mystics,Los Angeles Sparks,Michaela Onyenwere,F,24,1-5,1-4,1-4,3,0,3,3,0,0,2,3,4,+2
20260529_LA_WSH,"Friday, May 29, 2026",regular_season,Washington Mystics,Los Angeles Sparks,Kiki Iriafen,F,27,6-10,0-1,1-2,1,8,9,1,0,0,0,4,13,+2
20260529_LA_WSH,"Friday, May 29, 2026",regular_season,Washington Mystics,Los Angeles Sparks,Shakira Austin,C,25,8-10,0-0,9-9,1,9,10,3,0,0,4,4,25,+2
20260529_LA_WSH,"Friday, May 29, 2026",regular_season,Washington Mystics,Los Angeles Sparks,Sonia Citron,G,37,7-10,2-4,5-6,0,1,1,8,1,1,4,2,21,-1
20260529_LA_WSH,"Friday, May 29, 2026",regular_season,Washington Mystics,Los Angeles Sparks,Georgia Amoore,G,23,0-7,0-6,1-2,0,1,1,3,0,0,3,4,1,-12
20260529_LA_WSH,"Friday, May 29, 2026",regular_season,Washington Mystics,Los Angeles Sparks,Angela Dugalic,F,17,3-3,0-0,0-0,1,4,5,1,3,1,1,3,6,-12
20260529_LA_WSH,"Friday, May 29, 2026",regular_season,Washington Mystics,Los Angeles Sparks,Lauren Betts,C,10,1-3,0-0,0-0,0,1,1,0,0,2,0,0,2,-2
20260529_LA_WSH,"Friday, May 29, 2026",regular_season,Washington Mystics,Los Angeles Sparks,Cotie McMahon,G,5,2-2,1-1,0-2,0,0,0,0,0,0,0,2,5,-2
20260529_LA_WSH,"Friday, May 29, 2026",regular_season,Washington Mystics,Los Angeles Sparks,Cassandre Prosper,G,6,2-2,1-1,0-0,0,0,0,0,0,0,1,2,5,+3
20260529_LA_WSH,"Friday, May 29, 2026",regular_season,Washington Mystics,Los Angeles Sparks,Alicia Florez,G,25,1-9,0-5,3-4,1,0,1,7,0,0,0,3,5,-5
20260529_LA_WSH,"Friday, May 29, 2026",regular_season,Washington Mystics,Los Angeles Sparks,Rori Harmon,G,,,,,,,,,,,,,,
20260529_LA_WSH,"Friday, May 29, 2026",regular_season,Washington Mystics,Los Angeles Sparks,Lucy Olsen,G,,,,,,,,,,,,,,
20260529_LA_WSH,"Friday, May 29, 2026",regular_season,Washington Mystics,Los Angeles Sparks,Alex Wilson,G,,,,,,,,,,,,,,
20260529_MIN_CHI,"Friday, May 29, 2026",regular_season,Minnesota Lynx,Chicago Sky,Natasha Howard,F,29,6-11,0-1,2-2,2,5,7,3,4,1,3,3,14,+10
20260529_MIN_CHI,"Friday, May 29, 2026",regular_season,Minnesota Lynx,Chicago Sky,Nia Coffey,F,26,7-12,6-9,0-0,1,7,8,2,1,1,1,0,20,+20
20260529_MIN_CHI,"Friday, May 29, 2026",regular_season,Minnesota Lynx,Chicago Sky,Kayla McBride,G,31,3-13,1-7,2-4,1,4,5,2,3,1,1,2,9,+16
20260529_MIN_CHI,"Friday, May 29, 2026",regular_season,Minnesota Lynx,Chicago Sky,Courtney Williams,G,29,5-10,0-1,0-0,0,4,4,5,1,0,2,4,10,+9
20260529_MIN_CHI,"Friday, May 29, 2026",regular_season,Minnesota Lynx,Chicago Sky,Olivia Miles,G,32,4-10,0-4,9-10,0,6,6,6,2,0,4,2,17,+20
20260529_MIN_CHI,"Friday, May 29, 2026",regular_season,Minnesota Lynx,Chicago Sky,Liatu King,F,10,1-4,0-2,0-0,1,2,3,0,0,1,1,3,2,-1
20260529_MIN_CHI,"Friday, May 29, 2026",regular_season,Minnesota Lynx,Chicago Sky,Antonia Delaere,F,11,0-1,0-0,0-0,0,0,0,1,0,0,0,0,0,+5
20260529_MIN_CHI,"Friday, May 29, 2026",regular_season,Minnesota Lynx,Chicago Sky,Anastasiia Olairi Kosu,F,5,1-2,0-0,0-0,1,1,2,0,1,0,0,1,2,+2
20260529_MIN_CHI,"Friday, May 29, 2026",regular_season,Minnesota Lynx,Chicago Sky,Teaira McCowan,C,10,0-2,0-0,0-0,0,4,4,1,0,2,2,2,0,+11
20260529_MIN_CHI,"Friday, May 29, 2026",regular_season,Minnesota Lynx,Chicago Sky,Maya Caldwell,G,17,1-6,1-4,2-2,0,4,4,0,1,1,0,0,5,+13
20260529_MIN_CHI,"Friday, May 29, 2026",regular_season,Minnesota Lynx,Chicago Sky,Napheesa Collier,F,,,,,,,,,,,,,,
20260529_MIN_CHI,"Friday, May 29, 2026",regular_season,Minnesota Lynx,Chicago Sky,Dorka Juhasz,F,,,,,,,,,,,,,,
20260529_MIN_CHI,"Friday, May 29, 2026",regular_season,Minnesota Lynx,Chicago Sky,Emma Cechova,F,,,,,,,,,,,,,,
20260529_MIN_CHI,"Friday, May 29, 2026",regular_season,Chicago Sky,Minnesota Lynx,Azura Stevens,F,18,2-8,0-4,0-0,1,0,1,2,0,0,1,1,4,-13
20260529_MIN_CHI,"Friday, May 29, 2026",regular_season,Chicago Sky,Minnesota Lynx,Kamilla Cardoso,C,28,4-9,0-0,4-4,3,10,13,1,0,2,3,3,12,-27
20260529_MIN_CHI,"Friday, May 29, 2026",regular_season,Chicago Sky,Minnesota Lynx,Skylar Diggins,G,29,4-12,0-3,4-4,1,4,5,3,2,0,3,4,12,-18
20260529_MIN_CHI,"Friday, May 29, 2026",regular_season,Chicago Sky,Minnesota Lynx,Natasha Cloud,G,31,1-7,1-5,3-4,0,4,4,2,2,1,2,3,6,-22
20260529_MIN_CHI,"Friday, May 29, 2026",regular_season,Chicago Sky,Minnesota Lynx,Jacy Sheldon,G,20,2-5,1-3,0-0,0,1,1,2,0,0,2,4,5,-10
20260529_MIN_CHI,"Friday, May 29, 2026",regular_season,Chicago Sky,Minnesota Lynx,Elizabeth Williams,C,19,0-3,0-0,0-4,2,3,5,1,0,2,1,0,0,-7
20260529_MIN_CHI,"Friday, May 29, 2026",regular_season,Chicago Sky,Minnesota Lynx,Rachel Banham,G,23,2-10,2-8,2-2,1,6,7,0,0,1,1,1,8,-12
20260529_MIN_CHI,"Friday, May 29, 2026",regular_season,Chicago Sky,Minnesota Lynx,Aicha Coulibaly,G,11,2-7,0-1,0-0,1,2,3,0,2,0,3,0,4,+5
20260529_MIN_CHI,"Friday, May 29, 2026",regular_season,Chicago Sky,Minnesota Lynx,Saylor Poffenbarger,G,1,0-0,0-0,0-0,0,0,0,0,0,0,0,0,0,0
20260529_MIN_CHI,"Friday, May 29, 2026",regular_season,Chicago Sky,Minnesota Lynx,Sydney Taylor,G,20,3-9,1-6,0-0,0,2,2,4,0,0,1,3,7,-1
20260529_MIN_CHI,"Friday, May 29, 2026",regular_season,Chicago Sky,Minnesota Lynx,Rickea Jackson,F,,,,,,,,,,,,,,
20260529_MIN_CHI,"Friday, May 29, 2026",regular_season,Chicago Sky,Minnesota Lynx,Courtney Vandersloot,G,,,,,,,,,,,,,,
20260529_MIN_CHI,"Friday, May 29, 2026",regular_season,Chicago Sky,Minnesota Lynx,DiJonai Carrington,G,,,,,,,,,,,,,,
20260529_MIN_CHI,"Friday, May 29, 2026",regular_season,Chicago Sky,Minnesota Lynx,Gabriela Jaquez,G,,,,,,,,,,,,,,
20260530_ATL_POR,"Saturday, May 30, 2026",regular_season,Atlanta Dream,Portland Fire,Naz Hillmon,F,36,6-14,1-9,1-1,4,3,7,4,5,0,1,2,14,+19
20260530_ATL_POR,"Saturday, May 30, 2026",regular_season,Atlanta Dream,Portland Fire,Angel Reese,F,32,6-14,0-3,6-7,5,7,12,5,0,1,4,3,18,+18
20260530_ATL_POR,"Saturday, May 30, 2026",regular_season,Atlanta Dream,Portland Fire,Allisha Gray,G,30,3-12,3-7,4-4,0,3,3,1,3,0,1,1,13,+26
20260530_ATL_POR,"Saturday, May 30, 2026",regular_season,Atlanta Dream,Portland Fire,Jordin Canada,G,27,2-4,0-1,5-5,2,2,4,4,1,0,3,2,9,+25
20260530_ATL_POR,"Saturday, May 30, 2026",regular_season,Atlanta Dream,Portland Fire,Rhyne Howard,G,34,5-11,4-7,0-2,1,1,2,4,6,0,1,3,14,+19
20260530_ATL_POR,"Saturday, May 30, 2026",regular_season,Atlanta Dream,Portland Fire,Sika Kone,F,5,0-1,0-0,0-0,0,0,0,0,0,0,1,1,0,-2
20260530_ATL_POR,"Saturday, May 30, 2026",regular_season,Atlanta Dream,Portland Fire,Madina Okot,C,7,3-3,0-0,1-1,0,0,0,1,0,0,2,1,7,+5
20260530_ATL_POR,"Saturday, May 30, 2026",regular_season,Atlanta Dream,Portland Fire,Te-Hina Paopao,G,14,2-5,1-3,0-0,0,0,0,1,0,0,1,0,5,-9
20260530_ATL_POR,"Saturday, May 30, 2026",regular_season,Atlanta Dream,Portland Fire,Aaliyah Nye,G,1,0-1,0-0,0-0,0,0,0,1,0,0,0,0,0,+1
20260530_ATL_POR,"Saturday, May 30, 2026",regular_season,Atlanta Dream,Portland Fire,Indya Nivar,G,4,2-2,0-0,0-0,0,1,1,0,1,0,0,1,4,-1
20260530_ATL_POR,"Saturday, May 30, 2026",regular_season,Atlanta Dream,Portland Fire,Isobel Borlase,G,10,1-1,0-0,0-0,0,0,0,1,0,0,1,0,2,-1
20260530_ATL_POR,"Saturday, May 30, 2026",regular_season,Atlanta Dream,Portland Fire,Brionna Jones,F,,,,,,,,,,,,,,
20260530_ATL_POR,"Saturday, May 30, 2026",regular_season,Portland Fire,Atlanta Dream,Emily Engstler,F,18,4-9,2-4,0-0,1,1,2,0,0,3,6,4,10,-17
20260530_ATL_POR,"Saturday, May 30, 2026",regular_season,Portland Fire,Atlanta Dream,Nyadiew Puoch,F,17,1-4,0-3,0-0,0,1,1,1,0,0,2,2,2,-8
20260530_ATL_POR,"Saturday, May 30, 2026",regular_season,Portland Fire,Atlanta Dream,Luisa Geiselsoder,C,22,2-7,1-5,1-2,0,0,0,2,0,0,2,4,6,-22
20260530_ATL_POR,"Saturday, May 30, 2026",regular_season,Portland Fire,Atlanta Dream,Holly Winterburn,G,28,3-7,0-2,0-0,0,3,3,7,2,0,4,0,6,-24
20260530_ATL_POR,"Saturday, May 30, 2026",regular_season,Portland Fire,Atlanta Dream,Carla Leite,G,24,3-4,1-1,4-4,0,1,1,4,0,0,4,2,11,-11
20260530_ATL_POR,"Saturday, May 30, 2026",regular_season,Portland Fire,Atlanta Dream,Frieda Buhner,F,14,2-2,1-1,2-2,0,0,0,0,0,0,3,0,7,-10
20260530_ATL_POR,"Saturday, May 30, 2026",regular_season,Portland Fire,Atlanta Dream,Megan DiLeo,C,18,4-9,2-5,0-0,1,4,5,1,0,1,1,2,10,+2
20260530_ATL_POR,"Saturday, May 30, 2026",regular_season,Portland Fire,Atlanta Dream,Serah Williams,C,20,0-3,0-1,0-0,3,3,6,2,1,0,2,5,0,+1
20260530_ATL_POR,"Saturday, May 30, 2026",regular_season,Portland Fire,Atlanta Dream,Karlie Samuelson,G,19,0-2,0-2,0-0,1,2,3,1,1,0,1,2,0,-15
20260530_ATL_POR,"Saturday, May 30, 2026",regular_season,Portland Fire,Atlanta Dream,Sarah Ashlee Barker,G,21,6-9,2-3,0-0,0,2,2,0,0,0,3,1,14,+4
20260530_ATL_POR,"Saturday, May 30, 2026",regular_season,Portland Fire,Atlanta Dream,Bridget Carleton,F,,,,,,,,,,,,,,
20260530_ATL_POR,"Saturday, May 30, 2026",regular_season,Portland Fire,Atlanta Dream,Teja Oblak,G,,,,,,,,,,,,,,
20260530_SEA_TOR,"Saturday, May 30, 2026",regular_season,Seattle Storm,Toronto Tempo,Jordan Horston,F,22,6-11,1-2,2-2,3,1,4,1,4,0,2,0,15,-2
20260530_SEA_TOR,"Saturday, May 30, 2026",regular_season,Seattle Storm,Toronto Tempo,Stefanie Dolson,C,23,3-5,1-1,0-0,2,2,4,2,1,1,1,3,7,-11
20260530_SEA_TOR,"Saturday, May 30, 2026",regular_season,Seattle Storm,Toronto Tempo,Natisha Hiedeman,G,23,7-12,3-8,1-1,0,2,2,7,0,0,2,2,18,-9
20260530_SEA_TOR,"Saturday, May 30, 2026",regular_season,Seattle Storm,Toronto Tempo,Flau'jae Johnson,G,24,3-9,1-5,0-0,1,2,3,3,0,1,2,2,7,-15
20260530_SEA_TOR,"Saturday, May 30, 2026",regular_season,Seattle Storm,Toronto Tempo,Jade Melbourne,G,27,3-8,1-2,1-1,0,3,3,4,0,1,3,3,8,-18
20260530_SEA_TOR,"Saturday, May 30, 2026",regular_season,Seattle Storm,Toronto Tempo,Katie Lou Samuelson,F,17,1-5,0-4,0-1,0,4,4,2,1,0,2,1,2,-16
20260530_SEA_TOR,"Saturday, May 30, 2026",regular_season,Seattle Storm,Toronto Tempo,Mackenzie Holmes,F,15,2-3,0-0,2-2,2,5,7,1,1,0,1,3,6,-5
20260530_SEA_TOR,"Saturday, May 30, 2026",regular_season,Seattle Storm,Toronto Tempo,Awa Fam,C,24,3-10,0-2,1-1,1,4,5,0,0,1,2,3,7,-20
20260530_SEA_TOR,"Saturday, May 30, 2026",regular_season,Seattle Storm,Toronto Tempo,Lexie Brown,G,14,0-2,0-2,0-0,0,0,0,1,0,0,1,2,0,-2
20260530_SEA_TOR,"Saturday, May 30, 2026",regular_season,Seattle Storm,Toronto Tempo,Zia Cooke,G,11,1-6,0-1,0-0,0,0,0,0,0,0,1,1,2,-7
20260530_SEA_TOR,"Saturday, May 30, 2026",regular_season,Seattle Storm,Toronto Tempo,Joyner Holmes,F,,,,,,,,,,,,,,
20260530_SEA_TOR,"Saturday, May 30, 2026",regular_season,Seattle Storm,Toronto Tempo,Ezi Magbegor,F,,,,,,,,,,,,,,
20260530_SEA_TOR,"Saturday, May 30, 2026",regular_season,Seattle Storm,Toronto Tempo,Dominique Malonga,C,,,,,,,,,,,,,,
20260530_SEA_TOR,"Saturday, May 30, 2026",regular_season,Toronto Tempo,Seattle Storm,Nyara Sabally,F,26,2-5,0-1,4-4,2,2,4,0,2,1,1,1,8,+15
20260530_SEA_TOR,"Saturday, May 30, 2026",regular_season,Toronto Tempo,Seattle Storm,Laura Juskaite,F,25,5-8,4-5,0-0,0,5,5,1,2,0,1,3,14,+25
20260530_SEA_TOR,"Saturday, May 30, 2026",regular_season,Toronto Tempo,Seattle Storm,Brittney Sykes,G,29,4-12,0-4,7-7,1,2,3,2,1,0,1,2,15,+8
20260530_SEA_TOR,"Saturday, May 30, 2026",regular_season,Toronto Tempo,Seattle Storm,Marina Mabrey,G,29,6-13,3-9,3-3,0,3,3,4,1,0,3,0,18,+6
20260530_SEA_TOR,"Saturday, May 30, 2026",regular_season,Toronto Tempo,Seattle Storm,Kiki Rice,G,28,4-8,0-2,9-9,2,4,6,1,4,0,3,3,17,+24
20260530_SEA_TOR,"Saturday, May 30, 2026",regular_season,Toronto Tempo,Seattle Storm,Maria Conde,F,23,3-6,3-4,4-4,0,6,6,2,0,0,1,1,13,+19
20260530_SEA_TOR,"Saturday, May 30, 2026",regular_season,Toronto Tempo,Seattle Storm,Teonni Key,F,9,0-1,0-1,0-2,1,0,1,0,0,0,0,1,0,-1
20260530_SEA_TOR,"Saturday, May 30, 2026",regular_season,Toronto Tempo,Seattle Storm,Kia Nurse,G,10,0-2,0-1,0-0,0,2,2,0,1,0,0,0,0,-4
20260530_SEA_TOR,"Saturday, May 30, 2026",regular_season,Toronto Tempo,Seattle Storm,Julie Allemand,G,17,2-4,0-2,2-2,0,4,4,4,1,0,2,2,6,+15
20260530_SEA_TOR,"Saturday, May 30, 2026",regular_season,Toronto Tempo,Seattle Storm,Tima Pouye,G,4,0-0,0-0,2-2,0,0,0,0,0,0,0,0,2,-2
20260530_SEA_TOR,"Saturday, May 30, 2026",regular_season,Toronto Tempo,Seattle Storm,Isabelle Harrison,F,,,,,,,,,,,,,,
20260530_SEA_TOR,"Saturday, May 30, 2026",regular_season,Toronto Tempo,Seattle Storm,Nikolina Milic,F,,,,,,,,,,,,,,
20260530_SEA_TOR,"Saturday, May 30, 2026",regular_season,Toronto Tempo,Seattle Storm,Temi Fagbenle,C,,,,,,,,,,,,,,
20260530_LA_CON,"Saturday, May 30, 2026",regular_season,Los Angeles Sparks,Connecticut Sun,Nneka Ogwumike,F,33,4-8,1-4,3-6,2,1,3,2,1,0,0,2,12,-13
20260530_LA_CON,"Saturday, May 30, 2026",regular_season,Los Angeles Sparks,Connecticut Sun,Dearica Hamby,F,30,4-13,0-2,3-5,4,3,7,2,1,2,2,2,11,-4
20260530_LA_CON,"Saturday, May 30, 2026",regular_season,Los Angeles Sparks,Connecticut Sun,Erica Wheeler,G,30,5-12,0-4,3-5,1,2,3,6,1,0,4,3,13,-3
20260530_LA_CON,"Saturday, May 30, 2026",regular_season,Los Angeles Sparks,Connecticut Sun,Ariel Atkins,G,32,3-9,2-4,8-8,1,3,4,1,4,3,3,5,16,+5
20260530_LA_CON,"Saturday, May 30, 2026",regular_season,Los Angeles Sparks,Connecticut Sun,Rae Burrell,G,27,6-13,2-4,2-2,2,3,5,1,0,1,2,2,16,-6
20260530_LA_CON,"Saturday, May 30, 2026",regular_season,Los Angeles Sparks,Connecticut Sun,Cameron Brink,F,18,1-4,0-1,0-0,0,4,4,3,1,1,5,4,2,+11
20260530_LA_CON,"Saturday, May 30, 2026",regular_season,Los Angeles Sparks,Connecticut Sun,Kate Martin,G,13,1-2,0-1,0-0,0,1,1,0,1,0,0,3,2,+3
20260530_LA_CON,"Saturday, May 30, 2026",regular_season,Los Angeles Sparks,Connecticut Sun,Ta'Niya Latson,G,5,1-1,1-1,0-0,0,0,0,0,0,0,0,1,3,-3
20260530_LA_CON,"Saturday, May 30, 2026",regular_season,Los Angeles Sparks,Connecticut Sun,Chance Gray,G,13,2-4,2-4,0-0,1,1,2,1,0,0,0,2,6,-5
20260530_LA_CON,"Saturday, May 30, 2026",regular_season,Los Angeles Sparks,Connecticut Sun,Emma Cannon,F,,,,,,,,,,,,,,
20260530_LA_CON,"Saturday, May 30, 2026",regular_season,Los Angeles Sparks,Connecticut Sun,Sania Feagin,F,,,,,,,,,,,,,,
20260530_LA_CON,"Saturday, May 30, 2026",regular_season,Los Angeles Sparks,Connecticut Sun,Jihyun Park,F,,,,,,,,,,,,,,
20260530_LA_CON,"Saturday, May 30, 2026",regular_season,Los Angeles Sparks,Connecticut Sun,Kelsey Plum,G,,,,,,,,,,,,,,
20260530_LA_CON,"Saturday, May 30, 2026",regular_season,Connecticut Sun,Los Angeles Sparks,Diamond Miller,F,20,5-11,1-3,1-1,1,0,1,2,1,0,1,3,12,+2
20260530_LA_CON,"Saturday, May 30, 2026",regular_season,Connecticut Sun,Los Angeles Sparks,Aneesah Morrow,F,32,6-13,1-4,4-4,4,10,14,2,2,1,3,3,17,0
20260530_LA_CON,"Saturday, May 30, 2026",regular_season,Connecticut Sun,Los Angeles Sparks,Brittney Griner,C,15,3-5,0-0,3-4,1,1,2,1,0,1,2,1,9,-1
20260530_LA_CON,"Saturday, May 30, 2026",regular_season,Connecticut Sun,Los Angeles Sparks,Saniya Rivers,G,29,4-10,0-1,1-2,0,0,0,4,2,1,3,2,9,+6
20260530_LA_CON,"Saturday, May 30, 2026",regular_season,Connecticut Sun,Los Angeles Sparks,Leila Lacan,G,21,5-14,1-6,1-4,1,1,2,3,1,0,1,4,12,+4
20260530_LA_CON,"Saturday, May 30, 2026",regular_season,Connecticut Sun,Los Angeles Sparks,Raegan Beers,F,11,0-0,0-0,0-0,2,5,7,2,0,0,2,5,0,+4
20260530_LA_CON,"Saturday, May 30, 2026",regular_season,Connecticut Sun,Los Angeles Sparks,Nell Angloma,F,11,0-2,0-1,2-2,0,0,0,0,0,1,1,2,2,-1
20260530_LA_CON,"Saturday, May 30, 2026",regular_season,Connecticut Sun,Los Angeles Sparks,Olivia Nelson-Ododa,C,17,0-1,0-0,4-4,1,3,4,1,1,1,0,4,4,+3
20260530_LA_CON,"Saturday, May 30, 2026",regular_season,Connecticut Sun,Los Angeles Sparks,Kennedy Burke,G,24,4-8,2-5,4-8,2,4,6,0,2,3,0,1,14,+3
20260530_LA_CON,"Saturday, May 30, 2026",regular_season,Connecticut Sun,Los Angeles Sparks,Charlisse Leger-Walker,G,13,0-2,0-1,2-2,0,1,1,3,2,1,3,2,2,-3
20260530_LA_CON,"Saturday, May 30, 2026",regular_season,Connecticut Sun,Los Angeles Sparks,Gianna Kneepkens,G,6,1-1,1-1,0-0,0,0,0,0,0,0,0,2,3,-2
20260530_LA_CON,"Saturday, May 30, 2026",regular_season,Connecticut Sun,Los Angeles Sparks,Aaliyah Edwards,F,,,,,,,,,,,,,,
20260531_IND_POR,"Sunday, May 31, 2026",regular_season,Indiana Fever,Portland Fire,Monique Billings,F,8,0-0,0-0,0-0,1,0,1,0,0,1,1,1,0,-9
20260531_IND_POR,"Sunday, May 31, 2026",regular_season,Indiana Fever,Portland Fire,Aliyah Boston,C,26,7-13,0-1,4-4,2,5,7,2,0,0,3,3,18,-14
20260531_IND_POR,"Sunday, May 31, 2026",regular_season,Indiana Fever,Portland Fire,Kelsey Mitchell,G,33,4-9,1-2,8-9,1,0,1,4,2,0,2,0,17,-11
20260531_IND_POR,"Sunday, May 31, 2026",regular_season,Indiana Fever,Portland Fire,Lexie Hull,G,16,0-4,0-4,0-0,0,1,1,1,0,0,0,1,0,-9
20260531_IND_POR,"Sunday, May 31, 2026",regular_season,Indiana Fever,Portland Fire,Caitlin Clark,G,22,1-7,0-2,4-5,1,1,2,6,1,0,1,5,6,-8
20260531_IND_POR,"Sunday, May 31, 2026",regular_season,Indiana Fever,Portland Fire,Myisha Hines-Allen,F,18,3-5,1-1,0-0,0,2,2,2,0,0,5,2,7,+1
20260531_IND_POR,"Sunday, May 31, 2026",regular_season,Indiana Fever,Portland Fire,Makayla Timpson,F,25,3-5,0-0,5-5,3,3,6,1,1,2,1,3,11,-4
20260531_IND_POR,"Sunday, May 31, 2026",regular_season,Indiana Fever,Portland Fire,Grace VanSlooten,F,6,1-1,0-0,0-0,0,0,0,0,0,0,0,0,2,-6
20260531_IND_POR,"Sunday, May 31, 2026",regular_season,Indiana Fever,Portland Fire,Sophie Cunningham,G,26,3-5,2-4,7-8,0,3,3,4,1,0,1,3,15,-4
20260531_IND_POR,"Sunday, May 31, 2026",regular_season,Indiana Fever,Portland Fire,Tyasha Harris,G,12,1-5,1-5,2-2,1,1,2,1,0,0,2,0,5,-5
20260531_IND_POR,"Sunday, May 31, 2026",regular_season,Indiana Fever,Portland Fire,Raven Johnson,G,10,1-4,0-3,1-2,0,1,1,0,1,0,1,6,3,-11
20260531_IND_POR,"Sunday, May 31, 2026",regular_season,Indiana Fever,Portland Fire,Damiris Dantas,C,,,,,,,,,,,,,,
20260531_IND_POR,"Sunday, May 31, 2026",regular_season,Portland Fire,Indiana Fever,Bridget Carleton,F,32,6-15,2-6,0-0,0,2,2,3,3,2,0,3,14,+17
20260531_IND_POR,"Sunday, May 31, 2026",regular_season,Portland Fire,Indiana Fever,Emily Engstler,F,29,7-10,2-3,0-0,3,7,10,4,4,2,1,3,16,+15
20260531_IND_POR,"Sunday, May 31, 2026",regular_season,Portland Fire,Indiana Fever,Nyadiew Puoch,F,16,1-3,0-0,0-0,2,0,2,1,0,0,0,3,2,-4
20260531_IND_POR,"Sunday, May 31, 2026",regular_season,Portland Fire,Indiana Fever,Megan DiLeo,C,28,8-8,1-1,5-6,0,1,1,0,0,1,0,4,22,+15
20260531_IND_POR,"Sunday, May 31, 2026",regular_season,Portland Fire,Indiana Fever,Carla Leite,G,27,6-12,0-2,6-6,0,1,1,12,0,0,4,3,18,+20
20260531_IND_POR,"Sunday, May 31, 2026",regular_season,Portland Fire,Indiana Fever,Frieda Buhner,F,14,3-5,0-1,4-4,1,0,1,0,1,0,0,3,10,+14
20260531_IND_POR,"Sunday, May 31, 2026",regular_season,Portland Fire,Indiana Fever,Luisa Geiselsoder,C,12,0-1,0-0,0-0,1,0,1,1,0,0,1,1,0,+1
20260531_IND_POR,"Sunday, May 31, 2026",regular_season,Portland Fire,Indiana Fever,Holly Winterburn,G,3,0-0,0-0,0-0,0,0,0,1,0,0,1,0,0,-3
20260531_IND_POR,"Sunday, May 31, 2026",regular_season,Portland Fire,Indiana Fever,Sarah Ashlee Barker,G,28,4-13,3-9,4-4,1,5,6,4,0,0,2,4,15,+6
20260531_IND_POR,"Sunday, May 31, 2026",regular_season,Portland Fire,Indiana Fever,Teja Oblak,G,10,1-3,1-1,0-0,0,1,1,0,0,0,2,2,3,-1
20260531_IND_POR,"Sunday, May 31, 2026",regular_season,Portland Fire,Indiana Fever,Serah Williams,C,,,,,,,,,,,,,,
20260531_IND_POR,"Sunday, May 31, 2026",regular_season,Portland Fire,Indiana Fever,Karlie Samuelson,G,,,,,,,,,,,,,,
20260531_LV_GS,"Sunday, May 31, 2026",regular_season,Las Vegas Aces,Golden State Valkyries,Stephanie Talbot,F,32,2-7,2-7,4-5,2,5,7,4,1,0,1,5,10,+8
20260531_LV_GS,"Sunday, May 31, 2026",regular_season,Las Vegas Aces,Golden State Valkyries,NaLyssa Smith,F,25,7-9,0-0,1-2,2,7,9,1,0,0,2,3,15,-2
20260531_LV_GS,"Sunday, May 31, 2026",regular_season,Las Vegas Aces,Golden State Valkyries,A'ja Wilson,C,36,11-22,0-1,6-7,5,10,15,4,1,4,4,2,28,+11
20260531_LV_GS,"Sunday, May 31, 2026",regular_season,Las Vegas Aces,Golden State Valkyries,Chelsea Gray,G,36,1-7,0-2,3-3,0,2,2,6,2,0,5,4,5,+7
20260531_LV_GS,"Sunday, May 31, 2026",regular_season,Las Vegas Aces,Golden State Valkyries,Jackie Young,G,37,9-17,5-9,0-0,0,7,7,9,1,0,2,1,23,+12
20260531_LV_GS,"Sunday, May 31, 2026",regular_season,Las Vegas Aces,Golden State Valkyries,Brianna Turner,F,10,2-4,0-0,0-0,2,1,3,0,0,1,1,2,4,+4
20260531_LV_GS,"Sunday, May 31, 2026",regular_season,Las Vegas Aces,Golden State Valkyries,Kierstan Bell,F,14,0-2,0-2,0-0,1,0,1,2,0,2,0,1,0,+8
20260531_LV_GS,"Sunday, May 31, 2026",regular_season,Las Vegas Aces,Golden State Valkyries,Chennedy Carter,G,9,1-1,1-1,3-4,0,1,1,0,0,1,0,0,6,+2
20260531_LV_GS,"Sunday, May 31, 2026",regular_season,Las Vegas Aces,Golden State Valkyries,Cheyenne Parker-Tyus,F,,,,,,,,,,,,,,
20260531_LV_GS,"Sunday, May 31, 2026",regular_season,Las Vegas Aces,Golden State Valkyries,Janiah Barker,F,,,,,,,,,,,,,,
20260531_LV_GS,"Sunday, May 31, 2026",regular_season,Golden State Valkyries,Las Vegas Aces,Kayla Thornton,F,27,4-10,4-7,0-0,0,4,4,0,2,0,0,4,12,-10
20260531_LV_GS,"Sunday, May 31, 2026",regular_season,Golden State Valkyries,Las Vegas Aces,Gabby Williams,F,26,6-14,4-6,4-4,0,4,4,1,2,0,2,2,20,+2
20260531_LV_GS,"Sunday, May 31, 2026",regular_season,Golden State Valkyries,Las Vegas Aces,Cecilia Zandalasini,F,21,3-7,2-5,1-2,2,2,4,1,0,0,4,1,9,-9
20260531_LV_GS,"Sunday, May 31, 2026",regular_season,Golden State Valkyries,Las Vegas Aces,Kiah Stokes,C,24,0-2,0-1,0-0,0,7,7,0,1,0,0,2,0,-7
20260531_LV_GS,"Sunday, May 31, 2026",regular_season,Golden State Valkyries,Las Vegas Aces,Veronica Burton,G,28,3-9,1-3,0-0,2,1,3,5,1,0,2,4,7,-15
20260531_LV_GS,"Sunday, May 31, 2026",regular_season,Golden State Valkyries,Las Vegas Aces,Laeticia Amihere,F,7,0-5,0-0,2-2,4,0,4,2,0,0,0,1,2,+3
20260531_LV_GS,"Sunday, May 31, 2026",regular_season,Golden State Valkyries,Las Vegas Aces,Janelle Salaun,F,21,5-13,3-8,3-3,1,3,4,1,2,0,0,3,16,-12
20260531_LV_GS,"Sunday, May 31, 2026",regular_season,Golden State Valkyries,Las Vegas Aces,Tiffany Hayes,G,14,1-4,0-1,3-4,0,0,0,1,1,0,1,2,5,-16
20260531_LV_GS,"Sunday, May 31, 2026",regular_season,Golden State Valkyries,Las Vegas Aces,Kaila Charles,G,11,0-4,0-2,0-0,0,0,0,1,0,0,2,2,0,-8
20260531_LV_GS,"Sunday, May 31, 2026",regular_season,Golden State Valkyries,Las Vegas Aces,Kaitlyn Chen,G,12,2-4,1-1,0-0,0,1,1,3,0,0,0,0,5,+5
20260531_LV_GS,"Sunday, May 31, 2026",regular_season,Golden State Valkyries,Las Vegas Aces,Ndjakalenga Mwenentanda,G,4,0-0,0-0,0-0,0,1,1,0,0,0,1,0,0,+7
20260531_LV_GS,"Sunday, May 31, 2026",regular_season,Golden State Valkyries,Las Vegas Aces,Juste Jocyte,G,5,1-2,1-1,2-2,0,1,1,1,0,0,0,0,5,+10
20260602_SEA_DAL,"Tuesday, June 02, 2026",regular_season,Seattle Storm,Dallas Wings,Jordan Horston,F,27,1-7,0-2,0-0,1,5,6,1,0,4,2,1,2,-13
20260602_SEA_DAL,"Tuesday, June 02, 2026",regular_season,Seattle Storm,Dallas Wings,Stefanie Dolson,C,20,1-4,0-2,0-0,0,2,2,0,0,2,1,4,2,-18
20260602_SEA_DAL,"Tuesday, June 02, 2026",regular_season,Seattle Storm,Dallas Wings,Natisha Hiedeman,G,26,3-9,0-2,5-5,0,2,2,2,0,0,3,1,11,-22
20260602_SEA_DAL,"Tuesday, June 02, 2026",regular_season,Seattle Storm,Dallas Wings,Flau'jae Johnson,G,25,4-12,1-5,7-10,2,8,10,1,1,1,5,6,16,-22
20260602_SEA_DAL,"Tuesday, June 02, 2026",regular_season,Seattle Storm,Dallas Wings,Jade Melbourne,G,25,2-8,1-3,0-0,0,3,3,1,0,0,1,6,5,-23
20260602_SEA_DAL,"Tuesday, June 02, 2026",regular_season,Seattle Storm,Dallas Wings,Katie Lou Samuelson,F,12,2-2,2-2,0-2,0,2,2,2,0,0,0,0,6,-3
20260602_SEA_DAL,"Tuesday, June 02, 2026",regular_season,Seattle Storm,Dallas Wings,Mackenzie Holmes,F,14,1-2,0-0,0-0,0,1,1,2,0,0,1,1,2,+6
20260602_SEA_DAL,"Tuesday, June 02, 2026",regular_season,Seattle Storm,Dallas Wings,Awa Fam,C,31,4-10,0-1,0-0,3,4,7,1,4,0,2,2,8,-17
20260602_SEA_DAL,"Tuesday, June 02, 2026",regular_season,Seattle Storm,Dallas Wings,Lexie Brown,G,5,0-0,0-0,0-0,0,1,1,1,1,0,0,0,0,-2
20260602_SEA_DAL,"Tuesday, June 02, 2026",regular_season,Seattle Storm,Dallas Wings,Zia Cooke,G,16,2-7,0-2,0-0,0,2,2,0,0,0,2,1,4,-1
20260602_SEA_DAL,"Tuesday, June 02, 2026",regular_season,Seattle Storm,Dallas Wings,Joyner Holmes,F,,,,,,,,,,,,,,
20260602_SEA_DAL,"Tuesday, June 02, 2026",regular_season,Seattle Storm,Dallas Wings,Ezi Magbegor,F,,,,,,,,,,,,,,
20260602_SEA_DAL,"Tuesday, June 02, 2026",regular_season,Seattle Storm,Dallas Wings,Dominique Malonga,C,,,,,,,,,,,,,,
20260602_SEA_DAL,"Tuesday, June 02, 2026",regular_season,Dallas Wings,Seattle Storm,Jessica Shepard,F,23,4-9,0-0,1-2,2,6,8,1,1,0,0,0,9,+16
20260602_SEA_DAL,"Tuesday, June 02, 2026",regular_season,Dallas Wings,Seattle Storm,Maddy Siegrist,F,22,3-10,1-2,2-2,6,3,9,2,1,0,0,1,9,+21
20260602_SEA_DAL,"Tuesday, June 02, 2026",regular_season,Dallas Wings,Seattle Storm,Arike Ogunbowale,G,18,2-13,0-5,5-6,4,1,5,0,1,0,1,0,9,+9
20260602_SEA_DAL,"Tuesday, June 02, 2026",regular_season,Dallas Wings,Seattle Storm,Paige Bueckers,G,24,4-12,1-5,1-2,1,8,9,7,1,0,2,1,10,+18
20260602_SEA_DAL,"Tuesday, June 02, 2026",regular_season,Dallas Wings,Seattle Storm,Azzi Fudd,G,24,4-7,1-4,0-0,0,1,1,0,1,1,0,1,9,+15
20260602_SEA_DAL,"Tuesday, June 02, 2026",regular_season,Dallas Wings,Seattle Storm,Alysha Clark,F,18,1-3,1-3,3-4,2,3,5,1,1,0,0,4,6,+5
20260602_SEA_DAL,"Tuesday, June 02, 2026",regular_season,Dallas Wings,Seattle Storm,Alanna Smith,F,22,2-6,0-3,1-2,0,4,4,3,0,0,4,4,5,+10
20260602_SEA_DAL,"Tuesday, June 02, 2026",regular_season,Dallas Wings,Seattle Storm,Li Yueru,C,9,1-2,0-1,0-0,1,1,2,0,0,0,0,1,2,-1
20260602_SEA_DAL,"Tuesday, June 02, 2026",regular_season,Dallas Wings,Seattle Storm,Odyssey Sims,G,21,1-5,0-0,0-2,0,2,2,4,1,0,1,0,2,+13
20260602_SEA_DAL,"Tuesday, June 02, 2026",regular_season,Dallas Wings,Seattle Storm,Aziaha James,G,18,7-14,1-2,3-4,2,1,3,1,0,0,0,3,18,+9
20260602_SEA_DAL,"Tuesday, June 02, 2026",regular_season,Dallas Wings,Seattle Storm,JJ Quinerly,G,,,,,,,,,,,,,,
20260602_MIN_PHX,"Tuesday, June 02, 2026",regular_season,Minnesota Lynx,Phoenix Mercury,Natasha Howard,F,23,5-7,0-0,1-1,1,3,4,3,3,0,2,1,11,+21
20260602_MIN_PHX,"Tuesday, June 02, 2026",regular_season,Minnesota Lynx,Phoenix Mercury,Nia Coffey,F,22,3-5,2-4,0-0,1,5,6,2,1,0,0,1,8,+16
20260602_MIN_PHX,"Tuesday, June 02, 2026",regular_season,Minnesota Lynx,Phoenix Mercury,Kayla McBride,G,22,3-7,1-4,0-0,0,0,0,5,1,0,0,2,7,+19
20260602_MIN_PHX,"Tuesday, June 02, 2026",regular_season,Minnesota Lynx,Phoenix Mercury,Courtney Williams,G,29,13-20,3-3,1-1,1,4,5,2,0,1,2,2,30,+20
20260602_MIN_PHX,"Tuesday, June 02, 2026",regular_season,Minnesota Lynx,Phoenix Mercury,Olivia Miles,G,28,7-9,0-0,5-5,0,4,4,10,3,0,4,4,19,+23
20260602_MIN_PHX,"Tuesday, June 02, 2026",regular_season,Minnesota Lynx,Phoenix Mercury,Antonia Delaere,F,24,4-6,3-4,2-2,0,2,2,6,0,0,0,2,13,+23
20260602_MIN_PHX,"Tuesday, June 02, 2026",regular_season,Minnesota Lynx,Phoenix Mercury,Anastasiia Olairi Kosu,F,18,4-6,0-0,4-4,4,2,6,0,1,3,0,2,12,+18
20260602_MIN_PHX,"Tuesday, June 02, 2026",regular_season,Minnesota Lynx,Phoenix Mercury,Teaira McCowan,C,16,3-4,0-0,0-0,1,5,6,0,1,0,2,6,6,+13
20260602_MIN_PHX,"Tuesday, June 02, 2026",regular_season,Minnesota Lynx,Phoenix Mercury,Maya Caldwell,G,18,2-5,1-2,0-0,0,2,2,0,0,1,1,2,5,+17
20260602_MIN_PHX,"Tuesday, June 02, 2026",regular_season,Minnesota Lynx,Phoenix Mercury,Napheesa Collier,F,,,,,,,,,,,,,,
20260602_MIN_PHX,"Tuesday, June 02, 2026",regular_season,Minnesota Lynx,Phoenix Mercury,Dorka Juhasz,F,,,,,,,,,,,,,,
20260602_MIN_PHX,"Tuesday, June 02, 2026",regular_season,Minnesota Lynx,Phoenix Mercury,Emma Cechova,F,,,,,,,,,,,,,,
20260602_MIN_PHX,"Tuesday, June 02, 2026",regular_season,Phoenix Mercury,Minnesota Lynx,Alyssa Thomas,F,25,1-6,0-0,4-4,2,1,3,5,0,0,3,1,6,-27
20260602_MIN_PHX,"Tuesday, June 02, 2026",regular_season,Phoenix Mercury,Minnesota Lynx,Natasha Mack,F,20,2-4,0-0,0-0,5,6,11,1,0,0,1,2,4,-20
20260602_MIN_PHX,"Tuesday, June 02, 2026",regular_season,Phoenix Mercury,Minnesota Lynx,Noemie Brochant,F,24,4-8,3-6,0-0,1,1,2,0,0,0,1,0,11,-22
20260602_MIN_PHX,"Tuesday, June 02, 2026",regular_season,Phoenix Mercury,Minnesota Lynx,Kahleah Copper,G,27,5-13,3-7,5-8,0,2,2,1,1,0,2,1,18,-28
20260602_MIN_PHX,"Tuesday, June 02, 2026",regular_season,Phoenix Mercury,Minnesota Lynx,Monique Akoa Makani,G,24,1-6,0-3,8-8,0,0,0,5,2,0,3,2,10,-23
20260602_MIN_PHX,"Tuesday, June 02, 2026",regular_season,Phoenix Mercury,Minnesota Lynx,DeWanna Bonner,F,7,1-5,0-1,0-0,1,0,1,0,0,0,2,0,2,-14
20260602_MIN_PHX,"Tuesday, June 02, 2026",regular_season,Phoenix Mercury,Minnesota Lynx,Valeriane Ayayi,F,11,0-3,0-1,0-0,0,1,1,4,0,0,0,2,0,-2
20260602_MIN_PHX,"Tuesday, June 02, 2026",regular_season,Phoenix Mercury,Minnesota Lynx,Kyara Linskens,C,20,3-7,1-3,0-0,1,2,3,0,2,0,0,2,7,-14
20260602_MIN_PHX,"Tuesday, June 02, 2026",regular_season,Phoenix Mercury,Minnesota Lynx,Jovana Nogic,G,16,3-6,2-4,0-0,1,0,1,0,0,0,2,1,8,-11
20260602_MIN_PHX,"Tuesday, June 02, 2026",regular_season,Phoenix Mercury,Minnesota Lynx,Lexi Held,G,15,1-3,1-2,2-2,0,0,0,0,0,0,0,1,5,-7
20260602_MIN_PHX,"Tuesday, June 02, 2026",regular_season,Phoenix Mercury,Minnesota Lynx,Quionche Carter,G,10,1-3,0-0,4-5,0,0,0,2,1,0,0,0,6,-2
20260602_MIN_PHX,"Tuesday, June 02, 2026",regular_season,Phoenix Mercury,Minnesota Lynx,Sami Whitcomb,G,,,,,,,,,,,,,,
20260602_CON_ATL,"Tuesday, June 02, 2026",regular_season,Connecticut Sun,Atlanta Dream,Diamond Miller,F,26,2-6,0-3,4-4,0,3,3,1,0,0,1,4,8,-8
20260602_CON_ATL,"Tuesday, June 02, 2026",regular_season,Connecticut Sun,Atlanta Dream,Aneesah Morrow,F,30,7-12,2-5,4-7,1,12,13,2,0,2,1,1,20,-15
20260602_CON_ATL,"Tuesday, June 02, 2026",regular_season,Connecticut Sun,Atlanta Dream,Brittney Griner,C,29,3-8,0-0,1-2,0,4,4,3,2,3,1,2,7,-12
20260602_CON_ATL,"Tuesday, June 02, 2026",regular_season,Connecticut Sun,Atlanta Dream,Saniya Rivers,G,29,4-6,1-1,2-2,0,1,1,2,0,0,0,0,11,-5
20260602_CON_ATL,"Tuesday, June 02, 2026",regular_season,Connecticut Sun,Atlanta Dream,Leila Lacan,G,28,4-13,1-6,2-4,1,1,2,5,1,0,4,3,11,-15
20260602_CON_ATL,"Tuesday, June 02, 2026",regular_season,Connecticut Sun,Atlanta Dream,Nell Angloma,F,10,2-3,0-0,2-2,0,0,0,0,3,0,1,2,6,-6
20260602_CON_ATL,"Tuesday, June 02, 2026",regular_season,Connecticut Sun,Atlanta Dream,Olivia Nelson-Ododa,C,11,3-3,0-0,4-8,0,1,1,0,1,0,1,2,10,-4
20260602_CON_ATL,"Tuesday, June 02, 2026",regular_season,Connecticut Sun,Atlanta Dream,Kennedy Burke,G,18,1-3,0-1,0-0,1,2,3,0,1,0,4,2,2,-7
20260602_CON_ATL,"Tuesday, June 02, 2026",regular_season,Connecticut Sun,Atlanta Dream,Charlisse Leger-Walker,G,16,0-1,0-1,0-0,0,0,0,3,0,0,1,1,0,-11
20260602_CON_ATL,"Tuesday, June 02, 2026",regular_season,Connecticut Sun,Atlanta Dream,Gianna Kneepkens,G,5,0-0,0-0,0-0,0,1,1,1,0,0,0,1,0,+3
20260602_CON_ATL,"Tuesday, June 02, 2026",regular_season,Connecticut Sun,Atlanta Dream,Aaliyah Edwards,F,,,,,,,,,,,,,,
20260602_CON_ATL,"Tuesday, June 02, 2026",regular_season,Connecticut Sun,Atlanta Dream,Raegan Beers,F,,,,,,,,,,,,,,
20260602_CON_ATL,"Tuesday, June 02, 2026",regular_season,Atlanta Dream,Connecticut Sun,Naz Hillmon,F,35,2-7,1-3,0-0,1,6,7,3,0,0,2,4,5,+13
20260602_CON_ATL,"Tuesday, June 02, 2026",regular_season,Atlanta Dream,Connecticut Sun,Angel Reese,F,29,4-9,1-2,3-4,7,6,13,5,1,0,2,3,12,+23
20260602_CON_ATL,"Tuesday, June 02, 2026",regular_season,Atlanta Dream,Connecticut Sun,Allisha Gray,G,36,9-17,3-9,5-7,1,6,7,2,1,1,2,2,26,+15
20260602_CON_ATL,"Tuesday, June 02, 2026",regular_season,Atlanta Dream,Connecticut Sun,Jordin Canada,G,36,5-8,1-3,1-2,0,3,3,10,4,0,4,4,12,+17
20260602_CON_ATL,"Tuesday, June 02, 2026",regular_season,Atlanta Dream,Connecticut Sun,Rhyne Howard,G,37,12-24,8-19,4-5,0,2,2,2,3,0,1,1,36,+18
20260602_CON_ATL,"Tuesday, June 02, 2026",regular_season,Atlanta Dream,Connecticut Sun,Sika Kone,F,3,0-1,0-0,0-0,0,0,0,0,0,0,0,0,0,+1
20260602_CON_ATL,"Tuesday, June 02, 2026",regular_season,Atlanta Dream,Connecticut Sun,Madina Okot,C,9,0-0,0-0,0-0,0,2,2,0,1,0,1,5,0,-6
20260602_CON_ATL,"Tuesday, June 02, 2026",regular_season,Atlanta Dream,Connecticut Sun,Te-Hina Paopao,G,8,0-1,0-0,0-0,0,1,1,0,0,0,1,0,0,+4
20260602_CON_ATL,"Tuesday, June 02, 2026",regular_season,Atlanta Dream,Connecticut Sun,Aaliyah Nye,G,1,0-0,0-0,0-0,0,0,0,0,0,0,0,0,0,-1
20260602_CON_ATL,"Tuesday, June 02, 2026",regular_season,Atlanta Dream,Connecticut Sun,Indya Nivar,G,1,0-0,0-0,0-0,0,0,0,0,0,0,0,1,0,-1
20260602_CON_ATL,"Tuesday, June 02, 2026",regular_season,Atlanta Dream,Connecticut Sun,Isobel Borlase,G,5,0-1,0-1,0-0,0,0,0,0,0,0,0,0,0,-3
20260602_CON_ATL,"Tuesday, June 02, 2026",regular_season,Atlanta Dream,Connecticut Sun,Brionna Jones,F,,,,,,,,,,,,,,
20260602_CHI_WSH,"Tuesday, June 02, 2026",regular_season,Chicago Sky,Washington Mystics,Azura Stevens,F,19,3-7,1-2,0-0,0,5,5,3,1,2,3,3,7,-9
20260602_CHI_WSH,"Tuesday, June 02, 2026",regular_season,Chicago Sky,Washington Mystics,Kamilla Cardoso,C,33,6-13,0-0,0-0,3,10,13,5,1,6,1,4,12,-12
20260602_CHI_WSH,"Tuesday, June 02, 2026",regular_season,Chicago Sky,Washington Mystics,Skylar Diggins,G,27,3-6,2-2,6-7,0,1,1,1,0,1,2,2,14,-12
20260602_CHI_WSH,"Tuesday, June 02, 2026",regular_season,Chicago Sky,Washington Mystics,Natasha Cloud,G,24,0-4,0-1,0-0,0,0,0,3,0,0,4,6,0,-19
20260602_CHI_WSH,"Tuesday, June 02, 2026",regular_season,Chicago Sky,Washington Mystics,Jacy Sheldon,G,31,4-7,1-2,0-0,0,0,0,1,0,0,2,2,9,-11
20260602_CHI_WSH,"Tuesday, June 02, 2026",regular_season,Chicago Sky,Washington Mystics,Elizabeth Williams,C,23,4-10,0-0,2-5,1,5,6,3,2,1,0,1,10,-13
20260602_CHI_WSH,"Tuesday, June 02, 2026",regular_season,Chicago Sky,Washington Mystics,Rachel Banham,G,18,2-4,1-3,0-0,0,0,0,2,0,0,2,1,5,-1
20260602_CHI_WSH,"Tuesday, June 02, 2026",regular_season,Chicago Sky,Washington Mystics,Saylor Poffenbarger,G,6,0-0,0-0,0-0,1,2,3,0,1,0,0,1,0,-2
20260602_CHI_WSH,"Tuesday, June 02, 2026",regular_season,Chicago Sky,Washington Mystics,Sydney Taylor,G,20,6-13,1-6,2-4,0,1,1,1,4,0,4,2,15,-11
20260602_CHI_WSH,"Tuesday, June 02, 2026",regular_season,Chicago Sky,Washington Mystics,Rickea Jackson,F,,,,,,,,,,,,,,
20260602_CHI_WSH,"Tuesday, June 02, 2026",regular_season,Chicago Sky,Washington Mystics,Courtney Vandersloot,G,,,,,,,,,,,,,,
20260602_CHI_WSH,"Tuesday, June 02, 2026",regular_season,Chicago Sky,Washington Mystics,DiJonai Carrington,G,,,,,,,,,,,,,,
20260602_CHI_WSH,"Tuesday, June 02, 2026",regular_season,Chicago Sky,Washington Mystics,Gabriela Jaquez,G,,,,,,,,,,,,,,
20260602_CHI_WSH,"Tuesday, June 02, 2026",regular_season,Washington Mystics,Chicago Sky,Michaela Onyenwere,F,22,5-6,1-2,2-2,3,4,7,2,1,0,5,1,13,+25
20260602_CHI_WSH,"Tuesday, June 02, 2026",regular_season,Washington Mystics,Chicago Sky,Kiki Iriafen,F,27,4-11,1-3,6-10,3,8,11,2,0,0,1,2,15,+14
20260602_CHI_WSH,"Tuesday, June 02, 2026",regular_season,Washington Mystics,Chicago Sky,Shakira Austin,C,25,5-13,1-1,6-9,1,7,8,1,3,1,5,0,17,+17
20260602_CHI_WSH,"Tuesday, June 02, 2026",regular_season,Washington Mystics,Chicago Sky,Cotie McMahon,G,25,3-7,0-0,2-4,1,1,2,4,3,1,1,2,8,+6
20260602_CHI_WSH,"Tuesday, June 02, 2026",regular_season,Washington Mystics,Chicago Sky,Georgia Amoore,G,21,1-3,1-2,0-0,1,0,1,2,0,0,0,4,3,+21
20260602_CHI_WSH,"Tuesday, June 02, 2026",regular_season,Washington Mystics,Chicago Sky,Angela Dugalic,F,13,3-8,0-2,2-2,3,4,7,1,0,0,1,2,8,+1
20260602_CHI_WSH,"Tuesday, June 02, 2026",regular_season,Washington Mystics,Chicago Sky,Lauren Betts,C,15,4-8,0-0,0-0,1,3,4,0,1,0,0,2,8,+4
20260602_CHI_WSH,"Tuesday, June 02, 2026",regular_season,Washington Mystics,Chicago Sky,Rori Harmon,G,1,0-0,0-0,0-0,0,0,0,1,0,0,1,0,0,+2
20260602_CHI_WSH,"Tuesday, June 02, 2026",regular_season,Washington Mystics,Chicago Sky,Lucy Olsen,G,11,1-3,1-1,0-0,1,0,1,2,0,0,0,0,3,+5
20260602_CHI_WSH,"Tuesday, June 02, 2026",regular_season,Washington Mystics,Chicago Sky,Cassandre Prosper,G,20,3-7,1-2,0-1,3,2,5,0,2,0,2,1,7,-3
20260602_CHI_WSH,"Tuesday, June 02, 2026",regular_season,Washington Mystics,Chicago Sky,Alicia Florez,G,19,3-7,0-4,2-4,0,0,0,3,1,0,0,2,8,-2
20260603_POR_GS,"Wednesday, June 03, 2026",regular_season,Portland Fire,Golden State Valkyries,Bridget Carleton,F,30,4-6,2-4,1-1,1,2,3,1,1,0,0,4,11,-17
20260603_POR_GS,"Wednesday, June 03, 2026",regular_season,Portland Fire,Golden State Valkyries,Emily Engstler,F,29,4-12,2-3,2-4,4,4,8,1,1,2,0,3,12,-9
20260603_POR_GS,"Wednesday, June 03, 2026",regular_season,Portland Fire,Golden State Valkyries,Nyadiew Puoch,F,13,0-2,0-2,0-0,1,1,2,0,0,0,1,1,0,-3
20260603_POR_GS,"Wednesday, June 03, 2026",regular_season,Portland Fire,Golden State Valkyries,Megan DiLeo,C,24,6-12,0-1,1-1,1,7,8,2,0,0,2,3,13,-8
20260603_POR_GS,"Wednesday, June 03, 2026",regular_season,Portland Fire,Golden State Valkyries,Carla Leite,G,24,2-6,0-0,6-6,0,1,1,7,0,0,4,2,10,-3
20260603_POR_GS,"Wednesday, June 03, 2026",regular_season,Portland Fire,Golden State Valkyries,Frieda Buhner,F,10,0-1,0-1,0-0,0,0,0,1,0,0,1,0,0,-9
20260603_POR_GS,"Wednesday, June 03, 2026",regular_season,Portland Fire,Golden State Valkyries,Luisa Geiselsoder,C,11,1-4,1-2,0-0,0,0,0,0,0,0,1,1,3,-14
20260603_POR_GS,"Wednesday, June 03, 2026",regular_season,Portland Fire,Golden State Valkyries,Serah Williams,C,9,2-2,1-1,2-4,0,1,1,0,0,0,0,1,7,+1
20260603_POR_GS,"Wednesday, June 03, 2026",regular_season,Portland Fire,Golden State Valkyries,Karlie Samuelson,G,12,1-4,0-3,0-0,0,0,0,1,0,0,1,2,2,+3
20260603_POR_GS,"Wednesday, June 03, 2026",regular_season,Portland Fire,Golden State Valkyries,Holly Winterburn,G,4,0-1,0-1,0-0,0,1,1,1,0,0,0,0,0,-3
20260603_POR_GS,"Wednesday, June 03, 2026",regular_season,Portland Fire,Golden State Valkyries,Sarah Ashlee Barker,G,23,3-5,2-4,0-0,0,3,3,3,0,0,2,1,8,-16
20260603_POR_GS,"Wednesday, June 03, 2026",regular_season,Portland Fire,Golden State Valkyries,Teja Oblak,G,12,5-6,1-2,0-0,1,0,1,2,1,0,3,0,11,-12
20260603_POR_GS,"Wednesday, June 03, 2026",regular_season,Golden State Valkyries,Portland Fire,Kayla Thornton,F,26,6-13,5-10,2-2,4,4,8,0,1,1,1,2,19,+21
20260603_POR_GS,"Wednesday, June 03, 2026",regular_season,Golden State Valkyries,Portland Fire,Gabby Williams,F,27,4-13,0-5,0-0,0,2,2,2,1,0,0,1,8,+21
20260603_POR_GS,"Wednesday, June 03, 2026",regular_season,Golden State Valkyries,Portland Fire,Cecilia Zandalasini,F,23,2-7,1-4,4-5,0,1,1,3,4,0,2,2,9,+21
20260603_POR_GS,"Wednesday, June 03, 2026",regular_season,Golden State Valkyries,Portland Fire,Kiah Stokes,C,20,2-3,2-3,0-0,2,3,5,1,2,3,0,2,6,+8
20260603_POR_GS,"Wednesday, June 03, 2026",regular_season,Golden State Valkyries,Portland Fire,Veronica Burton,G,23,3-5,2-2,2-4,1,2,3,9,0,0,1,2,10,+22
20260603_POR_GS,"Wednesday, June 03, 2026",regular_season,Golden State Valkyries,Portland Fire,Laeticia Amihere,F,1,0-0,0-0,0-0,0,0,0,0,0,0,0,0,0,+1
20260603_POR_GS,"Wednesday, June 03, 2026",regular_season,Golden State Valkyries,Portland Fire,Janelle Salaun,F,23,6-10,3-6,3-3,1,3,4,1,0,0,0,2,18,+5
20260603_POR_GS,"Wednesday, June 03, 2026",regular_season,Golden State Valkyries,Portland Fire,Tiffany Hayes,G,13,0-0,0-0,1-2,0,0,0,4,1,0,0,2,1,-4
20260603_POR_GS,"Wednesday, June 03, 2026",regular_season,Golden State Valkyries,Portland Fire,Kaila Charles,G,13,3-6,1-3,0-0,1,2,3,1,0,0,1,2,7,-3
20260603_POR_GS,"Wednesday, June 03, 2026",regular_season,Golden State Valkyries,Portland Fire,Kaitlyn Chen,G,17,3-4,2-2,1-2,0,0,0,2,0,0,0,1,9,-4
20260603_POR_GS,"Wednesday, June 03, 2026",regular_season,Golden State Valkyries,Portland Fire,Ndjakalenga Mwenentanda,G,1,0-0,0-0,0-0,0,0,0,1,0,0,0,0,0,+1
20260603_POR_GS,"Wednesday, June 03, 2026",regular_season,Golden State Valkyries,Portland Fire,Juste Jocyte,G,13,3-8,2-5,0-0,0,2,2,1,0,0,2,0,8,+1
20260603_LV_LA,"Wednesday, June 03, 2026",regular_season,Las Vegas Aces,Los Angeles Sparks,Stephanie Talbot,F,25,3-6,2-4,0-0,1,5,6,0,0,0,0,4,8,+24
20260603_LV_LA,"Wednesday, June 03, 2026",regular_season,Las Vegas Aces,Los Angeles Sparks,NaLyssa Smith,F,21,3-5,0-0,1-4,2,2,4,0,0,1,2,5,7,-9
20260603_LV_LA,"Wednesday, June 03, 2026",regular_season,Las Vegas Aces,Los Angeles Sparks,A'ja Wilson,C,34,10-20,1-3,4-7,3,12,15,1,3,5,3,1,25,+1
20260603_LV_LA,"Wednesday, June 03, 2026",regular_season,Las Vegas Aces,Los Angeles Sparks,Chelsea Gray,G,34,4-11,1-6,3-3,0,4,4,11,2,0,1,2,12,+3
20260603_LV_LA,"Wednesday, June 03, 2026",regular_season,Las Vegas Aces,Los Angeles Sparks,Jackie Young,G,36,7-17,2-5,0-0,1,3,4,9,1,0,2,3,16,+5
20260603_LV_LA,"Wednesday, June 03, 2026",regular_season,Las Vegas Aces,Los Angeles Sparks,Cheyenne Parker-Tyus,F,8,2-4,0-0,1-2,0,4,4,2,0,1,1,5,5,+10
20260603_LV_LA,"Wednesday, June 03, 2026",regular_season,Las Vegas Aces,Los Angeles Sparks,Brianna Turner,F,21,0-0,0-0,0-0,1,3,4,1,0,1,1,1,0,+16
20260603_LV_LA,"Wednesday, June 03, 2026",regular_season,Las Vegas Aces,Los Angeles Sparks,Kierstan Bell,F,22,2-6,2-6,0-0,0,3,3,0,1,0,0,2,6,0
20260603_LV_LA,"Wednesday, June 03, 2026",regular_season,Las Vegas Aces,Los Angeles Sparks,Janiah Barker,F,,,,,,,,,,,,,,
20260603_LV_LA,"Wednesday, June 03, 2026",regular_season,Los Angeles Sparks,Las Vegas Aces,Nneka Ogwumike,F,31,3-10,0-1,6-6,3,9,12,2,1,1,2,2,12,-2
20260603_LV_LA,"Wednesday, June 03, 2026",regular_season,Los Angeles Sparks,Las Vegas Aces,Dearica Hamby,F,24,0-7,0-1,2-3,3,3,6,2,0,1,0,3,2,-12
20260603_LV_LA,"Wednesday, June 03, 2026",regular_season,Los Angeles Sparks,Las Vegas Aces,Erica Wheeler,G,26,3-6,2-4,2-3,0,0,0,1,0,0,3,5,10,-11
20260603_LV_LA,"Wednesday, June 03, 2026",regular_season,Los Angeles Sparks,Las Vegas Aces,Ariel Atkins,G,29,2-13,1-6,4-4,0,7,7,2,2,0,1,2,9,-4
20260603_LV_LA,"Wednesday, June 03, 2026",regular_season,Los Angeles Sparks,Las Vegas Aces,Rae Burrell,G,33,8-14,2-4,4-6,0,1,1,1,0,0,3,0,22,-7
20260603_LV_LA,"Wednesday, June 03, 2026",regular_season,Los Angeles Sparks,Las Vegas Aces,Cameron Brink,F,25,3-10,1-4,2-2,1,7,8,3,0,2,1,3,9,-6
20260603_LV_LA,"Wednesday, June 03, 2026",regular_season,Los Angeles Sparks,Las Vegas Aces,Jihyun Park,F,4,0-0,0-0,0-0,0,0,0,0,0,0,0,1,0,-6
20260603_LV_LA,"Wednesday, June 03, 2026",regular_season,Los Angeles Sparks,Las Vegas Aces,Ta'Niya Latson,G,6,0-1,0-1,2-2,1,1,2,1,0,0,1,0,2,+3
20260603_LV_LA,"Wednesday, June 03, 2026",regular_season,Los Angeles Sparks,Las Vegas Aces,Chance Gray,G,21,1-4,0-2,1-1,0,2,2,1,1,0,0,0,3,-5
20260603_LV_LA,"Wednesday, June 03, 2026",regular_season,Los Angeles Sparks,Las Vegas Aces,Emma Cannon,F,,,,,,,,,,,,,,
20260603_LV_LA,"Wednesday, June 03, 2026",regular_season,Los Angeles Sparks,Las Vegas Aces,Sania Feagin,F,,,,,,,,,,,,,,
20260603_TOR_NY,"Wednesday, June 03, 2026",regular_season,Toronto Tempo,New York Liberty,Nyara Sabally,F,29,5-10,1-3,0-0,2,4,6,3,0,0,1,3,11,-24
20260603_TOR_NY,"Wednesday, June 03, 2026",regular_season,Toronto Tempo,New York Liberty,Laura Juskaite,F,20,3-9,1-3,1-2,2,3,5,2,2,0,0,5,8,-21
20260603_TOR_NY,"Wednesday, June 03, 2026",regular_season,Toronto Tempo,New York Liberty,Brittney Sykes,G,34,8-18,0-1,1-1,1,4,5,1,3,1,2,2,17,-12
20260603_TOR_NY,"Wednesday, June 03, 2026",regular_season,Toronto Tempo,New York Liberty,Marina Mabrey,G,26,7-13,2-6,1-2,1,2,3,4,0,1,1,2,17,-16
20260603_TOR_NY,"Wednesday, June 03, 2026",regular_season,Toronto Tempo,New York Liberty,Kiki Rice,G,23,3-8,0-1,3-3,1,4,5,2,0,0,3,1,9,-4
20260603_TOR_NY,"Wednesday, June 03, 2026",regular_season,Toronto Tempo,New York Liberty,Maria Conde,F,21,2-5,1-2,2-2,1,5,6,1,0,0,0,1,7,-1
20260603_TOR_NY,"Wednesday, June 03, 2026",regular_season,Toronto Tempo,New York Liberty,Teonni Key,F,9,0-1,0-0,0-0,0,1,1,1,0,0,0,1,0,+3
20260603_TOR_NY,"Wednesday, June 03, 2026",regular_season,Toronto Tempo,New York Liberty,Nikolina Milic,F,8,2-4,0-0,0-0,0,0,0,1,0,0,0,0,4,+8
20260603_TOR_NY,"Wednesday, June 03, 2026",regular_season,Toronto Tempo,New York Liberty,Kia Nurse,G,4,0-0,0-0,0-0,0,0,0,0,0,0,0,0,0,+1
20260603_TOR_NY,"Wednesday, June 03, 2026",regular_season,Toronto Tempo,New York Liberty,Julie Allemand,G,23,3-6,1-3,0-0,0,1,1,2,2,1,0,2,7,-12
20260603_TOR_NY,"Wednesday, June 03, 2026",regular_season,Toronto Tempo,New York Liberty,Tima Pouye,G,3,1-1,0-0,0-0,0,0,0,0,0,0,0,0,2,+3
20260603_TOR_NY,"Wednesday, June 03, 2026",regular_season,Toronto Tempo,New York Liberty,Isabelle Harrison,F,,,,,,,,,,,,,,
20260603_TOR_NY,"Wednesday, June 03, 2026",regular_season,Toronto Tempo,New York Liberty,Temi Fagbenle,C,,,,,,,,,,,,,,
20260603_TOR_NY,"Wednesday, June 03, 2026",regular_season,New York Liberty,Toronto Tempo,Breanna Stewart,F,30,5-15,1-5,8-8,0,9,9,4,0,1,1,1,19,+8
20260603_TOR_NY,"Wednesday, June 03, 2026",regular_season,New York Liberty,Toronto Tempo,Leonie Fiebich,F,26,4-7,2-4,4-4,2,0,2,4,0,0,1,1,14,+17
20260603_TOR_NY,"Wednesday, June 03, 2026",regular_season,New York Liberty,Toronto Tempo,Jonquel Jones,C,34,9-14,4-7,0-0,5,12,17,2,0,2,2,2,22,+16
20260603_TOR_NY,"Wednesday, June 03, 2026",regular_season,New York Liberty,Toronto Tempo,Marine Johannes,G,27,6-10,3-6,0-0,1,1,2,2,1,1,2,3,15,+7
20260603_TOR_NY,"Wednesday, June 03, 2026",regular_season,New York Liberty,Toronto Tempo,Pauline Astier,G,28,4-9,2-3,0-1,0,0,0,5,0,0,0,4,10,+20
20260603_TOR_NY,"Wednesday, June 03, 2026",regular_season,New York Liberty,Toronto Tempo,Satou Sabally,F,14,3-7,2-4,4-5,1,4,5,0,0,0,2,2,12,-2
20260603_TOR_NY,"Wednesday, June 03, 2026",regular_season,New York Liberty,Toronto Tempo,Han Xu,C,10,2-2,0-0,0-0,0,2,2,1,0,0,0,0,4,+4
20260603_TOR_NY,"Wednesday, June 03, 2026",regular_season,New York Liberty,Toronto Tempo,Rebekah Gardner,G,15,0-4,0-1,0-0,2,1,3,3,1,0,0,0,0,-4
20260603_TOR_NY,"Wednesday, June 03, 2026",regular_season,New York Liberty,Toronto Tempo,Betnijah Laney-Hamilton,G,17,0-3,0-2,1-2,0,0,0,3,1,0,2,0,1,+9
20260603_TOR_NY,"Wednesday, June 03, 2026",regular_season,New York Liberty,Toronto Tempo,Raquel Carrera,F,,,,,,,,,,,,,,
20260603_TOR_NY,"Wednesday, June 03, 2026",regular_season,New York Liberty,Toronto Tempo,Rebecca Allen,G,,,,,,,,,,,,,,
20260604_PHX_SEA,"Thursday, June 04, 2026",regular_season,Phoenix Mercury,Seattle Storm,Alyssa Thomas,F,34,4-9,0-0,1-3,1,8,9,5,2,0,4,2,9,+2
20260604_PHX_SEA,"Thursday, June 04, 2026",regular_season,Phoenix Mercury,Seattle Storm,Natasha Mack,F,26,7-7,0-0,2-2,4,6,10,2,0,3,1,1,16,+11
20260604_PHX_SEA,"Thursday, June 04, 2026",regular_season,Phoenix Mercury,Seattle Storm,Noemie Brochant,F,24,2-7,0-2,0-0,0,4,4,1,2,2,2,2,4,-6
20260604_PHX_SEA,"Thursday, June 04, 2026",regular_season,Phoenix Mercury,Seattle Storm,Kahleah Copper,G,35,4-14,2-6,6-6,1,5,6,1,1,0,1,2,16,+4
20260604_PHX_SEA,"Thursday, June 04, 2026",regular_season,Phoenix Mercury,Seattle Storm,Monique Akoa Makani,G,28,3-8,1-4,5-7,1,5,6,2,2,0,3,3,12,+4
20260604_PHX_SEA,"Thursday, June 04, 2026",regular_season,Phoenix Mercury,Seattle Storm,DeWanna Bonner,F,25,3-12,0-7,4-5,0,2,2,1,2,0,1,2,10,0
20260604_PHX_SEA,"Thursday, June 04, 2026",regular_season,Phoenix Mercury,Seattle Storm,Valeriane Ayayi,F,4,0-2,0-0,1-2,3,0,3,1,0,0,0,1,1,+2
20260604_PHX_SEA,"Thursday, June 04, 2026",regular_season,Phoenix Mercury,Seattle Storm,Jovana Nogic,G,12,1-2,0-1,2-2,0,2,2,2,0,0,0,1,4,-4
20260604_PHX_SEA,"Thursday, June 04, 2026",regular_season,Phoenix Mercury,Seattle Storm,Lexi Held,G,13,0-3,0-2,0-0,0,2,2,2,2,1,1,1,0,+7
20260604_PHX_SEA,"Thursday, June 04, 2026",regular_season,Phoenix Mercury,Seattle Storm,Kyara Linskens,C,,,,,,,,,,,,,,
20260604_PHX_SEA,"Thursday, June 04, 2026",regular_season,Phoenix Mercury,Seattle Storm,Sami Whitcomb,G,,,,,,,,,,,,,,
20260604_PHX_SEA,"Thursday, June 04, 2026",regular_season,Phoenix Mercury,Seattle Storm,Quionche Carter,G,,,,,,,,,,,,,,
20260604_PHX_SEA,"Thursday, June 04, 2026",regular_season,Seattle Storm,Phoenix Mercury,Jordan Horston,F,21,2-5,1-4,0-0,1,4,5,1,0,1,2,1,5,-4
20260604_PHX_SEA,"Thursday, June 04, 2026",regular_season,Seattle Storm,Phoenix Mercury,Stefanie Dolson,C,25,0-1,0-1,0-0,0,2,2,1,1,0,2,3,0,0
20260604_PHX_SEA,"Thursday, June 04, 2026",regular_season,Seattle Storm,Phoenix Mercury,Awa Fam,C,33,9-17,0-4,0-0,1,5,6,2,1,2,2,3,18,-1
20260604_PHX_SEA,"Thursday, June 04, 2026",regular_season,Seattle Storm,Phoenix Mercury,Natisha Hiedeman,G,30,6-17,3-8,0-1,1,3,4,4,2,1,0,2,15,+3
20260604_PHX_SEA,"Thursday, June 04, 2026",regular_season,Seattle Storm,Phoenix Mercury,Flau'jae Johnson,G,29,3-11,2-6,1-2,0,4,4,5,2,0,4,2,9,+5
20260604_PHX_SEA,"Thursday, June 04, 2026",regular_season,Seattle Storm,Phoenix Mercury,Katie Lou Samuelson,F,17,1-7,1-5,0-0,0,2,2,1,1,0,1,1,3,-2
20260604_PHX_SEA,"Thursday, June 04, 2026",regular_season,Seattle Storm,Phoenix Mercury,Mackenzie Holmes,F,19,2-5,0-1,0-0,1,5,6,1,1,1,0,2,4,-8
20260604_PHX_SEA,"Thursday, June 04, 2026",regular_season,Seattle Storm,Phoenix Mercury,Zia Cooke,G,14,4-9,1-3,0-0,0,1,1,0,1,0,2,1,9,-9
20260604_PHX_SEA,"Thursday, June 04, 2026",regular_season,Seattle Storm,Phoenix Mercury,Jade Melbourne,G,13,1-1,1-1,2-2,0,4,4,2,1,0,1,3,5,-4
20260604_PHX_SEA,"Thursday, June 04, 2026",regular_season,Seattle Storm,Phoenix Mercury,Joyner Holmes,F,,,,,,,,,,,,,,
20260604_PHX_SEA,"Thursday, June 04, 2026",regular_season,Seattle Storm,Phoenix Mercury,Ezi Magbegor,F,,,,,,,,,,,,,,
20260604_PHX_SEA,"Thursday, June 04, 2026",regular_season,Seattle Storm,Phoenix Mercury,Dominique Malonga,C,,,,,,,,,,,,,,
20260604_PHX_SEA,"Thursday, June 04, 2026",regular_season,Seattle Storm,Phoenix Mercury,Lexie Brown,G,,,,,,,,,,,,,,
20260604_ATL_IND,"Thursday, June 04, 2026",regular_season,Atlanta Dream,Indiana Fever,Naz Hillmon,F,28,3-8,2-4,4-4,2,3,5,1,1,0,0,2,12,-14
20260604_ATL_IND,"Thursday, June 04, 2026",regular_season,Atlanta Dream,Indiana Fever,Angel Reese,F,31,4-9,0-1,3-4,4,6,10,3,0,2,4,4,11,-8
20260604_ATL_IND,"Thursday, June 04, 2026",regular_season,Atlanta Dream,Indiana Fever,Allisha Gray,G,36,5-18,0-4,3-3,0,1,1,2,2,0,1,3,13,-11
20260604_ATL_IND,"Thursday, June 04, 2026",regular_season,Atlanta Dream,Indiana Fever,Jordin Canada,G,32,4-12,2-5,3-4,0,3,3,7,2,0,3,6,13,-11
20260604_ATL_IND,"Thursday, June 04, 2026",regular_season,Atlanta Dream,Indiana Fever,Rhyne Howard,G,37,2-9,2-5,2-3,0,4,4,0,3,0,2,2,8,-9
20260604_ATL_IND,"Thursday, June 04, 2026",regular_season,Atlanta Dream,Indiana Fever,Sika Kone,F,1,0-0,0-0,2-2,0,1,1,0,0,0,0,0,2,+1
20260604_ATL_IND,"Thursday, June 04, 2026",regular_season,Atlanta Dream,Indiana Fever,Madina Okot,C,9,3-5,0-0,1-2,2,1,3,0,0,1,0,1,7,+3
20260604_ATL_IND,"Thursday, June 04, 2026",regular_season,Atlanta Dream,Indiana Fever,Te-Hina Paopao,G,16,0-3,0-2,0-0,1,1,2,1,1,0,1,0,0,-10
20260604_ATL_IND,"Thursday, June 04, 2026",regular_season,Atlanta Dream,Indiana Fever,Aaliyah Nye,G,1,0-0,0-0,0-0,0,0,0,0,0,0,0,0,0,+1
20260604_ATL_IND,"Thursday, June 04, 2026",regular_season,Atlanta Dream,Indiana Fever,Indya Nivar,G,1,0-0,0-0,1-2,0,0,0,0,0,0,0,0,1,+1
20260604_ATL_IND,"Thursday, June 04, 2026",regular_season,Atlanta Dream,Indiana Fever,Isobel Borlase,G,7,2-3,0-0,0-0,0,1,1,0,0,0,0,1,4,-3
20260604_ATL_IND,"Thursday, June 04, 2026",regular_season,Atlanta Dream,Indiana Fever,Brionna Jones,F,,,,,,,,,,,,,,
20260604_ATL_IND,"Thursday, June 04, 2026",regular_season,Indiana Fever,Atlanta Dream,Monique Billings,F,13,0-2,0-1,0-0,2,3,5,0,0,1,0,2,0,-5
20260604_ATL_IND,"Thursday, June 04, 2026",regular_season,Indiana Fever,Atlanta Dream,Aliyah Boston,C,31,6-12,3-4,4-4,0,7,7,2,0,3,4,5,19,+8
20260604_ATL_IND,"Thursday, June 04, 2026",regular_season,Indiana Fever,Atlanta Dream,Kelsey Mitchell,G,33,11-15,3-4,0-1,0,0,0,2,2,0,1,0,25,+14
20260604_ATL_IND,"Thursday, June 04, 2026",regular_season,Indiana Fever,Atlanta Dream,Lexie Hull,G,20,1-2,0-1,2-2,0,2,2,0,0,1,1,0,4,-7
20260604_ATL_IND,"Thursday, June 04, 2026",regular_season,Indiana Fever,Atlanta Dream,Caitlin Clark,G,31,6-17,2-8,3-4,0,7,7,8,0,1,3,4,17,+2
20260604_ATL_IND,"Thursday, June 04, 2026",regular_season,Indiana Fever,Atlanta Dream,Myisha Hines-Allen,F,16,2-6,0-3,1-2,2,5,7,1,2,1,2,5,5,+10
20260604_ATL_IND,"Thursday, June 04, 2026",regular_season,Indiana Fever,Atlanta Dream,Makayla Timpson,F,14,0-0,0-0,0-0,1,2,3,0,0,0,1,3,0,+12
20260604_ATL_IND,"Thursday, June 04, 2026",regular_season,Indiana Fever,Atlanta Dream,Sophie Cunningham,G,19,2-4,2-3,2-2,1,1,2,0,0,0,1,1,8,+11
20260604_ATL_IND,"Thursday, June 04, 2026",regular_season,Indiana Fever,Atlanta Dream,Raven Johnson,G,23,2-5,1-1,0-0,0,2,2,3,2,0,1,2,5,+15
20260604_ATL_IND,"Thursday, June 04, 2026",regular_season,Indiana Fever,Atlanta Dream,Grace VanSlooten,F,,,,,,,,,,,,,,
20260604_ATL_IND,"Thursday, June 04, 2026",regular_season,Indiana Fever,Atlanta Dream,Damiris Dantas,C,,,,,,,,,,,,,,
20260604_ATL_IND,"Thursday, June 04, 2026",regular_season,Indiana Fever,Atlanta Dream,Tyasha Harris,G,,,,,,,,,,,,,,
20260605_GS_MIN,"Friday, June 05, 2026",regular_season,Golden State Valkyries,Minnesota Lynx,Kayla Thornton,F,21,3-9,1-4,2-2,2,3,5,0,0,0,0,0,9,-8
20260605_GS_MIN,"Friday, June 05, 2026",regular_season,Golden State Valkyries,Minnesota Lynx,Gabby Williams,F,25,2-10,1-4,0-0,3,2,5,3,2,1,1,2,5,-7
20260605_GS_MIN,"Friday, June 05, 2026",regular_season,Golden State Valkyries,Minnesota Lynx,Cecilia Zandalasini,F,27,5-14,4-11,4-4,1,2,3,3,1,0,2,2,18,-1
20260605_GS_MIN,"Friday, June 05, 2026",regular_season,Golden State Valkyries,Minnesota Lynx,Kiah Stokes,C,21,3-5,1-2,0-0,0,3,3,1,0,3,0,1,7,-14
20260605_GS_MIN,"Friday, June 05, 2026",regular_season,Golden State Valkyries,Minnesota Lynx,Veronica Burton,G,26,3-8,0-2,2-2,1,1,2,3,0,1,1,4,8,-2
20260605_GS_MIN,"Friday, June 05, 2026",regular_season,Golden State Valkyries,Minnesota Lynx,Janelle Salaun,F,19,6-11,5-8,0-0,0,5,5,3,0,1,1,3,17,+11
20260605_GS_MIN,"Friday, June 05, 2026",regular_season,Golden State Valkyries,Minnesota Lynx,Tiffany Hayes,G,25,6-9,1-1,2-2,1,4,5,3,1,0,1,2,15,+1
20260605_GS_MIN,"Friday, June 05, 2026",regular_season,Golden State Valkyries,Minnesota Lynx,Kaila Charles,G,15,0-2,0-1,0-0,1,1,2,0,2,1,0,3,0,+4
20260605_GS_MIN,"Friday, June 05, 2026",regular_season,Golden State Valkyries,Minnesota Lynx,Kaitlyn Chen,G,14,2-4,1-2,0-0,0,1,1,5,0,0,1,0,5,-1
20260605_GS_MIN,"Friday, June 05, 2026",regular_season,Golden State Valkyries,Minnesota Lynx,Juste Jocyte,G,7,0-4,0-2,0-0,0,0,0,0,0,0,0,1,0,+2
20260605_GS_MIN,"Friday, June 05, 2026",regular_season,Golden State Valkyries,Minnesota Lynx,Laeticia Amihere,F,,,,,,,,,,,,,,
20260605_GS_MIN,"Friday, June 05, 2026",regular_season,Golden State Valkyries,Minnesota Lynx,Ndjakalenga Mwenentanda,G,,,,,,,,,,,,,,
20260605_GS_MIN,"Friday, June 05, 2026",regular_season,Minnesota Lynx,Golden State Valkyries,Natasha Howard,F,30,4-12,0-0,4-6,5,5,10,0,0,0,2,3,12,+8
20260605_GS_MIN,"Friday, June 05, 2026",regular_season,Minnesota Lynx,Golden State Valkyries,Nia Coffey,F,35,1-6,1-4,0-0,2,4,6,5,0,3,2,3,3,+3
20260605_GS_MIN,"Friday, June 05, 2026",regular_season,Minnesota Lynx,Golden State Valkyries,Kayla McBride,G,32,4-13,3-6,3-3,2,6,8,2,2,0,2,0,14,-1
20260605_GS_MIN,"Friday, June 05, 2026",regular_season,Minnesota Lynx,Golden State Valkyries,Courtney Williams,G,34,8-18,0-3,1-2,1,6,7,3,1,0,3,2,17,0
20260605_GS_MIN,"Friday, June 05, 2026",regular_season,Minnesota Lynx,Golden State Valkyries,Olivia Miles,G,28,9-16,8-11,2-2,0,4,4,7,0,3,1,5,28,+14
20260605_GS_MIN,"Friday, June 05, 2026",regular_season,Minnesota Lynx,Golden State Valkyries,Antonia Delaere,F,13,0-1,0-1,0-0,0,0,0,0,0,0,1,0,0,-7
20260605_GS_MIN,"Friday, June 05, 2026",regular_season,Minnesota Lynx,Golden State Valkyries,Anastasiia Olairi Kosu,F,13,2-4,0-0,4-4,1,3,4,0,0,0,0,0,8,-4
20260605_GS_MIN,"Friday, June 05, 2026",regular_season,Minnesota Lynx,Golden State Valkyries,Teaira McCowan,C,2,0-1,0-0,0-0,2,0,2,0,0,0,0,1,0,-1
20260605_GS_MIN,"Friday, June 05, 2026",regular_season,Minnesota Lynx,Golden State Valkyries,Maya Caldwell,G,12,1-2,1-1,2-2,1,1,2,1,1,1,1,1,5,+3
20260605_GS_MIN,"Friday, June 05, 2026",regular_season,Minnesota Lynx,Golden State Valkyries,Napheesa Collier,F,,,,,,,,,,,,,,
20260605_GS_MIN,"Friday, June 05, 2026",regular_season,Minnesota Lynx,Golden State Valkyries,Dorka Juhasz,F,,,,,,,,,,,,,,
20260605_GS_MIN,"Friday, June 05, 2026",regular_season,Minnesota Lynx,Golden State Valkyries,Emma Cechova,F,,,,,,,,,,,,,,
20260605_CON_CHI,"Friday, June 05, 2026",regular_season,Connecticut Sun,Chicago Sky,Diamond Miller,F,28,6-15,1-5,3-3,2,1,3,3,0,0,2,2,16,-4
20260605_CON_CHI,"Friday, June 05, 2026",regular_season,Connecticut Sun,Chicago Sky,Aneesah Morrow,F,32,3-14,2-5,0-0,4,13,17,3,1,1,1,2,8,-8
20260605_CON_CHI,"Friday, June 05, 2026",regular_season,Connecticut Sun,Chicago Sky,Brittney Griner,C,29,6-8,0-0,4-6,2,6,8,5,0,3,2,3,16,-8
20260605_CON_CHI,"Friday, June 05, 2026",regular_season,Connecticut Sun,Chicago Sky,Saniya Rivers,G,23,6-9,1-2,1-2,0,1,1,3,1,2,3,2,14,-3
20260605_CON_CHI,"Friday, June 05, 2026",regular_season,Connecticut Sun,Chicago Sky,Leila Lacan,G,34,1-8,0-3,1-2,0,1,1,2,1,0,3,6,3,-5
20260605_CON_CHI,"Friday, June 05, 2026",regular_season,Connecticut Sun,Chicago Sky,Raegan Beers,F,6,2-3,0-0,1-1,2,2,4,2,0,1,2,0,5,+3
20260605_CON_CHI,"Friday, June 05, 2026",regular_season,Connecticut Sun,Chicago Sky,Nell Angloma,F,17,2-4,0-0,2-2,1,0,1,0,2,0,1,0,6,+9
20260605_CON_CHI,"Friday, June 05, 2026",regular_season,Connecticut Sun,Chicago Sky,Olivia Nelson-Ododa,C,10,1-3,0-0,0-0,2,1,3,0,0,0,0,4,2,+3
20260605_CON_CHI,"Friday, June 05, 2026",regular_season,Connecticut Sun,Chicago Sky,Hailey Van Lith,G,6,1-1,0-0,2-2,1,0,1,0,0,0,1,0,4,-11
20260605_CON_CHI,"Friday, June 05, 2026",regular_season,Connecticut Sun,Chicago Sky,Charlisse Leger-Walker,G,8,2-4,0-2,0-0,0,0,0,1,1,0,0,1,4,+8
20260605_CON_CHI,"Friday, June 05, 2026",regular_season,Connecticut Sun,Chicago Sky,Gianna Kneepkens,G,8,0-1,0-0,2-3,0,0,0,0,0,0,0,0,2,-6
20260605_CON_CHI,"Friday, June 05, 2026",regular_season,Connecticut Sun,Chicago Sky,Ashlon Jackson,G,1,0-1,0-1,0-0,0,1,1,0,0,0,0,1,0,-3
20260605_CON_CHI,"Friday, June 05, 2026",regular_season,Connecticut Sun,Chicago Sky,Aaliyah Edwards,F,,,,,,,,,,,,,,
20260605_CON_CHI,"Friday, June 05, 2026",regular_season,Connecticut Sun,Chicago Sky,Kennedy Burke,G,,,,,,,,,,,,,,
20260605_CON_CHI,"Friday, June 05, 2026",regular_season,Chicago Sky,Connecticut Sun,Azura Stevens,F,20,5-13,1-5,2-3,3,7,10,1,1,0,0,4,13,+4
20260605_CON_CHI,"Friday, June 05, 2026",regular_season,Chicago Sky,Connecticut Sun,Kamilla Cardoso,C,33,5-10,0-0,0-1,2,6,8,3,0,2,2,3,10,+9
20260605_CON_CHI,"Friday, June 05, 2026",regular_season,Chicago Sky,Connecticut Sun,Skylar Diggins,G,32,6-16,2-3,10-11,1,2,3,4,1,0,2,1,24,+10
20260605_CON_CHI,"Friday, June 05, 2026",regular_season,Chicago Sky,Connecticut Sun,Rachel Banham,G,22,2-7,1-5,1-1,0,2,2,3,0,3,1,4,6,+4
20260605_CON_CHI,"Friday, June 05, 2026",regular_season,Chicago Sky,Connecticut Sun,Jacy Sheldon,G,27,2-2,0-0,1-1,0,1,1,2,2,1,0,3,5,+14
20260605_CON_CHI,"Friday, June 05, 2026",regular_season,Chicago Sky,Connecticut Sun,Elizabeth Williams,C,21,5-8,0-0,0-2,1,2,3,3,2,1,0,1,10,-2
20260605_CON_CHI,"Friday, June 05, 2026",regular_season,Chicago Sky,Connecticut Sun,Natasha Cloud,G,26,4-6,2-2,3-3,0,0,0,5,2,0,3,3,13,+5
20260605_CON_CHI,"Friday, June 05, 2026",regular_season,Chicago Sky,Connecticut Sun,Saylor Poffenbarger,G,6,0-0,0-0,0-0,0,0,0,0,1,0,0,0,0,-2
20260605_CON_CHI,"Friday, June 05, 2026",regular_season,Chicago Sky,Connecticut Sun,Sydney Taylor,G,13,2-5,0-1,0-0,0,1,1,0,0,0,4,3,4,-17
20260605_CON_CHI,"Friday, June 05, 2026",regular_season,Chicago Sky,Connecticut Sun,Rickea Jackson,F,,,,,,,,,,,,,,
20260605_CON_CHI,"Friday, June 05, 2026",regular_season,Chicago Sky,Connecticut Sun,Courtney Vandersloot,G,,,,,,,,,,,,,,
20260605_CON_CHI,"Friday, June 05, 2026",regular_season,Chicago Sky,Connecticut Sun,DiJonai Carrington,G,,,,,,,,,,,,,,
20260605_CON_CHI,"Friday, June 05, 2026",regular_season,Chicago Sky,Connecticut Sun,Gabriela Jaquez,G,,,,,,,,,,,,,,
20260606_DAL_LA,"Saturday, June 06, 2026",regular_season,Dallas Wings,Los Angeles Sparks,Jessica Shepard,F,38,9-13,0-0,4-6,6,9,15,5,2,0,4,0,22,+10
20260606_DAL_LA,"Saturday, June 06, 2026",regular_season,Dallas Wings,Los Angeles Sparks,Maddy Siegrist,F,24,7-10,2-2,0-0,2,2,4,0,4,1,1,3,16,+10
20260606_DAL_LA,"Saturday, June 06, 2026",regular_season,Dallas Wings,Los Angeles Sparks,Arike Ogunbowale,G,34,10-21,6-11,4-5,3,3,6,6,0,0,3,3,30,+6
20260606_DAL_LA,"Saturday, June 06, 2026",regular_season,Dallas Wings,Los Angeles Sparks,Paige Bueckers,G,36,7-14,1-4,3-4,1,2,3,14,1,0,1,4,18,+5
20260606_DAL_LA,"Saturday, June 06, 2026",regular_season,Dallas Wings,Los Angeles Sparks,Azzi Fudd,G,35,5-10,1-4,0-0,1,0,1,2,2,0,0,3,11,+5
20260606_DAL_LA,"Saturday, June 06, 2026",regular_season,Dallas Wings,Los Angeles Sparks,Alysha Clark,F,2,0-0,0-0,0-0,0,0,0,0,0,0,0,1,0,-2
20260606_DAL_LA,"Saturday, June 06, 2026",regular_season,Dallas Wings,Los Angeles Sparks,Alanna Smith,F,16,2-4,0-2,0-0,0,2,2,0,0,1,2,0,4,-2
20260606_DAL_LA,"Saturday, June 06, 2026",regular_season,Dallas Wings,Los Angeles Sparks,Odyssey Sims,G,5,0-1,0-0,0-0,0,1,1,0,0,0,1,0,0,+3
20260606_DAL_LA,"Saturday, June 06, 2026",regular_season,Dallas Wings,Los Angeles Sparks,Aziaha James,G,10,1-4,0-2,1-3,0,1,1,3,1,0,0,4,3,+5
20260606_DAL_LA,"Saturday, June 06, 2026",regular_season,Dallas Wings,Los Angeles Sparks,JJ Quinerly,G,,,,,,,,,,,,,,
20260606_DAL_LA,"Saturday, June 06, 2026",regular_season,Los Angeles Sparks,Dallas Wings,Nneka Ogwumike,F,35,6-8,1-2,0-0,2,8,10,5,1,0,0,1,13,-8
20260606_DAL_LA,"Saturday, June 06, 2026",regular_season,Los Angeles Sparks,Dallas Wings,Dearica Hamby,F,30,6-8,0-0,3-4,2,3,5,1,0,0,0,2,15,-4
20260606_DAL_LA,"Saturday, June 06, 2026",regular_season,Los Angeles Sparks,Dallas Wings,Erica Wheeler,G,33,2-8,1-4,2-2,1,0,1,6,1,0,4,1,7,-8
20260606_DAL_LA,"Saturday, June 06, 2026",regular_season,Los Angeles Sparks,Dallas Wings,Kelsey Plum,G,33,10-16,1-6,6-8,0,2,2,6,0,0,5,2,27,-7
20260606_DAL_LA,"Saturday, June 06, 2026",regular_season,Los Angeles Sparks,Dallas Wings,Ariel Atkins,G,28,6-12,4-7,0-0,2,3,5,3,1,0,2,5,16,-1
20260606_DAL_LA,"Saturday, June 06, 2026",regular_season,Los Angeles Sparks,Dallas Wings,Cameron Brink,F,15,3-7,1-4,3-4,1,4,5,0,0,1,3,4,10,-4
20260606_DAL_LA,"Saturday, June 06, 2026",regular_season,Los Angeles Sparks,Dallas Wings,Rae Burrell,G,18,1-5,0-3,1-2,0,2,2,4,2,1,2,0,3,-2
20260606_DAL_LA,"Saturday, June 06, 2026",regular_season,Los Angeles Sparks,Dallas Wings,Kate Martin,G,3,2-2,1-1,0-1,0,0,0,0,0,0,1,0,5,-4
20260606_DAL_LA,"Saturday, June 06, 2026",regular_season,Los Angeles Sparks,Dallas Wings,Chance Gray,G,5,0-1,0-1,0-0,0,0,0,0,0,0,0,1,0,-2
20260606_DAL_LA,"Saturday, June 06, 2026",regular_season,Los Angeles Sparks,Dallas Wings,Emma Cannon,F,,,,,,,,,,,,,,
20260606_DAL_LA,"Saturday, June 06, 2026",regular_season,Los Angeles Sparks,Dallas Wings,Sania Feagin,F,,,,,,,,,,,,,,
20260606_DAL_LA,"Saturday, June 06, 2026",regular_season,Los Angeles Sparks,Dallas Wings,Jihyun Park,F,,,,,,,,,,,,,,
20260606_DAL_LA,"Saturday, June 06, 2026",regular_season,Los Angeles Sparks,Dallas Wings,Ta'Niya Latson,G,,,,,,,,,,,,,,
20260606_PHX_POR,"Saturday, June 06, 2026",regular_season,Phoenix Mercury,Portland Fire,DeWanna Bonner,F,34,6-15,3-8,4-4,1,4,5,5,2,3,1,1,19,+12
20260606_PHX_POR,"Saturday, June 06, 2026",regular_season,Phoenix Mercury,Portland Fire,Natasha Mack,F,29,7-11,0-0,2-2,0,4,4,2,1,1,1,2,16,+14
20260606_PHX_POR,"Saturday, June 06, 2026",regular_season,Phoenix Mercury,Portland Fire,Noemie Brochant,F,28,4-6,2-2,1-2,0,2,2,2,1,0,1,1,11,+9
20260606_PHX_POR,"Saturday, June 06, 2026",regular_season,Phoenix Mercury,Portland Fire,Jovana Nogic,G,30,3-11,0-7,3-4,1,1,2,6,2,0,0,2,9,+10
20260606_PHX_POR,"Saturday, June 06, 2026",regular_season,Phoenix Mercury,Portland Fire,Monique Akoa Makani,G,31,4-8,1-1,2-2,0,4,4,2,3,1,2,3,11,+9
20260606_PHX_POR,"Saturday, June 06, 2026",regular_season,Phoenix Mercury,Portland Fire,Valeriane Ayayi,F,4,0-1,0-0,2-2,2,0,2,0,0,0,2,0,2,-5
20260606_PHX_POR,"Saturday, June 06, 2026",regular_season,Phoenix Mercury,Portland Fire,Marta Suarez,F,11,0-1,0-1,0-0,0,0,0,1,0,0,2,4,0,-2
20260606_PHX_POR,"Saturday, June 06, 2026",regular_season,Phoenix Mercury,Portland Fire,Kyara Linskens,C,6,0-3,0-0,0-0,0,1,1,0,0,0,0,1,0,-4
20260606_PHX_POR,"Saturday, June 06, 2026",regular_season,Phoenix Mercury,Portland Fire,Lexi Held,G,20,1-5,1-2,5-5,0,1,1,3,0,0,1,2,8,-7
20260606_PHX_POR,"Saturday, June 06, 2026",regular_season,Phoenix Mercury,Portland Fire,Quionche Carter,G,9,1-1,0-0,0-1,3,0,3,0,1,0,2,3,2,-6
20260606_PHX_POR,"Saturday, June 06, 2026",regular_season,Phoenix Mercury,Portland Fire,Alyssa Thomas,F,,,,,,,,,,,,,,
20260606_PHX_POR,"Saturday, June 06, 2026",regular_season,Phoenix Mercury,Portland Fire,Sami Whitcomb,G,,,,,,,,,,,,,,
20260606_PHX_POR,"Saturday, June 06, 2026",regular_season,Phoenix Mercury,Portland Fire,Kahleah Copper,G,,,,,,,,,,,,,,
20260606_PHX_POR,"Saturday, June 06, 2026",regular_season,Portland Fire,Phoenix Mercury,Bridget Carleton,F,27,2-9,0-4,2-2,1,3,4,2,1,0,4,1,6,-17
20260606_PHX_POR,"Saturday, June 06, 2026",regular_season,Portland Fire,Phoenix Mercury,Emily Engstler,F,17,1-5,0-2,1-2,2,3,5,1,0,2,2,2,3,-19
20260606_PHX_POR,"Saturday, June 06, 2026",regular_season,Portland Fire,Phoenix Mercury,Megan DiLeo,C,22,3-5,1-2,0-0,0,2,2,0,0,0,1,0,7,-15
20260606_PHX_POR,"Saturday, June 06, 2026",regular_season,Portland Fire,Phoenix Mercury,Sarah Ashlee Barker,G,29,6-10,2-4,1-2,1,6,7,3,0,0,1,3,15,-7
20260606_PHX_POR,"Saturday, June 06, 2026",regular_season,Portland Fire,Phoenix Mercury,Carla Leite,G,24,2-6,1-2,2-3,1,1,2,4,1,0,3,4,7,-19
20260606_PHX_POR,"Saturday, June 06, 2026",regular_season,Portland Fire,Phoenix Mercury,Frieda Buhner,F,15,1-5,0-1,3-3,1,3,4,0,0,0,2,0,5,+12
20260606_PHX_POR,"Saturday, June 06, 2026",regular_season,Portland Fire,Phoenix Mercury,Nyadiew Puoch,F,13,0-4,0-1,0-0,1,0,1,0,0,0,0,1,0,+2
20260606_PHX_POR,"Saturday, June 06, 2026",regular_season,Portland Fire,Phoenix Mercury,Luisa Geiselsoder,C,18,1-4,1-4,2-2,0,3,3,3,0,0,3,5,5,+9
20260606_PHX_POR,"Saturday, June 06, 2026",regular_season,Portland Fire,Phoenix Mercury,Karlie Samuelson,G,19,4-5,4-5,1-1,0,3,3,1,1,0,0,1,13,+11
20260606_PHX_POR,"Saturday, June 06, 2026",regular_season,Portland Fire,Phoenix Mercury,Teja Oblak,G,16,4-4,1-1,2-2,1,0,1,4,0,0,4,2,11,+13
20260606_PHX_POR,"Saturday, June 06, 2026",regular_season,Portland Fire,Phoenix Mercury,Serah Williams,C,,,,,,,,,,,,,,
20260606_PHX_POR,"Saturday, June 06, 2026",regular_season,Portland Fire,Phoenix Mercury,Holly Winterburn,G,,,,,,,,,,,,,,
20260606_SEA_MIN,"Saturday, June 06, 2026",regular_season,Seattle Storm,Minnesota Lynx,Jordan Horston,F,18,2-3,1-2,2-2,1,2,3,2,0,0,3,1,7,-15
20260606_SEA_MIN,"Saturday, June 06, 2026",regular_season,Seattle Storm,Minnesota Lynx,Stefanie Dolson,C,20,2-3,2-3,0-0,1,3,4,1,0,0,1,2,6,-10
20260606_SEA_MIN,"Saturday, June 06, 2026",regular_season,Seattle Storm,Minnesota Lynx,Awa Fam,C,30,2-6,1-4,0-0,2,2,4,4,0,0,4,4,5,-15
20260606_SEA_MIN,"Saturday, June 06, 2026",regular_season,Seattle Storm,Minnesota Lynx,Natisha Hiedeman,G,26,4-10,3-9,3-3,1,3,4,5,3,0,4,0,14,-12
20260606_SEA_MIN,"Saturday, June 06, 2026",regular_season,Seattle Storm,Minnesota Lynx,Flau'jae Johnson,G,26,4-15,2-7,0-0,1,5,6,2,1,0,3,1,10,-4
20260606_SEA_MIN,"Saturday, June 06, 2026",regular_season,Seattle Storm,Minnesota Lynx,Katie Lou Samuelson,F,18,0-4,0-2,0-0,0,2,2,0,1,0,0,0,0,-5
20260606_SEA_MIN,"Saturday, June 06, 2026",regular_season,Seattle Storm,Minnesota Lynx,Mackenzie Holmes,F,14,0-1,0-1,1-2,1,3,4,2,0,0,1,0,1,-6
20260606_SEA_MIN,"Saturday, June 06, 2026",regular_season,Seattle Storm,Minnesota Lynx,Taylor Thierry,F,2,0-0,0-0,0-0,0,0,0,0,0,0,0,0,0,-2
20260606_SEA_MIN,"Saturday, June 06, 2026",regular_season,Seattle Storm,Minnesota Lynx,Dominique Malonga,C,14,3-8,0-2,1-2,0,2,2,0,2,0,2,1,7,-7
20260606_SEA_MIN,"Saturday, June 06, 2026",regular_season,Seattle Storm,Minnesota Lynx,Zia Cooke,G,9,1-4,1-2,1-2,1,1,2,0,0,0,1,1,4,-16
20260606_SEA_MIN,"Saturday, June 06, 2026",regular_season,Seattle Storm,Minnesota Lynx,Jade Melbourne,G,20,4-7,1-3,5-5,2,2,4,0,0,1,2,2,14,-6
20260606_SEA_MIN,"Saturday, June 06, 2026",regular_season,Seattle Storm,Minnesota Lynx,Taina Mair,G,2,0-2,0-1,0-0,0,0,0,0,0,0,0,0,0,-2
20260606_SEA_MIN,"Saturday, June 06, 2026",regular_season,Seattle Storm,Minnesota Lynx,Joyner Holmes,F,,,,,,,,,,,,,,
20260606_SEA_MIN,"Saturday, June 06, 2026",regular_season,Seattle Storm,Minnesota Lynx,Ezi Magbegor,F,,,,,,,,,,,,,,
20260606_SEA_MIN,"Saturday, June 06, 2026",regular_season,Seattle Storm,Minnesota Lynx,Lexie Brown,G,,,,,,,,,,,,,,
20260606_SEA_MIN,"Saturday, June 06, 2026",regular_season,Minnesota Lynx,Seattle Storm,Natasha Howard,F,30,12-16,0-1,3-4,4,1,5,1,3,2,2,2,27,+22
20260606_SEA_MIN,"Saturday, June 06, 2026",regular_season,Minnesota Lynx,Seattle Storm,Nia Coffey,F,27,2-6,2-6,0-0,2,6,8,5,3,2,1,1,6,+9
20260606_SEA_MIN,"Saturday, June 06, 2026",regular_season,Minnesota Lynx,Seattle Storm,Kayla McBride,G,23,3-12,2-8,3-3,0,2,2,3,1,0,1,1,11,+18
20260606_SEA_MIN,"Saturday, June 06, 2026",regular_season,Minnesota Lynx,Seattle Storm,Courtney Williams,G,27,5-13,1-3,0-0,0,5,5,7,2,0,2,1,11,+17
20260606_SEA_MIN,"Saturday, June 06, 2026",regular_season,Minnesota Lynx,Seattle Storm,Olivia Miles,G,33,9-14,1-3,0-1,3,3,6,6,1,0,1,3,19,+19
20260606_SEA_MIN,"Saturday, June 06, 2026",regular_season,Minnesota Lynx,Seattle Storm,Antonia Delaere,F,14,0-1,0-1,0-0,1,2,3,2,1,0,1,1,0,+2
20260606_SEA_MIN,"Saturday, June 06, 2026",regular_season,Minnesota Lynx,Seattle Storm,Anastasiia Olairi Kosu,F,17,2-4,0-0,0-0,0,1,1,1,2,0,0,2,4,+3
20260606_SEA_MIN,"Saturday, June 06, 2026",regular_season,Minnesota Lynx,Seattle Storm,Teaira McCowan,C,7,2-3,0-0,0-0,1,2,3,1,0,0,1,2,4,+2
20260606_SEA_MIN,"Saturday, June 06, 2026",regular_season,Minnesota Lynx,Seattle Storm,Maya Caldwell,G,22,2-8,2-5,0-0,2,1,3,1,0,0,3,3,6,+8
20260606_SEA_MIN,"Saturday, June 06, 2026",regular_season,Minnesota Lynx,Seattle Storm,Napheesa Collier,F,,,,,,,,,,,,,,
20260606_SEA_MIN,"Saturday, June 06, 2026",regular_season,Minnesota Lynx,Seattle Storm,Dorka Juhasz,F,,,,,,,,,,,,,,
20260606_SEA_MIN,"Saturday, June 06, 2026",regular_season,Minnesota Lynx,Seattle Storm,Emma Cechova,F,,,,,,,,,,,,,,
20260606_GS_LV,"Saturday, June 06, 2026",regular_season,Golden State Valkyries,Las Vegas Aces,Kayla Thornton,F,35,2-7,2-5,4-4,4,5,9,1,0,0,1,4,10,+3
20260606_GS_LV,"Saturday, June 06, 2026",regular_season,Golden State Valkyries,Las Vegas Aces,Gabby Williams,F,28,10-17,3-7,4-5,0,6,6,1,2,0,1,2,27,-13
20260606_GS_LV,"Saturday, June 06, 2026",regular_season,Golden State Valkyries,Las Vegas Aces,Cecilia Zandalasini,F,16,2-5,0-2,0-0,0,1,1,0,1,0,1,0,4,-2
20260606_GS_LV,"Saturday, June 06, 2026",regular_season,Golden State Valkyries,Las Vegas Aces,Kiah Stokes,C,17,1-2,0-1,0-0,1,3,4,1,0,1,1,2,2,-11
20260606_GS_LV,"Saturday, June 06, 2026",regular_season,Golden State Valkyries,Las Vegas Aces,Veronica Burton,G,34,5-16,1-8,4-6,2,3,5,3,0,0,1,3,15,-4
20260606_GS_LV,"Saturday, June 06, 2026",regular_season,Golden State Valkyries,Las Vegas Aces,Janelle Salaun,F,28,4-12,3-8,0-0,1,2,3,2,0,0,1,2,11,-2
20260606_GS_LV,"Saturday, June 06, 2026",regular_season,Golden State Valkyries,Las Vegas Aces,Iliana Rupert,C,--,0-0,0-0,0-0,0,0,0,0,0,0,0,0,0,0
20260606_GS_LV,"Saturday, June 06, 2026",regular_season,Golden State Valkyries,Las Vegas Aces,Tiffany Hayes,G,16,2-7,1-3,0-2,0,3,3,3,1,0,2,4,5,+1
20260606_GS_LV,"Saturday, June 06, 2026",regular_season,Golden State Valkyries,Las Vegas Aces,Kaila Charles,G,20,2-5,1-1,0-0,2,4,6,3,0,0,1,1,5,+4
20260606_GS_LV,"Saturday, June 06, 2026",regular_season,Golden State Valkyries,Las Vegas Aces,Kaitlyn Chen,G,6,0-1,0-0,0-0,0,1,1,0,0,0,0,1,0,-1
20260606_GS_LV,"Saturday, June 06, 2026",regular_season,Golden State Valkyries,Las Vegas Aces,Laeticia Amihere,F,,,,,,,,,,,,,,
20260606_GS_LV,"Saturday, June 06, 2026",regular_season,Golden State Valkyries,Las Vegas Aces,Ndjakalenga Mwenentanda,G,,,,,,,,,,,,,,
20260606_GS_LV,"Saturday, June 06, 2026",regular_season,Golden State Valkyries,Las Vegas Aces,Juste Jocyte,G,,,,,,,,,,,,,,
20260606_GS_LV,"Saturday, June 06, 2026",regular_season,Las Vegas Aces,Golden State Valkyries,Stephanie Talbot,F,19,2-7,2-6,0-0,0,0,0,4,0,2,1,2,6,-11
20260606_GS_LV,"Saturday, June 06, 2026",regular_season,Las Vegas Aces,Golden State Valkyries,NaLyssa Smith,F,29,2-6,0-0,2-6,2,4,6,1,0,0,1,3,6,+17
20260606_GS_LV,"Saturday, June 06, 2026",regular_season,Las Vegas Aces,Golden State Valkyries,A'ja Wilson,C,35,9-17,2-4,8-8,2,12,14,3,0,0,2,3,28,+12
20260606_GS_LV,"Saturday, June 06, 2026",regular_season,Las Vegas Aces,Golden State Valkyries,Chelsea Gray,G,36,4-10,2-7,2-3,1,5,6,6,2,0,4,3,12,+3
20260606_GS_LV,"Saturday, June 06, 2026",regular_season,Las Vegas Aces,Golden State Valkyries,Jackie Young,G,36,8-15,6-8,5-5,1,4,5,5,0,0,1,3,27,+13
20260606_GS_LV,"Saturday, June 06, 2026",regular_season,Las Vegas Aces,Golden State Valkyries,Brianna Turner,F,9,0-1,0-0,0-0,0,0,0,0,0,0,1,1,0,-5
20260606_GS_LV,"Saturday, June 06, 2026",regular_season,Las Vegas Aces,Golden State Valkyries,Kierstan Bell,F,7,0-3,0-2,0-0,0,0,0,0,0,0,0,0,0,-6
20260606_GS_LV,"Saturday, June 06, 2026",regular_season,Las Vegas Aces,Golden State Valkyries,Jewell Loyd,G,28,2-4,1-3,0-0,0,5,5,3,1,0,1,4,5,+2
20260606_GS_LV,"Saturday, June 06, 2026",regular_season,Las Vegas Aces,Golden State Valkyries,Cheyenne Parker-Tyus,F,,,,,,,,,,,,,,
20260606_GS_LV,"Saturday, June 06, 2026",regular_season,Las Vegas Aces,Golden State Valkyries,Janiah Barker,F,,,,,,,,,,,,,,
20260606_WSH_ATL,"Saturday, June 06, 2026",regular_season,Washington Mystics,Atlanta Dream,Michaela Onyenwere,F,21,1-3,0-2,2-2,0,0,0,0,0,0,1,4,4,-17
20260606_WSH_ATL,"Saturday, June 06, 2026",regular_season,Washington Mystics,Atlanta Dream,Kiki Iriafen,F,27,8-15,1-3,7-10,0,3,3,3,1,1,2,3,24,-20
20260606_WSH_ATL,"Saturday, June 06, 2026",regular_season,Washington Mystics,Atlanta Dream,Shakira Austin,C,22,3-9,1-2,0-0,5,0,5,4,0,3,3,3,7,-29
20260606_WSH_ATL,"Saturday, June 06, 2026",regular_season,Washington Mystics,Atlanta Dream,Sonia Citron,G,29,5-10,2-4,6-7,0,2,2,6,1,0,2,2,18,-24
20260606_WSH_ATL,"Saturday, June 06, 2026",regular_season,Washington Mystics,Atlanta Dream,Georgia Amoore,G,23,0-1,0-1,0-0,0,2,2,1,1,0,1,3,0,-9
20260606_WSH_ATL,"Saturday, June 06, 2026",regular_season,Washington Mystics,Atlanta Dream,Angela Dugalic,F,14,2-3,1-1,0-0,1,8,9,1,0,0,1,1,5,-9
20260606_WSH_ATL,"Saturday, June 06, 2026",regular_season,Washington Mystics,Atlanta Dream,Lauren Betts,C,16,2-4,0-0,2-2,0,1,1,1,0,0,1,3,6,-6
20260606_WSH_ATL,"Saturday, June 06, 2026",regular_season,Washington Mystics,Atlanta Dream,Rori Harmon,G,2,0-0,0-0,0-0,0,0,0,0,0,0,0,1,0,0
20260606_WSH_ATL,"Saturday, June 06, 2026",regular_season,Washington Mystics,Atlanta Dream,Cotie McMahon,G,15,2-4,0-1,3-4,1,1,2,0,0,0,2,3,7,-5
20260606_WSH_ATL,"Saturday, June 06, 2026",regular_season,Washington Mystics,Atlanta Dream,Cassandre Prosper,G,11,2-2,0-0,0-0,0,0,0,1,0,0,0,1,4,-12
20260606_WSH_ATL,"Saturday, June 06, 2026",regular_season,Washington Mystics,Atlanta Dream,Alicia Florez,G,20,1-7,0-2,0-2,1,1,2,0,1,0,4,2,2,-29
20260606_WSH_ATL,"Saturday, June 06, 2026",regular_season,Washington Mystics,Atlanta Dream,Lucy Olsen,G,,,,,,,,,,,,,,
20260606_WSH_ATL,"Saturday, June 06, 2026",regular_season,Atlanta Dream,Washington Mystics,Naz Hillmon,F,25,2-6,2-4,0-0,2,4,6,1,1,1,0,3,6,+24
20260606_WSH_ATL,"Saturday, June 06, 2026",regular_season,Atlanta Dream,Washington Mystics,Angel Reese,F,25,4-9,0-0,10-10,7,10,17,0,4,1,3,3,18,+25
20260606_WSH_ATL,"Saturday, June 06, 2026",regular_season,Atlanta Dream,Washington Mystics,Allisha Gray,G,25,1-4,1-2,12-15,0,1,1,5,0,0,1,2,15,+14
20260606_WSH_ATL,"Saturday, June 06, 2026",regular_season,Atlanta Dream,Washington Mystics,Jordin Canada,G,25,4-6,1-1,2-3,0,2,2,5,0,0,0,0,11,+19
20260606_WSH_ATL,"Saturday, June 06, 2026",regular_season,Atlanta Dream,Washington Mystics,Rhyne Howard,G,21,6-11,4-7,3-3,0,0,0,3,6,1,2,4,19,+18
20260606_WSH_ATL,"Saturday, June 06, 2026",regular_season,Atlanta Dream,Washington Mystics,Sika Kone,F,12,3-6,1-3,2-3,5,1,6,2,1,0,1,3,9,+6
20260606_WSH_ATL,"Saturday, June 06, 2026",regular_season,Atlanta Dream,Washington Mystics,Madina Okot,C,18,5-9,0-1,1-2,1,4,5,0,1,0,3,4,11,+9
20260606_WSH_ATL,"Saturday, June 06, 2026",regular_season,Atlanta Dream,Washington Mystics,Te-Hina Paopao,G,14,2-4,2-3,0-0,0,1,1,3,0,1,0,2,6,+13
20260606_WSH_ATL,"Saturday, June 06, 2026",regular_season,Atlanta Dream,Washington Mystics,Aaliyah Nye,G,5,1-3,1-2,0-0,0,0,0,0,0,0,0,0,3,+7
20260606_WSH_ATL,"Saturday, June 06, 2026",regular_season,Atlanta Dream,Washington Mystics,Indya Nivar,G,8,1-3,0-0,0-3,1,1,2,0,1,0,0,4,2,-2
20260606_WSH_ATL,"Saturday, June 06, 2026",regular_season,Atlanta Dream,Washington Mystics,Isobel Borlase,G,23,3-5,1-2,2-2,0,2,2,2,2,0,1,1,9,+27
20260606_WSH_ATL,"Saturday, June 06, 2026",regular_season,Atlanta Dream,Washington Mystics,Brionna Jones,F,,,,,,,,,,,,,,
20260607_IND_NY,"Sunday, June 07, 2026",regular_season,Indiana Fever,New York Liberty,Monique Billings,F,35,6-7,1-2,2-6,3,5,8,1,0,1,1,3,15,0
20260607_IND_NY,"Sunday, June 07, 2026",regular_season,Indiana Fever,New York Liberty,Aliyah Boston,C,29,6-15,1-3,0-0,2,7,9,1,1,3,4,5,13,-14
20260607_IND_NY,"Sunday, June 07, 2026",regular_season,Indiana Fever,New York Liberty,Kelsey Mitchell,G,32,7-21,2-8,5-7,2,5,7,2,0,0,4,3,21,-8
20260607_IND_NY,"Sunday, June 07, 2026",regular_season,Indiana Fever,New York Liberty,Lexie Hull,G,19,2-2,1-1,0-0,1,5,6,1,1,0,0,1,5,+5
20260607_IND_NY,"Sunday, June 07, 2026",regular_season,Indiana Fever,New York Liberty,Caitlin Clark,G,34,4-14,2-6,0-0,0,7,7,9,0,1,3,5,10,+3
20260607_IND_NY,"Sunday, June 07, 2026",regular_season,Indiana Fever,New York Liberty,Myisha Hines-Allen,F,13,1-4,1-2,0-0,0,1,1,0,1,0,0,5,3,-1
20260607_IND_NY,"Sunday, June 07, 2026",regular_season,Indiana Fever,New York Liberty,Makayla Timpson,F,3,0-0,0-0,0-0,0,0,0,0,0,0,0,1,0,-1
20260607_IND_NY,"Sunday, June 07, 2026",regular_season,Indiana Fever,New York Liberty,Sophie Cunningham,G,17,1-2,0-1,0-0,0,1,1,2,1,0,1,3,2,-18
20260607_IND_NY,"Sunday, June 07, 2026",regular_season,Indiana Fever,New York Liberty,Raven Johnson,G,17,2-7,0-2,2-2,1,1,2,4,0,0,1,1,6,-6
20260607_IND_NY,"Sunday, June 07, 2026",regular_season,Indiana Fever,New York Liberty,Grace VanSlooten,F,,,,,,,,,,,,,,
20260607_IND_NY,"Sunday, June 07, 2026",regular_season,Indiana Fever,New York Liberty,Damiris Dantas,C,,,,,,,,,,,,,,
20260607_IND_NY,"Sunday, June 07, 2026",regular_season,Indiana Fever,New York Liberty,Tyasha Harris,G,,,,,,,,,,,,,,
20260607_IND_NY,"Sunday, June 07, 2026",regular_season,Indiana Fever,New York Liberty,Justine Pissott,G,,,,,,,,,,,,,,
20260607_IND_NY,"Sunday, June 07, 2026",regular_season,Indiana Fever,New York Liberty,Bree Hall,G,,,,,,,,,,,,,,
20260607_IND_NY,"Sunday, June 07, 2026",regular_season,New York Liberty,Indiana Fever,Breanna Stewart,F,33,6-15,0-2,18-21,4,4,8,2,4,0,2,1,30,+17
20260607_IND_NY,"Sunday, June 07, 2026",regular_season,New York Liberty,Indiana Fever,Leonie Fiebich,F,30,1-7,0-3,2-2,2,2,4,2,3,1,1,2,4,+15
20260607_IND_NY,"Sunday, June 07, 2026",regular_season,New York Liberty,Indiana Fever,Jonquel Jones,C,28,2-6,0-1,4-7,2,10,12,4,0,1,1,4,8,+7
20260607_IND_NY,"Sunday, June 07, 2026",regular_season,New York Liberty,Indiana Fever,Marine Johannes,G,25,3-7,2-5,0-0,0,4,4,0,0,0,2,3,8,+2
20260607_IND_NY,"Sunday, June 07, 2026",regular_season,New York Liberty,Indiana Fever,Pauline Astier,G,24,4-6,0-0,4-4,0,3,3,3,1,0,1,3,12,+8
20260607_IND_NY,"Sunday, June 07, 2026",regular_season,New York Liberty,Indiana Fever,Satou Sabally,F,22,5-11,0-4,3-4,1,4,5,1,0,0,2,3,13,+10
20260607_IND_NY,"Sunday, June 07, 2026",regular_season,New York Liberty,Indiana Fever,Han Xu,C,8,1-4,0-1,0-0,2,2,4,1,0,0,0,0,2,-6
20260607_IND_NY,"Sunday, June 07, 2026",regular_season,New York Liberty,Indiana Fever,Rebekah Gardner,G,13,1-3,0-0,2-2,2,2,4,1,1,0,1,1,4,-6
20260607_IND_NY,"Sunday, June 07, 2026",regular_season,New York Liberty,Indiana Fever,Betnijah Laney-Hamilton,G,12,1-5,0-0,0-0,0,1,1,0,0,0,1,1,2,-2
20260607_IND_NY,"Sunday, June 07, 2026",regular_season,New York Liberty,Indiana Fever,Marine Fauthoux,G,5,0-2,0-2,0-0,0,2,2,0,0,0,0,1,0,-5
20260607_IND_NY,"Sunday, June 07, 2026",regular_season,New York Liberty,Indiana Fever,Raquel Carrera,F,,,,,,,,,,,,,,
20260607_IND_NY,"Sunday, June 07, 2026",regular_season,New York Liberty,Indiana Fever,Rebecca Allen,G,,,,,,,,,,,,,,
20260607_CHI_TOR,"Sunday, June 07, 2026",regular_season,Chicago Sky,Toronto Tempo,Azura Stevens,F,24,8-15,0-4,2-2,2,8,10,0,0,0,0,3,18,-11
20260607_CHI_TOR,"Sunday, June 07, 2026",regular_season,Chicago Sky,Toronto Tempo,Kamilla Cardoso,C,23,2-6,0-0,5-8,2,6,8,2,0,1,2,5,9,-15
20260607_CHI_TOR,"Sunday, June 07, 2026",regular_season,Chicago Sky,Toronto Tempo,Skylar Diggins,G,27,2-8,0-2,3-4,1,0,1,3,0,0,1,1,7,-14
20260607_CHI_TOR,"Sunday, June 07, 2026",regular_season,Chicago Sky,Toronto Tempo,Rachel Banham,G,22,1-5,1-5,0-0,0,2,2,1,0,0,2,2,3,-11
20260607_CHI_TOR,"Sunday, June 07, 2026",regular_season,Chicago Sky,Toronto Tempo,Jacy Sheldon,G,21,4-7,2-2,0-0,1,2,3,2,1,0,5,5,10,-7
20260607_CHI_TOR,"Sunday, June 07, 2026",regular_season,Chicago Sky,Toronto Tempo,Elizabeth Williams,C,22,0-4,0-0,4-8,1,2,3,2,1,2,0,3,4,-4
20260607_CHI_TOR,"Sunday, June 07, 2026",regular_season,Chicago Sky,Toronto Tempo,Natasha Cloud,G,27,2-7,1-3,1-2,0,4,4,3,0,1,3,1,6,-6
20260607_CHI_TOR,"Sunday, June 07, 2026",regular_season,Chicago Sky,Toronto Tempo,Saylor Poffenbarger,G,8,0-3,0-3,0-0,0,3,3,1,0,0,0,1,0,-2
20260607_CHI_TOR,"Sunday, June 07, 2026",regular_season,Chicago Sky,Toronto Tempo,Sydney Taylor,G,8,0-2,0-2,0-0,0,0,0,0,0,1,1,1,0,-8
20260607_CHI_TOR,"Sunday, June 07, 2026",regular_season,Chicago Sky,Toronto Tempo,Gabriela Jaquez,G,19,4-8,2-4,1-2,0,3,3,1,2,0,2,2,11,-7
20260607_CHI_TOR,"Sunday, June 07, 2026",regular_season,Chicago Sky,Toronto Tempo,Rickea Jackson,F,,,,,,,,,,,,,,
20260607_CHI_TOR,"Sunday, June 07, 2026",regular_season,Chicago Sky,Toronto Tempo,Courtney Vandersloot,G,,,,,,,,,,,,,,
20260607_CHI_TOR,"Sunday, June 07, 2026",regular_season,Chicago Sky,Toronto Tempo,DiJonai Carrington,G,,,,,,,,,,,,,,
20260607_CHI_TOR,"Sunday, June 07, 2026",regular_season,Toronto Tempo,Chicago Sky,Nyara Sabally,F,25,7-14,0-1,1-2,3,3,6,1,1,1,1,3,15,+16
20260607_CHI_TOR,"Sunday, June 07, 2026",regular_season,Toronto Tempo,Chicago Sky,Laura Juskaite,F,22,2-10,0-3,6-7,1,3,4,1,0,0,0,3,10,+7
20260607_CHI_TOR,"Sunday, June 07, 2026",regular_season,Toronto Tempo,Chicago Sky,Brittney Sykes,G,30,9-23,0-3,7-9,2,5,7,3,1,0,0,2,25,+17
20260607_CHI_TOR,"Sunday, June 07, 2026",regular_season,Toronto Tempo,Chicago Sky,Marina Mabrey,G,30,3-9,1-5,2-2,0,4,4,6,2,1,3,0,9,+15
20260607_CHI_TOR,"Sunday, June 07, 2026",regular_season,Toronto Tempo,Chicago Sky,Julie Allemand,G,26,1-2,0-1,2-2,1,5,6,3,1,0,1,1,4,+16
20260607_CHI_TOR,"Sunday, June 07, 2026",regular_season,Toronto Tempo,Chicago Sky,Isabelle Harrison,F,17,6-9,2-2,0-1,2,4,6,2,1,0,0,4,14,+15
20260607_CHI_TOR,"Sunday, June 07, 2026",regular_season,Toronto Tempo,Chicago Sky,Maria Conde,F,24,2-8,1-5,0-0,1,5,6,2,0,0,1,1,5,+4
20260607_CHI_TOR,"Sunday, June 07, 2026",regular_season,Toronto Tempo,Chicago Sky,Teonni Key,F,12,0-0,0-0,1-2,1,3,4,0,1,2,1,5,1,-4
20260607_CHI_TOR,"Sunday, June 07, 2026",regular_season,Toronto Tempo,Chicago Sky,Kia Nurse,G,9,0-2,0-2,2-2,0,1,1,0,0,0,1,3,2,-1
20260607_CHI_TOR,"Sunday, June 07, 2026",regular_season,Toronto Tempo,Chicago Sky,Tima Pouye,G,3,0-0,0-0,0-0,0,0,0,1,0,0,1,0,0,0
20260607_CHI_TOR,"Sunday, June 07, 2026",regular_season,Toronto Tempo,Chicago Sky,Temi Fagbenle,C,,,,,,,,,,,,,,
20260607_CHI_TOR,"Sunday, June 07, 2026",regular_season,Toronto Tempo,Chicago Sky,Kiki Rice,G,,,,,,,,,,,,,,
20260607_POR_LA,"Sunday, June 07, 2026",regular_season,Portland Fire,Los Angeles Sparks,Bridget Carleton,F,26,1-4,1-4,4-4,1,6,7,2,0,0,3,1,7,-10
20260607_POR_LA,"Sunday, June 07, 2026",regular_season,Portland Fire,Los Angeles Sparks,Emily Engstler,F,25,4-7,0-2,2-2,1,7,8,0,1,0,2,5,10,-12
20260607_POR_LA,"Sunday, June 07, 2026",regular_season,Portland Fire,Los Angeles Sparks,Megan DiLeo,C,25,6-13,0-2,4-5,7,4,11,0,0,1,0,2,16,-14
20260607_POR_LA,"Sunday, June 07, 2026",regular_season,Portland Fire,Los Angeles Sparks,Sarah Ashlee Barker,G,28,2-8,1-5,1-1,0,2,2,7,1,1,3,4,6,-15
20260607_POR_LA,"Sunday, June 07, 2026",regular_season,Portland Fire,Los Angeles Sparks,Carla Leite,G,25,4-13,0-2,2-6,0,4,4,4,0,1,4,2,10,-21
20260607_POR_LA,"Sunday, June 07, 2026",regular_season,Portland Fire,Los Angeles Sparks,Frieda Buhner,F,15,3-10,1-5,0-0,2,0,2,1,1,0,0,2,7,-5
20260607_POR_LA,"Sunday, June 07, 2026",regular_season,Portland Fire,Los Angeles Sparks,Nyadiew Puoch,F,14,2-3,0-0,0-0,1,0,1,0,0,0,0,2,4,-7
20260607_POR_LA,"Sunday, June 07, 2026",regular_season,Portland Fire,Los Angeles Sparks,Luisa Geiselsoder,C,15,2-4,0-2,0-0,1,3,4,0,0,1,1,2,4,-3
20260607_POR_LA,"Sunday, June 07, 2026",regular_season,Portland Fire,Los Angeles Sparks,Karlie Samuelson,G,11,1-3,0-2,4-4,1,0,1,0,1,1,0,0,6,-2
20260607_POR_LA,"Sunday, June 07, 2026",regular_season,Portland Fire,Los Angeles Sparks,Teja Oblak,G,17,1-7,0-4,0-0,0,2,2,5,1,0,2,1,2,+4
20260607_POR_LA,"Sunday, June 07, 2026",regular_season,Portland Fire,Los Angeles Sparks,Holly Winterburn,G,,,,,,,,,,,,,,
20260607_POR_LA,"Sunday, June 07, 2026",regular_season,Portland Fire,Los Angeles Sparks,Jordan Harrison,G,,,,,,,,,,,,,,
20260607_POR_LA,"Sunday, June 07, 2026",regular_season,Los Angeles Sparks,Portland Fire,Nneka Ogwumike,F,32,8-14,2-6,2-2,6,11,17,2,2,0,2,2,20,+24
20260607_POR_LA,"Sunday, June 07, 2026",regular_season,Los Angeles Sparks,Portland Fire,Dearica Hamby,F,30,8-14,0-1,6-10,6,6,12,0,2,1,0,3,22,+12
20260607_POR_LA,"Sunday, June 07, 2026",regular_season,Los Angeles Sparks,Portland Fire,Erica Wheeler,G,27,2-7,2-6,0-0,0,1,1,4,1,0,0,2,6,+32
20260607_POR_LA,"Sunday, June 07, 2026",regular_season,Los Angeles Sparks,Portland Fire,Kelsey Plum,G,35,5-10,1-3,5-5,1,5,6,7,3,0,1,4,16,+16
20260607_POR_LA,"Sunday, June 07, 2026",regular_season,Los Angeles Sparks,Portland Fire,Ariel Atkins,G,18,3-9,0-3,0-0,1,1,2,2,1,0,3,2,6,+8
20260607_POR_LA,"Sunday, June 07, 2026",regular_season,Los Angeles Sparks,Portland Fire,Cameron Brink,F,10,0-3,0-0,2-2,0,0,0,0,1,1,2,4,2,+1
20260607_POR_LA,"Sunday, June 07, 2026",regular_season,Los Angeles Sparks,Portland Fire,Rae Burrell,G,26,4-11,2-6,0-0,1,2,3,1,1,0,2,1,10,+4
20260607_POR_LA,"Sunday, June 07, 2026",regular_season,Los Angeles Sparks,Portland Fire,Kate Martin,G,8,2-5,1-3,0-1,0,0,0,1,0,2,0,4,5,-3
20260607_POR_LA,"Sunday, June 07, 2026",regular_season,Los Angeles Sparks,Portland Fire,Chance Gray,G,15,0-2,0-2,2-2,0,1,1,0,0,0,2,0,2,-9
20260607_POR_LA,"Sunday, June 07, 2026",regular_season,Los Angeles Sparks,Portland Fire,Emma Cannon,F,,,,,,,,,,,,,,
20260607_POR_LA,"Sunday, June 07, 2026",regular_season,Los Angeles Sparks,Portland Fire,Sania Feagin,F,,,,,,,,,,,,,,
20260607_POR_LA,"Sunday, June 07, 2026",regular_season,Los Angeles Sparks,Portland Fire,Jihyun Park,F,,,,,,,,,,,,,,
20260607_POR_LA,"Sunday, June 07, 2026",regular_season,Los Angeles Sparks,Portland Fire,Laura Ziegler,F,,,,,,,,,,,,,,
20260607_POR_LA,"Sunday, June 07, 2026",regular_season,Los Angeles Sparks,Portland Fire,Ta'Niya Latson,G,,,,,,,,,,,,,,
20260608_NY_CON,"Monday, June 08, 2026",regular_season,New York Liberty,Connecticut Sun,Breanna Stewart,F,34,9-17,1-4,9-9,2,7,9,3,3,0,2,2,28,+10
20260608_NY_CON,"Monday, June 08, 2026",regular_season,New York Liberty,Connecticut Sun,Leonie Fiebich,F,28,2-5,1-3,0-0,2,5,7,1,0,0,1,1,5,+7
20260608_NY_CON,"Monday, June 08, 2026",regular_season,New York Liberty,Connecticut Sun,Han Xu,C,22,4-8,1-2,5-6,2,4,6,2,0,2,1,4,14,+13
20260608_NY_CON,"Monday, June 08, 2026",regular_season,New York Liberty,Connecticut Sun,Marine Johannes,G,24,2-7,1-5,2-2,0,4,4,3,1,0,2,3,7,+12
20260608_NY_CON,"Monday, June 08, 2026",regular_season,New York Liberty,Connecticut Sun,Pauline Astier,G,26,2-8,0-1,2-2,1,2,3,4,0,1,4,1,6,+9
20260608_NY_CON,"Monday, June 08, 2026",regular_season,New York Liberty,Connecticut Sun,Satou Sabally,F,19,4-6,1-3,0-0,0,2,2,2,0,0,2,3,9,0
20260608_NY_CON,"Monday, June 08, 2026",regular_season,New York Liberty,Connecticut Sun,Raquel Carrera,F,13,2-3,0-1,3-4,2,3,5,1,0,1,2,4,7,+1
20260608_NY_CON,"Monday, June 08, 2026",regular_season,New York Liberty,Connecticut Sun,Rebekah Gardner,G,8,1-1,0-0,0-0,0,1,1,0,0,0,1,1,2,-4
20260608_NY_CON,"Monday, June 08, 2026",regular_season,New York Liberty,Connecticut Sun,Betnijah Laney-Hamilton,G,18,3-6,1-3,4-6,0,5,5,0,0,0,3,4,11,0
20260608_NY_CON,"Monday, June 08, 2026",regular_season,New York Liberty,Connecticut Sun,Marine Fauthoux,G,6,0-0,0-0,0-0,0,0,0,1,0,0,1,1,0,-3
20260608_NY_CON,"Monday, June 08, 2026",regular_season,New York Liberty,Connecticut Sun,Anneli Maley,F,,,,,,,,,,,,,,
20260608_NY_CON,"Monday, June 08, 2026",regular_season,New York Liberty,Connecticut Sun,Jonquel Jones,C,,,,,,,,,,,,,,
20260608_NY_CON,"Monday, June 08, 2026",regular_season,New York Liberty,Connecticut Sun,Rebecca Allen,G,,,,,,,,,,,,,,
20260608_NY_CON,"Monday, June 08, 2026",regular_season,New York Liberty,Connecticut Sun,Sabrina Ionescu,G,,,,,,,,,,,,,,
20260608_NY_CON,"Monday, June 08, 2026",regular_season,Connecticut Sun,New York Liberty,Aaliyah Edwards,F,28,6-15,0-0,3-3,2,3,5,0,3,0,1,2,15,-14
20260608_NY_CON,"Monday, June 08, 2026",regular_season,Connecticut Sun,New York Liberty,Diamond Miller,F,23,4-8,2-4,0-0,0,2,2,2,0,0,0,3,10,-12
20260608_NY_CON,"Monday, June 08, 2026",regular_season,Connecticut Sun,New York Liberty,Olivia Nelson-Ododa,C,26,6-6,0-0,3-4,2,6,8,1,0,1,0,5,15,-3
20260608_NY_CON,"Monday, June 08, 2026",regular_season,Connecticut Sun,New York Liberty,Saniya Rivers,G,29,6-15,0-2,0-4,2,3,5,3,0,2,2,3,12,-12
20260608_NY_CON,"Monday, June 08, 2026",regular_season,Connecticut Sun,New York Liberty,Leila Lacan,G,26,3-9,1-4,0-1,0,0,0,7,2,0,1,2,7,-16
20260608_NY_CON,"Monday, June 08, 2026",regular_season,Connecticut Sun,New York Liberty,Raegan Beers,F,14,2-3,0-0,0-0,0,2,2,0,0,0,1,5,4,-6
20260608_NY_CON,"Monday, June 08, 2026",regular_season,Connecticut Sun,New York Liberty,Nell Angloma,F,12,2-3,0-0,3-7,1,1,2,2,0,0,2,3,7,+4
20260608_NY_CON,"Monday, June 08, 2026",regular_season,Connecticut Sun,New York Liberty,Kennedy Burke,G,15,0-3,0-1,1-1,0,1,1,0,1,0,1,1,1,0
20260608_NY_CON,"Monday, June 08, 2026",regular_season,Connecticut Sun,New York Liberty,Charlisse Leger-Walker,G,14,2-3,0-0,0-0,0,2,2,2,2,0,2,3,4,+7
20260608_NY_CON,"Monday, June 08, 2026",regular_season,Connecticut Sun,New York Liberty,Gianna Kneepkens,G,13,1-5,0-2,3-3,0,1,1,4,0,0,0,1,5,+7
20260608_NY_CON,"Monday, June 08, 2026",regular_season,Connecticut Sun,New York Liberty,Aneesah Morrow,F,,,,,,,,,,,,,,
20260608_NY_CON,"Monday, June 08, 2026",regular_season,Connecticut Sun,New York Liberty,Brittney Griner,C,,,,,,,,,,,,,,
20260608_NY_CON,"Monday, June 08, 2026",regular_season,Connecticut Sun,New York Liberty,Hailey Van Lith,G,,,,,,,,,,,,,,
20260608_NY_CON,"Monday, June 08, 2026",regular_season,Connecticut Sun,New York Liberty,Ashlon Jackson,G,,,,,,,,,,,,,,
20260608_IND_WSH,"Monday, June 08, 2026",regular_season,Indiana Fever,Washington Mystics,Monique Billings,F,19,2-9,0-2,0-0,0,2,2,0,2,0,0,5,4,+12
20260608_IND_WSH,"Monday, June 08, 2026",regular_season,Indiana Fever,Washington Mystics,Aliyah Boston,C,24,4-7,0-0,6-7,2,8,10,3,2,2,5,5,14,0
20260608_IND_WSH,"Monday, June 08, 2026",regular_season,Indiana Fever,Washington Mystics,Kelsey Mitchell,G,31,6-14,1-6,2-2,0,2,2,3,1,1,1,5,15,+5
20260608_IND_WSH,"Monday, June 08, 2026",regular_season,Indiana Fever,Washington Mystics,Lexie Hull,G,22,3-3,2-2,0-0,0,3,3,0,0,0,1,4,8,+4
20260608_IND_WSH,"Monday, June 08, 2026",regular_season,Indiana Fever,Washington Mystics,Caitlin Clark,G,31,7-16,4-10,1-3,0,3,3,5,1,0,5,3,19,-1
20260608_IND_WSH,"Monday, June 08, 2026",regular_season,Indiana Fever,Washington Mystics,Myisha Hines-Allen,F,18,2-2,0-0,1-2,0,4,4,1,1,0,3,1,5,-1
20260608_IND_WSH,"Monday, June 08, 2026",regular_season,Indiana Fever,Washington Mystics,Makayla Timpson,F,2,0-0,0-0,0-0,0,0,0,1,0,0,0,0,0,+3
20260608_IND_WSH,"Monday, June 08, 2026",regular_season,Indiana Fever,Washington Mystics,Damiris Dantas,C,12,1-3,1-2,0-0,1,0,1,0,1,0,1,2,3,-6
20260608_IND_WSH,"Monday, June 08, 2026",regular_season,Indiana Fever,Washington Mystics,Sophie Cunningham,G,23,3-8,2-4,0-0,0,2,2,3,0,0,0,1,8,-6
20260608_IND_WSH,"Monday, June 08, 2026",regular_season,Indiana Fever,Washington Mystics,Tyasha Harris,G,11,1-4,0-3,0-0,0,1,1,3,0,1,1,0,2,+1
20260608_IND_WSH,"Monday, June 08, 2026",regular_season,Indiana Fever,Washington Mystics,Raven Johnson,G,7,0-0,0-0,0-0,0,0,0,0,0,0,0,0,0,-1
20260608_IND_WSH,"Monday, June 08, 2026",regular_season,Indiana Fever,Washington Mystics,Grace VanSlooten,F,,,,,,,,,,,,,,
20260608_IND_WSH,"Monday, June 08, 2026",regular_season,Washington Mystics,Indiana Fever,Michaela Onyenwere,F,24,4-7,3-4,6-6,1,1,2,1,1,0,2,5,17,+6
20260608_IND_WSH,"Monday, June 08, 2026",regular_season,Washington Mystics,Indiana Fever,Kiki Iriafen,F,8,1-2,0-0,0-0,0,2,2,1,0,0,0,1,2,-9
20260608_IND_WSH,"Monday, June 08, 2026",regular_season,Washington Mystics,Indiana Fever,Shakira Austin,C,34,4-11,0-1,2-4,2,7,9,4,0,1,5,1,10,-2
20260608_IND_WSH,"Monday, June 08, 2026",regular_season,Washington Mystics,Indiana Fever,Sonia Citron,G,38,3-9,2-4,4-4,0,0,0,5,1,2,2,1,12,-5
20260608_IND_WSH,"Monday, June 08, 2026",regular_season,Washington Mystics,Indiana Fever,Georgia Amoore,G,29,4-6,4-4,0-0,0,1,1,4,1,1,2,1,12,+2
20260608_IND_WSH,"Monday, June 08, 2026",regular_season,Washington Mystics,Indiana Fever,Angela Dugalic,F,18,3-5,0-1,1-2,0,5,5,1,2,1,2,5,7,-3
20260608_IND_WSH,"Monday, June 08, 2026",regular_season,Washington Mystics,Indiana Fever,Lauren Betts,C,12,4-5,0-0,0-0,1,2,3,1,0,0,0,2,8,+1
20260608_IND_WSH,"Monday, June 08, 2026",regular_season,Washington Mystics,Indiana Fever,Cotie McMahon,G,22,2-10,0-3,3-4,0,7,7,3,0,0,1,2,7,+7
20260608_IND_WSH,"Monday, June 08, 2026",regular_season,Washington Mystics,Indiana Fever,Cassandre Prosper,G,6,0-2,0-1,1-4,1,0,1,0,0,0,0,1,1,-3
20260608_IND_WSH,"Monday, June 08, 2026",regular_season,Washington Mystics,Indiana Fever,Alicia Florez,G,9,0-1,0-0,0-0,0,1,1,1,0,1,1,4,0,-4
20260608_IND_WSH,"Monday, June 08, 2026",regular_season,Washington Mystics,Indiana Fever,Rori Harmon,G,,,,,,,,,,,,,,
20260608_IND_WSH,"Monday, June 08, 2026",regular_season,Washington Mystics,Indiana Fever,Lucy Olsen,G,,,,,,,,,,,,,,
20260609_SEA_LV,"Tuesday, June 09, 2026",regular_season,Seattle Storm,Las Vegas Aces,Jordan Horston,F,18,0-7,0-2,0-0,2,5,7,1,3,0,1,1,0,+3
20260609_SEA_LV,"Tuesday, June 09, 2026",regular_season,Seattle Storm,Las Vegas Aces,Dominique Malonga,C,17,7-12,1-2,4-4,3,2,5,0,1,0,2,5,19,+8
20260609_SEA_LV,"Tuesday, June 09, 2026",regular_season,Seattle Storm,Las Vegas Aces,Awa Fam,C,29,7-11,1-3,1-1,1,2,3,1,0,0,3,3,16,-13
20260609_SEA_LV,"Tuesday, June 09, 2026",regular_season,Seattle Storm,Las Vegas Aces,Natisha Hiedeman,G,28,6-12,4-6,1-2,0,5,5,5,3,0,1,1,17,-4
20260609_SEA_LV,"Tuesday, June 09, 2026",regular_season,Seattle Storm,Las Vegas Aces,Flau'jae Johnson,G,24,5-9,1-1,2-2,0,2,2,7,0,0,0,3,13,-1
20260609_SEA_LV,"Tuesday, June 09, 2026",regular_season,Seattle Storm,Las Vegas Aces,Katie Lou Samuelson,F,20,3-6,1-4,0-0,0,3,3,0,2,0,0,0,7,-19
20260609_SEA_LV,"Tuesday, June 09, 2026",regular_season,Seattle Storm,Las Vegas Aces,Mackenzie Holmes,F,12,1-1,1-1,0-0,0,2,2,0,0,0,0,1,3,+1
20260609_SEA_LV,"Tuesday, June 09, 2026",regular_season,Seattle Storm,Las Vegas Aces,Stefanie Dolson,C,16,1-3,1-2,0-0,0,0,0,2,0,1,1,4,3,-15
20260609_SEA_LV,"Tuesday, June 09, 2026",regular_season,Seattle Storm,Las Vegas Aces,Zia Cooke,G,13,2-6,2-3,1-2,0,0,0,1,0,0,0,4,7,-10
20260609_SEA_LV,"Tuesday, June 09, 2026",regular_season,Seattle Storm,Las Vegas Aces,Jade Melbourne,G,23,1-7,0-3,4-4,0,0,0,5,1,0,1,1,6,0
20260609_SEA_LV,"Tuesday, June 09, 2026",regular_season,Seattle Storm,Las Vegas Aces,Ezi Magbegor,F,,,,,,,,,,,,,,
20260609_SEA_LV,"Tuesday, June 09, 2026",regular_season,Seattle Storm,Las Vegas Aces,Taylor Thierry,F,,,,,,,,,,,,,,
20260609_SEA_LV,"Tuesday, June 09, 2026",regular_season,Las Vegas Aces,Seattle Storm,Stephanie Talbot,F,17,1-4,1-3,0-0,2,1,3,3,1,0,2,2,3,+18
20260609_SEA_LV,"Tuesday, June 09, 2026",regular_season,Las Vegas Aces,Seattle Storm,NaLyssa Smith,F,26,6-6,0-0,4-5,0,9,9,0,0,0,1,0,16,+16
20260609_SEA_LV,"Tuesday, June 09, 2026",regular_season,Las Vegas Aces,Seattle Storm,A'ja Wilson,C,36,10-19,3-5,11-13,4,8,12,9,1,3,2,1,34,+12
20260609_SEA_LV,"Tuesday, June 09, 2026",regular_season,Las Vegas Aces,Seattle Storm,Chelsea Gray,G,35,5-10,1-4,1-1,1,4,5,8,0,0,1,3,12,+7
20260609_SEA_LV,"Tuesday, June 09, 2026",regular_season,Las Vegas Aces,Seattle Storm,Jackie Young,G,34,10-19,4-9,5-5,0,3,3,6,0,1,4,2,29,+15
20260609_SEA_LV,"Tuesday, June 09, 2026",regular_season,Las Vegas Aces,Seattle Storm,Cheyenne Parker-Tyus,F,10,0-1,0-1,0-0,1,0,1,1,0,1,0,1,0,-8
20260609_SEA_LV,"Tuesday, June 09, 2026",regular_season,Las Vegas Aces,Seattle Storm,Brianna Turner,F,6,0-2,0-0,0-0,0,0,0,0,1,0,0,1,0,0
20260609_SEA_LV,"Tuesday, June 09, 2026",regular_season,Las Vegas Aces,Seattle Storm,Kierstan Bell,F,8,1-2,0-1,0-0,2,2,4,0,0,0,1,0,2,-3
20260609_SEA_LV,"Tuesday, June 09, 2026",regular_season,Las Vegas Aces,Seattle Storm,Jewell Loyd,G,28,2-7,1-5,0-0,1,1,2,0,1,0,1,3,5,-7
20260609_SEA_LV,"Tuesday, June 09, 2026",regular_season,Las Vegas Aces,Seattle Storm,Janiah Barker,F,,,,,,,,,,,,,,
20260609_ATL_CHI,"Tuesday, June 09, 2026",regular_season,Atlanta Dream,Chicago Sky,Naz Hillmon,F,38,6-12,3-8,1-1,2,4,6,1,1,0,0,3,16,+9
20260609_ATL_CHI,"Tuesday, June 09, 2026",regular_season,Atlanta Dream,Chicago Sky,Angel Reese,F,35,5-12,1-2,6-6,5,12,17,4,2,0,6,4,17,+18
20260609_ATL_CHI,"Tuesday, June 09, 2026",regular_season,Atlanta Dream,Chicago Sky,Allisha Gray,G,35,6-11,0-1,2-2,0,4,4,1,3,0,1,2,14,+8
20260609_ATL_CHI,"Tuesday, June 09, 2026",regular_season,Atlanta Dream,Chicago Sky,Jordin Canada,G,33,6-12,0-2,2-3,0,1,1,6,0,0,4,2,14,+8
20260609_ATL_CHI,"Tuesday, June 09, 2026",regular_season,Atlanta Dream,Chicago Sky,Rhyne Howard,G,36,7-17,1-10,2-2,2,1,3,5,3,0,1,3,17,+8
20260609_ATL_CHI,"Tuesday, June 09, 2026",regular_season,Atlanta Dream,Chicago Sky,Sika Kone,F,1,0-0,0-0,0-0,0,0,0,0,0,0,0,0,0,-2
20260609_ATL_CHI,"Tuesday, June 09, 2026",regular_season,Atlanta Dream,Chicago Sky,Madina Okot,C,5,0-1,0-0,0-0,2,0,2,0,0,0,2,0,0,-9
20260609_ATL_CHI,"Tuesday, June 09, 2026",regular_season,Atlanta Dream,Chicago Sky,Te-Hina Paopao,G,7,0-2,0-2,0-0,0,2,2,1,0,0,1,1,0,-1
20260609_ATL_CHI,"Tuesday, June 09, 2026",regular_season,Atlanta Dream,Chicago Sky,Aaliyah Nye,G,1,0-0,0-0,0-0,0,0,0,0,0,0,0,0,0,-1
20260609_ATL_CHI,"Tuesday, June 09, 2026",regular_season,Atlanta Dream,Chicago Sky,Indya Nivar,G,0,0-0,0-0,0-0,0,0,0,0,0,0,0,0,0,0
20260609_ATL_CHI,"Tuesday, June 09, 2026",regular_season,Atlanta Dream,Chicago Sky,Isobel Borlase,G,10,1-3,0-1,2-2,1,0,1,0,0,0,1,0,4,-3
20260609_ATL_CHI,"Tuesday, June 09, 2026",regular_season,Atlanta Dream,Chicago Sky,Brionna Jones,F,,,,,,,,,,,,,,
20260609_ATL_CHI,"Tuesday, June 09, 2026",regular_season,Chicago Sky,Atlanta Dream,Azura Stevens,F,23,2-7,0-1,4-6,1,6,7,0,1,0,1,2,8,-9
20260609_ATL_CHI,"Tuesday, June 09, 2026",regular_season,Chicago Sky,Atlanta Dream,Kamilla Cardoso,C,35,6-7,0-0,1-1,0,2,2,5,1,4,1,3,13,-11
20260609_ATL_CHI,"Tuesday, June 09, 2026",regular_season,Chicago Sky,Atlanta Dream,Skylar Diggins,G,32,5-15,4-6,3-4,1,2,3,3,1,0,3,1,17,-15
20260609_ATL_CHI,"Tuesday, June 09, 2026",regular_season,Chicago Sky,Atlanta Dream,Jacy Sheldon,G,25,2-4,2-4,0-0,0,0,0,3,1,1,1,2,6,-2
20260609_ATL_CHI,"Tuesday, June 09, 2026",regular_season,Chicago Sky,Atlanta Dream,Gabriela Jaquez,G,19,1-3,0-0,1-2,1,3,4,0,0,0,5,5,3,-3
20260609_ATL_CHI,"Tuesday, June 09, 2026",regular_season,Chicago Sky,Atlanta Dream,Elizabeth Williams,C,20,3-8,0-0,1-2,1,2,3,2,0,0,2,3,7,+3
20260609_ATL_CHI,"Tuesday, June 09, 2026",regular_season,Chicago Sky,Atlanta Dream,Natasha Cloud,G,30,4-7,1-3,9-10,0,6,6,4,2,2,0,3,18,-3
20260609_ATL_CHI,"Tuesday, June 09, 2026",regular_season,Chicago Sky,Atlanta Dream,Rachel Banham,G,14,1-2,1-1,0-0,0,0,0,0,0,0,1,1,3,+3
20260609_ATL_CHI,"Tuesday, June 09, 2026",regular_season,Chicago Sky,Atlanta Dream,Sydney Taylor,G,3,0-0,0-0,0-0,0,0,0,0,0,0,1,1,0,+2
20260609_ATL_CHI,"Tuesday, June 09, 2026",regular_season,Chicago Sky,Atlanta Dream,Rickea Jackson,F,,,,,,,,,,,,,,
20260609_ATL_CHI,"Tuesday, June 09, 2026",regular_season,Chicago Sky,Atlanta Dream,Courtney Vandersloot,G,,,,,,,,,,,,,,
20260609_ATL_CHI,"Tuesday, June 09, 2026",regular_season,Chicago Sky,Atlanta Dream,DiJonai Carrington,G,,,,,,,,,,,,,,
20260609_ATL_CHI,"Tuesday, June 09, 2026",regular_season,Chicago Sky,Atlanta Dream,Saylor Poffenbarger,G,,,,,,,,,,,,,,
20260610_DAL_MIN,"Wednesday, June 10, 2026",regular_season,Dallas Wings,Minnesota Lynx,Jessica Shepard,F,29,6-10,0-1,0-0,3,6,9,4,0,0,1,4,12,-26
20260610_DAL_MIN,"Wednesday, June 10, 2026",regular_season,Dallas Wings,Minnesota Lynx,Maddy Siegrist,F,22,2-6,0-1,0-0,2,5,7,2,1,1,1,0,4,-13
20260610_DAL_MIN,"Wednesday, June 10, 2026",regular_season,Dallas Wings,Minnesota Lynx,Arike Ogunbowale,G,28,4-8,2-4,6-6,1,2,3,6,3,0,0,3,16,-21
20260610_DAL_MIN,"Wednesday, June 10, 2026",regular_season,Dallas Wings,Minnesota Lynx,Paige Bueckers,G,30,9-16,3-7,2-2,0,1,1,2,0,1,5,2,23,-16
20260610_DAL_MIN,"Wednesday, June 10, 2026",regular_season,Dallas Wings,Minnesota Lynx,Azzi Fudd,G,30,2-12,2-6,0-0,0,0,0,0,2,0,2,3,6,-15
20260610_DAL_MIN,"Wednesday, June 10, 2026",regular_season,Dallas Wings,Minnesota Lynx,Alysha Clark,F,14,0-5,0-4,0-0,0,1,1,0,1,0,1,1,0,-3
20260610_DAL_MIN,"Wednesday, June 10, 2026",regular_season,Dallas Wings,Minnesota Lynx,Alanna Smith,F,9,0-2,0-1,0-0,1,1,2,1,2,0,1,1,0,-4
20260610_DAL_MIN,"Wednesday, June 10, 2026",regular_season,Dallas Wings,Minnesota Lynx,Li Yueru,C,6,0-1,0-1,2-2,0,2,2,0,0,0,1,3,2,-2
20260610_DAL_MIN,"Wednesday, June 10, 2026",regular_season,Dallas Wings,Minnesota Lynx,Aziaha James,G,16,4-13,1-2,0-0,1,4,5,0,0,0,0,1,9,-12
20260610_DAL_MIN,"Wednesday, June 10, 2026",regular_season,Dallas Wings,Minnesota Lynx,JJ Quinerly,G,10,0-2,0-1,0-0,0,1,1,2,0,1,0,0,0,-4
20260610_DAL_MIN,"Wednesday, June 10, 2026",regular_season,Dallas Wings,Minnesota Lynx,Costanza Verona,G,6,2-2,0-0,0-0,0,0,0,2,0,0,0,0,4,-4
20260610_DAL_MIN,"Wednesday, June 10, 2026",regular_season,Dallas Wings,Minnesota Lynx,Awak Kuier,F,,,,,,,,,,,,,,
20260610_DAL_MIN,"Wednesday, June 10, 2026",regular_season,Dallas Wings,Minnesota Lynx,Odyssey Sims,G,,,,,,,,,,,,,,
20260610_DAL_MIN,"Wednesday, June 10, 2026",regular_season,Minnesota Lynx,Dallas Wings,Natasha Howard,F,29,8-10,1-1,4-4,0,4,4,4,3,1,4,4,21,+21
20260610_DAL_MIN,"Wednesday, June 10, 2026",regular_season,Minnesota Lynx,Dallas Wings,Nia Coffey,F,25,3-10,0-3,0-0,1,7,8,1,0,0,0,1,6,+10
20260610_DAL_MIN,"Wednesday, June 10, 2026",regular_season,Minnesota Lynx,Dallas Wings,Kayla McBride,G,30,7-10,4-6,4-4,1,4,5,4,0,0,0,1,22,+13
20260610_DAL_MIN,"Wednesday, June 10, 2026",regular_season,Minnesota Lynx,Dallas Wings,Courtney Williams,G,31,8-14,0-0,0-0,0,8,8,2,3,0,2,1,16,+21
20260610_DAL_MIN,"Wednesday, June 10, 2026",regular_season,Minnesota Lynx,Dallas Wings,Olivia Miles,G,31,7-10,2-3,8-8,0,7,7,6,1,1,4,1,24,+18
20260610_DAL_MIN,"Wednesday, June 10, 2026",regular_season,Minnesota Lynx,Dallas Wings,Antonia Delaere,F,14,1-2,0-0,0-0,0,1,1,2,1,0,0,0,2,+12
20260610_DAL_MIN,"Wednesday, June 10, 2026",regular_season,Minnesota Lynx,Dallas Wings,Anastasiia Olairi Kosu,F,20,3-10,0-0,0-0,4,1,5,2,1,1,2,0,6,+13
20260610_DAL_MIN,"Wednesday, June 10, 2026",regular_season,Minnesota Lynx,Dallas Wings,Teaira McCowan,C,6,0-0,0-0,0-0,0,1,1,0,0,0,0,1,0,+4
20260610_DAL_MIN,"Wednesday, June 10, 2026",regular_season,Minnesota Lynx,Dallas Wings,Maya Caldwell,G,15,1-5,0-1,1-2,0,2,2,0,0,0,0,2,3,+8
20260610_DAL_MIN,"Wednesday, June 10, 2026",regular_season,Minnesota Lynx,Dallas Wings,Napheesa Collier,F,,,,,,,,,,,,,,
20260610_DAL_MIN,"Wednesday, June 10, 2026",regular_season,Minnesota Lynx,Dallas Wings,Dorka Juhasz,F,,,,,,,,,,,,,,
20260610_DAL_MIN,"Wednesday, June 10, 2026",regular_season,Minnesota Lynx,Dallas Wings,Emma Cechova,F,,,,,,,,,,,,,,
20260610_PHX_GS,"Wednesday, June 10, 2026",regular_season,Phoenix Mercury,Golden State Valkyries,Alyssa Thomas,F,32,9-14,0-0,4-7,4,4,8,9,1,0,4,1,22,+2
20260610_PHX_GS,"Wednesday, June 10, 2026",regular_season,Phoenix Mercury,Golden State Valkyries,Natasha Mack,F,25,3-5,1-1,2-5,2,8,10,1,0,1,2,2,9,-16
20260610_PHX_GS,"Wednesday, June 10, 2026",regular_season,Phoenix Mercury,Golden State Valkyries,Noemie Brochant,F,29,4-6,2-4,0-0,1,1,2,6,2,0,2,2,10,-3
20260610_PHX_GS,"Wednesday, June 10, 2026",regular_season,Phoenix Mercury,Golden State Valkyries,Kahleah Copper,G,26,3-11,1-4,2-2,1,3,4,1,1,0,1,1,9,+3
20260610_PHX_GS,"Wednesday, June 10, 2026",regular_season,Phoenix Mercury,Golden State Valkyries,Monique Akoa Makani,G,32,7-11,3-5,2-2,0,3,3,3,1,0,0,4,19,-7
20260610_PHX_GS,"Wednesday, June 10, 2026",regular_season,Phoenix Mercury,Golden State Valkyries,DeWanna Bonner,F,28,1-7,1-5,0-0,0,4,4,0,0,1,0,1,3,-2
20260610_PHX_GS,"Wednesday, June 10, 2026",regular_season,Phoenix Mercury,Golden State Valkyries,Jovana Nogic,G,9,1-3,0-2,0-0,0,0,0,1,0,0,1,4,2,-4
20260610_PHX_GS,"Wednesday, June 10, 2026",regular_season,Phoenix Mercury,Golden State Valkyries,Lexi Held,G,15,2-7,1-3,0-0,1,1,2,2,1,0,2,4,5,0
20260610_PHX_GS,"Wednesday, June 10, 2026",regular_season,Phoenix Mercury,Golden State Valkyries,Quionche Carter,G,3,0-1,0-1,2-2,0,0,0,0,1,0,0,1,2,-3
20260610_PHX_GS,"Wednesday, June 10, 2026",regular_season,Phoenix Mercury,Golden State Valkyries,Valeriane Ayayi,F,,,,,,,,,,,,,,
20260610_PHX_GS,"Wednesday, June 10, 2026",regular_season,Phoenix Mercury,Golden State Valkyries,Kyara Linskens,C,,,,,,,,,,,,,,
20260610_PHX_GS,"Wednesday, June 10, 2026",regular_season,Golden State Valkyries,Phoenix Mercury,Kayla Thornton,F,35,3-7,2-5,4-5,1,3,4,2,1,0,0,2,12,+15
20260610_PHX_GS,"Wednesday, June 10, 2026",regular_season,Golden State Valkyries,Phoenix Mercury,Gabby Williams,F,30,9-19,3-6,4-6,1,3,4,1,1,0,1,4,25,0
20260610_PHX_GS,"Wednesday, June 10, 2026",regular_season,Golden State Valkyries,Phoenix Mercury,Cecilia Zandalasini,F,17,0-2,0-2,0-0,0,0,0,1,3,0,2,2,0,-6
20260610_PHX_GS,"Wednesday, June 10, 2026",regular_season,Golden State Valkyries,Phoenix Mercury,Kiah Stokes,C,20,1-2,1-1,0-0,1,3,4,3,0,1,1,1,3,-4
20260610_PHX_GS,"Wednesday, June 10, 2026",regular_season,Golden State Valkyries,Phoenix Mercury,Veronica Burton,G,37,7-15,2-7,9-11,0,3,3,8,0,0,2,5,25,+7
20260610_PHX_GS,"Wednesday, June 10, 2026",regular_season,Golden State Valkyries,Phoenix Mercury,Janelle Salaun,F,25,3-7,2-5,3-3,1,4,5,0,1,0,1,2,11,+1
20260610_PHX_GS,"Wednesday, June 10, 2026",regular_season,Golden State Valkyries,Phoenix Mercury,Tiffany Hayes,G,13,2-3,0-1,3-3,0,1,1,3,0,0,1,0,7,+11
20260610_PHX_GS,"Wednesday, June 10, 2026",regular_season,Golden State Valkyries,Phoenix Mercury,Kaila Charles,G,20,2-6,0-2,0-0,2,4,6,0,2,1,0,4,4,+7
20260610_PHX_GS,"Wednesday, June 10, 2026",regular_season,Golden State Valkyries,Phoenix Mercury,Kaitlyn Chen,G,3,0-0,0-0,0-0,0,0,0,0,0,0,1,1,0,-1
20260610_PHX_GS,"Wednesday, June 10, 2026",regular_season,Golden State Valkyries,Phoenix Mercury,Laeticia Amihere,F,,,,,,,,,,,,,,
20260610_PHX_GS,"Wednesday, June 10, 2026",regular_season,Golden State Valkyries,Phoenix Mercury,Nadia Fingall,C,,,,,,,,,,,,,,
20260610_PHX_GS,"Wednesday, June 10, 2026",regular_season,Golden State Valkyries,Phoenix Mercury,Juste Jocyte,G,,,,,,,,,,,,,,
20260610_CON_TOR,"Wednesday, June 10, 2026",regular_season,Connecticut Sun,Toronto Tempo,Aaliyah Edwards,F,30,8-9,1-1,7-12,1,3,4,0,0,0,3,4,24,-3
20260610_CON_TOR,"Wednesday, June 10, 2026",regular_season,Connecticut Sun,Toronto Tempo,Diamond Miller,F,30,4-12,1-4,2-4,2,2,4,1,0,0,2,2,11,-2
20260610_CON_TOR,"Wednesday, June 10, 2026",regular_season,Connecticut Sun,Toronto Tempo,Olivia Nelson-Ododa,C,29,2-2,0-0,5-6,5,8,13,1,0,1,5,6,9,-3
20260610_CON_TOR,"Wednesday, June 10, 2026",regular_season,Connecticut Sun,Toronto Tempo,Saniya Rivers,G,35,3-11,2-5,4-4,1,6,7,7,1,2,1,4,12,+4
20260610_CON_TOR,"Wednesday, June 10, 2026",regular_season,Connecticut Sun,Toronto Tempo,Leila Lacan,G,32,9-16,4-8,2-4,0,1,1,7,1,1,2,6,24,-3
20260610_CON_TOR,"Wednesday, June 10, 2026",regular_season,Connecticut Sun,Toronto Tempo,Raegan Beers,F,9,1-1,0-0,1-2,2,2,4,1,0,1,0,3,3,+3
20260610_CON_TOR,"Wednesday, June 10, 2026",regular_season,Connecticut Sun,Toronto Tempo,Nell Angloma,F,11,2-5,0-0,0-1,0,2,2,1,0,1,0,2,4,-2
20260610_CON_TOR,"Wednesday, June 10, 2026",regular_season,Connecticut Sun,Toronto Tempo,Kennedy Burke,G,29,3-12,1-6,4-4,6,0,6,2,1,0,2,1,11,-5
20260610_CON_TOR,"Wednesday, June 10, 2026",regular_season,Connecticut Sun,Toronto Tempo,Charlisse Leger-Walker,G,18,2-6,0-1,0-0,1,0,1,1,0,0,2,1,4,-9
20260610_CON_TOR,"Wednesday, June 10, 2026",regular_season,Connecticut Sun,Toronto Tempo,Gianna Kneepkens,G,0,0-0,0-0,0-0,0,0,0,0,0,0,1,0,0,0
20260610_CON_TOR,"Wednesday, June 10, 2026",regular_season,Connecticut Sun,Toronto Tempo,Aneesah Morrow,F,,,,,,,,,,,,,,
20260610_CON_TOR,"Wednesday, June 10, 2026",regular_season,Connecticut Sun,Toronto Tempo,Brittney Griner,C,,,,,,,,,,,,,,
20260610_CON_TOR,"Wednesday, June 10, 2026",regular_season,Toronto Tempo,Connecticut Sun,Nyara Sabally,F,30,3-5,0-1,9-10,2,3,5,3,0,0,0,5,15,+6
20260610_CON_TOR,"Wednesday, June 10, 2026",regular_season,Toronto Tempo,Connecticut Sun,Laura Juskaite,F,37,5-7,1-1,8-8,2,4,6,2,4,1,0,5,19,+16
20260610_CON_TOR,"Wednesday, June 10, 2026",regular_season,Toronto Tempo,Connecticut Sun,Brittney Sykes,G,41,11-20,3-6,13-13,1,3,4,1,2,1,2,3,38,+4
20260610_CON_TOR,"Wednesday, June 10, 2026",regular_season,Toronto Tempo,Connecticut Sun,Marina Mabrey,G,34,8-20,4-12,1-2,0,1,1,1,3,0,3,3,21,+4
20260610_CON_TOR,"Wednesday, June 10, 2026",regular_season,Toronto Tempo,Connecticut Sun,Julie Allemand,G,36,3-5,0-1,0-0,0,2,2,4,2,0,4,4,6,+14
20260610_CON_TOR,"Wednesday, June 10, 2026",regular_season,Toronto Tempo,Connecticut Sun,Isabelle Harrison,F,13,1-5,0-1,3-8,2,1,3,2,0,0,0,6,5,-3
20260610_CON_TOR,"Wednesday, June 10, 2026",regular_season,Toronto Tempo,Connecticut Sun,Maria Conde,F,15,0-2,0-0,0-0,1,1,2,2,1,1,2,2,0,-10
20260610_CON_TOR,"Wednesday, June 10, 2026",regular_season,Toronto Tempo,Connecticut Sun,Teonni Key,F,9,0-4,0-1,0-0,2,1,3,1,0,0,0,3,0,-9
20260610_CON_TOR,"Wednesday, June 10, 2026",regular_season,Toronto Tempo,Connecticut Sun,Kia Nurse,G,3,0-1,0-1,0-0,0,0,0,0,0,0,0,0,0,-1
20260610_CON_TOR,"Wednesday, June 10, 2026",regular_season,Toronto Tempo,Connecticut Sun,Tima Pouye,G,8,0-0,0-0,2-2,1,1,2,2,0,0,0,1,2,-1
20260610_CON_TOR,"Wednesday, June 10, 2026",regular_season,Toronto Tempo,Connecticut Sun,Temi Fagbenle,C,,,,,,,,,,,,,,
20260610_CON_TOR,"Wednesday, June 10, 2026",regular_season,Toronto Tempo,Connecticut Sun,Kiki Rice,G,,,,,,,,,,,,,,
20260611_LA_SEA,"Thursday, June 11, 2026",regular_season,Los Angeles Sparks,Seattle Storm,Nneka Ogwumike,F,33,9-18,1-5,5-5,4,5,9,1,1,0,0,0,24,-7
20260611_LA_SEA,"Thursday, June 11, 2026",regular_season,Los Angeles Sparks,Seattle Storm,Dearica Hamby,F,28,3-8,0-1,0-0,3,7,10,0,0,0,0,2,6,+7
20260611_LA_SEA,"Thursday, June 11, 2026",regular_season,Los Angeles Sparks,Seattle Storm,Erica Wheeler,G,26,3-9,2-7,2-2,0,1,1,1,0,0,2,4,10,-5
20260611_LA_SEA,"Thursday, June 11, 2026",regular_season,Los Angeles Sparks,Seattle Storm,Kelsey Plum,G,33,6-17,2-9,5-8,0,1,1,11,4,0,3,2,19,+4
20260611_LA_SEA,"Thursday, June 11, 2026",regular_season,Los Angeles Sparks,Seattle Storm,Ariel Atkins,G,25,2-8,1-4,2-2,1,5,6,3,4,0,0,3,7,+4
20260611_LA_SEA,"Thursday, June 11, 2026",regular_season,Los Angeles Sparks,Seattle Storm,Cameron Brink,F,18,5-7,2-4,3-3,4,2,6,1,0,2,1,5,15,+10
20260611_LA_SEA,"Thursday, June 11, 2026",regular_season,Los Angeles Sparks,Seattle Storm,Jihyun Park,F,2,0-1,0-1,0-0,0,0,0,0,0,0,0,1,0,+1
20260611_LA_SEA,"Thursday, June 11, 2026",regular_season,Los Angeles Sparks,Seattle Storm,Rae Burrell,G,27,1-4,1-3,1-2,0,2,2,1,0,2,2,0,4,+4
20260611_LA_SEA,"Thursday, June 11, 2026",regular_season,Los Angeles Sparks,Seattle Storm,Chance Gray,G,7,0-3,0-1,3-3,1,2,3,2,1,0,1,0,3,+7
20260611_LA_SEA,"Thursday, June 11, 2026",regular_season,Los Angeles Sparks,Seattle Storm,Emma Cannon,F,,,,,,,,,,,,,,
20260611_LA_SEA,"Thursday, June 11, 2026",regular_season,Los Angeles Sparks,Seattle Storm,Sania Feagin,F,,,,,,,,,,,,,,
20260611_LA_SEA,"Thursday, June 11, 2026",regular_season,Los Angeles Sparks,Seattle Storm,Ta'Niya Latson,G,,,,,,,,,,,,,,
20260611_LA_SEA,"Thursday, June 11, 2026",regular_season,Seattle Storm,Los Angeles Sparks,Jordan Horston,F,26,5-10,1-4,0-0,0,4,4,4,1,1,0,4,11,+3
20260611_LA_SEA,"Thursday, June 11, 2026",regular_season,Seattle Storm,Los Angeles Sparks,Dominique Malonga,C,24,6-11,1-2,2-2,0,7,7,2,0,0,4,4,15,+5
20260611_LA_SEA,"Thursday, June 11, 2026",regular_season,Seattle Storm,Los Angeles Sparks,Awa Fam,C,30,4-6,2-4,2-2,1,5,6,4,0,2,3,0,12,-1
20260611_LA_SEA,"Thursday, June 11, 2026",regular_season,Seattle Storm,Los Angeles Sparks,Natisha Hiedeman,G,29,6-12,2-7,2-2,0,1,1,5,1,0,3,3,16,+10
20260611_LA_SEA,"Thursday, June 11, 2026",regular_season,Seattle Storm,Los Angeles Sparks,Flau'jae Johnson,G,30,4-11,1-4,5-6,2,10,12,6,0,0,0,1,14,0
20260611_LA_SEA,"Thursday, June 11, 2026",regular_season,Seattle Storm,Los Angeles Sparks,Katie Lou Samuelson,F,9,1-3,1-3,0-0,0,0,0,0,1,0,2,1,3,-13
20260611_LA_SEA,"Thursday, June 11, 2026",regular_season,Seattle Storm,Los Angeles Sparks,Mackenzie Holmes,F,7,0-0,0-0,0-0,1,0,1,0,0,1,0,1,0,-9
20260611_LA_SEA,"Thursday, June 11, 2026",regular_season,Seattle Storm,Los Angeles Sparks,Stefanie Dolson,C,19,1-4,0-2,0-0,1,1,2,2,0,0,1,3,2,-5
20260611_LA_SEA,"Thursday, June 11, 2026",regular_season,Seattle Storm,Los Angeles Sparks,Zia Cooke,G,10,2-4,1-2,1-1,0,1,1,0,1,0,1,1,6,-5
20260611_LA_SEA,"Thursday, June 11, 2026",regular_season,Seattle Storm,Los Angeles Sparks,Jade Melbourne,G,16,1-3,0-1,2-3,0,1,1,3,1,0,1,3,4,-10
20260611_LA_SEA,"Thursday, June 11, 2026",regular_season,Seattle Storm,Los Angeles Sparks,Ezi Magbegor,F,,,,,,,,,,,,,,
20260611_LA_SEA,"Thursday, June 11, 2026",regular_season,Seattle Storm,Los Angeles Sparks,Taylor Thierry,F,,,,,,,,,,,,,,
20260611_CHI_IND,"Thursday, June 11, 2026",regular_season,Chicago Sky,Indiana Fever,Azura Stevens,F,26,3-11,0-4,4-4,2,7,9,6,1,1,1,3,10,-4
20260611_CHI_IND,"Thursday, June 11, 2026",regular_season,Chicago Sky,Indiana Fever,Kamilla Cardoso,C,21,4-6,0-0,2-2,2,2,4,1,0,1,4,6,10,-13
20260611_CHI_IND,"Thursday, June 11, 2026",regular_season,Chicago Sky,Indiana Fever,Skylar Diggins,G,32,7-15,2-4,5-7,1,2,3,1,1,0,1,1,21,-9
20260611_CHI_IND,"Thursday, June 11, 2026",regular_season,Chicago Sky,Indiana Fever,Jacy Sheldon,G,26,3-6,1-3,3-3,0,1,1,4,0,0,1,5,10,-1
20260611_CHI_IND,"Thursday, June 11, 2026",regular_season,Chicago Sky,Indiana Fever,Gabriela Jaquez,G,22,2-6,0-2,2-2,0,2,2,1,1,0,0,1,6,-14
20260611_CHI_IND,"Thursday, June 11, 2026",regular_season,Chicago Sky,Indiana Fever,Elizabeth Williams,C,24,2-6,0-0,3-6,2,1,3,1,1,3,1,2,7,+2
20260611_CHI_IND,"Thursday, June 11, 2026",regular_season,Chicago Sky,Indiana Fever,Natasha Cloud,G,34,3-7,0-1,0-0,2,2,4,5,0,0,5,6,6,-6
20260611_CHI_IND,"Thursday, June 11, 2026",regular_season,Chicago Sky,Indiana Fever,Rachel Banham,G,5,0-3,0-3,0-0,0,0,0,0,0,0,2,0,0,-8
20260611_CHI_IND,"Thursday, June 11, 2026",regular_season,Chicago Sky,Indiana Fever,Aicha Coulibaly,G,15,0-3,0-0,6-8,2,4,6,1,1,1,0,1,6,+6
20260611_CHI_IND,"Thursday, June 11, 2026",regular_season,Chicago Sky,Indiana Fever,Sydney Taylor,G,21,10-14,4-7,6-6,2,0,2,2,1,1,1,0,30,+7
20260611_CHI_IND,"Thursday, June 11, 2026",regular_season,Chicago Sky,Indiana Fever,Rickea Jackson,F,,,,,,,,,,,,,,
20260611_CHI_IND,"Thursday, June 11, 2026",regular_season,Chicago Sky,Indiana Fever,Courtney Vandersloot,G,,,,,,,,,,,,,,
20260611_CHI_IND,"Thursday, June 11, 2026",regular_season,Chicago Sky,Indiana Fever,DiJonai Carrington,G,,,,,,,,,,,,,,
20260611_CHI_IND,"Thursday, June 11, 2026",regular_season,Chicago Sky,Indiana Fever,Saylor Poffenbarger,G,,,,,,,,,,,,,,
20260611_CHI_IND,"Thursday, June 11, 2026",regular_season,Indiana Fever,Chicago Sky,Monique Billings,F,10,0-0,0-0,0-0,2,0,2,1,0,0,0,3,0,-2
20260611_CHI_IND,"Thursday, June 11, 2026",regular_season,Indiana Fever,Chicago Sky,Aliyah Boston,C,32,13-26,2-5,6-6,7,5,12,3,1,2,3,4,34,+9
20260611_CHI_IND,"Thursday, June 11, 2026",regular_season,Indiana Fever,Chicago Sky,Kelsey Mitchell,G,39,7-17,2-6,3-4,0,1,1,3,3,0,2,3,19,-2
20260611_CHI_IND,"Thursday, June 11, 2026",regular_season,Indiana Fever,Chicago Sky,Lexie Hull,G,32,3-13,1-7,4-4,7,1,8,1,2,0,1,4,11,+8
20260611_CHI_IND,"Thursday, June 11, 2026",regular_season,Indiana Fever,Chicago Sky,Caitlin Clark,G,40,8-18,1-6,15-15,2,5,7,10,0,0,5,4,32,+14
20260611_CHI_IND,"Thursday, June 11, 2026",regular_season,Indiana Fever,Chicago Sky,Myisha Hines-Allen,F,23,2-3,0-0,1-2,0,9,9,3,0,1,1,2,5,+25
20260611_CHI_IND,"Thursday, June 11, 2026",regular_season,Indiana Fever,Chicago Sky,Makayla Timpson,F,20,2-3,0-0,0-0,1,5,6,0,0,2,2,4,4,-9
20260611_CHI_IND,"Thursday, June 11, 2026",regular_season,Indiana Fever,Chicago Sky,Damiris Dantas,C,5,1-3,0-2,0-0,0,1,1,0,0,0,1,2,2,-7
20260611_CHI_IND,"Thursday, June 11, 2026",regular_season,Indiana Fever,Chicago Sky,Tyasha Harris,G,11,2-3,0-1,0-0,0,0,0,1,0,1,0,0,4,0
20260611_CHI_IND,"Thursday, June 11, 2026",regular_season,Indiana Fever,Chicago Sky,Raven Johnson,G,13,1-1,1-1,0-0,0,0,0,0,2,0,0,1,3,+4
20260611_CHI_IND,"Thursday, June 11, 2026",regular_season,Indiana Fever,Chicago Sky,Grace VanSlooten,F,,,,,,,,,,,,,,
20260611_CHI_IND,"Thursday, June 11, 2026",regular_season,Indiana Fever,Chicago Sky,Sophie Cunningham,G,,,,,,,,,,,,,,
20260611_CHI_IND,"Thursday, June 11, 2026",regular_season,Indiana Fever,Chicago Sky,Bree Hall,G,,,,,,,,,,,,,,
20260611_NY_ATL,"Thursday, June 11, 2026",regular_season,New York Liberty,Atlanta Dream,Breanna Stewart,F,35,5-9,0-2,9-11,0,11,11,5,2,1,4,2,19,+20
20260611_NY_ATL,"Thursday, June 11, 2026",regular_season,New York Liberty,Atlanta Dream,Leonie Fiebich,F,27,2-7,2-6,0-0,2,1,3,1,0,0,4,3,6,+7
20260611_NY_ATL,"Thursday, June 11, 2026",regular_season,New York Liberty,Atlanta Dream,Jonquel Jones,C,26,5-8,4-7,2-2,2,8,10,5,0,3,4,5,16,-2
20260611_NY_ATL,"Thursday, June 11, 2026",regular_season,New York Liberty,Atlanta Dream,Marine Johannes,G,22,5-6,2-3,5-5,0,1,1,0,0,0,2,2,17,+12
20260611_NY_ATL,"Thursday, June 11, 2026",regular_season,New York Liberty,Atlanta Dream,Pauline Astier,G,26,6-10,1-2,3-5,2,6,8,5,0,0,1,2,16,+6
20260611_NY_ATL,"Thursday, June 11, 2026",regular_season,New York Liberty,Atlanta Dream,Satou Sabally,F,17,5-9,5-6,4-4,0,3,3,0,0,0,1,2,19,0
20260611_NY_ATL,"Thursday, June 11, 2026",regular_season,New York Liberty,Atlanta Dream,Raquel Carrera,F,8,1-2,1-1,0-0,0,0,0,0,0,0,0,2,3,+10
20260611_NY_ATL,"Thursday, June 11, 2026",regular_season,New York Liberty,Atlanta Dream,Han Xu,C,7,0-1,0-0,0-0,0,0,0,2,0,0,0,1,0,-3
20260611_NY_ATL,"Thursday, June 11, 2026",regular_season,New York Liberty,Atlanta Dream,Rebekah Gardner,G,13,3-5,1-2,1-1,1,2,3,2,0,0,2,2,8,+3
20260611_NY_ATL,"Thursday, June 11, 2026",regular_season,New York Liberty,Atlanta Dream,Betnijah Laney-Hamilton,G,14,0-2,0-2,0-0,0,1,1,3,0,0,0,1,0,+11
20260611_NY_ATL,"Thursday, June 11, 2026",regular_season,New York Liberty,Atlanta Dream,Marine Fauthoux,G,5,0-0,0-0,0-0,0,0,0,1,0,0,1,0,0,+6
20260611_NY_ATL,"Thursday, June 11, 2026",regular_season,New York Liberty,Atlanta Dream,Rebecca Allen,G,,,,,,,,,,,,,,
20260611_NY_ATL,"Thursday, June 11, 2026",regular_season,New York Liberty,Atlanta Dream,Sabrina Ionescu,G,,,,,,,,,,,,,,
20260611_NY_ATL,"Thursday, June 11, 2026",regular_season,Atlanta Dream,New York Liberty,Naz Hillmon,F,30,3-8,1-4,0-0,1,0,1,3,0,0,1,0,7,-18
20260611_NY_ATL,"Thursday, June 11, 2026",regular_season,Atlanta Dream,New York Liberty,Angel Reese,F,33,11-22,0-4,3-6,6,3,9,3,2,1,2,5,25,-7
20260611_NY_ATL,"Thursday, June 11, 2026",regular_season,Atlanta Dream,New York Liberty,Allisha Gray,G,31,7-11,1-3,3-9,1,2,3,2,1,0,0,4,18,-1
20260611_NY_ATL,"Thursday, June 11, 2026",regular_season,Atlanta Dream,New York Liberty,Jordin Canada,G,29,0-5,0-1,3-4,0,3,3,7,2,0,1,4,3,+1
20260611_NY_ATL,"Thursday, June 11, 2026",regular_season,Atlanta Dream,New York Liberty,Rhyne Howard,G,36,7-18,5-13,5-6,0,4,4,3,4,1,1,3,24,-12
20260611_NY_ATL,"Thursday, June 11, 2026",regular_season,Atlanta Dream,New York Liberty,Sika Kone,F,3,1-2,0-0,0-0,0,1,1,0,0,0,0,0,2,+5
20260611_NY_ATL,"Thursday, June 11, 2026",regular_season,Atlanta Dream,New York Liberty,Madina Okot,C,7,1-1,0-0,1-2,0,1,1,1,0,0,0,1,3,-7
20260611_NY_ATL,"Thursday, June 11, 2026",regular_season,Atlanta Dream,New York Liberty,Te-Hina Paopao,G,11,1-4,1-2,0-0,0,0,0,2,1,0,0,1,3,-17
20260611_NY_ATL,"Thursday, June 11, 2026",regular_season,Atlanta Dream,New York Liberty,Aaliyah Nye,G,1,0-0,0-0,0-0,0,0,0,1,1,0,0,0,0,0
20260611_NY_ATL,"Thursday, June 11, 2026",regular_season,Atlanta Dream,New York Liberty,Indya Nivar,G,1,0-0,0-0,0-0,0,0,0,0,0,0,0,0,0,0
20260611_NY_ATL,"Thursday, June 11, 2026",regular_season,Atlanta Dream,New York Liberty,Isobel Borlase,G,19,2-4,1-2,0-0,1,1,2,0,0,0,0,3,5,-14
20260611_NY_ATL,"Thursday, June 11, 2026",regular_season,Atlanta Dream,New York Liberty,Brionna Jones,F,,,,,,,,,,,,,,
20260612_PHX_DAL,"Friday, June 12, 2026",regular_season,Phoenix Mercury,Dallas Wings,Alyssa Thomas,F,32,3-8,0-0,0-2,1,8,9,10,2,0,6,2,6,-14
20260612_PHX_DAL,"Friday, June 12, 2026",regular_season,Phoenix Mercury,Dallas Wings,Natasha Mack,F,22,3-6,0-0,2-2,3,0,3,2,0,0,1,2,8,-16
20260612_PHX_DAL,"Friday, June 12, 2026",regular_season,Phoenix Mercury,Dallas Wings,Noemie Brochant,F,22,2-8,0-1,0-0,1,1,2,1,2,0,0,3,4,-22
20260612_PHX_DAL,"Friday, June 12, 2026",regular_season,Phoenix Mercury,Dallas Wings,Kahleah Copper,G,29,3-10,2-5,5-6,0,2,2,3,0,0,4,2,13,-12
20260612_PHX_DAL,"Friday, June 12, 2026",regular_season,Phoenix Mercury,Dallas Wings,Monique Akoa Makani,G,24,1-5,0-0,4-4,0,0,0,1,1,1,2,1,6,-7
20260612_PHX_DAL,"Friday, June 12, 2026",regular_season,Phoenix Mercury,Dallas Wings,DeWanna Bonner,F,29,4-8,0-2,1-2,2,5,7,1,3,0,1,2,9,-1
20260612_PHX_DAL,"Friday, June 12, 2026",regular_season,Phoenix Mercury,Dallas Wings,Jovana Nogic,G,16,3-8,1-5,0-0,0,2,2,1,1,0,1,0,7,-3
20260612_PHX_DAL,"Friday, June 12, 2026",regular_season,Phoenix Mercury,Dallas Wings,Lexi Held,G,23,6-10,3-5,2-2,0,4,4,1,1,0,1,3,17,+1
20260612_PHX_DAL,"Friday, June 12, 2026",regular_season,Phoenix Mercury,Dallas Wings,Quionche Carter,G,3,0-1,0-0,0-0,0,1,1,1,0,0,0,0,0,-1
20260612_PHX_DAL,"Friday, June 12, 2026",regular_season,Phoenix Mercury,Dallas Wings,Valeriane Ayayi,F,,,,,,,,,,,,,,
20260612_PHX_DAL,"Friday, June 12, 2026",regular_season,Phoenix Mercury,Dallas Wings,Kyara Linskens,C,,,,,,,,,,,,,,
20260612_PHX_DAL,"Friday, June 12, 2026",regular_season,Dallas Wings,Phoenix Mercury,Jessica Shepard,F,32,7-8,0-0,3-4,3,7,10,7,2,0,0,0,17,+20
20260612_PHX_DAL,"Friday, June 12, 2026",regular_season,Dallas Wings,Phoenix Mercury,Maddy Siegrist,F,14,0-3,0-0,0-0,0,2,2,0,0,0,2,0,0,+5
20260612_PHX_DAL,"Friday, June 12, 2026",regular_season,Dallas Wings,Phoenix Mercury,Arike Ogunbowale,G,29,1-9,0-3,0-0,1,5,6,1,2,0,4,2,2,+16
20260612_PHX_DAL,"Friday, June 12, 2026",regular_season,Dallas Wings,Phoenix Mercury,Paige Bueckers,G,32,14-20,3-5,0-0,1,5,6,5,1,0,2,3,31,+18
20260612_PHX_DAL,"Friday, June 12, 2026",regular_season,Dallas Wings,Phoenix Mercury,Azzi Fudd,G,34,7-13,1-5,2-2,0,3,3,4,1,3,2,3,17,+21
20260612_PHX_DAL,"Friday, June 12, 2026",regular_season,Dallas Wings,Phoenix Mercury,Alysha Clark,F,5,0-1,0-1,0-0,0,0,0,1,0,0,0,2,0,-4
20260612_PHX_DAL,"Friday, June 12, 2026",regular_season,Dallas Wings,Phoenix Mercury,Alanna Smith,F,16,1-2,0-0,0-0,2,3,5,1,0,0,2,2,2,+3
20260612_PHX_DAL,"Friday, June 12, 2026",regular_season,Dallas Wings,Phoenix Mercury,Awak Kuier,F,15,2-3,0-1,0-0,0,3,3,1,0,1,2,1,4,+2
20260612_PHX_DAL,"Friday, June 12, 2026",regular_season,Dallas Wings,Phoenix Mercury,Li Yueru,C,2,1-2,0-0,1-1,0,1,1,0,0,0,1,0,3,0
20260612_PHX_DAL,"Friday, June 12, 2026",regular_season,Dallas Wings,Phoenix Mercury,Aziaha James,G,17,3-9,0-3,1-1,0,1,1,4,3,0,1,4,7,-6
20260612_PHX_DAL,"Friday, June 12, 2026",regular_season,Dallas Wings,Phoenix Mercury,JJ Quinerly,G,3,1-1,0-0,0-0,0,0,0,0,0,0,0,0,2,0
20260612_LV_POR,"Friday, June 12, 2026",regular_season,Las Vegas Aces,Portland Fire,Stephanie Talbot,F,24,3-6,2-5,0-2,5,5,10,3,1,1,1,4,8,+17
20260612_LV_POR,"Friday, June 12, 2026",regular_season,Las Vegas Aces,Portland Fire,NaLyssa Smith,F,25,4-8,0-0,4-6,2,8,10,3,0,0,2,4,12,+13
20260612_LV_POR,"Friday, June 12, 2026",regular_season,Las Vegas Aces,Portland Fire,A'ja Wilson,C,36,10-20,1-2,11-13,2,3,5,4,1,2,3,1,32,+24
20260612_LV_POR,"Friday, June 12, 2026",regular_season,Las Vegas Aces,Portland Fire,Chelsea Gray,G,37,10-15,9-13,0-0,1,4,5,3,0,0,5,0,29,+17
20260612_LV_POR,"Friday, June 12, 2026",regular_season,Las Vegas Aces,Portland Fire,Jackie Young,G,35,7-15,2-5,2-3,6,2,8,10,1,1,2,2,18,+22
20260612_LV_POR,"Friday, June 12, 2026",regular_season,Las Vegas Aces,Portland Fire,Cheyenne Parker-Tyus,F,8,1-1,0-0,2-5,0,2,2,0,0,0,0,1,4,-5
20260612_LV_POR,"Friday, June 12, 2026",regular_season,Las Vegas Aces,Portland Fire,Brianna Turner,F,2,0-0,0-0,0-0,0,0,0,0,0,0,0,0,0,-2
20260612_LV_POR,"Friday, June 12, 2026",regular_season,Las Vegas Aces,Portland Fire,Jewell Loyd,G,25,1-4,0-2,0-0,1,1,2,2,3,0,1,0,2,+1
20260612_LV_POR,"Friday, June 12, 2026",regular_season,Las Vegas Aces,Portland Fire,Chennedy Carter,G,8,0-3,0-1,0-0,0,0,0,0,0,0,0,3,0,-7
20260612_LV_POR,"Friday, June 12, 2026",regular_season,Las Vegas Aces,Portland Fire,Kierstan Bell,F,,,,,,,,,,,,,,
20260612_LV_POR,"Friday, June 12, 2026",regular_season,Las Vegas Aces,Portland Fire,Janiah Barker,F,,,,,,,,,,,,,,
20260612_LV_POR,"Friday, June 12, 2026",regular_season,Las Vegas Aces,Portland Fire,Dana Evans,G,,,,,,,,,,,,,,
20260612_LV_POR,"Friday, June 12, 2026",regular_season,Portland Fire,Las Vegas Aces,Bridget Carleton,F,33,5-13,3-9,0-0,0,1,1,0,1,0,2,2,13,-28
20260612_LV_POR,"Friday, June 12, 2026",regular_season,Portland Fire,Las Vegas Aces,Emily Engstler,F,24,2-5,0-2,3-4,0,6,6,0,2,2,2,3,7,-21
20260612_LV_POR,"Friday, June 12, 2026",regular_season,Portland Fire,Las Vegas Aces,Megan DiLeo,C,28,7-13,2-6,1-1,0,2,2,0,0,0,0,4,17,-11
20260612_LV_POR,"Friday, June 12, 2026",regular_season,Portland Fire,Las Vegas Aces,Sarah Ashlee Barker,G,30,6-11,2-5,0-0,1,0,1,4,1,0,2,4,14,-15
20260612_LV_POR,"Friday, June 12, 2026",regular_season,Portland Fire,Las Vegas Aces,Carla Leite,G,28,8-13,1-2,1-2,0,3,3,8,1,0,0,0,18,-20
20260612_LV_POR,"Friday, June 12, 2026",regular_season,Portland Fire,Las Vegas Aces,Frieda Buhner,F,10,1-2,0-0,0-0,0,0,0,0,0,0,1,3,2,+9
20260612_LV_POR,"Friday, June 12, 2026",regular_season,Portland Fire,Las Vegas Aces,Nyadiew Puoch,F,7,0-0,0-0,0-0,0,0,0,1,1,0,1,1,0,+1
20260612_LV_POR,"Friday, June 12, 2026",regular_season,Portland Fire,Las Vegas Aces,Luisa Geiselsoder,C,12,3-4,0-1,0-0,0,1,1,0,0,0,0,4,6,-6
20260612_LV_POR,"Friday, June 12, 2026",regular_season,Portland Fire,Las Vegas Aces,Serah Williams,C,5,1-1,0-0,0-0,0,1,1,1,0,0,0,1,2,+10
20260612_LV_POR,"Friday, June 12, 2026",regular_season,Portland Fire,Las Vegas Aces,Karlie Samuelson,G,12,0-1,0-1,1-2,0,1,1,2,0,1,1,2,1,-3
20260612_LV_POR,"Friday, June 12, 2026",regular_season,Portland Fire,Las Vegas Aces,Teja Oblak,G,12,3-5,0-0,3-3,0,3,3,6,1,0,0,1,9,+4
20260612_LV_POR,"Friday, June 12, 2026",regular_season,Portland Fire,Las Vegas Aces,Holly Winterburn,G,,,,,,,,,,,,,,
20260612_TOR_WSH,"Friday, June 12, 2026",regular_season,Toronto Tempo,Washington Mystics,Isabelle Harrison,F,28,4-7,0-1,0-0,2,4,6,3,4,1,0,2,8,+9
20260612_TOR_WSH,"Friday, June 12, 2026",regular_season,Toronto Tempo,Washington Mystics,Laura Juskaite,F,23,2-6,0-3,4-4,0,0,0,0,2,0,1,4,8,-9
20260612_TOR_WSH,"Friday, June 12, 2026",regular_season,Toronto Tempo,Washington Mystics,Brittney Sykes,G,31,7-14,1-2,5-6,2,0,2,3,1,1,5,4,20,-5
20260612_TOR_WSH,"Friday, June 12, 2026",regular_season,Toronto Tempo,Washington Mystics,Marina Mabrey,G,28,9-15,5-10,4-4,0,1,1,3,1,0,4,1,27,-4
20260612_TOR_WSH,"Friday, June 12, 2026",regular_season,Toronto Tempo,Washington Mystics,Julie Allemand,G,26,4-5,1-2,0-0,0,2,2,3,3,1,2,2,9,+15
20260612_TOR_WSH,"Friday, June 12, 2026",regular_season,Toronto Tempo,Washington Mystics,Maria Conde,F,22,3-7,0-2,1-2,0,6,6,4,1,0,3,4,7,+7
20260612_TOR_WSH,"Friday, June 12, 2026",regular_season,Toronto Tempo,Washington Mystics,Teonni Key,F,15,1-2,0-0,0-0,0,1,1,2,3,2,0,0,2,-9
20260612_TOR_WSH,"Friday, June 12, 2026",regular_season,Toronto Tempo,Washington Mystics,Temi Fagbenle,C,8,0-2,0-0,0-0,1,2,3,1,2,0,2,5,0,-6
20260612_TOR_WSH,"Friday, June 12, 2026",regular_season,Toronto Tempo,Washington Mystics,Kia Nurse,G,3,0-1,0-0,0-0,0,0,0,1,1,0,0,1,0,-3
20260612_TOR_WSH,"Friday, June 12, 2026",regular_season,Toronto Tempo,Washington Mystics,Tima Pouye,G,17,1-5,0-2,2-2,0,0,0,3,0,0,0,1,4,0
20260612_TOR_WSH,"Friday, June 12, 2026",regular_season,Toronto Tempo,Washington Mystics,Nyara Sabally,F,,,,,,,,,,,,,,
20260612_TOR_WSH,"Friday, June 12, 2026",regular_season,Toronto Tempo,Washington Mystics,Kiki Rice,G,,,,,,,,,,,,,,
20260612_TOR_WSH,"Friday, June 12, 2026",regular_season,Washington Mystics,Toronto Tempo,Michaela Onyenwere,F,29,7-15,1-3,2-2,5,3,8,1,1,0,1,2,17,-7
20260612_TOR_WSH,"Friday, June 12, 2026",regular_season,Washington Mystics,Toronto Tempo,Angela Dugalic,F,18,3-6,0-2,4-4,1,5,6,0,0,0,1,0,10,-2
20260612_TOR_WSH,"Friday, June 12, 2026",regular_season,Washington Mystics,Toronto Tempo,Shakira Austin,C,32,3-6,0-1,6-7,4,7,11,3,0,2,9,2,12,+7
20260612_TOR_WSH,"Friday, June 12, 2026",regular_season,Washington Mystics,Toronto Tempo,Sonia Citron,G,34,6-16,1-6,4-5,1,4,5,3,2,0,2,3,17,+1
20260612_TOR_WSH,"Friday, June 12, 2026",regular_season,Washington Mystics,Toronto Tempo,Georgia Amoore,G,26,0-4,0-4,1-2,0,0,0,7,0,0,1,2,1,-15
20260612_TOR_WSH,"Friday, June 12, 2026",regular_season,Washington Mystics,Toronto Tempo,Lauren Betts,C,21,8-9,0-0,2-2,3,1,4,1,2,0,3,0,18,+3
20260612_TOR_WSH,"Friday, June 12, 2026",regular_season,Washington Mystics,Toronto Tempo,Cotie McMahon,G,23,4-6,0-1,1-2,0,2,2,3,2,0,1,1,9,+7
20260612_TOR_WSH,"Friday, June 12, 2026",regular_season,Washington Mystics,Toronto Tempo,Cassandre Prosper,G,3,0-0,0-0,0-0,0,0,0,0,0,0,1,2,0,-4
20260612_TOR_WSH,"Friday, June 12, 2026",regular_season,Washington Mystics,Toronto Tempo,Alicia Florez,G,14,0-3,0-1,2-2,1,2,3,4,1,0,3,2,2,+15
20260612_TOR_WSH,"Friday, June 12, 2026",regular_season,Washington Mystics,Toronto Tempo,Kiki Iriafen,F,,,,,,,,,,,,,,
20260612_TOR_WSH,"Friday, June 12, 2026",regular_season,Washington Mystics,Toronto Tempo,Rori Harmon,G,,,,,,,,,,,,,,
20260612_TOR_WSH,"Friday, June 12, 2026",regular_season,Washington Mystics,Toronto Tempo,Lucy Olsen,G,,,,,,,,,,,,,,
20260613_GS_SEA,"Saturday, June 13, 2026",regular_season,Golden State Valkyries,Seattle Storm,Kayla Thornton,F,24,1-7,0-4,0-0,2,2,4,1,1,2,1,2,2,-8
20260613_GS_SEA,"Saturday, June 13, 2026",regular_season,Golden State Valkyries,Seattle Storm,Gabby Williams,F,32,6-16,2-7,5-5,1,0,1,4,1,0,3,0,19,-2
20260613_GS_SEA,"Saturday, June 13, 2026",regular_season,Golden State Valkyries,Seattle Storm,Cecilia Zandalasini,F,13,1-6,0-3,0-0,0,2,2,0,1,1,0,0,2,-5
20260613_GS_SEA,"Saturday, June 13, 2026",regular_season,Golden State Valkyries,Seattle Storm,Kiah Stokes,C,23,1-1,0-0,0-0,0,5,5,1,1,1,0,2,2,+7
20260613_GS_SEA,"Saturday, June 13, 2026",regular_season,Golden State Valkyries,Seattle Storm,Veronica Burton,G,30,3-9,1-5,4-6,1,4,5,8,2,1,3,3,11,+2
20260613_GS_SEA,"Saturday, June 13, 2026",regular_season,Golden State Valkyries,Seattle Storm,Janelle Salaun,F,33,7-14,5-12,3-3,2,5,7,1,0,0,2,6,22,+9
20260613_GS_SEA,"Saturday, June 13, 2026",regular_season,Golden State Valkyries,Seattle Storm,Tiffany Hayes,G,24,5-9,0-2,7-7,2,2,4,3,0,0,4,1,17,+10
20260613_GS_SEA,"Saturday, June 13, 2026",regular_season,Golden State Valkyries,Seattle Storm,Kaila Charles,G,11,0-3,0-3,1-2,2,1,3,0,0,1,0,3,1,+5
20260613_GS_SEA,"Saturday, June 13, 2026",regular_season,Golden State Valkyries,Seattle Storm,Kaitlyn Chen,G,10,0-1,0-1,0-0,0,2,2,0,0,0,0,1,0,+2
20260613_GS_SEA,"Saturday, June 13, 2026",regular_season,Golden State Valkyries,Seattle Storm,Laeticia Amihere,F,,,,,,,,,,,,,,
20260613_GS_SEA,"Saturday, June 13, 2026",regular_season,Golden State Valkyries,Seattle Storm,Nadia Fingall,C,,,,,,,,,,,,,,
20260613_GS_SEA,"Saturday, June 13, 2026",regular_season,Golden State Valkyries,Seattle Storm,Juste Jocyte,G,,,,,,,,,,,,,,
20260613_GS_SEA,"Saturday, June 13, 2026",regular_season,Seattle Storm,Golden State Valkyries,Jordan Horston,F,26,2-7,0-2,1-2,1,4,5,5,2,2,1,2,5,-5
20260613_GS_SEA,"Saturday, June 13, 2026",regular_season,Seattle Storm,Golden State Valkyries,Dominique Malonga,C,25,3-10,0-0,3-3,3,5,8,2,0,1,2,3,9,-8
20260613_GS_SEA,"Saturday, June 13, 2026",regular_season,Seattle Storm,Golden State Valkyries,Awa Fam,C,35,3-9,2-5,0-2,1,5,6,1,0,1,1,5,8,+7
20260613_GS_SEA,"Saturday, June 13, 2026",regular_season,Seattle Storm,Golden State Valkyries,Natisha Hiedeman,G,33,8-17,5-10,5-7,0,4,4,5,2,1,3,3,26,+1
20260613_GS_SEA,"Saturday, June 13, 2026",regular_season,Seattle Storm,Golden State Valkyries,Flau'jae Johnson,G,29,4-9,0-2,0-0,0,5,5,1,0,0,3,5,8,+8
20260613_GS_SEA,"Saturday, June 13, 2026",regular_season,Seattle Storm,Golden State Valkyries,Katie Lou Samuelson,F,12,2-2,2-2,2-2,0,1,1,0,0,0,0,1,8,-5
20260613_GS_SEA,"Saturday, June 13, 2026",regular_season,Seattle Storm,Golden State Valkyries,Mackenzie Holmes,F,4,0-0,0-0,0-0,0,0,0,1,0,0,0,0,0,-4
20260613_GS_SEA,"Saturday, June 13, 2026",regular_season,Seattle Storm,Golden State Valkyries,Stefanie Dolson,C,8,1-1,1-1,0-0,0,1,1,0,0,0,0,0,3,-3
20260613_GS_SEA,"Saturday, June 13, 2026",regular_season,Seattle Storm,Golden State Valkyries,Zia Cooke,G,4,0-4,0-0,0-0,1,0,1,0,0,0,0,0,0,-11
20260613_GS_SEA,"Saturday, June 13, 2026",regular_season,Seattle Storm,Golden State Valkyries,Jade Melbourne,G,27,2-7,0-1,1-2,0,0,0,2,2,0,1,4,5,0
20260613_GS_SEA,"Saturday, June 13, 2026",regular_season,Seattle Storm,Golden State Valkyries,Ezi Magbegor,F,,,,,,,,,,,,,,
20260613_GS_SEA,"Saturday, June 13, 2026",regular_season,Seattle Storm,Golden State Valkyries,Taylor Thierry,F,,,,,,,,,,,,,,
20260613_IND_CON,"Saturday, June 13, 2026",regular_season,Indiana Fever,Connecticut Sun,Monique Billings,F,27,3-5,0-0,4-4,1,7,8,2,1,2,0,2,10,+18
20260613_IND_CON,"Saturday, June 13, 2026",regular_season,Indiana Fever,Connecticut Sun,Aliyah Boston,C,32,5-13,1-2,2-5,2,9,11,5,1,0,2,3,13,+16
20260613_IND_CON,"Saturday, June 13, 2026",regular_season,Indiana Fever,Connecticut Sun,Kelsey Mitchell,G,37,6-15,2-9,5-7,0,2,2,5,1,0,4,2,19,+11
20260613_IND_CON,"Saturday, June 13, 2026",regular_season,Indiana Fever,Connecticut Sun,Lexie Hull,G,22,0-3,0-2,2-2,3,3,6,2,0,0,2,1,2,+12
20260613_IND_CON,"Saturday, June 13, 2026",regular_season,Indiana Fever,Connecticut Sun,Caitlin Clark,G,36,10-17,5-10,0-0,0,3,3,5,0,1,6,2,25,+15
20260613_IND_CON,"Saturday, June 13, 2026",regular_season,Indiana Fever,Connecticut Sun,Myisha Hines-Allen,F,10,0-0,0-0,0-0,0,0,0,0,0,0,1,3,0,-9
20260613_IND_CON,"Saturday, June 13, 2026",regular_season,Indiana Fever,Connecticut Sun,Makayla Timpson,F,11,1-1,0-0,0-1,2,3,5,0,0,2,1,0,2,-5
20260613_IND_CON,"Saturday, June 13, 2026",regular_season,Indiana Fever,Connecticut Sun,Sophie Cunningham,G,18,4-5,3-4,0-0,0,2,2,0,0,0,1,2,11,-2
20260613_IND_CON,"Saturday, June 13, 2026",regular_season,Indiana Fever,Connecticut Sun,Tyasha Harris,G,4,0-1,0-1,0-0,0,0,0,0,1,0,0,0,0,-2
20260613_IND_CON,"Saturday, June 13, 2026",regular_season,Indiana Fever,Connecticut Sun,Raven Johnson,G,3,1-1,1-1,0-0,1,0,1,0,0,0,0,1,3,-4
20260613_IND_CON,"Saturday, June 13, 2026",regular_season,Indiana Fever,Connecticut Sun,Grace VanSlooten,F,,,,,,,,,,,,,,
20260613_IND_CON,"Saturday, June 13, 2026",regular_season,Indiana Fever,Connecticut Sun,Damiris Dantas,C,,,,,,,,,,,,,,
20260613_IND_CON,"Saturday, June 13, 2026",regular_season,Indiana Fever,Connecticut Sun,Justine Pissott,G,,,,,,,,,,,,,,
20260613_IND_CON,"Saturday, June 13, 2026",regular_season,Indiana Fever,Connecticut Sun,Bree Hall,G,,,,,,,,,,,,,,
20260613_IND_CON,"Saturday, June 13, 2026",regular_season,Connecticut Sun,Indiana Fever,Aaliyah Edwards,F,14,3-6,1-1,0-0,1,2,3,1,0,0,1,2,7,-11
20260613_IND_CON,"Saturday, June 13, 2026",regular_season,Connecticut Sun,Indiana Fever,Diamond Miller,F,17,1-5,1-3,1-1,0,1,1,1,0,0,1,2,4,-17
20260613_IND_CON,"Saturday, June 13, 2026",regular_season,Connecticut Sun,Indiana Fever,Brittney Griner,C,22,5-11,0-0,0-0,1,1,2,4,0,2,1,3,10,-9
20260613_IND_CON,"Saturday, June 13, 2026",regular_season,Connecticut Sun,Indiana Fever,Saniya Rivers,G,27,4-10,1-4,0-0,0,3,3,4,2,1,0,3,9,-5
20260613_IND_CON,"Saturday, June 13, 2026",regular_season,Connecticut Sun,Indiana Fever,Leila Lacan,G,30,5-9,1-2,0-0,1,0,1,7,4,0,1,5,11,-6
20260613_IND_CON,"Saturday, June 13, 2026",regular_season,Connecticut Sun,Indiana Fever,Aneesah Morrow,F,21,4-14,0-4,0-0,2,3,5,2,0,0,0,2,8,+7
20260613_IND_CON,"Saturday, June 13, 2026",regular_season,Connecticut Sun,Indiana Fever,Raegan Beers,F,2,0-0,0-0,0-0,0,0,0,0,0,0,1,0,0,0
20260613_IND_CON,"Saturday, June 13, 2026",regular_season,Connecticut Sun,Indiana Fever,Nell Angloma,F,9,0-1,0-0,1-2,0,0,0,0,0,1,1,1,1,-5
20260613_IND_CON,"Saturday, June 13, 2026",regular_season,Connecticut Sun,Indiana Fever,Olivia Nelson-Ododa,C,21,6-12,0-0,0-2,3,4,7,1,0,0,1,2,12,-7
20260613_IND_CON,"Saturday, June 13, 2026",regular_season,Connecticut Sun,Indiana Fever,Kennedy Burke,G,24,3-4,0-1,4-4,1,3,4,0,0,0,1,0,10,+7
20260613_IND_CON,"Saturday, June 13, 2026",regular_season,Connecticut Sun,Indiana Fever,Charlisse Leger-Walker,G,14,1-3,1-2,0-0,0,0,0,4,1,0,1,2,3,-4
20260613_IND_CON,"Saturday, June 13, 2026",regular_season,Connecticut Sun,Indiana Fever,Hailey Van Lith,G,,,,,,,,,,,,,,
20260613_IND_CON,"Saturday, June 13, 2026",regular_season,Connecticut Sun,Indiana Fever,Gianna Kneepkens,G,,,,,,,,,,,,,,
20260613_IND_CON,"Saturday, June 13, 2026",regular_season,Connecticut Sun,Indiana Fever,Ashlon Jackson,G,,,,,,,,,,,,,,
20260614_MIN_LV,"Sunday, June 14, 2026",regular_season,Minnesota Lynx,Las Vegas Aces,Natasha Howard,F,32,8-12,0-0,6-6,5,4,9,2,4,1,2,6,22,+1
20260614_MIN_LV,"Sunday, June 14, 2026",regular_season,Minnesota Lynx,Las Vegas Aces,Nia Coffey,F,26,1-2,1-2,0-0,2,1,3,2,0,2,0,2,3,0
20260614_MIN_LV,"Sunday, June 14, 2026",regular_season,Minnesota Lynx,Las Vegas Aces,Kayla McBride,G,34,6-14,3-8,4-4,0,2,2,5,2,0,0,3,19,-4
20260614_MIN_LV,"Sunday, June 14, 2026",regular_season,Minnesota Lynx,Las Vegas Aces,Courtney Williams,G,33,8-19,1-3,0-0,0,5,5,4,0,0,1,1,17,-3
20260614_MIN_LV,"Sunday, June 14, 2026",regular_season,Minnesota Lynx,Las Vegas Aces,Olivia Miles,G,34,11-20,3-6,4-4,0,4,4,1,1,0,6,3,29,-3
20260614_MIN_LV,"Sunday, June 14, 2026",regular_season,Minnesota Lynx,Las Vegas Aces,Liatu King,F,9,1-2,0-1,2-4,2,2,4,0,0,0,0,2,4,-4
20260614_MIN_LV,"Sunday, June 14, 2026",regular_season,Minnesota Lynx,Las Vegas Aces,Antonia Delaere,F,13,1-1,1-1,0-0,0,2,2,2,1,0,1,1,3,0
20260614_MIN_LV,"Sunday, June 14, 2026",regular_season,Minnesota Lynx,Las Vegas Aces,Anastasiia Olairi Kosu,F,10,0-2,0-0,0-0,2,0,2,0,0,0,0,1,0,0
20260614_MIN_LV,"Sunday, June 14, 2026",regular_season,Minnesota Lynx,Las Vegas Aces,Teaira McCowan,C,2,0-0,0-0,0-0,0,0,0,0,0,0,0,0,0,-3
20260614_MIN_LV,"Sunday, June 14, 2026",regular_season,Minnesota Lynx,Las Vegas Aces,Maya Caldwell,G,6,0-2,0-0,0-0,0,0,0,0,0,0,0,0,0,+1
20260614_MIN_LV,"Sunday, June 14, 2026",regular_season,Las Vegas Aces,Minnesota Lynx,Stephanie Talbot,F,20,0-1,0-1,0-0,3,0,3,1,0,0,0,1,0,+9
20260614_MIN_LV,"Sunday, June 14, 2026",regular_season,Las Vegas Aces,Minnesota Lynx,NaLyssa Smith,F,27,7-9,0-0,1-2,2,4,6,0,1,0,1,2,15,-2
20260614_MIN_LV,"Sunday, June 14, 2026",regular_season,Las Vegas Aces,Minnesota Lynx,A'ja Wilson,C,32,9-15,1-2,5-6,2,8,10,1,2,3,3,4,24,+3
20260614_MIN_LV,"Sunday, June 14, 2026",regular_season,Las Vegas Aces,Minnesota Lynx,Chelsea Gray,G,34,7-15,6-10,3-3,0,4,4,7,2,0,3,1,23,+3
20260614_MIN_LV,"Sunday, June 14, 2026",regular_season,Las Vegas Aces,Minnesota Lynx,Jackie Young,G,37,5-10,1-5,5-5,2,3,5,10,1,0,3,2,16,+5
20260614_MIN_LV,"Sunday, June 14, 2026",regular_season,Las Vegas Aces,Minnesota Lynx,Cheyenne Parker-Tyus,F,12,4-6,1-1,0-0,0,2,2,1,0,0,0,1,9,+3
20260614_MIN_LV,"Sunday, June 14, 2026",regular_season,Las Vegas Aces,Minnesota Lynx,Brianna Turner,F,2,0-0,0-0,0-0,0,0,0,0,0,0,0,0,0,+3
20260614_MIN_LV,"Sunday, June 14, 2026",regular_season,Las Vegas Aces,Minnesota Lynx,Kierstan Bell,F,2,0-0,0-0,0-0,0,0,0,0,0,0,1,0,0,0
20260614_MIN_LV,"Sunday, June 14, 2026",regular_season,Las Vegas Aces,Minnesota Lynx,Jewell Loyd,G,26,2-6,2-5,3-3,1,1,2,3,2,0,0,2,9,-7
20260614_MIN_LV,"Sunday, June 14, 2026",regular_season,Las Vegas Aces,Minnesota Lynx,Chennedy Carter,G,8,2-5,0-1,0-0,1,0,1,1,0,0,0,2,4,-2
20260614_MIN_LV,"Sunday, June 14, 2026",regular_season,Las Vegas Aces,Minnesota Lynx,Janiah Barker,F,,,,,,,,,,,,,,
20260614_DAL_POR,"Sunday, June 14, 2026",regular_season,Dallas Wings,Portland Fire,Jessica Shepard,F,35,5-10,0-0,3-5,4,10,14,2,1,0,3,1,13,+3
20260614_DAL_POR,"Sunday, June 14, 2026",regular_season,Dallas Wings,Portland Fire,Maddy Siegrist,F,14,2-4,1-3,0-0,1,1,2,2,0,0,0,1,5,+6
20260614_DAL_POR,"Sunday, June 14, 2026",regular_season,Dallas Wings,Portland Fire,Arike Ogunbowale,G,35,7-16,2-7,6-8,0,6,6,2,0,0,2,2,22,+1
20260614_DAL_POR,"Sunday, June 14, 2026",regular_season,Dallas Wings,Portland Fire,Azzi Fudd,G,32,7-17,3-8,1-1,1,3,4,3,2,2,1,5,18,+7
20260614_DAL_POR,"Sunday, June 14, 2026",regular_season,Dallas Wings,Portland Fire,Aziaha James,G,34,6-18,1-7,4-6,1,5,6,4,2,0,1,1,17,+2
20260614_DAL_POR,"Sunday, June 14, 2026",regular_season,Dallas Wings,Portland Fire,Alysha Clark,F,16,0-1,0-1,1-2,1,0,1,2,0,0,1,3,1,-13
20260614_DAL_POR,"Sunday, June 14, 2026",regular_season,Dallas Wings,Portland Fire,Alanna Smith,F,11,1-3,0-1,2-2,0,3,3,0,0,0,1,2,4,-12
20260614_DAL_POR,"Sunday, June 14, 2026",regular_season,Dallas Wings,Portland Fire,Awak Kuier,F,24,1-5,0-1,1-2,4,1,5,3,2,2,1,0,3,+1
20260614_DAL_POR,"Sunday, June 14, 2026",regular_season,Dallas Wings,Portland Fire,Li Yueru,C,,,,,,,,,,,,,,
20260614_DAL_POR,"Sunday, June 14, 2026",regular_season,Dallas Wings,Portland Fire,Odyssey Sims,G,,,,,,,,,,,,,,
20260614_DAL_POR,"Sunday, June 14, 2026",regular_season,Dallas Wings,Portland Fire,Paige Bueckers,G,,,,,,,,,,,,,,
20260614_DAL_POR,"Sunday, June 14, 2026",regular_season,Dallas Wings,Portland Fire,JJ Quinerly,G,,,,,,,,,,,,,,
20260614_DAL_POR,"Sunday, June 14, 2026",regular_season,Dallas Wings,Portland Fire,Costanza Verona,G,,,,,,,,,,,,,,
20260614_DAL_POR,"Sunday, June 14, 2026",regular_season,Portland Fire,Dallas Wings,Bridget Carleton,F,31,6-14,6-10,2-2,0,4,4,1,1,0,2,2,20,+2
20260614_DAL_POR,"Sunday, June 14, 2026",regular_season,Portland Fire,Dallas Wings,Emily Engstler,F,24,4-10,0-3,3-5,0,6,6,2,1,2,1,1,11,+8
20260614_DAL_POR,"Sunday, June 14, 2026",regular_season,Portland Fire,Dallas Wings,Megan DiLeo,C,26,7-11,0-2,2-2,0,6,6,4,0,2,0,1,16,+3
20260614_DAL_POR,"Sunday, June 14, 2026",regular_season,Portland Fire,Dallas Wings,Sarah Ashlee Barker,G,32,4-8,2-4,0-0,0,5,5,3,1,0,2,3,10,+5
20260614_DAL_POR,"Sunday, June 14, 2026",regular_season,Portland Fire,Dallas Wings,Carla Leite,G,27,4-11,2-3,0-0,2,3,5,8,0,0,4,4,10,+2
20260614_DAL_POR,"Sunday, June 14, 2026",regular_season,Portland Fire,Dallas Wings,Frieda Buhner,F,13,2-3,1-2,0-0,0,0,0,0,1,0,0,2,5,-1
20260614_DAL_POR,"Sunday, June 14, 2026",regular_season,Portland Fire,Dallas Wings,Luisa Geiselsoder,C,14,2-5,2-3,1-2,1,1,2,3,0,1,1,2,7,-2
20260614_DAL_POR,"Sunday, June 14, 2026",regular_season,Portland Fire,Dallas Wings,Serah Williams,C,6,0-1,0-0,2-2,0,1,1,0,0,0,0,2,2,-8
20260614_DAL_POR,"Sunday, June 14, 2026",regular_season,Portland Fire,Dallas Wings,Karlie Samuelson,G,14,0-3,0-3,0-0,2,0,2,3,0,0,0,4,0,-3
20260614_DAL_POR,"Sunday, June 14, 2026",regular_season,Portland Fire,Dallas Wings,Teja Oblak,G,13,1-2,1-1,0-0,0,1,1,2,1,0,2,3,3,-1
20260614_DAL_POR,"Sunday, June 14, 2026",regular_season,Portland Fire,Dallas Wings,Nyadiew Puoch,F,,,,,,,,,,,,,,
20260614_DAL_POR,"Sunday, June 14, 2026",regular_season,Portland Fire,Dallas Wings,Holly Winterburn,G,,,,,,,,,,,,,,
20260614_LA_PHX,"Sunday, June 14, 2026",regular_season,Los Angeles Sparks,Phoenix Mercury,Nneka Ogwumike,F,36,6-11,3-5,0-0,3,12,15,3,1,3,1,3,15,+12
20260614_LA_PHX,"Sunday, June 14, 2026",regular_season,Los Angeles Sparks,Phoenix Mercury,Dearica Hamby,F,28,3-7,0-0,2-3,1,5,6,0,2,0,1,3,8,-4
20260614_LA_PHX,"Sunday, June 14, 2026",regular_season,Los Angeles Sparks,Phoenix Mercury,Erica Wheeler,G,29,2-8,2-6,0-0,0,0,0,5,3,0,3,2,6,+3
20260614_LA_PHX,"Sunday, June 14, 2026",regular_season,Los Angeles Sparks,Phoenix Mercury,Kelsey Plum,G,37,14-26,5-11,10-12,0,2,2,7,0,0,5,3,43,+9
20260614_LA_PHX,"Sunday, June 14, 2026",regular_season,Los Angeles Sparks,Phoenix Mercury,Ariel Atkins,G,31,2-7,1-3,1-1,0,1,1,3,1,0,1,3,6,+7
20260614_LA_PHX,"Sunday, June 14, 2026",regular_season,Los Angeles Sparks,Phoenix Mercury,Cameron Brink,F,22,2-4,2-4,3-3,4,5,9,2,1,2,0,2,9,+11
20260614_LA_PHX,"Sunday, June 14, 2026",regular_season,Los Angeles Sparks,Phoenix Mercury,Jihyun Park,F,4,0-0,0-0,0-0,1,0,1,0,0,0,0,1,0,-3
20260614_LA_PHX,"Sunday, June 14, 2026",regular_season,Los Angeles Sparks,Phoenix Mercury,Rae Burrell,G,27,9-15,2-4,4-4,1,2,3,1,0,3,0,1,24,+7
20260614_LA_PHX,"Sunday, June 14, 2026",regular_season,Los Angeles Sparks,Phoenix Mercury,Kate Martin,G,4,0-1,0-1,0-0,0,0,0,0,0,0,0,1,0,-3
20260614_LA_PHX,"Sunday, June 14, 2026",regular_season,Los Angeles Sparks,Phoenix Mercury,Chance Gray,G,8,0-0,0-0,0-0,0,0,0,0,0,0,0,0,0,+6
20260614_LA_PHX,"Sunday, June 14, 2026",regular_season,Los Angeles Sparks,Phoenix Mercury,Emma Cannon,F,,,,,,,,,,,,,,
20260614_LA_PHX,"Sunday, June 14, 2026",regular_season,Los Angeles Sparks,Phoenix Mercury,Sania Feagin,F,,,,,,,,,,,,,,
20260614_LA_PHX,"Sunday, June 14, 2026",regular_season,Los Angeles Sparks,Phoenix Mercury,Ta'Niya Latson,G,,,,,,,,,,,,,,
20260614_LA_PHX,"Sunday, June 14, 2026",regular_season,Phoenix Mercury,Los Angeles Sparks,Alyssa Thomas,F,41,4-10,0-0,2-3,3,4,7,12,0,1,2,3,10,-8
20260614_LA_PHX,"Sunday, June 14, 2026",regular_season,Phoenix Mercury,Los Angeles Sparks,Natasha Mack,F,35,5-9,0-1,1-1,1,11,12,4,4,3,0,2,11,+6
20260614_LA_PHX,"Sunday, June 14, 2026",regular_season,Phoenix Mercury,Los Angeles Sparks,Noemie Brochant,F,23,3-5,2-3,0-0,1,2,3,1,0,0,3,3,8,+3
20260614_LA_PHX,"Sunday, June 14, 2026",regular_season,Phoenix Mercury,Los Angeles Sparks,Kahleah Copper,G,38,16-30,6-14,3-6,3,7,10,1,0,0,5,2,41,-9
20260614_LA_PHX,"Sunday, June 14, 2026",regular_season,Phoenix Mercury,Los Angeles Sparks,Monique Akoa Makani,G,24,3-5,1-2,2-4,0,2,2,5,1,0,1,5,9,+2
20260614_LA_PHX,"Sunday, June 14, 2026",regular_season,Phoenix Mercury,Los Angeles Sparks,DeWanna Bonner,F,14,3-5,3-5,1-1,0,1,1,0,0,1,1,1,10,-16
20260614_LA_PHX,"Sunday, June 14, 2026",regular_season,Phoenix Mercury,Los Angeles Sparks,Jovana Nogic,G,15,2-4,0-2,0-0,0,1,1,1,0,0,0,1,4,-3
20260614_LA_PHX,"Sunday, June 14, 2026",regular_season,Phoenix Mercury,Los Angeles Sparks,Lexi Held,G,29,4-10,1-6,0-0,1,1,2,2,1,0,3,4,9,-8
20260614_LA_PHX,"Sunday, June 14, 2026",regular_season,Phoenix Mercury,Los Angeles Sparks,Quionche Carter,G,8,0-2,0-2,0-0,0,0,0,0,0,0,0,2,0,-12
20260614_LA_PHX,"Sunday, June 14, 2026",regular_season,Phoenix Mercury,Los Angeles Sparks,Valeriane Ayayi,F,,,,,,,,,,,,,,
20260614_LA_PHX,"Sunday, June 14, 2026",regular_season,Phoenix Mercury,Los Angeles Sparks,Marta Suarez,F,,,,,,,,,,,,,,
20260614_LA_PHX,"Sunday, June 14, 2026",regular_season,Phoenix Mercury,Los Angeles Sparks,Kyara Linskens,C,,,,,,,,,,,,,,
20260614_LA_PHX,"Sunday, June 14, 2026",regular_season,Phoenix Mercury,Los Angeles Sparks,Sami Whitcomb,G,,,,,,,,,,,,,,
20260614_WSH_NY,"Sunday, June 14, 2026",regular_season,Washington Mystics,New York Liberty,Michaela Onyenwere,F,21,7-10,2-2,1-1,3,1,4,1,0,1,2,2,17,+4
20260614_WSH_NY,"Sunday, June 14, 2026",regular_season,Washington Mystics,New York Liberty,Angela Dugalic,F,26,2-11,0-4,0-0,3,3,6,0,2,0,5,5,4,-14
20260614_WSH_NY,"Sunday, June 14, 2026",regular_season,Washington Mystics,New York Liberty,Shakira Austin,C,30,3-12,0-0,2-4,1,5,6,4,0,1,3,2,8,-13
20260614_WSH_NY,"Sunday, June 14, 2026",regular_season,Washington Mystics,New York Liberty,Sonia Citron,G,31,3-9,1-5,5-6,1,2,3,2,0,0,1,1,12,-17
20260614_WSH_NY,"Sunday, June 14, 2026",regular_season,Washington Mystics,New York Liberty,Georgia Amoore,G,16,0-5,0-4,0-0,1,1,2,2,1,0,0,3,0,-5
20260614_WSH_NY,"Sunday, June 14, 2026",regular_season,Washington Mystics,New York Liberty,Lauren Betts,C,24,2-3,0-0,0-1,1,5,6,1,1,1,0,2,4,-17
20260614_WSH_NY,"Sunday, June 14, 2026",regular_season,Washington Mystics,New York Liberty,Rori Harmon,G,2,0-0,0-0,0-0,0,0,0,1,0,0,0,0,0,-5
20260614_WSH_NY,"Sunday, June 14, 2026",regular_season,Washington Mystics,New York Liberty,Lucy Olsen,G,4,1-2,0-1,0-0,0,0,0,0,0,0,0,1,2,-4
20260614_WSH_NY,"Sunday, June 14, 2026",regular_season,Washington Mystics,New York Liberty,Cotie McMahon,G,21,3-10,2-5,0-0,1,2,3,0,1,0,0,0,8,-21
20260614_WSH_NY,"Sunday, June 14, 2026",regular_season,Washington Mystics,New York Liberty,Cassandre Prosper,G,4,1-1,0-0,0-0,0,0,0,0,0,0,1,0,2,-6
20260614_WSH_NY,"Sunday, June 14, 2026",regular_season,Washington Mystics,New York Liberty,Alicia Florez,G,22,2-8,2-4,1-4,1,1,2,6,1,0,4,3,7,-12
20260614_WSH_NY,"Sunday, June 14, 2026",regular_season,Washington Mystics,New York Liberty,Kiki Iriafen,F,,,,,,,,,,,,,,
20260614_WSH_NY,"Sunday, June 14, 2026",regular_season,Washington Mystics,New York Liberty,Darianna Littlepage-Buggs,G,,,,,,,,,,,,,,
20260614_WSH_NY,"Sunday, June 14, 2026",regular_season,New York Liberty,Washington Mystics,Breanna Stewart,F,30,5-12,1-2,3-4,3,9,12,1,0,7,1,2,14,+13
20260614_WSH_NY,"Sunday, June 14, 2026",regular_season,New York Liberty,Washington Mystics,Leonie Fiebich,F,24,3-7,2-5,0-0,0,2,2,2,1,0,1,2,8,+3
20260614_WSH_NY,"Sunday, June 14, 2026",regular_season,New York Liberty,Washington Mystics,Jonquel Jones,C,27,7-11,3-6,3-3,1,3,4,1,3,2,2,1,20,+8
20260614_WSH_NY,"Sunday, June 14, 2026",regular_season,New York Liberty,Washington Mystics,Marine Johannes,G,17,3-5,2-4,0-0,0,4,4,2,0,0,1,2,8,+4
20260614_WSH_NY,"Sunday, June 14, 2026",regular_season,New York Liberty,Washington Mystics,Pauline Astier,G,20,2-4,0-1,2-2,0,1,1,6,1,0,1,3,6,+9
20260614_WSH_NY,"Sunday, June 14, 2026",regular_season,New York Liberty,Washington Mystics,Satou Sabally,F,19,2-5,1-3,2-3,0,2,2,6,0,0,4,3,7,+15
20260614_WSH_NY,"Sunday, June 14, 2026",regular_season,New York Liberty,Washington Mystics,Raquel Carrera,F,2,1-1,0-0,2-2,0,0,0,0,0,0,0,0,4,+6
20260614_WSH_NY,"Sunday, June 14, 2026",regular_season,New York Liberty,Washington Mystics,Han Xu,C,13,2-3,2-3,0-0,0,0,0,0,1,0,1,0,6,+14
20260614_WSH_NY,"Sunday, June 14, 2026",regular_season,New York Liberty,Washington Mystics,Rebekah Gardner,G,11,0-1,0-0,4-4,0,0,0,0,3,0,1,2,4,+6
20260614_WSH_NY,"Sunday, June 14, 2026",regular_season,New York Liberty,Washington Mystics,Betnijah Laney-Hamilton,G,11,2-4,0-0,0-0,1,1,2,1,0,1,3,0,4,+14
20260614_WSH_NY,"Sunday, June 14, 2026",regular_season,New York Liberty,Washington Mystics,Sabrina Ionescu,G,26,1-4,0-2,3-4,0,3,3,3,0,0,2,1,5,+18
20260614_WSH_NY,"Sunday, June 14, 2026",regular_season,New York Liberty,Washington Mystics,Rebecca Allen,G,,,,,,,,,,,,,,
20260614_ATL_TOR,"Sunday, June 14, 2026",regular_season,Atlanta Dream,Toronto Tempo,Naz Hillmon,F,32,4-8,0-4,1-1,1,5,6,1,1,0,0,2,9,+11
20260614_ATL_TOR,"Sunday, June 14, 2026",regular_season,Atlanta Dream,Toronto Tempo,Angel Reese,F,27,6-19,0-0,3-6,11,6,17,1,1,1,2,5,15,+18
20260614_ATL_TOR,"Sunday, June 14, 2026",regular_season,Atlanta Dream,Toronto Tempo,Allisha Gray,G,35,8-14,5-9,5-6,0,3,3,7,1,0,0,3,26,+26
20260614_ATL_TOR,"Sunday, June 14, 2026",regular_season,Atlanta Dream,Toronto Tempo,Jordin Canada,G,28,2-8,1-3,0-0,2,3,5,9,3,0,2,1,5,+30
20260614_ATL_TOR,"Sunday, June 14, 2026",regular_season,Atlanta Dream,Toronto Tempo,Rhyne Howard,G,38,9-18,4-11,2-2,0,6,6,2,1,3,1,2,24,+26
20260614_ATL_TOR,"Sunday, June 14, 2026",regular_season,Atlanta Dream,Toronto Tempo,Sika Kone,F,2,0-1,0-1,0-0,0,1,1,0,0,0,0,0,0,+4
20260614_ATL_TOR,"Sunday, June 14, 2026",regular_season,Atlanta Dream,Toronto Tempo,Madina Okot,C,6,0-1,0-0,0-0,0,3,3,0,1,0,1,1,0,-9
20260614_ATL_TOR,"Sunday, June 14, 2026",regular_season,Atlanta Dream,Toronto Tempo,Te-Hina Paopao,G,12,2-7,2-5,0-0,0,0,0,0,0,0,0,2,6,-5
20260614_ATL_TOR,"Sunday, June 14, 2026",regular_season,Atlanta Dream,Toronto Tempo,Aaliyah Nye,G,1,0-0,0-0,0-0,0,0,0,0,0,0,1,0,0,+1
20260614_ATL_TOR,"Sunday, June 14, 2026",regular_season,Atlanta Dream,Toronto Tempo,Indya Nivar,G,1,0-0,0-0,0-0,0,0,0,1,0,0,0,0,0,+1
20260614_ATL_TOR,"Sunday, June 14, 2026",regular_season,Atlanta Dream,Toronto Tempo,Isobel Borlase,G,18,5-6,2-3,5-5,0,3,3,1,0,0,1,2,17,+22
20260614_ATL_TOR,"Sunday, June 14, 2026",regular_season,Atlanta Dream,Toronto Tempo,Brionna Jones,F,,,,,,,,,,,,,,
20260614_ATL_TOR,"Sunday, June 14, 2026",regular_season,Toronto Tempo,Atlanta Dream,Isabelle Harrison,F,19,6-11,2-5,3-3,1,2,3,0,1,2,3,3,17,-10
20260614_ATL_TOR,"Sunday, June 14, 2026",regular_season,Toronto Tempo,Atlanta Dream,Laura Juskaite,F,26,2-7,0-2,1-1,0,2,2,3,1,0,3,2,5,-16
20260614_ATL_TOR,"Sunday, June 14, 2026",regular_season,Toronto Tempo,Atlanta Dream,Brittney Sykes,G,35,5-12,0-2,1-2,0,2,2,4,0,1,4,3,11,-19
20260614_ATL_TOR,"Sunday, June 14, 2026",regular_season,Toronto Tempo,Atlanta Dream,Marina Mabrey,G,27,2-11,2-7,3-3,0,4,4,2,0,1,1,2,9,-12
20260614_ATL_TOR,"Sunday, June 14, 2026",regular_season,Toronto Tempo,Atlanta Dream,Julie Allemand,G,34,5-8,3-5,0-0,1,2,3,6,2,2,0,4,13,-24
20260614_ATL_TOR,"Sunday, June 14, 2026",regular_season,Toronto Tempo,Atlanta Dream,Maria Conde,F,25,4-9,1-2,3-5,1,2,3,4,0,0,2,2,12,-12
20260614_ATL_TOR,"Sunday, June 14, 2026",regular_season,Toronto Tempo,Atlanta Dream,Teonni Key,F,6,0-0,0-0,0-0,0,2,2,2,0,1,1,0,0,+1
20260614_ATL_TOR,"Sunday, June 14, 2026",regular_season,Toronto Tempo,Atlanta Dream,Temi Fagbenle,C,17,3-5,0-0,1-2,2,1,3,2,0,0,0,2,7,-13
20260614_ATL_TOR,"Sunday, June 14, 2026",regular_season,Toronto Tempo,Atlanta Dream,Kia Nurse,G,8,1-1,1-1,0-0,0,1,1,0,0,0,0,0,3,-8
20260614_ATL_TOR,"Sunday, June 14, 2026",regular_season,Toronto Tempo,Atlanta Dream,Tima Pouye,G,4,0-1,0-0,0-0,0,1,1,0,1,0,1,1,0,-12
20260614_ATL_TOR,"Sunday, June 14, 2026",regular_season,Toronto Tempo,Atlanta Dream,Nyara Sabally,F,,,,,,,,,,,,,,
20260614_ATL_TOR,"Sunday, June 14, 2026",regular_season,Toronto Tempo,Atlanta Dream,Kiki Rice,G,,,,,,,,,,,,,,
20260616_LV_DAL,"Tuesday, June 16, 2026",regular_season,Las Vegas Aces,Dallas Wings,Stephanie Talbot,F,20,1-2,0-1,2-2,2,2,4,3,0,0,1,1,4,-31
20260616_LV_DAL,"Tuesday, June 16, 2026",regular_season,Las Vegas Aces,Dallas Wings,NaLyssa Smith,F,23,4-7,0-0,1-2,1,5,6,0,0,0,0,2,9,-18
20260616_LV_DAL,"Tuesday, June 16, 2026",regular_season,Las Vegas Aces,Dallas Wings,A'ja Wilson,C,26,8-15,0-2,2-3,0,5,5,2,1,0,2,1,18,-18
20260616_LV_DAL,"Tuesday, June 16, 2026",regular_season,Las Vegas Aces,Dallas Wings,Chelsea Gray,G,29,0-5,0-1,0-0,1,3,4,9,2,0,4,3,0,-22
20260616_LV_DAL,"Tuesday, June 16, 2026",regular_season,Las Vegas Aces,Dallas Wings,Jackie Young,G,24,3-13,0-4,0-0,2,2,4,5,0,0,3,4,6,-17
20260616_LV_DAL,"Tuesday, June 16, 2026",regular_season,Las Vegas Aces,Dallas Wings,Cheyenne Parker-Tyus,F,18,1-5,0-1,2-2,1,4,5,3,1,1,1,1,4,-4
20260616_LV_DAL,"Tuesday, June 16, 2026",regular_season,Las Vegas Aces,Dallas Wings,Brianna Turner,F,11,1-1,0-0,0-0,0,0,0,0,0,0,0,0,2,-20
20260616_LV_DAL,"Tuesday, June 16, 2026",regular_season,Las Vegas Aces,Dallas Wings,Kierstan Bell,F,18,1-6,0-3,0-0,0,1,1,2,0,2,1,4,2,-3
20260616_LV_DAL,"Tuesday, June 16, 2026",regular_season,Las Vegas Aces,Dallas Wings,Jewell Loyd,G,31,8-14,5-9,0-0,0,2,2,0,1,0,2,2,21,-17
20260616_LV_DAL,"Tuesday, June 16, 2026",regular_season,Las Vegas Aces,Dallas Wings,Janiah Barker,F,,,,,,,,,,,,,,
20260616_LV_DAL,"Tuesday, June 16, 2026",regular_season,Dallas Wings,Las Vegas Aces,Jessica Shepard,F,31,4-6,0-0,7-10,2,13,15,9,2,0,3,1,15,+24
20260616_LV_DAL,"Tuesday, June 16, 2026",regular_season,Dallas Wings,Las Vegas Aces,Awak Kuier,F,27,3-9,1-3,0-0,2,2,4,0,2,2,3,3,7,+26
20260616_LV_DAL,"Tuesday, June 16, 2026",regular_season,Dallas Wings,Las Vegas Aces,Arike Ogunbowale,G,30,6-16,5-11,5-6,1,3,4,7,2,0,0,2,22,+25
20260616_LV_DAL,"Tuesday, June 16, 2026",regular_season,Dallas Wings,Las Vegas Aces,Paige Bueckers,G,24,4-11,2-5,0-0,0,5,5,7,1,0,0,2,10,+21
20260616_LV_DAL,"Tuesday, June 16, 2026",regular_season,Dallas Wings,Las Vegas Aces,Azzi Fudd,G,28,8-9,1-2,2-2,0,0,0,1,0,0,1,1,19,+22
20260616_LV_DAL,"Tuesday, June 16, 2026",regular_season,Dallas Wings,Las Vegas Aces,Alysha Clark,F,5,0-2,0-1,0-0,0,1,1,0,0,0,0,1,0,+6
20260616_LV_DAL,"Tuesday, June 16, 2026",regular_season,Dallas Wings,Las Vegas Aces,Alanna Smith,F,9,2-3,0-1,0-0,0,1,1,0,0,0,0,1,4,-2
20260616_LV_DAL,"Tuesday, June 16, 2026",regular_season,Dallas Wings,Las Vegas Aces,Maddy Siegrist,F,9,2-2,1-1,0-0,0,1,1,0,0,0,0,2,5,+6
20260616_LV_DAL,"Tuesday, June 16, 2026",regular_season,Dallas Wings,Las Vegas Aces,Li Yueru,C,4,0-3,0-2,0-0,1,3,4,1,0,0,0,0,0,+6
20260616_LV_DAL,"Tuesday, June 16, 2026",regular_season,Dallas Wings,Las Vegas Aces,Sug Sutton,G,21,2-5,0-2,0-0,0,2,2,4,1,1,0,1,4,+8
20260616_LV_DAL,"Tuesday, June 16, 2026",regular_season,Dallas Wings,Las Vegas Aces,Aziaha James,G,12,4-5,0-0,2-3,2,2,4,1,2,0,0,0,10,+8
20260616_POR_MIN,"Tuesday, June 16, 2026",regular_season,Portland Fire,Minnesota Lynx,Bridget Carleton,F,26,1-9,0-4,1-2,0,1,1,2,0,0,1,2,3,-31
20260616_POR_MIN,"Tuesday, June 16, 2026",regular_season,Portland Fire,Minnesota Lynx,Emily Engstler,F,20,4-7,1-1,0-0,1,1,2,3,2,1,3,0,9,-14
20260616_POR_MIN,"Tuesday, June 16, 2026",regular_season,Portland Fire,Minnesota Lynx,Megan DiLeo,C,17,4-10,1-2,0-0,1,2,3,0,1,0,0,2,9,-19
20260616_POR_MIN,"Tuesday, June 16, 2026",regular_season,Portland Fire,Minnesota Lynx,Sarah Ashlee Barker,G,25,3-5,2-4,0-0,0,2,2,2,2,1,7,3,8,-16
20260616_POR_MIN,"Tuesday, June 16, 2026",regular_season,Portland Fire,Minnesota Lynx,Carla Leite,G,19,3-8,1-3,3-4,0,2,2,3,1,0,4,3,10,-20
20260616_POR_MIN,"Tuesday, June 16, 2026",regular_season,Portland Fire,Minnesota Lynx,Frieda Buhner,F,20,3-9,0-4,4-5,2,0,2,1,0,0,0,1,10,-19
20260616_POR_MIN,"Tuesday, June 16, 2026",regular_season,Portland Fire,Minnesota Lynx,Nyadiew Puoch,F,21,1-3,1-3,0-0,2,1,3,2,0,0,0,3,3,-10
20260616_POR_MIN,"Tuesday, June 16, 2026",regular_season,Portland Fire,Minnesota Lynx,Luisa Geiselsoder,C,15,3-5,3-4,0-0,1,3,4,0,1,0,0,3,9,-12
20260616_POR_MIN,"Tuesday, June 16, 2026",regular_season,Portland Fire,Minnesota Lynx,Serah Williams,C,13,1-2,0-0,0-0,1,1,2,1,0,0,2,2,2,-7
20260616_POR_MIN,"Tuesday, June 16, 2026",regular_season,Portland Fire,Minnesota Lynx,Holly Winterburn,G,8,1-4,0-3,0-0,0,0,0,2,0,0,1,2,2,-9
20260616_POR_MIN,"Tuesday, June 16, 2026",regular_season,Portland Fire,Minnesota Lynx,Teja Oblak,G,17,4-7,1-2,0-0,2,4,6,5,0,0,3,3,9,-8
20260616_POR_MIN,"Tuesday, June 16, 2026",regular_season,Portland Fire,Minnesota Lynx,Karlie Samuelson,G,,,,,,,,,,,,,,
20260616_POR_MIN,"Tuesday, June 16, 2026",regular_season,Minnesota Lynx,Portland Fire,Natasha Howard,F,26,6-11,0-0,6-11,3,3,6,1,2,0,2,2,18,+18
20260616_POR_MIN,"Tuesday, June 16, 2026",regular_season,Minnesota Lynx,Portland Fire,Nia Coffey,F,21,6-9,3-4,0-2,2,3,5,4,3,3,0,0,15,+16
20260616_POR_MIN,"Tuesday, June 16, 2026",regular_season,Minnesota Lynx,Portland Fire,Kayla McBride,G,25,5-14,1-4,3-3,3,3,6,4,2,0,4,2,14,+27
20260616_POR_MIN,"Tuesday, June 16, 2026",regular_season,Minnesota Lynx,Portland Fire,Courtney Williams,G,24,7-10,2-3,0-0,1,4,5,4,0,0,2,0,16,+26
20260616_POR_MIN,"Tuesday, June 16, 2026",regular_season,Minnesota Lynx,Portland Fire,Olivia Miles,G,23,6-8,0-2,0-0,0,4,4,5,3,0,3,3,12,+21
20260616_POR_MIN,"Tuesday, June 16, 2026",regular_season,Minnesota Lynx,Portland Fire,Antonia Delaere,F,29,2-6,2-5,0-0,0,1,1,7,3,0,0,2,6,+26
20260616_POR_MIN,"Tuesday, June 16, 2026",regular_season,Minnesota Lynx,Portland Fire,Anastasiia Olairi Kosu,F,19,4-8,1-2,2-2,3,2,5,3,0,1,2,2,11,+11
20260616_POR_MIN,"Tuesday, June 16, 2026",regular_season,Minnesota Lynx,Portland Fire,Teaira McCowan,C,8,0-2,0-0,0-2,1,3,4,1,0,1,0,2,0,+10
20260616_POR_MIN,"Tuesday, June 16, 2026",regular_season,Minnesota Lynx,Portland Fire,Maya Caldwell,G,15,4-6,1-2,2-2,3,1,4,1,1,0,0,0,11,+6
20260616_POR_MIN,"Tuesday, June 16, 2026",regular_season,Minnesota Lynx,Portland Fire,Eliska Hamzova,G,10,2-3,0-1,0-0,0,0,0,1,0,0,0,1,4,+4
20260616_POR_MIN,"Tuesday, June 16, 2026",regular_season,Minnesota Lynx,Portland Fire,Napheesa Collier,F,,,,,,,,,,,,,,
20260616_POR_MIN,"Tuesday, June 16, 2026",regular_season,Minnesota Lynx,Portland Fire,Dorka Juhasz,F,,,,,,,,,,,,,,
20260616_POR_MIN,"Tuesday, June 16, 2026",regular_season,Minnesota Lynx,Portland Fire,Emma Cechova,F,,,,,,,,,,,,,,
20260616_LA_GS,"Tuesday, June 16, 2026",regular_season,Los Angeles Sparks,Golden State Valkyries,Nneka Ogwumike,F,29,3-9,1-2,2-2,2,5,7,2,0,0,2,0,9,-22
20260616_LA_GS,"Tuesday, June 16, 2026",regular_season,Los Angeles Sparks,Golden State Valkyries,Dearica Hamby,F,27,3-5,0-0,0-0,2,8,10,3,2,0,3,3,6,-6
20260616_LA_GS,"Tuesday, June 16, 2026",regular_season,Los Angeles Sparks,Golden State Valkyries,Erica Wheeler,G,28,0-7,0-5,0-0,1,3,4,5,1,0,1,5,0,-11
20260616_LA_GS,"Tuesday, June 16, 2026",regular_season,Los Angeles Sparks,Golden State Valkyries,Kelsey Plum,G,29,3-10,1-4,2-3,1,0,1,1,0,0,2,6,9,-22
20260616_LA_GS,"Tuesday, June 16, 2026",regular_season,Los Angeles Sparks,Golden State Valkyries,Ariel Atkins,G,21,3-11,0-7,0-0,0,0,0,2,1,0,1,0,6,-11
20260616_LA_GS,"Tuesday, June 16, 2026",regular_season,Los Angeles Sparks,Golden State Valkyries,Cameron Brink,F,15,4-5,0-1,2-5,0,2,2,0,0,1,1,1,10,-4
20260616_LA_GS,"Tuesday, June 16, 2026",regular_season,Los Angeles Sparks,Golden State Valkyries,Sania Feagin,F,1,0-0,0-0,0-0,0,1,1,0,0,0,0,0,0,-2
20260616_LA_GS,"Tuesday, June 16, 2026",regular_season,Los Angeles Sparks,Golden State Valkyries,Jihyun Park,F,4,1-2,0-0,0-0,1,0,1,0,0,0,0,0,2,-2
20260616_LA_GS,"Tuesday, June 16, 2026",regular_season,Los Angeles Sparks,Golden State Valkyries,Rae Burrell,G,22,2-8,0-1,9-10,0,1,1,1,0,3,1,0,13,-10
20260616_LA_GS,"Tuesday, June 16, 2026",regular_season,Los Angeles Sparks,Golden State Valkyries,Kate Martin,G,11,1-1,1-1,0-0,1,2,3,2,0,0,0,1,3,+2
20260616_LA_GS,"Tuesday, June 16, 2026",regular_season,Los Angeles Sparks,Golden State Valkyries,Ta'Niya Latson,G,4,0-1,0-0,0-0,0,1,1,0,0,0,1,0,0,-1
20260616_LA_GS,"Tuesday, June 16, 2026",regular_season,Los Angeles Sparks,Golden State Valkyries,Chance Gray,G,8,0-1,0-0,0-0,0,2,2,0,0,0,3,2,0,-11
20260616_LA_GS,"Tuesday, June 16, 2026",regular_season,Los Angeles Sparks,Golden State Valkyries,Emma Cannon,F,,,,,,,,,,,,,,
20260616_LA_GS,"Tuesday, June 16, 2026",regular_season,Golden State Valkyries,Los Angeles Sparks,Kayla Thornton,F,23,2-6,0-3,2-2,1,1,2,1,4,0,0,4,6,+5
20260616_LA_GS,"Tuesday, June 16, 2026",regular_season,Golden State Valkyries,Los Angeles Sparks,Gabby Williams,F,28,6-12,1-3,3-3,0,4,4,1,1,0,3,2,16,+17
20260616_LA_GS,"Tuesday, June 16, 2026",regular_season,Golden State Valkyries,Los Angeles Sparks,Cecilia Zandalasini,F,18,5-12,0-2,0-0,0,3,3,3,1,0,0,1,10,+5
20260616_LA_GS,"Tuesday, June 16, 2026",regular_season,Golden State Valkyries,Los Angeles Sparks,Kiah Stokes,C,30,1-1,1-1,1-2,1,6,7,1,2,2,1,3,4,+15
20260616_LA_GS,"Tuesday, June 16, 2026",regular_season,Golden State Valkyries,Los Angeles Sparks,Veronica Burton,G,30,4-12,2-4,2-4,1,1,2,3,2,2,2,2,12,+15
20260616_LA_GS,"Tuesday, June 16, 2026",regular_season,Golden State Valkyries,Los Angeles Sparks,Laeticia Amihere,F,2,0-0,0-0,0-0,0,0,0,0,0,0,0,0,0,+2
20260616_LA_GS,"Tuesday, June 16, 2026",regular_season,Golden State Valkyries,Los Angeles Sparks,Janelle Salaun,F,25,1-8,1-4,4-4,2,2,4,2,1,0,0,3,7,+18
20260616_LA_GS,"Tuesday, June 16, 2026",regular_season,Golden State Valkyries,Los Angeles Sparks,Tiffany Hayes,G,10,1-4,0-1,2-2,0,0,0,2,1,0,1,1,4,+1
20260616_LA_GS,"Tuesday, June 16, 2026",regular_season,Golden State Valkyries,Los Angeles Sparks,Kaila Charles,G,22,5-7,2-3,1-2,1,7,8,5,0,0,0,3,13,+15
20260616_LA_GS,"Tuesday, June 16, 2026",regular_season,Golden State Valkyries,Los Angeles Sparks,Kaitlyn Chen,G,10,3-4,0-0,0-0,1,2,3,1,1,0,1,1,6,+5
20260616_LA_GS,"Tuesday, June 16, 2026",regular_season,Golden State Valkyries,Los Angeles Sparks,Juste Jocyte,G,2,0-0,0-0,0-0,0,0,0,0,0,0,1,0,0,+2
20260616_LA_GS,"Tuesday, June 16, 2026",regular_season,Golden State Valkyries,Los Angeles Sparks,Nadia Fingall,C,,,,,,,,,,,,,,
20260616_TOR_IND,"Tuesday, June 16, 2026",regular_season,Toronto Tempo,Indiana Fever,Isabelle Harrison,F,26,4-12,2-5,1-2,2,6,8,2,3,0,0,2,11,-9
20260616_TOR_IND,"Tuesday, June 16, 2026",regular_season,Toronto Tempo,Indiana Fever,Laura Juskaite,F,25,8-11,2-3,1-2,0,2,2,4,3,0,2,5,19,-8
20260616_TOR_IND,"Tuesday, June 16, 2026",regular_season,Toronto Tempo,Indiana Fever,Brittney Sykes,G,19,5-8,1-1,0-1,0,2,2,3,0,0,1,2,11,+6
20260616_TOR_IND,"Tuesday, June 16, 2026",regular_season,Toronto Tempo,Indiana Fever,Marina Mabrey,G,31,7-16,2-5,2-3,0,1,1,7,2,1,4,2,18,-14
20260616_TOR_IND,"Tuesday, June 16, 2026",regular_season,Toronto Tempo,Indiana Fever,Julie Allemand,G,11,0-2,0-2,0-0,0,0,0,1,0,0,0,3,0,-3
20260616_TOR_IND,"Tuesday, June 16, 2026",regular_season,Toronto Tempo,Indiana Fever,Maria Conde,F,31,4-8,3-4,1-1,0,4,4,5,0,0,1,3,12,-22
20260616_TOR_IND,"Tuesday, June 16, 2026",regular_season,Toronto Tempo,Indiana Fever,Teonni Key,F,11,1-3,0-1,0-0,1,1,2,0,0,0,1,1,2,-11
20260616_TOR_IND,"Tuesday, June 16, 2026",regular_season,Toronto Tempo,Indiana Fever,Temi Fagbenle,C,18,1-4,0-0,1-2,1,4,5,1,0,0,0,2,3,-16
20260616_TOR_IND,"Tuesday, June 16, 2026",regular_season,Toronto Tempo,Indiana Fever,Kia Nurse,G,15,3-4,0-1,4-4,0,1,1,0,0,0,2,2,10,-16
20260616_TOR_IND,"Tuesday, June 16, 2026",regular_season,Toronto Tempo,Indiana Fever,Tima Pouye,G,13,1-7,1-3,2-4,1,1,2,2,1,0,1,5,5,-17
20260616_TOR_IND,"Tuesday, June 16, 2026",regular_season,Toronto Tempo,Indiana Fever,Nyara Sabally,F,,,,,,,,,,,,,,
20260616_TOR_IND,"Tuesday, June 16, 2026",regular_season,Toronto Tempo,Indiana Fever,Kiki Rice,G,,,,,,,,,,,,,,
20260616_TOR_IND,"Tuesday, June 16, 2026",regular_season,Indiana Fever,Toronto Tempo,Monique Billings,F,20,1-5,0-1,3-4,3,4,7,0,0,0,0,2,5,+10
20260616_TOR_IND,"Tuesday, June 16, 2026",regular_season,Indiana Fever,Toronto Tempo,Aliyah Boston,C,26,7-11,1-2,3-3,2,9,11,4,2,2,3,3,18,+6
20260616_TOR_IND,"Tuesday, June 16, 2026",regular_season,Indiana Fever,Toronto Tempo,Kelsey Mitchell,G,32,9-11,3-4,6-6,0,1,1,2,0,0,4,1,27,+17
20260616_TOR_IND,"Tuesday, June 16, 2026",regular_season,Indiana Fever,Toronto Tempo,Lexie Hull,G,20,3-6,0-3,0-0,1,3,4,0,0,0,0,3,6,+2
20260616_TOR_IND,"Tuesday, June 16, 2026",regular_season,Indiana Fever,Toronto Tempo,Caitlin Clark,G,32,5-15,1-8,10-14,1,4,5,14,1,1,6,2,21,+14
20260616_TOR_IND,"Tuesday, June 16, 2026",regular_season,Indiana Fever,Toronto Tempo,Myisha Hines-Allen,F,7,0-1,0-0,0-0,0,2,2,2,0,0,0,0,0,+5
20260616_TOR_IND,"Tuesday, June 16, 2026",regular_season,Indiana Fever,Toronto Tempo,Makayla Timpson,F,23,1-3,0-0,0-0,1,5,6,0,1,2,2,4,2,+17
20260616_TOR_IND,"Tuesday, June 16, 2026",regular_season,Indiana Fever,Toronto Tempo,Grace VanSlooten,F,1,0-0,0-0,0-0,0,0,0,0,0,0,0,0,0,0
20260616_TOR_IND,"Tuesday, June 16, 2026",regular_season,Indiana Fever,Toronto Tempo,Damiris Dantas,C,2,0-1,0-1,4-4,1,0,1,0,0,0,0,0,4,-2
20260616_TOR_IND,"Tuesday, June 16, 2026",regular_season,Indiana Fever,Toronto Tempo,Sophie Cunningham,G,24,8-11,6-7,2-2,1,5,6,2,0,0,0,2,24,+26
20260616_TOR_IND,"Tuesday, June 16, 2026",regular_season,Indiana Fever,Toronto Tempo,Raven Johnson,G,14,2-5,2-4,0-0,0,0,0,1,0,0,1,1,6,+15
20260616_TOR_IND,"Tuesday, June 16, 2026",regular_season,Indiana Fever,Toronto Tempo,Tyasha Harris,G,,,,,,,,,,,,,,
20260617_WSH_CON,"Wednesday, June 17, 2026",regular_season,Washington Mystics,Connecticut Sun,Michaela Onyenwere,F,32,8-12,4-4,2-2,0,3,3,0,1,0,2,3,22,+11
20260617_WSH_CON,"Wednesday, June 17, 2026",regular_season,Washington Mystics,Connecticut Sun,Angela Dugalic,F,27,3-7,0-3,0-0,0,2,2,3,0,0,0,4,6,-2
20260617_WSH_CON,"Wednesday, June 17, 2026",regular_season,Washington Mystics,Connecticut Sun,Lauren Betts,C,32,2-7,0-0,9-10,1,6,7,3,0,0,2,1,13,+12
20260617_WSH_CON,"Wednesday, June 17, 2026",regular_season,Washington Mystics,Connecticut Sun,Sonia Citron,G,38,7-13,0-4,12-12,1,10,11,4,0,1,3,4,26,+9
20260617_WSH_CON,"Wednesday, June 17, 2026",regular_season,Washington Mystics,Connecticut Sun,Georgia Amoore,G,19,3-5,2-4,2-2,0,0,0,2,0,0,2,1,10,+4
20260617_WSH_CON,"Wednesday, June 17, 2026",regular_season,Washington Mystics,Connecticut Sun,Lucy Olsen,G,20,2-6,0-1,2-2,0,2,2,2,1,0,2,4,6,+3
20260617_WSH_CON,"Wednesday, June 17, 2026",regular_season,Washington Mystics,Connecticut Sun,Cotie McMahon,G,21,0-3,0-1,2-2,0,6,6,4,0,0,1,1,2,+4
20260617_WSH_CON,"Wednesday, June 17, 2026",regular_season,Washington Mystics,Connecticut Sun,Cassandre Prosper,G,10,1-2,1-1,0-0,2,0,2,0,0,0,1,2,3,-6
20260617_WSH_CON,"Wednesday, June 17, 2026",regular_season,Washington Mystics,Connecticut Sun,Kiki Iriafen,F,,,,,,,,,,,,,,
20260617_WSH_CON,"Wednesday, June 17, 2026",regular_season,Washington Mystics,Connecticut Sun,Shakira Austin,C,,,,,,,,,,,,,,
20260617_WSH_CON,"Wednesday, June 17, 2026",regular_season,Washington Mystics,Connecticut Sun,Rori Harmon,G,,,,,,,,,,,,,,
20260617_WSH_CON,"Wednesday, June 17, 2026",regular_season,Washington Mystics,Connecticut Sun,Darianna Littlepage-Buggs,G,,,,,,,,,,,,,,
20260617_WSH_CON,"Wednesday, June 17, 2026",regular_season,Washington Mystics,Connecticut Sun,Alicia Florez,G,,,,,,,,,,,,,,
20260617_WSH_CON,"Wednesday, June 17, 2026",regular_season,Connecticut Sun,Washington Mystics,Aaliyah Edwards,F,18,2-5,0-0,5-7,1,2,3,1,0,1,0,1,9,-5
20260617_WSH_CON,"Wednesday, June 17, 2026",regular_season,Connecticut Sun,Washington Mystics,Diamond Miller,F,12,3-5,1-3,0-0,0,0,0,0,2,0,0,3,7,+1
20260617_WSH_CON,"Wednesday, June 17, 2026",regular_season,Connecticut Sun,Washington Mystics,Brittney Griner,C,23,3-7,0-1,0-0,0,3,3,1,1,2,1,4,6,-6
20260617_WSH_CON,"Wednesday, June 17, 2026",regular_season,Connecticut Sun,Washington Mystics,Saniya Rivers,G,21,3-7,0-2,0-0,0,2,2,1,0,0,0,3,6,-8
20260617_WSH_CON,"Wednesday, June 17, 2026",regular_season,Connecticut Sun,Washington Mystics,Leila Lacan,G,28,5-14,0-4,1-1,0,2,2,4,2,0,1,2,11,-5
20260617_WSH_CON,"Wednesday, June 17, 2026",regular_season,Connecticut Sun,Washington Mystics,Aneesah Morrow,F,21,5-11,0-2,1-2,3,7,10,2,2,0,2,0,11,+2
20260617_WSH_CON,"Wednesday, June 17, 2026",regular_season,Connecticut Sun,Washington Mystics,Raegan Beers,F,7,1-1,0-0,0-0,1,0,1,1,0,0,0,4,2,+2
20260617_WSH_CON,"Wednesday, June 17, 2026",regular_season,Connecticut Sun,Washington Mystics,Nell Angloma,F,14,1-5,0-2,2-4,1,1,2,1,0,0,0,2,4,-1
20260617_WSH_CON,"Wednesday, June 17, 2026",regular_season,Connecticut Sun,Washington Mystics,Olivia Nelson-Ododa,C,10,2-2,0-0,1-2,0,0,0,1,1,0,0,3,5,-3
20260617_WSH_CON,"Wednesday, June 17, 2026",regular_season,Connecticut Sun,Washington Mystics,Kennedy Burke,G,22,3-5,2-4,2-4,0,0,0,0,0,0,0,0,10,-2
20260617_WSH_CON,"Wednesday, June 17, 2026",regular_season,Connecticut Sun,Washington Mystics,Charlisse Leger-Walker,G,19,3-5,1-1,3-3,0,2,2,4,0,0,0,3,10,-4
20260617_WSH_CON,"Wednesday, June 17, 2026",regular_season,Connecticut Sun,Washington Mystics,Gianna Kneepkens,G,5,0-1,0-1,0-0,1,0,1,0,0,0,1,0,0,-6
20260617_WSH_CON,"Wednesday, June 17, 2026",regular_season,Connecticut Sun,Washington Mystics,Hailey Van Lith,G,,,,,,,,,,,,,,
20260617_WSH_CON,"Wednesday, June 17, 2026",regular_season,Connecticut Sun,Washington Mystics,Ashlon Jackson,G,,,,,,,,,,,,,,
20260618_NY_CHI,"Thursday, June 18, 2026",regular_season,New York Liberty,Chicago Sky,Breanna Stewart,F,35,7-12,1-3,2-3,1,5,6,3,2,1,0,3,17,-1
20260618_NY_CHI,"Thursday, June 18, 2026",regular_season,New York Liberty,Chicago Sky,Leonie Fiebich,F,24,2-9,1-5,4-5,3,3,6,3,0,0,3,2,9,+2
20260618_NY_CHI,"Thursday, June 18, 2026",regular_season,New York Liberty,Chicago Sky,Jonquel Jones,C,28,6-9,3-5,4-4,1,7,8,3,1,1,4,2,19,-5
20260618_NY_CHI,"Thursday, June 18, 2026",regular_season,New York Liberty,Chicago Sky,Marine Johannes,G,17,1-5,1-3,0-0,0,1,1,1,2,0,1,0,3,+2
20260618_NY_CHI,"Thursday, June 18, 2026",regular_season,New York Liberty,Chicago Sky,Sabrina Ionescu,G,28,4-9,2-4,0-0,1,2,3,1,0,0,3,1,10,-7
20260618_NY_CHI,"Thursday, June 18, 2026",regular_season,New York Liberty,Chicago Sky,Satou Sabally,F,19,8-11,1-4,0-0,1,1,2,2,0,0,1,2,17,+6
20260618_NY_CHI,"Thursday, June 18, 2026",regular_season,New York Liberty,Chicago Sky,Han Xu,C,11,1-3,0-1,0-0,0,2,2,2,0,3,1,0,2,+3
20260618_NY_CHI,"Thursday, June 18, 2026",regular_season,New York Liberty,Chicago Sky,Rebekah Gardner,G,15,3-5,0-2,4-4,1,0,1,1,1,0,0,2,10,-3
20260618_NY_CHI,"Thursday, June 18, 2026",regular_season,New York Liberty,Chicago Sky,Pauline Astier,G,23,1-3,0-0,7-7,2,3,5,4,1,0,0,0,9,+8
20260618_NY_CHI,"Thursday, June 18, 2026",regular_season,New York Liberty,Chicago Sky,Raquel Carrera,F,,,,,,,,,,,,,,
20260618_NY_CHI,"Thursday, June 18, 2026",regular_season,New York Liberty,Chicago Sky,Rebecca Allen,G,,,,,,,,,,,,,,
20260618_NY_CHI,"Thursday, June 18, 2026",regular_season,Chicago Sky,New York Liberty,Azura Stevens,F,20,3-6,0-0,0-0,1,5,6,0,0,0,4,4,6,+6
20260618_NY_CHI,"Thursday, June 18, 2026",regular_season,Chicago Sky,New York Liberty,Kamilla Cardoso,C,24,4-7,0-0,2-2,0,4,4,4,1,0,2,5,10,+7
20260618_NY_CHI,"Thursday, June 18, 2026",regular_season,Chicago Sky,New York Liberty,Skylar Diggins,G,31,7-16,3-5,2-3,1,1,2,8,1,1,1,1,19,+7
20260618_NY_CHI,"Thursday, June 18, 2026",regular_season,Chicago Sky,New York Liberty,Sydney Taylor,G,28,10-16,4-7,0-0,0,1,1,2,3,1,1,5,24,+4
20260618_NY_CHI,"Thursday, June 18, 2026",regular_season,Chicago Sky,New York Liberty,Gabriela Jaquez,G,29,7-11,4-5,4-4,0,3,3,3,1,0,2,1,22,+4
20260618_NY_CHI,"Thursday, June 18, 2026",regular_season,Chicago Sky,New York Liberty,Elizabeth Williams,C,16,1-2,0-0,1-2,1,2,3,0,0,2,0,0,3,-13
20260618_NY_CHI,"Thursday, June 18, 2026",regular_season,Chicago Sky,New York Liberty,Natasha Cloud,G,28,3-7,1-2,4-4,1,2,3,4,2,0,0,3,11,-2
20260618_NY_CHI,"Thursday, June 18, 2026",regular_season,Chicago Sky,New York Liberty,Rachel Banham,G,4,0-2,0-2,0-0,1,1,2,0,1,0,0,0,0,-4
20260618_NY_CHI,"Thursday, June 18, 2026",regular_season,Chicago Sky,New York Liberty,Jacy Sheldon,G,10,0-2,0-1,0-0,1,1,2,1,1,0,0,2,0,-9
20260618_NY_CHI,"Thursday, June 18, 2026",regular_season,Chicago Sky,New York Liberty,Aicha Coulibaly,G,11,0-2,0-1,0-0,1,1,2,1,0,0,0,1,0,-5
20260618_NY_CHI,"Thursday, June 18, 2026",regular_season,Chicago Sky,New York Liberty,Saylor Poffenbarger,G,,,,,,,,,,,,,,
20260618_DAL_GS,"Thursday, June 18, 2026",regular_season,Dallas Wings,Golden State Valkyries,Jessica Shepard,F,33,7-13,0-0,0-0,2,8,10,4,0,0,0,3,14,-9
20260618_DAL_GS,"Thursday, June 18, 2026",regular_season,Dallas Wings,Golden State Valkyries,Awak Kuier,F,24,1-3,0-2,1-2,0,2,2,1,1,0,3,1,3,-16
20260618_DAL_GS,"Thursday, June 18, 2026",regular_season,Dallas Wings,Golden State Valkyries,Arike Ogunbowale,G,28,7-11,3-3,4-4,0,2,2,3,1,0,0,2,21,-13
20260618_DAL_GS,"Thursday, June 18, 2026",regular_season,Dallas Wings,Golden State Valkyries,Paige Bueckers,G,36,5-13,1-5,4-4,0,3,3,8,1,1,2,4,15,-8
20260618_DAL_GS,"Thursday, June 18, 2026",regular_season,Dallas Wings,Golden State Valkyries,Azzi Fudd,G,37,4-13,2-5,0-2,0,1,1,1,5,1,1,4,10,-14
20260618_DAL_GS,"Thursday, June 18, 2026",regular_season,Dallas Wings,Golden State Valkyries,Alanna Smith,F,16,2-4,1-3,0-0,0,3,3,0,0,1,0,1,5,+5
20260618_DAL_GS,"Thursday, June 18, 2026",regular_season,Dallas Wings,Golden State Valkyries,Maddy Siegrist,F,7,0-0,0-0,1-2,0,2,2,0,0,0,0,3,1,-2
20260618_DAL_GS,"Thursday, June 18, 2026",regular_season,Dallas Wings,Golden State Valkyries,Sug Sutton,G,13,3-4,2-2,1-2,0,0,0,2,0,0,1,2,9,-2
20260618_DAL_GS,"Thursday, June 18, 2026",regular_season,Dallas Wings,Golden State Valkyries,Aziaha James,G,6,1-3,0-2,0-0,0,2,2,0,2,0,1,0,2,+4
20260618_DAL_GS,"Thursday, June 18, 2026",regular_season,Dallas Wings,Golden State Valkyries,Alysha Clark,F,,,,,,,,,,,,,,
20260618_DAL_GS,"Thursday, June 18, 2026",regular_season,Dallas Wings,Golden State Valkyries,Li Yueru,C,,,,,,,,,,,,,,
20260618_DAL_GS,"Thursday, June 18, 2026",regular_season,Golden State Valkyries,Dallas Wings,Kayla Thornton,F,29,2-7,2-5,2-2,3,8,11,2,0,1,0,1,8,+19
20260618_DAL_GS,"Thursday, June 18, 2026",regular_season,Golden State Valkyries,Dallas Wings,Gabby Williams,F,29,7-16,2-6,9-12,2,1,3,4,1,0,2,0,25,+25
20260618_DAL_GS,"Thursday, June 18, 2026",regular_season,Golden State Valkyries,Dallas Wings,Cecilia Zandalasini,F,9,1-3,0-1,0-0,0,1,1,2,0,0,3,2,2,-11
20260618_DAL_GS,"Thursday, June 18, 2026",regular_season,Golden State Valkyries,Dallas Wings,Kiah Stokes,C,21,1-2,0-0,0-0,0,7,7,0,0,1,1,0,2,+2
20260618_DAL_GS,"Thursday, June 18, 2026",regular_season,Golden State Valkyries,Dallas Wings,Veronica Burton,G,33,3-8,2-3,3-3,2,6,8,5,2,1,2,3,11,+1
20260618_DAL_GS,"Thursday, June 18, 2026",regular_season,Golden State Valkyries,Dallas Wings,Laeticia Amihere,F,3,0-0,0-0,0-0,0,0,0,1,0,0,0,0,0,-7
20260618_DAL_GS,"Thursday, June 18, 2026",regular_season,Golden State Valkyries,Dallas Wings,Janelle Salaun,F,20,3-7,2-4,4-5,0,4,4,1,0,0,2,1,12,-2
20260618_DAL_GS,"Thursday, June 18, 2026",regular_season,Golden State Valkyries,Dallas Wings,Tiffany Hayes,G,10,3-4,2-2,2-2,0,0,0,1,0,0,0,2,10,-2
20260618_DAL_GS,"Thursday, June 18, 2026",regular_season,Golden State Valkyries,Dallas Wings,Kaila Charles,G,22,2-6,1-2,1-2,2,3,5,2,0,0,1,2,6,+4
20260618_DAL_GS,"Thursday, June 18, 2026",regular_season,Golden State Valkyries,Dallas Wings,Kaitlyn Chen,G,25,7-10,1-2,0-1,0,2,2,2,1,0,2,3,15,+26
20260618_DAL_GS,"Thursday, June 18, 2026",regular_season,Golden State Valkyries,Dallas Wings,Nadia Fingall,C,,,,,,,,,,,,,,
20260618_DAL_GS,"Thursday, June 18, 2026",regular_season,Golden State Valkyries,Dallas Wings,Juste Jocyte,G,,,,,,,,,,,,,,
20260618_MIN_LA,"Thursday, June 18, 2026",regular_season,Minnesota Lynx,Los Angeles Sparks,Natasha Howard,F,29,6-13,0-0,3-5,4,5,9,2,1,1,2,4,15,+14
20260618_MIN_LA,"Thursday, June 18, 2026",regular_season,Minnesota Lynx,Los Angeles Sparks,Nia Coffey,F,29,3-6,1-2,0-0,1,5,6,2,5,1,1,5,7,+20
20260618_MIN_LA,"Thursday, June 18, 2026",regular_season,Minnesota Lynx,Los Angeles Sparks,Kayla McBride,G,25,6-12,2-6,0-0,1,3,4,0,3,0,1,3,14,+5
20260618_MIN_LA,"Thursday, June 18, 2026",regular_season,Minnesota Lynx,Los Angeles Sparks,Courtney Williams,G,26,6-11,1-2,0-0,0,1,1,5,0,0,3,3,13,+10
20260618_MIN_LA,"Thursday, June 18, 2026",regular_season,Minnesota Lynx,Los Angeles Sparks,Olivia Miles,G,26,12-15,2-3,5-6,0,4,4,4,0,0,5,2,31,+12
20260618_MIN_LA,"Thursday, June 18, 2026",regular_season,Minnesota Lynx,Los Angeles Sparks,Antonia Delaere,F,15,2-4,2-4,0-0,0,0,0,1,0,0,0,2,6,+5
20260618_MIN_LA,"Thursday, June 18, 2026",regular_season,Minnesota Lynx,Los Angeles Sparks,Anastasiia Olairi Kosu,F,10,2-2,0-0,0-0,0,2,2,1,0,0,3,2,4,+1
20260618_MIN_LA,"Thursday, June 18, 2026",regular_season,Minnesota Lynx,Los Angeles Sparks,Teaira McCowan,C,5,1-1,0-0,0-1,0,1,1,0,0,0,1,2,2,-4
20260618_MIN_LA,"Thursday, June 18, 2026",regular_season,Minnesota Lynx,Los Angeles Sparks,Maya Caldwell,G,25,2-7,1-3,2-2,2,5,7,3,2,1,3,2,7,+18
20260618_MIN_LA,"Thursday, June 18, 2026",regular_season,Minnesota Lynx,Los Angeles Sparks,Eliska Hamzova,G,11,0-1,0-1,0-0,0,0,0,3,0,0,1,2,0,-1
20260618_MIN_LA,"Thursday, June 18, 2026",regular_season,Minnesota Lynx,Los Angeles Sparks,Liatu King,F,,,,,,,,,,,,,,
20260618_MIN_LA,"Thursday, June 18, 2026",regular_season,Los Angeles Sparks,Minnesota Lynx,Nneka Ogwumike,F,30,3-9,0-4,4-4,0,8,8,1,1,0,2,0,10,-13
20260618_MIN_LA,"Thursday, June 18, 2026",regular_season,Los Angeles Sparks,Minnesota Lynx,Dearica Hamby,F,25,5-6,1-1,1-3,2,7,9,2,3,1,3,2,12,-7
20260618_MIN_LA,"Thursday, June 18, 2026",regular_season,Los Angeles Sparks,Minnesota Lynx,Erica Wheeler,G,25,2-10,0-4,2-2,1,0,1,4,1,0,2,1,6,-12
20260618_MIN_LA,"Thursday, June 18, 2026",regular_season,Los Angeles Sparks,Minnesota Lynx,Ariel Atkins,G,30,1-7,0-3,2-2,0,1,1,3,2,0,3,4,4,-12
20260618_MIN_LA,"Thursday, June 18, 2026",regular_season,Los Angeles Sparks,Minnesota Lynx,Rae Burrell,G,26,6-10,2-4,5-6,0,0,0,3,0,0,2,4,19,-6
20260618_MIN_LA,"Thursday, June 18, 2026",regular_season,Los Angeles Sparks,Minnesota Lynx,Emma Cannon,F,4,1-2,1-2,2-2,1,0,1,1,0,0,0,1,5,+4
20260618_MIN_LA,"Thursday, June 18, 2026",regular_season,Los Angeles Sparks,Minnesota Lynx,Sania Feagin,F,6,0-1,0-0,0-0,0,0,0,2,0,0,0,2,0,-2
20260618_MIN_LA,"Thursday, June 18, 2026",regular_season,Los Angeles Sparks,Minnesota Lynx,Jihyun Park,F,22,5-7,1-2,2-2,0,0,0,0,1,0,2,3,13,-10
20260618_MIN_LA,"Thursday, June 18, 2026",regular_season,Los Angeles Sparks,Minnesota Lynx,Kate Martin,G,7,0-3,0-2,0-0,0,1,1,0,0,0,0,0,0,-9
20260618_MIN_LA,"Thursday, June 18, 2026",regular_season,Los Angeles Sparks,Minnesota Lynx,Ta'Niya Latson,G,12,0-2,0-1,6-9,1,2,3,2,0,0,2,0,6,-4
20260618_MIN_LA,"Thursday, June 18, 2026",regular_season,Los Angeles Sparks,Minnesota Lynx,Chance Gray,G,13,2-3,2-3,2-2,0,2,2,2,0,0,2,1,8,-9
20260618_MIN_LA,"Thursday, June 18, 2026",regular_season,Los Angeles Sparks,Minnesota Lynx,Laura Ziegler,F,,,,,,,,,,,,,,
20260618_LV_PHX,"Thursday, June 18, 2026",regular_season,Las Vegas Aces,Phoenix Mercury,Stephanie Talbot,F,20,1-2,1-1,0-0,0,2,2,1,2,0,0,2,3,+1
20260618_LV_PHX,"Thursday, June 18, 2026",regular_season,Las Vegas Aces,Phoenix Mercury,NaLyssa Smith,F,31,8-10,0-0,5-8,2,3,5,2,1,0,0,1,21,+11
20260618_LV_PHX,"Thursday, June 18, 2026",regular_season,Las Vegas Aces,Phoenix Mercury,A'ja Wilson,C,37,11-20,0-2,11-13,4,6,10,3,5,2,2,2,33,+14
20260618_LV_PHX,"Thursday, June 18, 2026",regular_season,Las Vegas Aces,Phoenix Mercury,Chelsea Gray,G,35,2-10,0-4,1-1,0,4,4,9,2,0,3,2,5,+15
20260618_LV_PHX,"Thursday, June 18, 2026",regular_season,Las Vegas Aces,Phoenix Mercury,Jackie Young,G,38,7-15,4-8,2-3,1,0,1,9,5,1,3,2,20,+13
20260618_LV_PHX,"Thursday, June 18, 2026",regular_season,Las Vegas Aces,Phoenix Mercury,Cheyenne Parker-Tyus,F,4,1-2,0-0,0-0,0,1,1,0,0,1,0,0,2,-9
20260618_LV_PHX,"Thursday, June 18, 2026",regular_season,Las Vegas Aces,Phoenix Mercury,Brianna Turner,F,8,1-1,0-0,0-0,0,3,3,0,0,1,0,1,2,+6
20260618_LV_PHX,"Thursday, June 18, 2026",regular_season,Las Vegas Aces,Phoenix Mercury,Kierstan Bell,F,5,0-1,0-1,0-0,0,0,0,0,1,1,1,0,0,-11
20260618_LV_PHX,"Thursday, June 18, 2026",regular_season,Las Vegas Aces,Phoenix Mercury,Jewell Loyd,G,24,0-7,0-5,0-0,2,1,3,1,2,0,0,3,0,+10
20260618_LV_PHX,"Thursday, June 18, 2026",regular_season,Las Vegas Aces,Phoenix Mercury,Janiah Barker,F,,,,,,,,,,,,,,
20260618_LV_PHX,"Thursday, June 18, 2026",regular_season,Las Vegas Aces,Phoenix Mercury,Chennedy Carter,G,,,,,,,,,,,,,,
20260618_LV_PHX,"Thursday, June 18, 2026",regular_season,Las Vegas Aces,Phoenix Mercury,Dana Evans,G,,,,,,,,,,,,,,
20260618_LV_PHX,"Thursday, June 18, 2026",regular_season,Phoenix Mercury,Las Vegas Aces,Alyssa Thomas,F,35,4-10,0-0,2-2,1,4,5,11,0,0,6,5,10,-11
20260618_LV_PHX,"Thursday, June 18, 2026",regular_season,Phoenix Mercury,Las Vegas Aces,Natasha Mack,F,23,0-3,0-1,0-0,3,5,8,0,0,1,0,3,0,-6
20260618_LV_PHX,"Thursday, June 18, 2026",regular_season,Phoenix Mercury,Las Vegas Aces,Noemie Brochant,F,19,2-3,0-1,0-0,0,3,3,1,1,0,1,0,4,-11
20260618_LV_PHX,"Thursday, June 18, 2026",regular_season,Phoenix Mercury,Las Vegas Aces,Kahleah Copper,G,30,9-16,1-4,7-7,0,4,4,3,0,0,4,4,26,-1
20260618_LV_PHX,"Thursday, June 18, 2026",regular_season,Phoenix Mercury,Las Vegas Aces,Monique Akoa Makani,G,20,1-3,0-1,2-2,0,3,3,1,1,0,3,1,4,-10
20260618_LV_PHX,"Thursday, June 18, 2026",regular_season,Phoenix Mercury,Las Vegas Aces,DeWanna Bonner,F,20,3-6,2-4,2-3,0,3,3,1,2,0,0,2,10,-6
20260618_LV_PHX,"Thursday, June 18, 2026",regular_season,Phoenix Mercury,Las Vegas Aces,Valeriane Ayayi,F,11,0-2,0-1,0-0,0,1,1,1,0,1,2,3,0,+3
20260618_LV_PHX,"Thursday, June 18, 2026",regular_season,Phoenix Mercury,Las Vegas Aces,Kyara Linskens,C,5,1-2,1-1,0-0,1,1,2,0,0,0,1,0,3,-2
20260618_LV_PHX,"Thursday, June 18, 2026",regular_season,Phoenix Mercury,Las Vegas Aces,Jovana Nogic,G,21,4-7,4-6,0-0,0,0,0,0,1,0,2,1,12,-4
20260618_LV_PHX,"Thursday, June 18, 2026",regular_season,Phoenix Mercury,Las Vegas Aces,Lexi Held,G,15,3-5,1-2,0-0,0,1,1,0,0,0,1,0,7,-2
20260618_LV_PHX,"Thursday, June 18, 2026",regular_season,Phoenix Mercury,Las Vegas Aces,Sami Whitcomb,G,,,,,,,,,,,,,,
20260618_LV_PHX,"Thursday, June 18, 2026",regular_season,Phoenix Mercury,Las Vegas Aces,Quionche Carter,G,,,,,,,,,,,,,,
20260618_SEA_POR,"Thursday, June 18, 2026",regular_season,Seattle Storm,Portland Fire,Dominique Malonga,C,35,12-19,0-0,4-6,3,8,11,3,2,3,1,0,28,-2
20260618_SEA_POR,"Thursday, June 18, 2026",regular_season,Seattle Storm,Portland Fire,Awa Fam,C,29,6-10,3-5,3-3,3,2,5,1,0,0,1,4,18,-14
20260618_SEA_POR,"Thursday, June 18, 2026",regular_season,Seattle Storm,Portland Fire,Natisha Hiedeman,G,33,6-14,5-8,2-2,0,4,4,6,1,0,5,1,19,-3
20260618_SEA_POR,"Thursday, June 18, 2026",regular_season,Seattle Storm,Portland Fire,Flau'jae Johnson,G,22,4-7,0-1,0-0,1,1,2,1,1,0,2,6,8,+8
20260618_SEA_POR,"Thursday, June 18, 2026",regular_season,Seattle Storm,Portland Fire,Jade Melbourne,G,30,1-6,0-4,4-4,0,2,2,8,0,0,2,1,6,-6
20260618_SEA_POR,"Thursday, June 18, 2026",regular_season,Seattle Storm,Portland Fire,Katie Lou Samuelson,F,11,0-2,0-1,0-0,0,1,1,1,1,0,0,0,0,+3
20260618_SEA_POR,"Thursday, June 18, 2026",regular_season,Seattle Storm,Portland Fire,Mackenzie Holmes,F,4,1-1,1-1,0-0,0,0,0,0,0,0,0,2,3,-2
20260618_SEA_POR,"Thursday, June 18, 2026",regular_season,Seattle Storm,Portland Fire,Taylor Thierry,F,3,0-1,0-0,0-0,1,0,1,0,0,0,0,0,0,-4
20260618_SEA_POR,"Thursday, June 18, 2026",regular_season,Seattle Storm,Portland Fire,Stefanie Dolson,C,9,0-2,0-2,0-0,0,2,2,0,0,0,0,0,0,+5
20260618_SEA_POR,"Thursday, June 18, 2026",regular_season,Seattle Storm,Portland Fire,Zia Cooke,G,23,2-5,0-2,3-4,0,3,3,2,0,0,1,4,7,-10
20260618_SEA_POR,"Thursday, June 18, 2026",regular_season,Seattle Storm,Portland Fire,Ezi Magbegor,F,,,,,,,,,,,,,,
20260618_SEA_POR,"Thursday, June 18, 2026",regular_season,Seattle Storm,Portland Fire,Jordan Horston,F,,,,,,,,,,,,,,
20260618_SEA_POR,"Thursday, June 18, 2026",regular_season,Seattle Storm,Portland Fire,Taina Mair,G,,,,,,,,,,,,,,
20260618_SEA_POR,"Thursday, June 18, 2026",regular_season,Portland Fire,Seattle Storm,Bridget Carleton,F,29,7-13,7-13,3-4,2,2,4,1,3,2,2,2,24,+6
20260618_SEA_POR,"Thursday, June 18, 2026",regular_season,Portland Fire,Seattle Storm,Emily Engstler,F,27,3-8,2-4,1-2,3,3,6,5,1,2,2,4,9,+10
20260618_SEA_POR,"Thursday, June 18, 2026",regular_season,Portland Fire,Seattle Storm,Megan DiLeo,C,28,3-10,2-4,0-0,3,1,4,0,0,2,2,4,8,+12
20260618_SEA_POR,"Thursday, June 18, 2026",regular_season,Portland Fire,Seattle Storm,Sarah Ashlee Barker,G,24,3-11,2-7,4-4,1,5,6,0,0,1,1,1,12,+11
20260618_SEA_POR,"Thursday, June 18, 2026",regular_season,Portland Fire,Seattle Storm,Carla Leite,G,29,5-11,1-2,9-10,2,2,4,10,1,0,1,2,20,+13
20260618_SEA_POR,"Thursday, June 18, 2026",regular_season,Portland Fire,Seattle Storm,Frieda Buhner,F,13,1-4,0-2,1-1,0,2,2,1,0,0,0,1,3,-6
20260618_SEA_POR,"Thursday, June 18, 2026",regular_season,Portland Fire,Seattle Storm,Nyadiew Puoch,F,11,0-3,0-3,2-2,0,1,1,1,1,0,0,1,2,-2
20260618_SEA_POR,"Thursday, June 18, 2026",regular_season,Portland Fire,Seattle Storm,Serah Williams,C,12,0-1,0-0,1-2,2,2,4,0,0,0,2,2,1,-7
20260618_SEA_POR,"Thursday, June 18, 2026",regular_season,Portland Fire,Seattle Storm,Karlie Samuelson,G,17,3-6,2-5,2-2,1,0,1,0,1,0,0,0,10,-4
20260618_SEA_POR,"Thursday, June 18, 2026",regular_season,Portland Fire,Seattle Storm,Teja Oblak,G,11,2-3,1-2,0-0,0,0,0,2,0,0,2,1,5,-8
20260618_SEA_POR,"Thursday, June 18, 2026",regular_season,Portland Fire,Seattle Storm,Luisa Geiselsoder,C,,,,,,,,,,,,,,
20260618_SEA_POR,"Thursday, June 18, 2026",regular_season,Portland Fire,Seattle Storm,Holly Winterburn,G,,,,,,,,,,,,,,
20260618_ATL_IND,"Thursday, June 18, 2026",regular_season,Atlanta Dream,Indiana Fever,Naz Hillmon,F,32,4-8,3-5,6-6,1,3,4,2,1,1,2,6,17,+4
20260618_ATL_IND,"Thursday, June 18, 2026",regular_season,Atlanta Dream,Indiana Fever,Angel Reese,F,29,8-14,0-0,5-8,4,7,11,1,0,0,4,4,21,+8
20260618_ATL_IND,"Thursday, June 18, 2026",regular_season,Atlanta Dream,Indiana Fever,Allisha Gray,G,34,6-11,1-3,4-5,0,0,0,3,3,0,2,4,17,+16
20260618_ATL_IND,"Thursday, June 18, 2026",regular_season,Atlanta Dream,Indiana Fever,Jordin Canada,G,29,5-10,1-3,7-8,0,2,2,5,4,0,1,4,18,+9
20260618_ATL_IND,"Thursday, June 18, 2026",regular_season,Atlanta Dream,Indiana Fever,Rhyne Howard,G,38,6-12,1-3,3-3,2,2,4,6,3,1,1,1,16,+4
20260618_ATL_IND,"Thursday, June 18, 2026",regular_season,Atlanta Dream,Indiana Fever,Sika Kone,F,5,1-1,0-0,1-4,1,0,1,0,0,0,1,0,3,-6
20260618_ATL_IND,"Thursday, June 18, 2026",regular_season,Atlanta Dream,Indiana Fever,Madina Okot,C,5,0-1,0-1,0-0,0,4,4,1,0,0,0,2,0,+3
20260618_ATL_IND,"Thursday, June 18, 2026",regular_season,Atlanta Dream,Indiana Fever,Te-Hina Paopao,G,14,3-5,1-2,0-0,0,1,1,3,0,0,1,2,7,-2
20260618_ATL_IND,"Thursday, June 18, 2026",regular_season,Atlanta Dream,Indiana Fever,Isobel Borlase,G,13,4-7,0-1,1-1,0,2,2,0,0,1,0,4,9,-1
20260618_ATL_IND,"Thursday, June 18, 2026",regular_season,Atlanta Dream,Indiana Fever,Brionna Jones,F,,,,,,,,,,,,,,
20260618_ATL_IND,"Thursday, June 18, 2026",regular_season,Atlanta Dream,Indiana Fever,Aaliyah Nye,G,,,,,,,,,,,,,,
20260618_ATL_IND,"Thursday, June 18, 2026",regular_season,Atlanta Dream,Indiana Fever,Indya Nivar,G,,,,,,,,,,,,,,
20260618_ATL_IND,"Thursday, June 18, 2026",regular_season,Indiana Fever,Atlanta Dream,Monique Billings,F,13,2-3,0-0,2-2,2,1,3,1,1,0,2,3,6,-10
20260618_ATL_IND,"Thursday, June 18, 2026",regular_season,Indiana Fever,Atlanta Dream,Aliyah Boston,C,34,8-15,1-2,6-8,0,8,8,3,1,3,4,3,23,-2
20260618_ATL_IND,"Thursday, June 18, 2026",regular_season,Indiana Fever,Atlanta Dream,Kelsey Mitchell,G,34,10-15,3-7,3-3,0,1,1,1,1,0,2,2,26,0
20260618_ATL_IND,"Thursday, June 18, 2026",regular_season,Indiana Fever,Atlanta Dream,Lexie Hull,G,11,1-2,0-0,0-0,0,3,3,0,0,0,0,4,2,-6
20260618_ATL_IND,"Thursday, June 18, 2026",regular_season,Indiana Fever,Atlanta Dream,Caitlin Clark,G,31,8-17,2-5,8-12,0,2,2,7,0,0,5,5,26,-13
20260618_ATL_IND,"Thursday, June 18, 2026",regular_season,Indiana Fever,Atlanta Dream,Myisha Hines-Allen,F,9,0-1,0-0,0-0,0,1,1,0,0,0,0,2,0,-3
20260618_ATL_IND,"Thursday, June 18, 2026",regular_season,Indiana Fever,Atlanta Dream,Makayla Timpson,F,21,2-3,0-0,2-2,2,2,4,0,3,0,1,2,6,+8
20260618_ATL_IND,"Thursday, June 18, 2026",regular_season,Indiana Fever,Atlanta Dream,Sophie Cunningham,G,30,4-5,2-3,2-2,0,2,2,2,0,0,1,2,12,-7
20260618_ATL_IND,"Thursday, June 18, 2026",regular_season,Indiana Fever,Atlanta Dream,Tyasha Harris,G,14,0-1,0-0,0-0,1,1,2,2,1,0,1,3,0,+3
20260618_ATL_IND,"Thursday, June 18, 2026",regular_season,Indiana Fever,Atlanta Dream,Raven Johnson,G,3,0-1,0-0,0-0,0,0,0,0,0,0,2,0,0,-5
20260618_ATL_IND,"Thursday, June 18, 2026",regular_season,Indiana Fever,Atlanta Dream,Grace VanSlooten,F,,,,,,,,,,,,,,
20260618_ATL_IND,"Thursday, June 18, 2026",regular_season,Indiana Fever,Atlanta Dream,Damiris Dantas,C,,,,,,,,,,,,,,
20260619_TOR_CON,"Friday, June 19, 2026",regular_season,Toronto Tempo,Connecticut Sun,Isabelle Harrison,F,30,5-14,2-3,3-3,1,5,6,5,0,1,1,2,15,+2
20260619_TOR_CON,"Friday, June 19, 2026",regular_season,Toronto Tempo,Connecticut Sun,Laura Juskaite,F,29,2-7,0-1,0-0,2,5,7,4,3,1,4,5,4,+7
20260619_TOR_CON,"Friday, June 19, 2026",regular_season,Toronto Tempo,Connecticut Sun,Temi Fagbenle,C,32,8-9,2-2,1-2,4,5,9,2,1,1,0,3,19,+8
20260619_TOR_CON,"Friday, June 19, 2026",regular_season,Toronto Tempo,Connecticut Sun,Marina Mabrey,G,33,14-24,9-12,0-0,1,3,4,4,0,0,6,4,37,+21
20260619_TOR_CON,"Friday, June 19, 2026",regular_season,Toronto Tempo,Connecticut Sun,Julie Allemand,G,34,2-5,0-3,0-0,0,0,0,9,1,0,4,1,4,+12
20260619_TOR_CON,"Friday, June 19, 2026",regular_season,Toronto Tempo,Connecticut Sun,Maria Conde,F,28,5-12,5-8,4-4,2,4,6,3,0,1,0,1,19,0
20260619_TOR_CON,"Friday, June 19, 2026",regular_season,Toronto Tempo,Connecticut Sun,Teonni Key,F,3,0-0,0-0,0-0,0,0,0,0,0,0,0,1,0,-10
20260619_TOR_CON,"Friday, June 19, 2026",regular_season,Toronto Tempo,Connecticut Sun,Kia Nurse,G,5,0-3,0-3,0-0,0,0,0,0,0,0,0,2,0,-15
20260619_TOR_CON,"Friday, June 19, 2026",regular_season,Toronto Tempo,Connecticut Sun,Tima Pouye,G,6,1-2,1-2,0-0,0,1,1,0,0,0,0,4,3,-5
20260619_TOR_CON,"Friday, June 19, 2026",regular_season,Toronto Tempo,Connecticut Sun,Nyara Sabally,F,,,,,,,,,,,,,,
20260619_TOR_CON,"Friday, June 19, 2026",regular_season,Toronto Tempo,Connecticut Sun,Brittney Sykes,G,,,,,,,,,,,,,,
20260619_TOR_CON,"Friday, June 19, 2026",regular_season,Toronto Tempo,Connecticut Sun,Kiki Rice,G,,,,,,,,,,,,,,
20260619_TOR_CON,"Friday, June 19, 2026",regular_season,Connecticut Sun,Toronto Tempo,Aaliyah Edwards,F,20,2-5,0-0,2-2,0,2,2,2,1,0,0,3,6,-2
20260619_TOR_CON,"Friday, June 19, 2026",regular_season,Connecticut Sun,Toronto Tempo,Diamond Miller,F,21,4-10,1-3,1-2,0,3,3,2,0,0,0,3,10,-5
20260619_TOR_CON,"Friday, June 19, 2026",regular_season,Connecticut Sun,Toronto Tempo,Brittney Griner,C,24,7-11,0-0,2-3,4,4,8,2,0,2,2,0,16,-19
20260619_TOR_CON,"Friday, June 19, 2026",regular_season,Connecticut Sun,Toronto Tempo,Saniya Rivers,G,21,1-4,1-3,0-0,0,3,3,4,2,0,2,2,3,-11
20260619_TOR_CON,"Friday, June 19, 2026",regular_season,Connecticut Sun,Toronto Tempo,Leila Lacan,G,31,5-16,2-8,4-5,0,1,1,3,1,0,1,2,16,-14
20260619_TOR_CON,"Friday, June 19, 2026",regular_season,Connecticut Sun,Toronto Tempo,Aneesah Morrow,F,20,3-9,0-3,2-2,5,5,10,4,2,0,2,2,8,+1
20260619_TOR_CON,"Friday, June 19, 2026",regular_season,Connecticut Sun,Toronto Tempo,Nell Angloma,F,3,0-0,0-0,0-0,0,0,0,0,0,0,1,0,0,-3
20260619_TOR_CON,"Friday, June 19, 2026",regular_season,Connecticut Sun,Toronto Tempo,Olivia Nelson-Ododa,C,16,6-9,0-0,1-2,1,2,3,0,1,1,0,1,13,+15
20260619_TOR_CON,"Friday, June 19, 2026",regular_season,Connecticut Sun,Toronto Tempo,Kennedy Burke,G,27,5-9,2-5,6-6,2,1,3,1,2,1,0,0,18,+11
20260619_TOR_CON,"Friday, June 19, 2026",regular_season,Connecticut Sun,Toronto Tempo,Charlisse Leger-Walker,G,18,2-3,0-0,3-4,0,2,2,3,0,0,0,0,7,+7
20260619_TOR_CON,"Friday, June 19, 2026",regular_season,Connecticut Sun,Toronto Tempo,Raegan Beers,F,,,,,,,,,,,,,,
20260619_TOR_CON,"Friday, June 19, 2026",regular_season,Connecticut Sun,Toronto Tempo,Hailey Van Lith,G,,,,,,,,,,,,,,
20260619_TOR_CON,"Friday, June 19, 2026",regular_season,Connecticut Sun,Toronto Tempo,Gianna Kneepkens,G,,,,,,,,,,,,,,
20260619_TOR_CON,"Friday, June 19, 2026",regular_season,Connecticut Sun,Toronto Tempo,Ashlon Jackson,G,,,,,,,,,,,,,,
20260619_WSH_NY,"Friday, June 19, 2026",regular_season,Washington Mystics,New York Liberty,Michaela Onyenwere,F,28,3-5,0-1,5-5,1,1,2,0,0,0,2,3,11,+3
20260619_WSH_NY,"Friday, June 19, 2026",regular_season,Washington Mystics,New York Liberty,Kiki Iriafen,F,28,8-14,0-1,4-6,2,4,6,0,1,1,1,3,20,+3
20260619_WSH_NY,"Friday, June 19, 2026",regular_season,Washington Mystics,New York Liberty,Shakira Austin,C,28,4-8,1-1,5-8,2,5,7,1,0,0,1,3,14,+5
20260619_WSH_NY,"Friday, June 19, 2026",regular_season,Washington Mystics,New York Liberty,Sonia Citron,G,35,5-11,1-5,5-6,0,6,6,8,5,0,2,4,16,+3
20260619_WSH_NY,"Friday, June 19, 2026",regular_season,Washington Mystics,New York Liberty,Georgia Amoore,G,28,3-9,1-6,3-3,0,0,0,8,0,0,3,2,10,+4
20260619_WSH_NY,"Friday, June 19, 2026",regular_season,Washington Mystics,New York Liberty,Angela Dugalic,F,7,0-1,0-0,0-0,0,1,1,1,0,0,0,0,0,+1
20260619_WSH_NY,"Friday, June 19, 2026",regular_season,Washington Mystics,New York Liberty,Lauren Betts,C,17,4-6,0-0,0-1,3,2,5,0,1,1,1,2,8,-3
20260619_WSH_NY,"Friday, June 19, 2026",regular_season,Washington Mystics,New York Liberty,Lucy Olsen,G,11,0-2,0-1,0-0,0,2,2,1,1,0,1,4,0,-1
20260619_WSH_NY,"Friday, June 19, 2026",regular_season,Washington Mystics,New York Liberty,Cotie McMahon,G,13,3-5,1-3,0-3,0,1,1,1,1,0,0,2,7,0
20260619_WSH_NY,"Friday, June 19, 2026",regular_season,Washington Mystics,New York Liberty,Cassandre Prosper,G,5,0-1,0-0,0-0,0,1,1,0,0,0,0,0,0,0
20260619_WSH_NY,"Friday, June 19, 2026",regular_season,Washington Mystics,New York Liberty,Rori Harmon,G,,,,,,,,,,,,,,
20260619_WSH_NY,"Friday, June 19, 2026",regular_season,Washington Mystics,New York Liberty,Darianna Littlepage-Buggs,G,,,,,,,,,,,,,,
20260619_WSH_NY,"Friday, June 19, 2026",regular_season,Washington Mystics,New York Liberty,Alicia Florez,G,,,,,,,,,,,,,,
20260619_WSH_NY,"Friday, June 19, 2026",regular_season,New York Liberty,Washington Mystics,Breanna Stewart,F,32,5-11,0-2,6-8,1,9,10,6,1,2,1,5,16,0
20260619_WSH_NY,"Friday, June 19, 2026",regular_season,New York Liberty,Washington Mystics,Leonie Fiebich,F,31,6-9,3-5,4-4,2,0,2,2,1,0,1,3,19,-5
20260619_WSH_NY,"Friday, June 19, 2026",regular_season,New York Liberty,Washington Mystics,Jonquel Jones,C,33,4-8,0-4,2-4,0,10,10,2,0,1,2,3,10,-6
20260619_WSH_NY,"Friday, June 19, 2026",regular_season,New York Liberty,Washington Mystics,Marine Johannes,G,27,1-8,1-7,1-2,1,2,3,4,1,1,1,1,4,-2
20260619_WSH_NY,"Friday, June 19, 2026",regular_season,New York Liberty,Washington Mystics,Sabrina Ionescu,G,30,4-13,1-6,0-0,0,1,1,3,0,0,4,3,9,-7
20260619_WSH_NY,"Friday, June 19, 2026",regular_season,New York Liberty,Washington Mystics,Satou Sabally,F,17,4-8,3-6,2-2,0,0,0,1,1,0,2,4,13,+6
20260619_WSH_NY,"Friday, June 19, 2026",regular_season,New York Liberty,Washington Mystics,Han Xu,C,12,3-5,2-3,0-0,1,2,3,1,0,2,1,2,8,+1
20260619_WSH_NY,"Friday, June 19, 2026",regular_season,New York Liberty,Washington Mystics,Rebekah Gardner,G,9,1-2,0-1,0-0,0,0,0,0,0,0,0,2,2,-6
20260619_WSH_NY,"Friday, June 19, 2026",regular_season,New York Liberty,Washington Mystics,Pauline Astier,G,10,1-2,0-0,0-0,0,1,1,1,1,0,2,3,2,+4
20260619_WSH_NY,"Friday, June 19, 2026",regular_season,New York Liberty,Washington Mystics,Raquel Carrera,F,,,,,,,,,,,,,,
20260619_WSH_NY,"Friday, June 19, 2026",regular_season,New York Liberty,Washington Mystics,Rebecca Allen,G,,,,,,,,,,,,,,
20260620_MIN_GS,"Saturday, June 20, 2026",regular_season,Minnesota Lynx,Golden State Valkyries,Natasha Howard,F,28,5-10,0-0,0-0,4,4,8,4,0,1,1,6,10,0
20260620_MIN_GS,"Saturday, June 20, 2026",regular_season,Minnesota Lynx,Golden State Valkyries,Nia Coffey,F,33,7-11,3-4,5-6,3,3,6,3,0,1,1,1,22,+7
20260620_MIN_GS,"Saturday, June 20, 2026",regular_season,Minnesota Lynx,Golden State Valkyries,Kayla McBride,G,34,7-12,1-3,2-3,0,3,3,2,1,0,0,3,17,+5
20260620_MIN_GS,"Saturday, June 20, 2026",regular_season,Minnesota Lynx,Golden State Valkyries,Courtney Williams,G,36,6-16,2-2,7-7,2,10,12,5,1,2,2,0,21,+6
20260620_MIN_GS,"Saturday, June 20, 2026",regular_season,Minnesota Lynx,Golden State Valkyries,Olivia Miles,G,32,1-10,0-4,5-5,0,5,5,4,3,3,6,4,7,+2
20260620_MIN_GS,"Saturday, June 20, 2026",regular_season,Minnesota Lynx,Golden State Valkyries,Antonia Delaere,F,7,0-0,0-0,0-0,0,0,0,0,1,0,0,0,0,+6
20260620_MIN_GS,"Saturday, June 20, 2026",regular_season,Minnesota Lynx,Golden State Valkyries,Anastasiia Olairi Kosu,F,19,1-5,0-0,2-2,3,3,6,0,2,2,2,2,4,+2
20260620_MIN_GS,"Saturday, June 20, 2026",regular_season,Minnesota Lynx,Golden State Valkyries,Maya Caldwell,G,11,0-4,0-0,0-0,0,2,2,0,0,0,1,1,0,+2
20260620_MIN_GS,"Saturday, June 20, 2026",regular_season,Minnesota Lynx,Golden State Valkyries,Liatu King,F,,,,,,,,,,,,,,
20260620_MIN_GS,"Saturday, June 20, 2026",regular_season,Minnesota Lynx,Golden State Valkyries,Teaira McCowan,C,,,,,,,,,,,,,,
20260620_MIN_GS,"Saturday, June 20, 2026",regular_season,Golden State Valkyries,Minnesota Lynx,Kayla Thornton,F,23,1-5,1-4,0-0,2,4,6,2,1,0,0,1,3,-2
20260620_MIN_GS,"Saturday, June 20, 2026",regular_season,Golden State Valkyries,Minnesota Lynx,Gabby Williams,F,28,6-16,2-6,1-2,3,5,8,1,1,0,3,3,15,-10
20260620_MIN_GS,"Saturday, June 20, 2026",regular_season,Golden State Valkyries,Minnesota Lynx,Cecilia Zandalasini,F,27,7-15,4-10,5-5,1,3,4,2,0,0,2,2,23,-6
20260620_MIN_GS,"Saturday, June 20, 2026",regular_season,Golden State Valkyries,Minnesota Lynx,Kiah Stokes,C,19,1-2,0-1,0-0,0,6,6,0,0,0,0,1,2,0
20260620_MIN_GS,"Saturday, June 20, 2026",regular_season,Golden State Valkyries,Minnesota Lynx,Veronica Burton,G,24,1-8,1-5,2-2,1,1,2,5,2,0,2,3,5,+1
20260620_MIN_GS,"Saturday, June 20, 2026",regular_season,Golden State Valkyries,Minnesota Lynx,Laeticia Amihere,F,10,0-1,0-0,1-4,2,2,4,0,1,2,0,0,1,-8
20260620_MIN_GS,"Saturday, June 20, 2026",regular_season,Golden State Valkyries,Minnesota Lynx,Janelle Salaun,F,24,6-16,3-11,0-2,4,2,6,0,1,0,1,1,15,+1
20260620_MIN_GS,"Saturday, June 20, 2026",regular_season,Golden State Valkyries,Minnesota Lynx,Tiffany Hayes,G,7,0-2,0-0,2-2,0,1,1,3,0,0,0,1,2,+5
20260620_MIN_GS,"Saturday, June 20, 2026",regular_season,Golden State Valkyries,Minnesota Lynx,Kaila Charles,G,21,1-5,0-2,0-0,0,1,1,2,2,1,3,2,2,-5
20260620_MIN_GS,"Saturday, June 20, 2026",regular_season,Golden State Valkyries,Minnesota Lynx,Kaitlyn Chen,G,16,3-4,1-1,0-0,0,0,0,2,0,0,2,2,7,-6
20260620_MIN_GS,"Saturday, June 20, 2026",regular_season,Golden State Valkyries,Minnesota Lynx,Nadia Fingall,C,,,,,,,,,,,,,,
20260620_MIN_GS,"Saturday, June 20, 2026",regular_season,Golden State Valkyries,Minnesota Lynx,Juste Jocyte,G,,,,,,,,,,,,,,
20260620_IND_ATL,"Saturday, June 20, 2026",regular_season,Indiana Fever,Atlanta Dream,Monique Billings,F,13,2-2,1-1,2-2,0,1,1,0,0,1,1,5,7,+3
20260620_IND_ATL,"Saturday, June 20, 2026",regular_season,Indiana Fever,Atlanta Dream,Aliyah Boston,C,22,4-10,2-3,3-3,2,7,9,6,0,0,4,5,13,-8
20260620_IND_ATL,"Saturday, June 20, 2026",regular_season,Indiana Fever,Atlanta Dream,Kelsey Mitchell,G,32,5-13,2-4,4-4,0,3,3,3,0,0,1,3,16,-18
20260620_IND_ATL,"Saturday, June 20, 2026",regular_season,Indiana Fever,Atlanta Dream,Lexie Hull,G,16,0-1,0-1,0-0,0,0,0,1,0,0,0,3,0,-11
20260620_IND_ATL,"Saturday, June 20, 2026",regular_season,Indiana Fever,Atlanta Dream,Caitlin Clark,G,34,11-18,3-7,1-2,0,3,3,7,1,0,7,3,26,-19
20260620_IND_ATL,"Saturday, June 20, 2026",regular_season,Indiana Fever,Atlanta Dream,Myisha Hines-Allen,F,17,3-5,1-1,2-2,0,3,3,0,0,1,3,3,9,-1
20260620_IND_ATL,"Saturday, June 20, 2026",regular_season,Indiana Fever,Atlanta Dream,Makayla Timpson,F,4,0-0,0-0,0-0,0,1,1,0,0,1,0,0,0,-9
20260620_IND_ATL,"Saturday, June 20, 2026",regular_season,Indiana Fever,Atlanta Dream,Damiris Dantas,C,7,1-3,0-2,1-3,1,2,3,0,0,0,1,2,3,-2
20260620_IND_ATL,"Saturday, June 20, 2026",regular_season,Indiana Fever,Atlanta Dream,Sophie Cunningham,G,26,3-9,3-8,4-5,0,1,1,1,0,0,1,2,13,-8
20260620_IND_ATL,"Saturday, June 20, 2026",regular_season,Indiana Fever,Atlanta Dream,Tyasha Harris,G,7,0-0,0-0,0-0,0,0,0,0,0,0,0,2,0,-7
20260620_IND_ATL,"Saturday, June 20, 2026",regular_season,Indiana Fever,Atlanta Dream,Raven Johnson,G,21,4-6,1-3,0-0,1,5,6,2,0,0,1,1,9,-5
20260620_IND_ATL,"Saturday, June 20, 2026",regular_season,Indiana Fever,Atlanta Dream,Grace VanSlooten,F,,,,,,,,,,,,,,
20260620_IND_ATL,"Saturday, June 20, 2026",regular_season,Atlanta Dream,Indiana Fever,Naz Hillmon,F,29,8-13,2-3,1-2,3,3,6,3,0,1,1,3,19,+26
20260620_IND_ATL,"Saturday, June 20, 2026",regular_season,Atlanta Dream,Indiana Fever,Angel Reese,F,31,7-14,0-1,4-8,4,4,8,1,2,1,3,5,18,+9
20260620_IND_ATL,"Saturday, June 20, 2026",regular_season,Atlanta Dream,Indiana Fever,Allisha Gray,G,33,9-18,2-6,2-4,3,2,5,1,3,1,1,3,22,+23
20260620_IND_ATL,"Saturday, June 20, 2026",regular_season,Atlanta Dream,Indiana Fever,Jordin Canada,G,32,5-9,0-0,2-4,0,7,7,12,3,1,0,3,12,+25
20260620_IND_ATL,"Saturday, June 20, 2026",regular_season,Atlanta Dream,Indiana Fever,Rhyne Howard,G,35,6-15,4-10,8-8,0,4,4,3,1,1,1,5,24,+16
20260620_IND_ATL,"Saturday, June 20, 2026",regular_season,Atlanta Dream,Indiana Fever,Sika Kone,F,2,0-2,0-1,0-0,0,0,0,1,0,0,0,0,0,-5
20260620_IND_ATL,"Saturday, June 20, 2026",regular_season,Atlanta Dream,Indiana Fever,Madina Okot,C,4,0-0,0-0,3-4,2,0,2,0,1,0,0,2,3,-10
20260620_IND_ATL,"Saturday, June 20, 2026",regular_season,Atlanta Dream,Indiana Fever,Te-Hina Paopao,G,16,3-5,3-4,0-0,0,0,0,2,0,0,1,1,9,-5
20260620_IND_ATL,"Saturday, June 20, 2026",regular_season,Atlanta Dream,Indiana Fever,Indya Nivar,G,2,1-1,1-1,0-0,0,0,0,0,0,0,0,0,3,-5
20260620_IND_ATL,"Saturday, June 20, 2026",regular_season,Atlanta Dream,Indiana Fever,Isobel Borlase,G,17,1-3,0-0,1-1,0,3,3,2,0,0,1,2,3,+11
20260620_IND_ATL,"Saturday, June 20, 2026",regular_season,Atlanta Dream,Indiana Fever,Brionna Jones,F,,,,,,,,,,,,,,
20260620_IND_ATL,"Saturday, June 20, 2026",regular_season,Atlanta Dream,Indiana Fever,Aaliyah Nye,G,,,,,,,,,,,,,,
20260620_SEA_PHX,"Saturday, June 20, 2026",regular_season,Seattle Storm,Phoenix Mercury,Dominique Malonga,C,23,4-16,1-2,1-2,2,1,3,2,1,0,1,2,10,-35
20260620_SEA_PHX,"Saturday, June 20, 2026",regular_season,Seattle Storm,Phoenix Mercury,Awa Fam,C,30,2-7,1-2,0-0,4,6,10,3,2,0,2,2,5,-11
20260620_SEA_PHX,"Saturday, June 20, 2026",regular_season,Seattle Storm,Phoenix Mercury,Natisha Hiedeman,G,28,6-9,3-4,5-5,0,0,0,4,0,0,2,4,20,-16
20260620_SEA_PHX,"Saturday, June 20, 2026",regular_season,Seattle Storm,Phoenix Mercury,Flau'jae Johnson,G,34,6-17,1-7,0-0,1,1,2,0,0,2,2,4,13,-10
20260620_SEA_PHX,"Saturday, June 20, 2026",regular_season,Seattle Storm,Phoenix Mercury,Jade Melbourne,G,11,0-2,0-2,2-2,0,1,1,1,0,0,1,4,2,-18
20260620_SEA_PHX,"Saturday, June 20, 2026",regular_season,Seattle Storm,Phoenix Mercury,Katie Lou Samuelson,F,27,3-8,1-5,0-0,0,5,5,3,2,0,0,1,7,-8
20260620_SEA_PHX,"Saturday, June 20, 2026",regular_season,Seattle Storm,Phoenix Mercury,Mackenzie Holmes,F,4,0-0,0-0,0-0,0,1,1,0,1,0,0,1,0,+4
20260620_SEA_PHX,"Saturday, June 20, 2026",regular_season,Seattle Storm,Phoenix Mercury,Taylor Thierry,F,7,0-2,0-1,0-0,1,1,2,0,1,0,1,0,0,+1
20260620_SEA_PHX,"Saturday, June 20, 2026",regular_season,Seattle Storm,Phoenix Mercury,Stefanie Dolson,C,21,2-3,1-2,1-2,1,2,3,2,0,0,0,2,6,-7
20260620_SEA_PHX,"Saturday, June 20, 2026",regular_season,Seattle Storm,Phoenix Mercury,Zia Cooke,G,16,2-6,0-3,6-6,0,2,2,2,0,0,1,4,10,0
20260620_SEA_PHX,"Saturday, June 20, 2026",regular_season,Seattle Storm,Phoenix Mercury,Ezi Magbegor,F,,,,,,,,,,,,,,
20260620_SEA_PHX,"Saturday, June 20, 2026",regular_season,Seattle Storm,Phoenix Mercury,Jordan Horston,F,,,,,,,,,,,,,,
20260620_SEA_PHX,"Saturday, June 20, 2026",regular_season,Phoenix Mercury,Seattle Storm,Alyssa Thomas,F,28,4-6,0-0,0-0,0,3,3,9,1,1,5,1,8,+21
20260620_SEA_PHX,"Saturday, June 20, 2026",regular_season,Phoenix Mercury,Seattle Storm,Natasha Mack,F,23,4-10,0-0,2-4,4,6,10,2,0,1,2,2,10,+19
20260620_SEA_PHX,"Saturday, June 20, 2026",regular_season,Phoenix Mercury,Seattle Storm,Noemie Brochant,F,32,6-7,4-5,0-0,0,2,2,10,1,0,1,4,16,+8
20260620_SEA_PHX,"Saturday, June 20, 2026",regular_season,Phoenix Mercury,Seattle Storm,Kahleah Copper,G,27,4-10,2-8,7-9,0,7,7,2,1,1,1,1,17,+12
20260620_SEA_PHX,"Saturday, June 20, 2026",regular_season,Phoenix Mercury,Seattle Storm,Lexi Held,G,30,5-12,1-6,0-0,0,0,0,2,0,1,2,1,11,+13
20260620_SEA_PHX,"Saturday, June 20, 2026",regular_season,Phoenix Mercury,Seattle Storm,DeWanna Bonner,F,23,3-5,1-3,3-3,1,3,4,1,0,1,0,0,10,+18
20260620_SEA_PHX,"Saturday, June 20, 2026",regular_season,Phoenix Mercury,Seattle Storm,Valeriane Ayayi,F,22,4-7,2-4,8-8,1,9,10,0,0,1,2,2,18,+22
20260620_SEA_PHX,"Saturday, June 20, 2026",regular_season,Phoenix Mercury,Seattle Storm,Kyara Linskens,C,13,1-5,0-2,1-2,1,1,2,0,0,2,1,1,3,-9
20260620_SEA_PHX,"Saturday, June 20, 2026",regular_season,Phoenix Mercury,Seattle Storm,Quionche Carter,G,4,0-1,0-1,0-0,0,1,1,0,1,0,0,1,0,-4
20260620_SEA_PHX,"Saturday, June 20, 2026",regular_season,Phoenix Mercury,Seattle Storm,Sami Whitcomb,G,,,,,,,,,,,,,,
20260620_SEA_PHX,"Saturday, June 20, 2026",regular_season,Phoenix Mercury,Seattle Storm,Monique Akoa Makani,G,,,,,,,,,,,,,,
20260621_CHI_DAL,"Sunday, June 21, 2026",regular_season,Chicago Sky,Dallas Wings,Azura Stevens,F,28,3-11,1-3,1-2,4,7,11,4,2,0,1,3,8,-8
20260621_CHI_DAL,"Sunday, June 21, 2026",regular_season,Chicago Sky,Dallas Wings,Kamilla Cardoso,C,29,10-13,0-0,6-10,4,5,9,3,0,2,4,6,26,+2
20260621_CHI_DAL,"Sunday, June 21, 2026",regular_season,Chicago Sky,Dallas Wings,Skylar Diggins,G,32,4-10,1-3,5-6,0,1,1,6,3,0,3,3,14,-3
20260621_CHI_DAL,"Sunday, June 21, 2026",regular_season,Chicago Sky,Dallas Wings,Sydney Taylor,G,25,6-13,2-8,4-4,1,1,2,0,1,0,3,6,18,+9
20260621_CHI_DAL,"Sunday, June 21, 2026",regular_season,Chicago Sky,Dallas Wings,Gabriela Jaquez,G,25,3-7,0-1,0-1,2,5,7,1,2,0,1,1,6,+1
20260621_CHI_DAL,"Sunday, June 21, 2026",regular_season,Chicago Sky,Dallas Wings,Maddy Westbeld,F,10,0-1,0-1,0-0,1,0,1,1,0,0,1,2,0,+3
20260621_CHI_DAL,"Sunday, June 21, 2026",regular_season,Chicago Sky,Dallas Wings,Elizabeth Williams,C,11,2-2,0-0,0-2,0,4,4,1,0,1,0,1,4,-3
20260621_CHI_DAL,"Sunday, June 21, 2026",regular_season,Chicago Sky,Dallas Wings,Natasha Cloud,G,25,3-10,2-6,2-2,0,6,6,6,1,0,1,1,10,-2
20260621_CHI_DAL,"Sunday, June 21, 2026",regular_season,Chicago Sky,Dallas Wings,Jacy Sheldon,G,15,2-3,1-1,1-2,1,1,2,0,0,0,1,1,6,-4
20260621_CHI_DAL,"Sunday, June 21, 2026",regular_season,Chicago Sky,Dallas Wings,Rachel Banham,G,,,,,,,,,,,,,,
20260621_CHI_DAL,"Sunday, June 21, 2026",regular_season,Chicago Sky,Dallas Wings,Saylor Poffenbarger,G,,,,,,,,,,,,,,
20260621_CHI_DAL,"Sunday, June 21, 2026",regular_season,Dallas Wings,Chicago Sky,Jessica Shepard,F,34,7-14,0-1,7-8,2,6,8,3,1,0,4,1,21,-8
20260621_CHI_DAL,"Sunday, June 21, 2026",regular_season,Dallas Wings,Chicago Sky,Awak Kuier,F,14,1-4,1-3,0-0,0,0,0,0,0,1,1,6,3,+3
20260621_CHI_DAL,"Sunday, June 21, 2026",regular_season,Dallas Wings,Chicago Sky,Arike Ogunbowale,G,32,4-11,3-5,1-2,1,2,3,1,1,0,1,2,12,+3
20260621_CHI_DAL,"Sunday, June 21, 2026",regular_season,Dallas Wings,Chicago Sky,Paige Bueckers,G,36,7-16,1-5,4-4,1,6,7,8,2,1,2,1,19,-5
20260621_CHI_DAL,"Sunday, June 21, 2026",regular_season,Dallas Wings,Chicago Sky,Azzi Fudd,G,34,5-13,2-6,1-1,1,4,5,2,1,4,2,3,13,+5
20260621_CHI_DAL,"Sunday, June 21, 2026",regular_season,Dallas Wings,Chicago Sky,Alanna Smith,F,5,1-1,1-1,0-0,0,0,0,0,2,0,1,2,3,-1
20260621_CHI_DAL,"Sunday, June 21, 2026",regular_season,Dallas Wings,Chicago Sky,Maddy Siegrist,F,12,3-6,2-3,1-2,1,2,3,0,0,0,0,3,9,+13
20260621_CHI_DAL,"Sunday, June 21, 2026",regular_season,Dallas Wings,Chicago Sky,Li Yueru,C,15,1-2,0-1,3-4,2,4,6,1,0,0,1,4,5,-5
20260621_CHI_DAL,"Sunday, June 21, 2026",regular_season,Dallas Wings,Chicago Sky,Sug Sutton,G,13,2-3,0-0,0-0,0,0,0,1,0,1,0,1,4,-5
20260621_CHI_DAL,"Sunday, June 21, 2026",regular_season,Dallas Wings,Chicago Sky,Aziaha James,G,6,2-3,0-0,0-0,1,2,3,1,0,0,1,0,4,+5
20260621_CHI_DAL,"Sunday, June 21, 2026",regular_season,Dallas Wings,Chicago Sky,Costanza Verona,G,,,,,,,,,,,,,,
20260621_GS_LV,"Sunday, June 21, 2026",regular_season,Golden State Valkyries,Las Vegas Aces,Kayla Thornton,F,19,1-4,0-2,0-0,3,2,5,0,0,0,1,4,2,-10
20260621_GS_LV,"Sunday, June 21, 2026",regular_season,Golden State Valkyries,Las Vegas Aces,Gabby Williams,F,21,4-11,0-4,2-4,0,1,1,0,2,0,1,0,10,-23
20260621_GS_LV,"Sunday, June 21, 2026",regular_season,Golden State Valkyries,Las Vegas Aces,Cecilia Zandalasini,F,21,6-9,0-2,0-0,0,3,3,0,0,0,0,2,12,-4
20260621_GS_LV,"Sunday, June 21, 2026",regular_season,Golden State Valkyries,Las Vegas Aces,Kiah Stokes,C,21,1-4,0-1,0-1,2,1,3,3,2,0,0,0,2,-21
20260621_GS_LV,"Sunday, June 21, 2026",regular_season,Golden State Valkyries,Las Vegas Aces,Veronica Burton,G,16,1-5,0-3,0-0,3,0,3,1,1,0,1,0,2,-15
20260621_GS_LV,"Sunday, June 21, 2026",regular_season,Golden State Valkyries,Las Vegas Aces,Laeticia Amihere,F,12,3-5,2-2,2-2,1,2,3,0,1,1,0,1,10,+6
20260621_GS_LV,"Sunday, June 21, 2026",regular_season,Golden State Valkyries,Las Vegas Aces,Janelle Salaun,F,18,1-4,1-4,2-2,0,3,3,1,0,0,3,4,5,-16
20260621_GS_LV,"Sunday, June 21, 2026",regular_season,Golden State Valkyries,Las Vegas Aces,Nadia Fingall,C,4,1-1,0-0,0-0,1,0,1,0,0,0,0,0,2,+4
20260621_GS_LV,"Sunday, June 21, 2026",regular_season,Golden State Valkyries,Las Vegas Aces,Tiffany Hayes,G,19,3-8,0-3,1-2,0,1,1,1,0,0,1,1,7,-19
20260621_GS_LV,"Sunday, June 21, 2026",regular_season,Golden State Valkyries,Las Vegas Aces,Kaila Charles,G,19,2-4,1-2,2-2,0,4,4,1,1,0,1,2,7,+4
20260621_GS_LV,"Sunday, June 21, 2026",regular_season,Golden State Valkyries,Las Vegas Aces,Kaitlyn Chen,G,24,4-8,1-5,2-3,1,1,2,2,0,0,2,1,11,-4
20260621_GS_LV,"Sunday, June 21, 2026",regular_season,Golden State Valkyries,Las Vegas Aces,Juste Jocyte,G,6,1-4,0-2,1-2,0,2,2,1,0,0,0,0,3,+3
20260621_GS_LV,"Sunday, June 21, 2026",regular_season,Las Vegas Aces,Golden State Valkyries,Stephanie Talbot,F,21,2-5,0-2,0-0,0,0,0,0,0,0,1,2,4,-12
20260621_GS_LV,"Sunday, June 21, 2026",regular_season,Las Vegas Aces,Golden State Valkyries,NaLyssa Smith,F,27,6-7,0-0,2-2,2,1,3,1,0,1,2,4,14,+4
20260621_GS_LV,"Sunday, June 21, 2026",regular_season,Las Vegas Aces,Golden State Valkyries,A'ja Wilson,C,31,7-13,0-2,5-5,0,9,9,3,1,2,3,0,19,+27
20260621_GS_LV,"Sunday, June 21, 2026",regular_season,Las Vegas Aces,Golden State Valkyries,Chelsea Gray,G,32,5-7,3-4,2-3,0,2,2,9,1,0,3,4,15,+12
20260621_GS_LV,"Sunday, June 21, 2026",regular_season,Las Vegas Aces,Golden State Valkyries,Jackie Young,G,32,9-12,3-6,0-0,0,3,3,5,0,0,0,3,21,+24
20260621_GS_LV,"Sunday, June 21, 2026",regular_season,Las Vegas Aces,Golden State Valkyries,Cheyenne Parker-Tyus,F,4,0-0,0-0,0-0,0,2,2,0,0,0,0,0,0,-4
20260621_GS_LV,"Sunday, June 21, 2026",regular_season,Las Vegas Aces,Golden State Valkyries,Brianna Turner,F,17,0-0,0-0,0-0,0,3,3,1,1,0,0,1,0,+17
20260621_GS_LV,"Sunday, June 21, 2026",regular_season,Las Vegas Aces,Golden State Valkyries,Kierstan Bell,F,14,2-7,1-5,0-0,0,0,0,1,1,0,0,1,5,0
20260621_GS_LV,"Sunday, June 21, 2026",regular_season,Las Vegas Aces,Golden State Valkyries,Jewell Loyd,G,23,5-7,4-5,0-0,0,3,3,1,1,0,2,3,14,+27
20260621_WSH_MIN,"Sunday, June 21, 2026",regular_season,Washington Mystics,Minnesota Lynx,Michaela Onyenwere,F,23,1-5,0-1,3-5,2,1,3,1,0,0,1,2,5,-3
20260621_WSH_MIN,"Sunday, June 21, 2026",regular_season,Washington Mystics,Minnesota Lynx,Kiki Iriafen,F,25,6-11,0-0,5-7,3,4,7,0,1,0,2,5,17,-1
20260621_WSH_MIN,"Sunday, June 21, 2026",regular_season,Washington Mystics,Minnesota Lynx,Shakira Austin,C,22,2-8,0-1,3-4,1,7,8,2,3,1,2,1,7,-6
20260621_WSH_MIN,"Sunday, June 21, 2026",regular_season,Washington Mystics,Minnesota Lynx,Sonia Citron,G,33,6-13,2-7,7-8,1,2,3,2,1,1,1,3,21,+4
20260621_WSH_MIN,"Sunday, June 21, 2026",regular_season,Washington Mystics,Minnesota Lynx,Georgia Amoore,G,32,3-7,0-3,2-3,0,2,2,7,0,0,4,1,8,+8
20260621_WSH_MIN,"Sunday, June 21, 2026",regular_season,Washington Mystics,Minnesota Lynx,Angela Dugalic,F,15,3-5,0-2,0-0,1,4,5,1,0,0,2,0,6,+6
20260621_WSH_MIN,"Sunday, June 21, 2026",regular_season,Washington Mystics,Minnesota Lynx,Lauren Betts,C,18,1-2,0-0,0-0,0,2,2,0,2,0,1,1,2,+11
20260621_WSH_MIN,"Sunday, June 21, 2026",regular_season,Washington Mystics,Minnesota Lynx,Lucy Olsen,G,6,1-1,1-1,0-0,0,0,0,2,0,0,2,1,3,-4
20260621_WSH_MIN,"Sunday, June 21, 2026",regular_season,Washington Mystics,Minnesota Lynx,Cotie McMahon,G,26,5-9,4-4,1-2,0,3,3,5,0,1,1,2,15,+10
20260621_WSH_MIN,"Sunday, June 21, 2026",regular_season,Washington Mystics,Minnesota Lynx,Rori Harmon,G,,,,,,,,,,,,,,
20260621_WSH_MIN,"Sunday, June 21, 2026",regular_season,Washington Mystics,Minnesota Lynx,Cassandre Prosper,G,,,,,,,,,,,,,,
20260621_WSH_MIN,"Sunday, June 21, 2026",regular_season,Washington Mystics,Minnesota Lynx,Alicia Florez,G,,,,,,,,,,,,,,
20260621_WSH_MIN,"Sunday, June 21, 2026",regular_season,Minnesota Lynx,Washington Mystics,Natasha Howard,F,36,9-15,0-1,2-2,3,3,6,2,5,0,5,5,20,-5
20260621_WSH_MIN,"Sunday, June 21, 2026",regular_season,Minnesota Lynx,Washington Mystics,Nia Coffey,F,31,2-6,1-5,0-0,1,7,8,2,2,4,0,4,5,-7
20260621_WSH_MIN,"Sunday, June 21, 2026",regular_season,Minnesota Lynx,Washington Mystics,Kayla McBride,G,36,3-11,1-6,5-5,0,2,2,4,0,0,2,5,12,-3
20260621_WSH_MIN,"Sunday, June 21, 2026",regular_season,Minnesota Lynx,Washington Mystics,Courtney Williams,G,32,5-15,1-3,2-2,2,2,4,3,2,0,1,2,13,-2
20260621_WSH_MIN,"Sunday, June 21, 2026",regular_season,Minnesota Lynx,Washington Mystics,Olivia Miles,G,32,9-18,1-4,3-3,1,4,5,6,0,2,4,5,22,-10
20260621_WSH_MIN,"Sunday, June 21, 2026",regular_season,Minnesota Lynx,Washington Mystics,Antonia Delaere,F,8,0-1,0-1,0-0,0,0,0,0,0,0,0,1,0,+1
20260621_WSH_MIN,"Sunday, June 21, 2026",regular_season,Minnesota Lynx,Washington Mystics,Anastasiia Olairi Kosu,F,8,0-0,0-0,1-2,0,0,0,0,0,0,0,0,1,+1
20260621_WSH_MIN,"Sunday, June 21, 2026",regular_season,Minnesota Lynx,Washington Mystics,Teaira McCowan,C,5,1-1,0-0,0-0,0,2,2,0,0,1,0,1,2,+1
20260621_WSH_MIN,"Sunday, June 21, 2026",regular_season,Minnesota Lynx,Washington Mystics,Maya Caldwell,G,13,2-4,0-1,0-0,0,0,0,1,2,0,0,2,4,-1
20260621_WSH_MIN,"Sunday, June 21, 2026",regular_season,Minnesota Lynx,Washington Mystics,Napheesa Collier,F,,,,,,,,,,,,,,
20260621_WSH_MIN,"Sunday, June 21, 2026",regular_season,Minnesota Lynx,Washington Mystics,Dorka Juhasz,F,,,,,,,,,,,,,,
20260621_WSH_MIN,"Sunday, June 21, 2026",regular_season,Minnesota Lynx,Washington Mystics,Emma Cechova,F,,,,,,,,,,,,,,
20260622_NY_LA,"Monday, June 22, 2026",regular_season,New York Liberty,Los Angeles Sparks,Breanna Stewart,F,34,8-17,0-4,2-4,1,9,10,4,2,0,2,5,18,-3
20260622_NY_LA,"Monday, June 22, 2026",regular_season,New York Liberty,Los Angeles Sparks,Satou Sabally,F,27,5-12,3-8,1-2,1,4,5,7,0,0,3,3,14,+8
20260622_NY_LA,"Monday, June 22, 2026",regular_season,New York Liberty,Los Angeles Sparks,Leonie Fiebich,F,26,4-8,3-6,2-2,0,2,2,1,1,0,4,2,13,+3
20260622_NY_LA,"Monday, June 22, 2026",regular_season,New York Liberty,Los Angeles Sparks,Jonquel Jones,C,33,6-9,4-7,2-2,3,5,8,3,2,1,0,3,18,0
20260622_NY_LA,"Monday, June 22, 2026",regular_season,New York Liberty,Los Angeles Sparks,Sabrina Ionescu,G,22,1-3,0-1,0-0,2,1,3,2,0,0,2,1,2,-7
20260622_NY_LA,"Monday, June 22, 2026",regular_season,New York Liberty,Los Angeles Sparks,Raquel Carrera,F,1,0-0,0-0,0-0,0,0,0,0,0,0,0,0,0,-4
20260622_NY_LA,"Monday, June 22, 2026",regular_season,New York Liberty,Los Angeles Sparks,Han Xu,C,6,0-1,0-0,0-0,0,2,2,0,1,0,1,0,0,+5
20260622_NY_LA,"Monday, June 22, 2026",regular_season,New York Liberty,Los Angeles Sparks,Rebekah Gardner,G,7,1-3,0-1,0-0,1,1,2,0,0,1,0,1,2,-6
20260622_NY_LA,"Monday, June 22, 2026",regular_season,New York Liberty,Los Angeles Sparks,Rebecca Allen,G,6,1-1,1-1,0-0,0,0,0,0,0,0,0,2,3,-5
20260622_NY_LA,"Monday, June 22, 2026",regular_season,New York Liberty,Los Angeles Sparks,Marine Johannes,G,17,4-10,2-7,0-0,1,1,2,1,0,0,1,2,10,+1
20260622_NY_LA,"Monday, June 22, 2026",regular_season,New York Liberty,Los Angeles Sparks,Pauline Astier,G,21,4-5,0-1,9-9,0,4,4,5,1,1,3,2,17,+3
20260622_NY_LA,"Monday, June 22, 2026",regular_season,New York Liberty,Los Angeles Sparks,Betnijah Laney-Hamilton,G,,,,,,,,,,,,,,
20260622_NY_LA,"Monday, June 22, 2026",regular_season,Los Angeles Sparks,New York Liberty,Nneka Ogwumike,F,35,11-18,2-4,0-0,2,4,6,3,3,0,1,2,24,-2
20260622_NY_LA,"Monday, June 22, 2026",regular_season,Los Angeles Sparks,New York Liberty,Dearica Hamby,F,31,6-12,0-2,0-2,2,6,8,3,1,0,2,5,12,-2
20260622_NY_LA,"Monday, June 22, 2026",regular_season,Los Angeles Sparks,New York Liberty,Erica Wheeler,G,26,6-11,2-5,1-1,1,1,2,5,1,0,1,3,15,+4
20260622_NY_LA,"Monday, June 22, 2026",regular_season,Los Angeles Sparks,New York Liberty,Kelsey Plum,G,36,5-14,1-7,1-1,0,3,3,7,0,0,1,4,12,+4
20260622_NY_LA,"Monday, June 22, 2026",regular_season,Los Angeles Sparks,New York Liberty,Ariel Atkins,G,26,4-8,2-4,0-0,0,2,2,4,0,2,1,1,10,+7
20260622_NY_LA,"Monday, June 22, 2026",regular_season,Los Angeles Sparks,New York Liberty,Jihyun Park,F,3,0-0,0-0,0-0,1,0,1,0,0,0,0,0,0,+6
20260622_NY_LA,"Monday, June 22, 2026",regular_season,Los Angeles Sparks,New York Liberty,Laura Ziegler,F,10,2-2,0-0,0-1,0,1,1,1,0,0,0,1,4,+1
20260622_NY_LA,"Monday, June 22, 2026",regular_season,Los Angeles Sparks,New York Liberty,Kiana Williams,G,7,1-2,0-1,0-0,0,0,0,1,0,0,0,2,2,-6
20260622_NY_LA,"Monday, June 22, 2026",regular_season,Los Angeles Sparks,New York Liberty,Rae Burrell,G,26,5-10,2-4,7-7,1,2,3,4,0,0,3,2,19,-7
20260622_NY_LA,"Monday, June 22, 2026",regular_season,Los Angeles Sparks,New York Liberty,Emma Cannon,F,,,,,,,,,,,,,,
20260622_NY_LA,"Monday, June 22, 2026",regular_season,Los Angeles Sparks,New York Liberty,Ta'Niya Latson,G,,,,,,,,,,,,,,
20260622_NY_LA,"Monday, June 22, 2026",regular_season,Los Angeles Sparks,New York Liberty,Chance Gray,G,,,,,,,,,,,,,,
20260622_CHI_CON,"Monday, June 22, 2026",regular_season,Chicago Sky,Connecticut Sun,Azura Stevens,F,26,3-12,1-5,4-5,1,2,3,1,0,0,1,3,11,-18
20260622_CHI_CON,"Monday, June 22, 2026",regular_season,Chicago Sky,Connecticut Sun,Kamilla Cardoso,C,23,6-12,0-0,4-5,5,9,14,0,2,2,2,4,16,-11
20260622_CHI_CON,"Monday, June 22, 2026",regular_season,Chicago Sky,Connecticut Sun,Skylar Diggins,G,20,0-7,0-2,3-3,0,1,1,4,2,0,0,3,3,-7
20260622_CHI_CON,"Monday, June 22, 2026",regular_season,Chicago Sky,Connecticut Sun,Sydney Taylor,G,22,2-12,1-8,5-6,1,0,1,2,0,0,2,1,10,-18
20260622_CHI_CON,"Monday, June 22, 2026",regular_season,Chicago Sky,Connecticut Sun,Gabriela Jaquez,G,21,2-8,0-3,1-1,3,1,4,0,0,0,3,1,5,-19
20260622_CHI_CON,"Monday, June 22, 2026",regular_season,Chicago Sky,Connecticut Sun,Maddy Westbeld,F,11,1-4,1-3,0-0,0,1,1,0,0,0,0,4,3,-13
20260622_CHI_CON,"Monday, June 22, 2026",regular_season,Chicago Sky,Connecticut Sun,Elizabeth Williams,C,15,0-3,0-0,2-6,1,2,3,2,1,0,0,1,2,-18
20260622_CHI_CON,"Monday, June 22, 2026",regular_season,Chicago Sky,Connecticut Sun,Natasha Cloud,G,21,1-6,0-4,2-2,0,1,1,0,0,0,2,0,4,-27
20260622_CHI_CON,"Monday, June 22, 2026",regular_season,Chicago Sky,Connecticut Sun,Rachel Banham,G,16,1-2,1-2,0-0,0,0,0,1,0,0,1,1,3,-5
20260622_CHI_CON,"Monday, June 22, 2026",regular_season,Chicago Sky,Connecticut Sun,Jacy Sheldon,G,20,1-6,0-2,4-4,0,0,0,0,1,0,2,2,6,-11
20260622_CHI_CON,"Monday, June 22, 2026",regular_season,Chicago Sky,Connecticut Sun,Saylor Poffenbarger,G,5,0-1,0-1,0-0,0,0,0,0,0,0,0,1,0,+2
20260622_CHI_CON,"Monday, June 22, 2026",regular_season,Chicago Sky,Connecticut Sun,Rickea Jackson,F,,,,,,,,,,,,,,
20260622_CHI_CON,"Monday, June 22, 2026",regular_season,Chicago Sky,Connecticut Sun,Courtney Vandersloot,G,,,,,,,,,,,,,,
20260622_CHI_CON,"Monday, June 22, 2026",regular_season,Chicago Sky,Connecticut Sun,DiJonai Carrington,G,,,,,,,,,,,,,,
20260622_CHI_CON,"Monday, June 22, 2026",regular_season,Chicago Sky,Connecticut Sun,Aicha Coulibaly,G,,,,,,,,,,,,,,
20260622_CHI_CON,"Monday, June 22, 2026",regular_season,Connecticut Sun,Chicago Sky,Diamond Miller,F,24,4-7,1-3,0-1,0,1,1,4,0,1,1,4,9,+19
20260622_CHI_CON,"Monday, June 22, 2026",regular_season,Connecticut Sun,Chicago Sky,Brittney Griner,C,22,6-10,0-0,2-3,2,6,8,3,0,4,3,3,14,+18
20260622_CHI_CON,"Monday, June 22, 2026",regular_season,Connecticut Sun,Chicago Sky,Olivia Nelson-Ododa,C,27,4-8,0-0,3-4,3,12,15,3,2,2,2,3,11,+24
20260622_CHI_CON,"Monday, June 22, 2026",regular_season,Connecticut Sun,Chicago Sky,Charlisse Leger-Walker,G,29,4-11,1-4,4-4,0,7,7,5,1,0,3,3,13,+19
20260622_CHI_CON,"Monday, June 22, 2026",regular_season,Connecticut Sun,Chicago Sky,Leila Lacan,G,20,5-6,0-1,2-3,0,1,1,2,3,0,1,4,12,+10
20260622_CHI_CON,"Monday, June 22, 2026",regular_season,Connecticut Sun,Chicago Sky,Aaliyah Edwards,F,14,4-8,1-1,2-2,3,2,5,0,1,1,0,2,11,+14
20260622_CHI_CON,"Monday, June 22, 2026",regular_season,Connecticut Sun,Chicago Sky,Aneesah Morrow,F,9,0-3,0-0,1-1,0,2,2,0,1,0,1,0,1,+2
20260622_CHI_CON,"Monday, June 22, 2026",regular_season,Connecticut Sun,Chicago Sky,Raegan Beers,F,5,2-2,0-0,0-0,1,0,1,0,0,0,2,2,4,-2
20260622_CHI_CON,"Monday, June 22, 2026",regular_season,Connecticut Sun,Chicago Sky,Nell Angloma,F,8,0-0,0-0,1-2,0,1,1,1,0,0,1,4,1,-2
20260622_CHI_CON,"Monday, June 22, 2026",regular_season,Connecticut Sun,Chicago Sky,Kennedy Burke,G,24,3-7,1-3,1-2,0,4,4,3,2,0,1,1,8,+28
20260622_CHI_CON,"Monday, June 22, 2026",regular_season,Connecticut Sun,Chicago Sky,Saniya Rivers,G,13,0-2,0-0,4-4,1,2,3,0,0,1,1,2,4,+17
20260622_CHI_CON,"Monday, June 22, 2026",regular_season,Connecticut Sun,Chicago Sky,Gianna Kneepkens,G,5,2-3,0-1,0-0,0,1,1,0,0,0,0,1,4,-2
20260622_CHI_CON,"Monday, June 22, 2026",regular_season,Connecticut Sun,Chicago Sky,Hailey Van Lith,G,,,,,,,,,,,,,,
20260622_CHI_CON,"Monday, June 22, 2026",regular_season,Connecticut Sun,Chicago Sky,Ashlon Jackson,G,,,,,,,,,,,,,,
20260622_TOR_ATL,"Monday, June 22, 2026",regular_season,Toronto Tempo,Atlanta Dream,Isabelle Harrison,F,32,7-16,1-4,6-7,1,9,10,2,1,1,1,1,21,-10
20260622_TOR_ATL,"Monday, June 22, 2026",regular_season,Toronto Tempo,Atlanta Dream,Maria Conde,F,29,3-6,2-3,0-0,1,3,4,2,0,0,3,1,8,-20
20260622_TOR_ATL,"Monday, June 22, 2026",regular_season,Toronto Tempo,Atlanta Dream,Nyara Sabally,F,18,3-7,0-3,3-3,0,4,4,2,1,4,1,3,9,-12
20260622_TOR_ATL,"Monday, June 22, 2026",regular_season,Toronto Tempo,Atlanta Dream,Marina Mabrey,G,31,8-17,3-8,4-5,1,3,4,4,1,0,3,4,23,-16
20260622_TOR_ATL,"Monday, June 22, 2026",regular_season,Toronto Tempo,Atlanta Dream,Julie Allemand,G,28,1-3,1-2,1-2,0,2,2,3,2,1,2,3,4,-14
20260622_TOR_ATL,"Monday, June 22, 2026",regular_season,Toronto Tempo,Atlanta Dream,Teonni Key,F,2,0-0,0-0,0-0,1,0,1,1,0,0,0,1,0,+6
20260622_TOR_ATL,"Monday, June 22, 2026",regular_season,Toronto Tempo,Atlanta Dream,Laura Juskaite,F,22,1-3,0-2,6-8,0,2,2,2,1,0,2,4,8,+9
20260622_TOR_ATL,"Monday, June 22, 2026",regular_season,Toronto Tempo,Atlanta Dream,Temi Fagbenle,C,14,4-6,1-3,1-2,0,2,2,1,1,0,3,6,10,-7
20260622_TOR_ATL,"Monday, June 22, 2026",regular_season,Toronto Tempo,Atlanta Dream,Kia Nurse,G,15,1-4,1-3,1-1,0,1,1,4,1,0,1,0,4,+22
20260622_TOR_ATL,"Monday, June 22, 2026",regular_season,Toronto Tempo,Atlanta Dream,Tima Pouye,G,8,0-0,0-0,0-0,1,0,1,1,0,0,1,0,0,+7
20260622_TOR_ATL,"Monday, June 22, 2026",regular_season,Toronto Tempo,Atlanta Dream,Brittney Sykes,G,,,,,,,,,,,,,,
20260622_TOR_ATL,"Monday, June 22, 2026",regular_season,Toronto Tempo,Atlanta Dream,Kiki Rice,G,,,,,,,,,,,,,,
20260622_TOR_ATL,"Monday, June 22, 2026",regular_season,Atlanta Dream,Toronto Tempo,Naz Hillmon,F,23,3-4,0-1,0-0,0,3,3,1,0,0,1,1,6,+15
20260622_TOR_ATL,"Monday, June 22, 2026",regular_season,Atlanta Dream,Toronto Tempo,Angel Reese,F,29,4-13,0-2,3-4,3,6,9,2,0,1,4,5,11,+10
20260622_TOR_ATL,"Monday, June 22, 2026",regular_season,Atlanta Dream,Toronto Tempo,Allisha Gray,G,33,5-15,1-6,7-8,0,1,1,3,5,0,2,2,18,+23
20260622_TOR_ATL,"Monday, June 22, 2026",regular_season,Atlanta Dream,Toronto Tempo,Jordin Canada,G,29,4-8,1-4,2-2,0,2,2,13,2,0,2,1,11,+24
20260622_TOR_ATL,"Monday, June 22, 2026",regular_season,Atlanta Dream,Toronto Tempo,Rhyne Howard,G,32,7-17,5-11,1-2,3,4,7,1,0,0,1,6,20,+5
20260622_TOR_ATL,"Monday, June 22, 2026",regular_season,Atlanta Dream,Toronto Tempo,Sika Kone,F,1,0-0,0-0,0-0,0,0,0,0,0,0,0,2,0,0
20260622_TOR_ATL,"Monday, June 22, 2026",regular_season,Atlanta Dream,Toronto Tempo,Madina Okot,C,18,7-9,0-0,4-5,2,5,7,0,0,0,0,3,18,+1
20260622_TOR_ATL,"Monday, June 22, 2026",regular_season,Atlanta Dream,Toronto Tempo,Te-Hina Paopao,G,14,1-2,0-1,0-0,1,0,1,1,0,0,0,2,2,-19
20260622_TOR_ATL,"Monday, June 22, 2026",regular_season,Atlanta Dream,Toronto Tempo,Indya Nivar,G,1,0-0,0-0,0-0,0,0,0,0,0,0,1,1,0,-5
20260622_TOR_ATL,"Monday, June 22, 2026",regular_season,Atlanta Dream,Toronto Tempo,Isobel Borlase,G,20,3-10,2-4,0-0,0,2,2,2,1,0,0,3,8,-19
20260622_TOR_ATL,"Monday, June 22, 2026",regular_season,Atlanta Dream,Toronto Tempo,Brionna Jones,F,,,,,,,,,,,,,,
20260622_TOR_ATL,"Monday, June 22, 2026",regular_season,Atlanta Dream,Toronto Tempo,Amy Okonkwo,F,,,,,,,,,,,,,,
20260622_TOR_ATL,"Monday, June 22, 2026",regular_season,Atlanta Dream,Toronto Tempo,Aaliyah Nye,G,,,,,,,,,,,,,,
20260623_PHX_IND,"Tuesday, June 23, 2026",regular_season,Phoenix Mercury,Indiana Fever,Alyssa Thomas,F,34,8-12,0-0,3-5,0,5,5,9,1,1,3,2,19,-13
20260623_PHX_IND,"Tuesday, June 23, 2026",regular_season,Phoenix Mercury,Indiana Fever,Natasha Mack,F,21,2-7,0-0,0-0,5,2,7,1,0,0,3,3,4,-8
20260623_PHX_IND,"Tuesday, June 23, 2026",regular_season,Phoenix Mercury,Indiana Fever,Noemie Brochant,F,26,3-9,1-5,0-0,1,1,2,3,1,0,0,2,7,+5
20260623_PHX_IND,"Tuesday, June 23, 2026",regular_season,Phoenix Mercury,Indiana Fever,Kahleah Copper,G,31,6-14,2-7,6-8,0,3,3,0,0,0,1,6,20,-9
20260623_PHX_IND,"Tuesday, June 23, 2026",regular_season,Phoenix Mercury,Indiana Fever,Lexi Held,G,22,2-7,0-3,0-0,1,1,2,3,1,0,1,4,4,-1
20260623_PHX_IND,"Tuesday, June 23, 2026",regular_season,Phoenix Mercury,Indiana Fever,DeWanna Bonner,F,27,3-8,1-3,0-1,0,3,3,0,0,1,0,1,7,-15
20260623_PHX_IND,"Tuesday, June 23, 2026",regular_season,Phoenix Mercury,Indiana Fever,Valeriane Ayayi,F,20,1-5,0-4,7-7,0,3,3,3,2,0,2,3,9,-6
20260623_PHX_IND,"Tuesday, June 23, 2026",regular_season,Phoenix Mercury,Indiana Fever,Kyara Linskens,C,14,2-5,0-2,0-0,1,3,4,0,0,0,2,3,4,-10
20260623_PHX_IND,"Tuesday, June 23, 2026",regular_season,Phoenix Mercury,Indiana Fever,Shay Ciezki,G,2,1-1,1-1,0-0,0,0,0,0,0,0,0,1,3,+6
20260623_PHX_IND,"Tuesday, June 23, 2026",regular_season,Phoenix Mercury,Indiana Fever,Quionche Carter,G,2,0-0,0-0,0-0,0,0,0,0,0,0,0,0,0,+6
20260623_PHX_IND,"Tuesday, June 23, 2026",regular_season,Phoenix Mercury,Indiana Fever,Sami Whitcomb,G,,,,,,,,,,,,,,
20260623_PHX_IND,"Tuesday, June 23, 2026",regular_season,Phoenix Mercury,Indiana Fever,Monique Akoa Makani,G,,,,,,,,,,,,,,
20260623_PHX_IND,"Tuesday, June 23, 2026",regular_season,Indiana Fever,Phoenix Mercury,Monique Billings,F,28,4-4,0-0,6-9,6,4,10,1,1,1,3,3,14,+15
20260623_PHX_IND,"Tuesday, June 23, 2026",regular_season,Indiana Fever,Phoenix Mercury,Aliyah Boston,C,29,2-9,1-4,3-4,1,8,9,0,2,1,3,3,8,+10
20260623_PHX_IND,"Tuesday, June 23, 2026",regular_season,Indiana Fever,Phoenix Mercury,Kelsey Mitchell,G,32,8-20,3-10,3-4,0,1,1,1,1,0,1,3,22,+9
20260623_PHX_IND,"Tuesday, June 23, 2026",regular_season,Indiana Fever,Phoenix Mercury,Lexie Hull,G,17,2-2,2-2,2-2,1,1,2,0,0,0,1,2,8,+1
20260623_PHX_IND,"Tuesday, June 23, 2026",regular_season,Indiana Fever,Phoenix Mercury,Caitlin Clark,G,29,8-17,3-10,5-6,0,3,3,9,0,0,3,5,24,+13
20260623_PHX_IND,"Tuesday, June 23, 2026",regular_season,Indiana Fever,Phoenix Mercury,Myisha Hines-Allen,F,14,1-1,1-1,0-0,0,1,1,1,0,0,1,1,3,+4
20260623_PHX_IND,"Tuesday, June 23, 2026",regular_season,Indiana Fever,Phoenix Mercury,Makayla Timpson,F,5,0-0,0-0,1-2,1,1,2,0,1,0,1,0,1,-3
20260623_PHX_IND,"Tuesday, June 23, 2026",regular_season,Indiana Fever,Phoenix Mercury,Grace VanSlooten,F,1,0-0,0-0,0-0,0,0,0,0,0,0,1,2,0,-5
20260623_PHX_IND,"Tuesday, June 23, 2026",regular_season,Indiana Fever,Phoenix Mercury,Sophie Cunningham,G,26,0-5,0-5,2-2,0,6,6,0,0,0,0,0,2,-2
20260623_PHX_IND,"Tuesday, June 23, 2026",regular_season,Indiana Fever,Phoenix Mercury,Raven Johnson,G,18,2-6,0-2,0-0,3,2,5,3,1,0,0,4,4,+3
20260623_PHX_IND,"Tuesday, June 23, 2026",regular_season,Indiana Fever,Phoenix Mercury,Damiris Dantas,C,,,,,,,,,,,,,,
20260623_PHX_IND,"Tuesday, June 23, 2026",regular_season,Indiana Fever,Phoenix Mercury,Tyasha Harris,G,,,,,,,,,,,,,,
20260623_DAL_SEA,"Tuesday, June 23, 2026",regular_season,Dallas Wings,Seattle Storm,Jessica Shepard,F,36,7-13,0-0,0-0,4,5,9,8,1,0,1,2,14,-3
20260623_DAL_SEA,"Tuesday, June 23, 2026",regular_season,Dallas Wings,Seattle Storm,Awak Kuier,F,22,3-8,0-2,0-0,0,4,4,0,0,2,2,1,6,-9
20260623_DAL_SEA,"Tuesday, June 23, 2026",regular_season,Dallas Wings,Seattle Storm,Arike Ogunbowale,G,20,1-5,0-3,2-2,0,2,2,4,0,0,1,1,4,-8
20260623_DAL_SEA,"Tuesday, June 23, 2026",regular_season,Dallas Wings,Seattle Storm,Paige Bueckers,G,38,12-23,3-6,0-0,1,4,5,5,1,0,2,1,27,-6
20260623_DAL_SEA,"Tuesday, June 23, 2026",regular_season,Dallas Wings,Seattle Storm,Azzi Fudd,G,42,11-17,2-5,2-2,0,3,3,2,4,0,1,0,26,+2
20260623_DAL_SEA,"Tuesday, June 23, 2026",regular_season,Dallas Wings,Seattle Storm,Maddy Siegrist,F,13,3-5,1-2,0-0,0,0,0,1,0,0,0,1,7,+6
20260623_DAL_SEA,"Tuesday, June 23, 2026",regular_season,Dallas Wings,Seattle Storm,Li Yueru,C,18,4-6,2-4,0-0,3,0,3,2,0,0,0,2,10,+10
20260623_DAL_SEA,"Tuesday, June 23, 2026",regular_season,Dallas Wings,Seattle Storm,Sug Sutton,G,10,0-1,0-1,0-0,0,2,2,2,1,0,1,2,0,+8
20260623_DAL_SEA,"Tuesday, June 23, 2026",regular_season,Dallas Wings,Seattle Storm,Aziaha James,G,24,7-11,1-1,3-5,1,5,6,6,2,0,0,4,18,+10
20260623_DAL_SEA,"Tuesday, June 23, 2026",regular_season,Dallas Wings,Seattle Storm,Alysha Clark,F,,,,,,,,,,,,,,
20260623_DAL_SEA,"Tuesday, June 23, 2026",regular_season,Dallas Wings,Seattle Storm,Alanna Smith,F,,,,,,,,,,,,,,
20260623_DAL_SEA,"Tuesday, June 23, 2026",regular_season,Dallas Wings,Seattle Storm,Odyssey Sims,G,,,,,,,,,,,,,,
20260623_DAL_SEA,"Tuesday, June 23, 2026",regular_season,Dallas Wings,Seattle Storm,Costanza Verona,G,,,,,,,,,,,,,,
20260623_DAL_SEA,"Tuesday, June 23, 2026",regular_season,Seattle Storm,Dallas Wings,Katie Lou Samuelson,F,21,1-2,1-2,0-0,0,2,2,1,2,0,0,3,3,-7
20260623_DAL_SEA,"Tuesday, June 23, 2026",regular_season,Seattle Storm,Dallas Wings,Dominique Malonga,C,38,14-24,2-5,7-9,2,10,12,1,0,2,4,2,37,+5
20260623_DAL_SEA,"Tuesday, June 23, 2026",regular_season,Seattle Storm,Dallas Wings,Awa Fam,C,39,6-8,4-5,2-2,1,5,6,4,0,3,2,3,18,-1
20260623_DAL_SEA,"Tuesday, June 23, 2026",regular_season,Seattle Storm,Dallas Wings,Natisha Hiedeman,G,37,9-19,2-8,1-1,0,4,4,11,1,0,3,2,21,+2
20260623_DAL_SEA,"Tuesday, June 23, 2026",regular_season,Seattle Storm,Dallas Wings,Flau'jae Johnson,G,40,3-9,2-3,3-3,0,5,5,9,2,1,2,1,11,+11
20260623_DAL_SEA,"Tuesday, June 23, 2026",regular_season,Seattle Storm,Dallas Wings,Stefanie Dolson,C,14,0-0,0-0,0-0,0,1,1,0,0,0,0,1,0,-8
20260623_DAL_SEA,"Tuesday, June 23, 2026",regular_season,Seattle Storm,Dallas Wings,Zia Cooke,G,30,6-12,2-5,4-4,1,1,2,2,0,0,1,0,18,-8
20260623_DAL_SEA,"Tuesday, June 23, 2026",regular_season,Seattle Storm,Dallas Wings,Taina Mair,G,8,0-3,0-1,2-2,1,1,2,1,0,0,1,0,2,-4
20260623_DAL_SEA,"Tuesday, June 23, 2026",regular_season,Seattle Storm,Dallas Wings,Ezi Magbegor,F,,,,,,,,,,,,,,
20260623_DAL_SEA,"Tuesday, June 23, 2026",regular_season,Seattle Storm,Dallas Wings,Jordan Horston,F,,,,,,,,,,,,,,
20260623_DAL_SEA,"Tuesday, June 23, 2026",regular_season,Seattle Storm,Dallas Wings,Mackenzie Holmes,F,,,,,,,,,,,,,,
20260623_DAL_SEA,"Tuesday, June 23, 2026",regular_season,Seattle Storm,Dallas Wings,Taylor Thierry,F,,,,,,,,,,,,,,
20260623_DAL_SEA,"Tuesday, June 23, 2026",regular_season,Seattle Storm,Dallas Wings,Jade Melbourne,G,,,,,,,,,,,,,,
20260624_NY_LV,"Wednesday, June 24, 2026",regular_season,New York Liberty,Las Vegas Aces,Breanna Stewart,F,36,7-16,2-3,4-6,2,4,6,4,0,3,4,0,20,+6
20260624_NY_LV,"Wednesday, June 24, 2026",regular_season,New York Liberty,Las Vegas Aces,Satou Sabally,F,8,0-3,0-3,0-0,0,3,3,1,0,1,0,1,0,+8
20260624_NY_LV,"Wednesday, June 24, 2026",regular_season,New York Liberty,Las Vegas Aces,Leonie Fiebich,F,30,4-7,4-5,0-0,0,1,1,1,2,0,1,0,12,+8
20260624_NY_LV,"Wednesday, June 24, 2026",regular_season,New York Liberty,Las Vegas Aces,Jonquel Jones,C,28,5-8,1-4,3-3,1,4,5,3,0,0,0,4,14,+7
20260624_NY_LV,"Wednesday, June 24, 2026",regular_season,New York Liberty,Las Vegas Aces,Sabrina Ionescu,G,30,5-12,2-6,4-4,1,9,10,4,1,0,2,0,16,+5
20260624_NY_LV,"Wednesday, June 24, 2026",regular_season,New York Liberty,Las Vegas Aces,Han Xu,C,13,4-4,2-2,2-2,1,1,2,0,0,0,1,0,12,+4
20260624_NY_LV,"Wednesday, June 24, 2026",regular_season,New York Liberty,Las Vegas Aces,Betnijah Laney-Hamilton,G,17,0-3,0-3,0-0,0,3,3,1,0,1,2,2,0,-2
20260624_NY_LV,"Wednesday, June 24, 2026",regular_season,New York Liberty,Las Vegas Aces,Marine Johannes,G,18,2-6,2-5,0-0,0,2,2,3,0,0,1,0,6,+14
20260624_NY_LV,"Wednesday, June 24, 2026",regular_season,New York Liberty,Las Vegas Aces,Pauline Astier,G,20,3-6,0-0,1-1,0,2,2,2,0,0,0,5,7,+5
20260624_NY_LV,"Wednesday, June 24, 2026",regular_season,New York Liberty,Las Vegas Aces,Raquel Carrera,F,,,,,,,,,,,,,,
20260624_NY_LV,"Wednesday, June 24, 2026",regular_season,New York Liberty,Las Vegas Aces,Rebekah Gardner,G,,,,,,,,,,,,,,
20260624_NY_LV,"Wednesday, June 24, 2026",regular_season,New York Liberty,Las Vegas Aces,Rebecca Allen,G,,,,,,,,,,,,,,
20260624_NY_LV,"Wednesday, June 24, 2026",regular_season,Las Vegas Aces,New York Liberty,Stephanie Talbot,F,13,1-5,1-4,0-0,0,3,3,0,0,0,0,1,3,-8
20260624_NY_LV,"Wednesday, June 24, 2026",regular_season,Las Vegas Aces,New York Liberty,NaLyssa Smith,F,23,3-6,0-0,1-2,0,1,1,0,1,2,0,2,7,-14
20260624_NY_LV,"Wednesday, June 24, 2026",regular_season,Las Vegas Aces,New York Liberty,A'ja Wilson,C,36,7-18,0-3,2-3,1,8,9,5,4,0,3,2,16,-11
20260624_NY_LV,"Wednesday, June 24, 2026",regular_season,Las Vegas Aces,New York Liberty,Chelsea Gray,G,35,4-8,2-5,1-1,0,5,5,8,2,1,1,0,11,-6
20260624_NY_LV,"Wednesday, June 24, 2026",regular_season,Las Vegas Aces,New York Liberty,Jackie Young,G,38,9-19,1-6,0-0,0,4,4,7,0,1,2,2,19,-7
20260624_NY_LV,"Wednesday, June 24, 2026",regular_season,Las Vegas Aces,New York Liberty,Cheyenne Parker-Tyus,F,17,5-7,2-2,2-2,3,3,6,0,1,0,0,3,14,+5
20260624_NY_LV,"Wednesday, June 24, 2026",regular_season,Las Vegas Aces,New York Liberty,Kierstan Bell,F,9,0-2,0-2,0-0,1,2,3,3,0,0,0,1,0,-8
20260624_NY_LV,"Wednesday, June 24, 2026",regular_season,Las Vegas Aces,New York Liberty,Jewell Loyd,G,30,2-7,2-5,0-0,0,1,1,0,1,0,1,3,6,-6
20260624_NY_LV,"Wednesday, June 24, 2026",regular_season,Las Vegas Aces,New York Liberty,Brianna Turner,F,,,,,,,,,,,,,,
20260624_NY_LV,"Wednesday, June 24, 2026",regular_season,Las Vegas Aces,New York Liberty,Janiah Barker,F,,,,,,,,,,,,,,
20260624_NY_LV,"Wednesday, June 24, 2026",regular_season,Las Vegas Aces,New York Liberty,Chennedy Carter,G,,,,,,,,,,,,,,
20260624_NY_LV,"Wednesday, June 24, 2026",regular_season,Las Vegas Aces,New York Liberty,Dana Evans,G,,,,,,,,,,,,,,
20260624_PHX_IND,"Wednesday, June 24, 2026",regular_season,Phoenix Mercury,Indiana Fever,DeWanna Bonner,F,33,5-11,2-6,1-1,0,8,8,1,2,1,1,3,13,+11
20260624_PHX_IND,"Wednesday, June 24, 2026",regular_season,Phoenix Mercury,Indiana Fever,Alyssa Thomas,F,38,12-17,0-1,0-1,1,3,4,8,1,1,6,4,24,0
20260624_PHX_IND,"Wednesday, June 24, 2026",regular_season,Phoenix Mercury,Indiana Fever,Noemie Brochant,F,33,5-9,2-4,0-2,1,4,5,9,3,0,1,1,12,+1
20260624_PHX_IND,"Wednesday, June 24, 2026",regular_season,Phoenix Mercury,Indiana Fever,Kahleah Copper,G,31,6-10,1-3,15-16,1,2,3,1,1,0,0,4,28,+4
20260624_PHX_IND,"Wednesday, June 24, 2026",regular_season,Phoenix Mercury,Indiana Fever,Lexi Held,G,26,3-6,1-1,2-3,0,1,1,0,0,1,0,2,9,-5
20260624_PHX_IND,"Wednesday, June 24, 2026",regular_season,Phoenix Mercury,Indiana Fever,Valeriane Ayayi,F,28,5-8,1-4,8-9,2,1,3,2,1,0,1,2,19,+9
20260624_PHX_IND,"Wednesday, June 24, 2026",regular_season,Phoenix Mercury,Indiana Fever,Marta Suarez,F,10,3-4,0-1,0-1,1,1,2,0,0,0,1,3,6,-7
20260624_PHX_IND,"Wednesday, June 24, 2026",regular_season,Phoenix Mercury,Indiana Fever,Quionche Carter,G,2,0-1,0-0,0-0,0,0,0,0,0,0,0,0,0,-3
20260624_PHX_IND,"Wednesday, June 24, 2026",regular_season,Phoenix Mercury,Indiana Fever,Natasha Mack,F,,,,,,,,,,,,,,
20260624_PHX_IND,"Wednesday, June 24, 2026",regular_season,Phoenix Mercury,Indiana Fever,Kyara Linskens,C,,,,,,,,,,,,,,
20260624_PHX_IND,"Wednesday, June 24, 2026",regular_season,Phoenix Mercury,Indiana Fever,Sami Whitcomb,G,,,,,,,,,,,,,,
20260624_PHX_IND,"Wednesday, June 24, 2026",regular_season,Phoenix Mercury,Indiana Fever,Monique Akoa Makani,G,,,,,,,,,,,,,,
20260624_PHX_IND,"Wednesday, June 24, 2026",regular_season,Indiana Fever,Phoenix Mercury,Monique Billings,F,20,2-2,0-0,4-4,2,3,5,0,0,0,0,3,8,-5
20260624_PHX_IND,"Wednesday, June 24, 2026",regular_season,Indiana Fever,Phoenix Mercury,Aliyah Boston,C,35,9-16,1-4,4-4,1,8,9,5,1,0,3,5,23,-2
20260624_PHX_IND,"Wednesday, June 24, 2026",regular_season,Indiana Fever,Phoenix Mercury,Kelsey Mitchell,G,38,11-16,7-9,1-1,0,0,0,6,2,0,3,6,30,-4
20260624_PHX_IND,"Wednesday, June 24, 2026",regular_season,Indiana Fever,Phoenix Mercury,Lexie Hull,G,24,4-6,1-3,0-0,0,2,2,2,1,0,2,4,9,+5
20260624_PHX_IND,"Wednesday, June 24, 2026",regular_season,Indiana Fever,Phoenix Mercury,Caitlin Clark,G,20,5-9,3-4,6-6,0,0,0,8,1,0,4,2,19,-2
20260624_PHX_IND,"Wednesday, June 24, 2026",regular_season,Indiana Fever,Phoenix Mercury,Myisha Hines-Allen,F,21,5-10,0-2,3-4,2,3,5,2,0,1,1,2,13,+4
20260624_PHX_IND,"Wednesday, June 24, 2026",regular_season,Indiana Fever,Phoenix Mercury,Sophie Cunningham,G,20,2-3,1-2,0-0,0,0,0,0,0,0,3,3,5,-7
20260624_PHX_IND,"Wednesday, June 24, 2026",regular_season,Indiana Fever,Phoenix Mercury,Tyasha Harris,G,3,0-2,0-2,0-0,0,0,0,0,0,0,0,1,0,-6
20260624_PHX_IND,"Wednesday, June 24, 2026",regular_season,Indiana Fever,Phoenix Mercury,Raven Johnson,G,19,1-2,0-1,0-0,0,5,5,7,1,0,0,3,2,+7
20260624_PHX_IND,"Wednesday, June 24, 2026",regular_season,Indiana Fever,Phoenix Mercury,Makayla Timpson,F,,,,,,,,,,,,,,
20260624_PHX_IND,"Wednesday, June 24, 2026",regular_season,Indiana Fever,Phoenix Mercury,Grace VanSlooten,F,,,,,,,,,,,,,,
20260624_PHX_IND,"Wednesday, June 24, 2026",regular_season,Indiana Fever,Phoenix Mercury,Damiris Dantas,C,,,,,,,,,,,,,,
20260624_MIN_WSH,"Wednesday, June 24, 2026",regular_season,Minnesota Lynx,Washington Mystics,Natasha Howard,F,36,7-13,0-1,7-8,3,12,15,3,2,1,4,5,21,+7
20260624_MIN_WSH,"Wednesday, June 24, 2026",regular_season,Minnesota Lynx,Washington Mystics,Nia Coffey,F,23,2-6,1-5,0-0,1,4,5,5,2,1,1,6,5,-3
20260624_MIN_WSH,"Wednesday, June 24, 2026",regular_season,Minnesota Lynx,Washington Mystics,Kayla McBride,G,38,7-18,5-14,0-0,1,5,6,2,1,0,4,3,19,+10
20260624_MIN_WSH,"Wednesday, June 24, 2026",regular_season,Minnesota Lynx,Washington Mystics,Courtney Williams,G,25,2-9,0-2,1-2,0,2,2,3,0,1,0,1,5,-3
20260624_MIN_WSH,"Wednesday, June 24, 2026",regular_season,Minnesota Lynx,Washington Mystics,Olivia Miles,G,35,6-18,1-6,8-12,1,3,4,5,1,1,1,3,21,+6
20260624_MIN_WSH,"Wednesday, June 24, 2026",regular_season,Minnesota Lynx,Washington Mystics,Antonia Delaere,F,8,0-0,0-0,0-0,0,0,0,0,0,0,2,1,0,-9
20260624_MIN_WSH,"Wednesday, June 24, 2026",regular_season,Minnesota Lynx,Washington Mystics,Anastasiia Olairi Kosu,F,14,1-2,0-0,0-0,0,2,2,0,1,1,1,3,2,-9
20260624_MIN_WSH,"Wednesday, June 24, 2026",regular_season,Minnesota Lynx,Washington Mystics,Teaira McCowan,C,7,0-1,0-0,0-0,0,1,1,0,0,1,0,2,0,+9
20260624_MIN_WSH,"Wednesday, June 24, 2026",regular_season,Minnesota Lynx,Washington Mystics,Maya Caldwell,G,14,2-4,1-2,0-0,1,1,2,1,0,0,0,1,5,+2
20260624_MIN_WSH,"Wednesday, June 24, 2026",regular_season,Minnesota Lynx,Washington Mystics,Napheesa Collier,F,,,,,,,,,,,,,,
20260624_MIN_WSH,"Wednesday, June 24, 2026",regular_season,Minnesota Lynx,Washington Mystics,Dorka Juhasz,F,,,,,,,,,,,,,,
20260624_MIN_WSH,"Wednesday, June 24, 2026",regular_season,Minnesota Lynx,Washington Mystics,Emma Cechova,F,,,,,,,,,,,,,,
20260624_MIN_WSH,"Wednesday, June 24, 2026",regular_season,Washington Mystics,Minnesota Lynx,Michaela Onyenwere,F,23,1-5,0-3,0-0,0,1,1,1,1,0,1,5,2,+8
20260624_MIN_WSH,"Wednesday, June 24, 2026",regular_season,Washington Mystics,Minnesota Lynx,Kiki Iriafen,F,30,5-10,0-1,3-8,1,10,11,3,1,0,1,2,13,-11
20260624_MIN_WSH,"Wednesday, June 24, 2026",regular_season,Washington Mystics,Minnesota Lynx,Shakira Austin,C,26,5-15,0-1,1-2,2,14,16,3,1,0,3,2,11,-3
20260624_MIN_WSH,"Wednesday, June 24, 2026",regular_season,Washington Mystics,Minnesota Lynx,Sonia Citron,G,34,9-14,4-5,6-6,0,3,3,3,1,1,3,3,28,-5
20260624_MIN_WSH,"Wednesday, June 24, 2026",regular_season,Washington Mystics,Minnesota Lynx,Georgia Amoore,G,26,1-4,1-3,3-3,0,1,1,3,0,0,4,4,6,-3
20260624_MIN_WSH,"Wednesday, June 24, 2026",regular_season,Washington Mystics,Minnesota Lynx,Angela Dugalic,F,8,0-0,0-0,3-4,0,0,0,1,0,0,0,1,3,+12
20260624_MIN_WSH,"Wednesday, June 24, 2026",regular_season,Washington Mystics,Minnesota Lynx,Lauren Betts,C,16,2-3,0-0,0-0,2,2,4,1,0,1,3,4,4,-2
20260624_MIN_WSH,"Wednesday, June 24, 2026",regular_season,Washington Mystics,Minnesota Lynx,Lucy Olsen,G,5,0-2,0-2,2-2,0,1,1,1,0,0,0,0,2,+7
20260624_MIN_WSH,"Wednesday, June 24, 2026",regular_season,Washington Mystics,Minnesota Lynx,Cotie McMahon,G,29,3-8,0-1,1-2,1,2,3,1,0,0,1,0,7,-10
20260624_MIN_WSH,"Wednesday, June 24, 2026",regular_season,Washington Mystics,Minnesota Lynx,Alicia Florez,G,2,0-0,0-0,0-0,0,0,0,0,0,0,1,1,0,-3
20260624_MIN_WSH,"Wednesday, June 24, 2026",regular_season,Washington Mystics,Minnesota Lynx,Rori Harmon,G,,,,,,,,,,,,,,
20260624_MIN_WSH,"Wednesday, June 24, 2026",regular_season,Washington Mystics,Minnesota Lynx,Cassandre Prosper,G,,,,,,,,,,,,,,
20260625_POR_CHI,"Thursday, June 25, 2026",regular_season,Portland Fire,Chicago Sky,Bridget Carleton,F,29,2-6,0-2,3-4,2,3,5,2,0,1,2,1,7,-19
20260625_POR_CHI,"Thursday, June 25, 2026",regular_season,Portland Fire,Chicago Sky,Emily Engstler,F,17,4-6,2-2,0-0,0,4,4,2,2,0,2,5,10,-3
20260625_POR_CHI,"Thursday, June 25, 2026",regular_season,Portland Fire,Chicago Sky,Megan DiLeo,C,23,6-12,2-3,3-3,1,1,2,1,2,0,0,5,17,-11
20260625_POR_CHI,"Thursday, June 25, 2026",regular_season,Portland Fire,Chicago Sky,Sarah Ashlee Barker,G,26,5-12,2-5,1-3,0,5,5,2,1,0,1,1,13,-10
20260625_POR_CHI,"Thursday, June 25, 2026",regular_season,Portland Fire,Chicago Sky,Carla Leite,G,28,1-8,1-1,7-8,1,0,1,6,0,0,1,3,10,-19
20260625_POR_CHI,"Thursday, June 25, 2026",regular_season,Portland Fire,Chicago Sky,Frieda Buhner,F,16,0-3,0-2,2-2,0,3,3,2,1,0,1,1,2,-10
20260625_POR_CHI,"Thursday, June 25, 2026",regular_season,Portland Fire,Chicago Sky,Nyadiew Puoch,F,13,0-6,0-5,0-0,0,0,0,2,1,2,0,0,0,-13
20260625_POR_CHI,"Thursday, June 25, 2026",regular_season,Portland Fire,Chicago Sky,Luisa Geiselsoder,C,14,1-4,0-1,0-0,2,1,3,2,0,2,0,3,2,-8
20260625_POR_CHI,"Thursday, June 25, 2026",regular_season,Portland Fire,Chicago Sky,Serah Williams,C,7,3-3,0-0,0-0,1,2,3,0,0,0,1,2,6,-3
20260625_POR_CHI,"Thursday, June 25, 2026",regular_season,Portland Fire,Chicago Sky,Karlie Samuelson,G,15,2-3,2-3,0-0,0,2,2,0,0,0,0,1,6,-15
20260625_POR_CHI,"Thursday, June 25, 2026",regular_season,Portland Fire,Chicago Sky,Holly Winterburn,G,4,1-2,0-0,0-0,0,0,0,1,0,0,1,1,2,+1
20260625_POR_CHI,"Thursday, June 25, 2026",regular_season,Portland Fire,Chicago Sky,Teja Oblak,G,8,1-4,1-1,0-0,1,0,1,0,0,0,2,0,3,-5
20260625_POR_CHI,"Thursday, June 25, 2026",regular_season,Chicago Sky,Portland Fire,Azura Stevens,F,27,3-13,1-5,4-4,6,5,11,5,1,0,3,1,11,+1
20260625_POR_CHI,"Thursday, June 25, 2026",regular_season,Chicago Sky,Portland Fire,Kamilla Cardoso,C,27,6-7,0-0,1-2,0,8,8,3,0,2,1,2,13,+16
20260625_POR_CHI,"Thursday, June 25, 2026",regular_season,Chicago Sky,Portland Fire,Skylar Diggins,G,25,5-10,0-3,5-5,2,1,3,6,1,0,3,2,15,+12
20260625_POR_CHI,"Thursday, June 25, 2026",regular_season,Chicago Sky,Portland Fire,Sydney Taylor,G,21,5-8,2-4,2-3,0,1,1,4,1,0,1,4,14,+4
20260625_POR_CHI,"Thursday, June 25, 2026",regular_season,Chicago Sky,Portland Fire,Gabriela Jaquez,G,23,3-7,0-1,4-5,2,3,5,1,0,0,0,1,10,+13
20260625_POR_CHI,"Thursday, June 25, 2026",regular_season,Chicago Sky,Portland Fire,Elizabeth Williams,C,13,1-3,0-0,0-0,0,2,2,0,0,1,1,0,2,+7
20260625_POR_CHI,"Thursday, June 25, 2026",regular_season,Chicago Sky,Portland Fire,Natasha Cloud,G,21,3-3,1-1,2-2,0,4,4,4,0,0,2,1,9,+26
20260625_POR_CHI,"Thursday, June 25, 2026",regular_season,Chicago Sky,Portland Fire,Rachel Banham,G,6,1-2,1-2,0-0,0,0,0,0,0,0,0,2,3,+1
20260625_POR_CHI,"Thursday, June 25, 2026",regular_season,Chicago Sky,Portland Fire,Jacy Sheldon,G,22,6-12,1-3,1-2,1,0,1,3,1,2,0,5,14,+15
20260625_POR_CHI,"Thursday, June 25, 2026",regular_season,Chicago Sky,Portland Fire,Aicha Coulibaly,G,15,3-4,0-0,4-6,1,2,3,1,2,1,1,0,10,+20
20260625_POR_CHI,"Thursday, June 25, 2026",regular_season,Chicago Sky,Portland Fire,Rickea Jackson,F,,,,,,,,,,,,,,
20260625_POR_CHI,"Thursday, June 25, 2026",regular_season,Chicago Sky,Portland Fire,Courtney Vandersloot,G,,,,,,,,,,,,,,
20260625_POR_CHI,"Thursday, June 25, 2026",regular_season,Chicago Sky,Portland Fire,DiJonai Carrington,G,,,,,,,,,,,,,,
20260625_ATL_GS,"Thursday, June 25, 2026",regular_season,Atlanta Dream,Golden State Valkyries,Naz Hillmon,F,16,1-1,0-0,0-0,1,1,2,0,0,0,0,1,2,-13
20260625_ATL_GS,"Thursday, June 25, 2026",regular_season,Atlanta Dream,Golden State Valkyries,Angel Reese,F,27,3-12,0-0,4-9,7,5,12,4,1,0,1,2,10,-14
20260625_ATL_GS,"Thursday, June 25, 2026",regular_season,Atlanta Dream,Golden State Valkyries,Allisha Gray,G,25,3-10,1-5,1-3,0,1,1,0,1,0,1,2,8,-22
20260625_ATL_GS,"Thursday, June 25, 2026",regular_season,Atlanta Dream,Golden State Valkyries,Jordin Canada,G,28,2-10,1-4,3-4,1,3,4,2,1,1,1,1,8,-6
20260625_ATL_GS,"Thursday, June 25, 2026",regular_season,Atlanta Dream,Golden State Valkyries,Rhyne Howard,G,31,5-11,1-5,1-1,0,5,5,3,1,1,1,2,12,-23
20260625_ATL_GS,"Thursday, June 25, 2026",regular_season,Atlanta Dream,Golden State Valkyries,Sika Kone,F,12,1-3,0-1,2-2,2,1,3,1,0,0,1,3,4,+14
20260625_ATL_GS,"Thursday, June 25, 2026",regular_season,Atlanta Dream,Golden State Valkyries,Madina Okot,C,19,7-9,1-1,1-1,1,4,5,1,1,1,2,0,16,-1
20260625_ATL_GS,"Thursday, June 25, 2026",regular_season,Atlanta Dream,Golden State Valkyries,Te-Hina Paopao,G,12,1-3,0-1,0-0,0,0,0,2,0,0,1,2,2,-3
20260625_ATL_GS,"Thursday, June 25, 2026",regular_season,Atlanta Dream,Golden State Valkyries,Indya Nivar,G,11,1-3,0-0,0-2,0,1,1,1,1,0,0,1,2,+14
20260625_ATL_GS,"Thursday, June 25, 2026",regular_season,Atlanta Dream,Golden State Valkyries,Isobel Borlase,G,19,1-2,0-1,0-0,0,1,1,2,0,0,3,2,2,-1
20260625_ATL_GS,"Thursday, June 25, 2026",regular_season,Golden State Valkyries,Atlanta Dream,Kayla Thornton,F,32,6-12,5-10,0-2,0,5,5,1,0,0,1,3,17,+15
20260625_ATL_GS,"Thursday, June 25, 2026",regular_season,Golden State Valkyries,Atlanta Dream,Gabby Williams,F,32,9-16,3-5,2-2,1,4,5,5,1,1,0,1,23,+17
20260625_ATL_GS,"Thursday, June 25, 2026",regular_season,Golden State Valkyries,Atlanta Dream,Cecilia Zandalasini,F,21,4-9,4-6,2-2,0,1,1,3,0,0,1,5,14,+12
20260625_ATL_GS,"Thursday, June 25, 2026",regular_season,Golden State Valkyries,Atlanta Dream,Kiah Stokes,C,24,0-1,0-1,1-2,1,4,5,2,1,3,1,4,1,-6
20260625_ATL_GS,"Thursday, June 25, 2026",regular_season,Golden State Valkyries,Atlanta Dream,Veronica Burton,G,35,3-5,0-1,2-2,2,3,5,7,2,0,4,1,8,+13
20260625_ATL_GS,"Thursday, June 25, 2026",regular_season,Golden State Valkyries,Atlanta Dream,Laeticia Amihere,F,13,2-5,1-1,1-2,1,4,5,1,1,2,3,2,6,+12
20260625_ATL_GS,"Thursday, June 25, 2026",regular_season,Golden State Valkyries,Atlanta Dream,Janelle Salaun,F,10,2-5,2-4,0-0,0,2,2,1,0,0,1,2,6,+1
20260625_ATL_GS,"Thursday, June 25, 2026",regular_season,Golden State Valkyries,Atlanta Dream,Tiffany Hayes,G,18,0-3,0-1,0-0,0,1,1,0,0,1,0,1,0,-1
20260625_ATL_GS,"Thursday, June 25, 2026",regular_season,Golden State Valkyries,Atlanta Dream,Kaila Charles,G,9,1-3,0-2,0-0,1,2,3,0,0,0,1,0,2,-6
20260625_ATL_GS,"Thursday, June 25, 2026",regular_season,Golden State Valkyries,Atlanta Dream,Kaitlyn Chen,G,5,0-1,0-1,0-0,0,0,0,0,0,0,0,1,0,-2
20260625_ATL_GS,"Thursday, June 25, 2026",regular_season,Golden State Valkyries,Atlanta Dream,Nadia Fingall,C,,,,,,,,,,,,,,
20260625_ATL_GS,"Thursday, June 25, 2026",regular_season,Golden State Valkyries,Atlanta Dream,Juste Jocyte,G,,,,,,,,,,,,,,
20260625_LA_TOR,"Thursday, June 25, 2026",regular_season,Los Angeles Sparks,Toronto Tempo,Nneka Ogwumike,F,27,8-13,1-4,4-4,2,5,7,4,1,0,0,1,21,-28
20260625_LA_TOR,"Thursday, June 25, 2026",regular_season,Los Angeles Sparks,Toronto Tempo,Dearica Hamby,F,29,7-13,1-3,6-7,1,8,9,0,3,0,2,3,21,-10
20260625_LA_TOR,"Thursday, June 25, 2026",regular_season,Los Angeles Sparks,Toronto Tempo,Erica Wheeler,G,24,3-7,0-3,2-2,0,1,1,5,0,0,0,4,8,-16
20260625_LA_TOR,"Thursday, June 25, 2026",regular_season,Los Angeles Sparks,Toronto Tempo,Ariel Atkins,G,14,0-3,0-1,0-0,0,0,0,1,1,0,2,4,0,-21
20260625_LA_TOR,"Thursday, June 25, 2026",regular_season,Los Angeles Sparks,Toronto Tempo,Rae Burrell,G,29,6-12,2-4,3-5,1,1,2,4,2,1,1,2,17,-24
20260625_LA_TOR,"Thursday, June 25, 2026",regular_season,Los Angeles Sparks,Toronto Tempo,Emma Cannon,F,14,2-7,2-5,4-6,0,1,1,0,0,0,1,1,10,-8
20260625_LA_TOR,"Thursday, June 25, 2026",regular_season,Los Angeles Sparks,Toronto Tempo,Jihyun Park,F,19,2-6,1-5,0-0,1,1,2,1,0,0,1,3,5,-11
20260625_LA_TOR,"Thursday, June 25, 2026",regular_season,Los Angeles Sparks,Toronto Tempo,Laura Ziegler,F,11,0-4,0-3,0-0,1,1,2,2,0,1,0,2,0,-10
20260625_LA_TOR,"Thursday, June 25, 2026",regular_season,Los Angeles Sparks,Toronto Tempo,Kiana Williams,G,17,3-8,2-6,0-0,1,0,1,1,0,0,1,2,8,-11
20260625_LA_TOR,"Thursday, June 25, 2026",regular_season,Los Angeles Sparks,Toronto Tempo,Ta'Niya Latson,G,3,0-0,0-0,0-0,0,1,1,0,0,0,0,0,0,0
20260625_LA_TOR,"Thursday, June 25, 2026",regular_season,Los Angeles Sparks,Toronto Tempo,Chance Gray,G,14,2-4,2-4,1-2,1,3,4,2,0,0,0,1,7,-1
20260625_LA_TOR,"Thursday, June 25, 2026",regular_season,Los Angeles Sparks,Toronto Tempo,Cameron Brink,F,,,,,,,,,,,,,,
20260625_LA_TOR,"Thursday, June 25, 2026",regular_season,Los Angeles Sparks,Toronto Tempo,Kelsey Plum,G,,,,,,,,,,,,,,
20260625_LA_TOR,"Thursday, June 25, 2026",regular_season,Toronto Tempo,Los Angeles Sparks,Isabelle Harrison,F,21,4-4,1-1,0-0,1,5,6,2,0,2,2,1,9,+10
20260625_LA_TOR,"Thursday, June 25, 2026",regular_season,Toronto Tempo,Los Angeles Sparks,Maria Conde,F,29,4-8,3-5,2-2,0,7,7,0,1,0,2,2,13,+27
20260625_LA_TOR,"Thursday, June 25, 2026",regular_season,Toronto Tempo,Los Angeles Sparks,Nyara Sabally,F,19,2-5,0-1,1-2,0,4,4,0,0,1,0,5,5,+18
20260625_LA_TOR,"Thursday, June 25, 2026",regular_season,Toronto Tempo,Los Angeles Sparks,Marina Mabrey,G,32,17-28,9-18,10-12,2,4,6,2,0,0,3,2,53,+36
20260625_LA_TOR,"Thursday, June 25, 2026",regular_season,Toronto Tempo,Los Angeles Sparks,Julie Allemand,G,30,4-4,3-3,2-2,0,6,6,14,3,1,0,2,13,+31
20260625_LA_TOR,"Thursday, June 25, 2026",regular_season,Toronto Tempo,Los Angeles Sparks,Teonni Key,F,2,0-0,0-0,0-0,0,0,0,0,0,0,0,1,0,-5
20260625_LA_TOR,"Thursday, June 25, 2026",regular_season,Toronto Tempo,Los Angeles Sparks,Laura Juskaite,F,20,4-13,2-5,0-0,6,6,12,2,0,0,0,1,10,+14
20260625_LA_TOR,"Thursday, June 25, 2026",regular_season,Toronto Tempo,Los Angeles Sparks,Temi Fagbenle,C,19,2-5,0-2,0-0,3,3,6,3,0,0,1,2,4,+15
20260625_LA_TOR,"Thursday, June 25, 2026",regular_season,Toronto Tempo,Los Angeles Sparks,Kia Nurse,G,15,3-8,2-6,4-4,2,1,3,0,1,0,0,3,12,-10
20260625_LA_TOR,"Thursday, June 25, 2026",regular_season,Toronto Tempo,Los Angeles Sparks,Tima Pouye,G,14,1-5,0-1,4-5,1,1,2,3,0,0,2,4,6,+4
20260625_LA_TOR,"Thursday, June 25, 2026",regular_season,Toronto Tempo,Los Angeles Sparks,Brittney Sykes,G,,,,,,,,,,,,,,
20260625_LA_TOR,"Thursday, June 25, 2026",regular_season,Toronto Tempo,Los Angeles Sparks,Kiki Rice,G,,,,,,,,,,,,,,
20260626_DAL_LV,"Friday, June 26, 2026",regular_season,Dallas Wings,Las Vegas Aces,Jessica Shepard,F,35,8-11,0-0,6-8,2,12,14,4,1,0,2,3,22,-13
20260626_DAL_LV,"Friday, June 26, 2026",regular_season,Dallas Wings,Las Vegas Aces,Awak Kuier,F,21,4-7,0-1,0-0,1,1,2,1,0,0,1,4,8,-2
20260626_DAL_LV,"Friday, June 26, 2026",regular_season,Dallas Wings,Las Vegas Aces,Arike Ogunbowale,G,29,1-10,0-5,2-2,0,1,1,2,0,0,1,4,4,-16
20260626_DAL_LV,"Friday, June 26, 2026",regular_season,Dallas Wings,Las Vegas Aces,Paige Bueckers,G,37,11-19,0-3,3-3,0,2,2,6,3,0,1,3,25,-12
20260626_DAL_LV,"Friday, June 26, 2026",regular_season,Dallas Wings,Las Vegas Aces,Azzi Fudd,G,32,3-9,1-4,0-0,0,1,1,1,2,0,1,2,7,-20
20260626_DAL_LV,"Friday, June 26, 2026",regular_season,Dallas Wings,Las Vegas Aces,Alysha Clark,F,8,0-1,0-1,0-0,0,1,1,0,0,0,1,2,0,-3
20260626_DAL_LV,"Friday, June 26, 2026",regular_season,Dallas Wings,Las Vegas Aces,Maddy Siegrist,F,12,1-3,0-2,0-0,0,1,1,0,0,1,0,3,2,-3
20260626_DAL_LV,"Friday, June 26, 2026",regular_season,Dallas Wings,Las Vegas Aces,Li Yueru,C,7,2-4,0-2,1-1,0,1,1,1,0,0,0,1,5,-7
20260626_DAL_LV,"Friday, June 26, 2026",regular_season,Dallas Wings,Las Vegas Aces,Sug Sutton,G,7,1-1,1-1,0-0,0,0,0,0,0,0,2,1,3,-3
20260626_DAL_LV,"Friday, June 26, 2026",regular_season,Dallas Wings,Las Vegas Aces,Aziaha James,G,13,3-5,0-2,2-2,0,1,1,3,1,1,3,2,8,+4
20260626_DAL_LV,"Friday, June 26, 2026",regular_season,Las Vegas Aces,Dallas Wings,Stephanie Talbot,F,16,0-1,0-1,0-0,0,1,1,0,1,0,2,2,0,+1
20260626_DAL_LV,"Friday, June 26, 2026",regular_season,Las Vegas Aces,Dallas Wings,NaLyssa Smith,F,30,1-4,0-1,2-4,2,9,11,0,1,1,1,2,4,+12
20260626_DAL_LV,"Friday, June 26, 2026",regular_season,Las Vegas Aces,Dallas Wings,A'ja Wilson,C,32,12-21,0-1,8-11,2,7,9,0,0,0,2,3,32,+14
20260626_DAL_LV,"Friday, June 26, 2026",regular_season,Las Vegas Aces,Dallas Wings,Chelsea Gray,G,33,5-11,2-5,0-0,0,1,1,9,1,0,5,3,12,+19
20260626_DAL_LV,"Friday, June 26, 2026",regular_season,Las Vegas Aces,Dallas Wings,Jackie Young,G,32,4-6,2-3,10-10,1,7,8,6,1,0,4,3,20,+10
20260626_DAL_LV,"Friday, June 26, 2026",regular_season,Las Vegas Aces,Dallas Wings,Cheyenne Parker-Tyus,F,17,4-7,0-0,5-6,2,0,2,3,0,1,0,4,13,+9
20260626_DAL_LV,"Friday, June 26, 2026",regular_season,Las Vegas Aces,Dallas Wings,Brianna Turner,F,2,0-0,0-0,0-0,0,0,0,0,0,0,0,0,0,-5
20260626_DAL_LV,"Friday, June 26, 2026",regular_season,Las Vegas Aces,Dallas Wings,Kierstan Bell,F,13,4-4,2-2,0-0,0,1,1,0,0,0,0,0,10,+3
20260626_DAL_LV,"Friday, June 26, 2026",regular_season,Las Vegas Aces,Dallas Wings,Jewell Loyd,G,26,2-6,2-5,2-2,0,2,2,2,1,0,1,3,8,+12
20260626_NY_SEA,"Friday, June 26, 2026",regular_season,New York Liberty,Seattle Storm,Leonie Fiebich,F,31,6-12,3-6,4-5,1,1,2,2,2,0,1,2,19,-5
20260626_NY_SEA,"Friday, June 26, 2026",regular_season,New York Liberty,Seattle Storm,Jonquel Jones,C,30,10-17,3-8,3-7,2,6,8,1,1,1,1,1,26,-8
20260626_NY_SEA,"Friday, June 26, 2026",regular_season,New York Liberty,Seattle Storm,Betnijah Laney-Hamilton,G,21,1-5,1-4,0-0,0,5,5,0,0,0,3,3,3,-11
20260626_NY_SEA,"Friday, June 26, 2026",regular_season,New York Liberty,Seattle Storm,Sabrina Ionescu,G,29,5-12,1-7,3-3,0,2,2,5,1,0,2,4,14,-14
20260626_NY_SEA,"Friday, June 26, 2026",regular_season,New York Liberty,Seattle Storm,Pauline Astier,G,25,1-5,0-1,1-1,0,1,1,5,3,0,2,3,3,+4
20260626_NY_SEA,"Friday, June 26, 2026",regular_season,New York Liberty,Seattle Storm,Raquel Carrera,F,17,3-4,0-1,1-2,3,2,5,0,0,0,1,0,7,-2
20260626_NY_SEA,"Friday, June 26, 2026",regular_season,New York Liberty,Seattle Storm,Han Xu,C,14,4-7,0-2,0-0,0,0,0,2,1,1,0,0,8,-7
20260626_NY_SEA,"Friday, June 26, 2026",regular_season,New York Liberty,Seattle Storm,Rebekah Gardner,G,13,0-2,0-0,2-2,1,3,4,4,1,1,0,1,2,-7
20260626_NY_SEA,"Friday, June 26, 2026",regular_season,New York Liberty,Seattle Storm,Marine Johannes,G,19,2-7,2-7,0-0,0,1,1,2,0,0,3,1,6,-5
20260626_NY_SEA,"Friday, June 26, 2026",regular_season,New York Liberty,Seattle Storm,Breanna Stewart,F,,,,,,,,,,,,,,
20260626_NY_SEA,"Friday, June 26, 2026",regular_season,New York Liberty,Seattle Storm,Satou Sabally,F,,,,,,,,,,,,,,
20260626_NY_SEA,"Friday, June 26, 2026",regular_season,New York Liberty,Seattle Storm,Anneli Maley,F,,,,,,,,,,,,,,
20260626_NY_SEA,"Friday, June 26, 2026",regular_season,New York Liberty,Seattle Storm,Rebecca Allen,G,,,,,,,,,,,,,,
20260626_NY_SEA,"Friday, June 26, 2026",regular_season,Seattle Storm,New York Liberty,Dominique Malonga,C,34,9-12,1-2,1-1,3,7,10,2,0,1,2,5,20,+7
20260626_NY_SEA,"Friday, June 26, 2026",regular_season,Seattle Storm,New York Liberty,Awa Fam,C,33,6-9,2-3,1-1,1,5,6,2,0,1,3,3,15,+16
20260626_NY_SEA,"Friday, June 26, 2026",regular_season,Seattle Storm,New York Liberty,Natisha Hiedeman,G,33,5-12,1-6,0-0,0,0,0,3,2,0,2,1,11,+12
20260626_NY_SEA,"Friday, June 26, 2026",regular_season,Seattle Storm,New York Liberty,Flau'jae Johnson,G,33,11-23,4-10,2-4,4,5,9,2,3,1,2,4,28,+13
20260626_NY_SEA,"Friday, June 26, 2026",regular_season,Seattle Storm,New York Liberty,Jade Melbourne,G,25,6-11,0-3,6-7,0,2,2,7,2,0,2,2,18,+15
20260626_NY_SEA,"Friday, June 26, 2026",regular_season,Seattle Storm,New York Liberty,Katie Lou Samuelson,F,13,1-1,0-0,0-0,2,3,5,2,0,0,1,1,2,-2
20260626_NY_SEA,"Friday, June 26, 2026",regular_season,Seattle Storm,New York Liberty,Taylor Thierry,F,3,0-0,0-0,0-0,1,0,1,0,0,0,0,0,0,-1
20260626_NY_SEA,"Friday, June 26, 2026",regular_season,Seattle Storm,New York Liberty,Stefanie Dolson,C,13,0-1,0-1,2-2,1,1,2,0,0,0,2,4,2,-1
20260626_NY_SEA,"Friday, June 26, 2026",regular_season,Seattle Storm,New York Liberty,Zia Cooke,G,13,1-6,1-3,0-0,1,3,4,0,1,0,1,1,3,-4
20260626_NY_SEA,"Friday, June 26, 2026",regular_season,Seattle Storm,New York Liberty,Ezi Magbegor,F,,,,,,,,,,,,,,
20260626_NY_SEA,"Friday, June 26, 2026",regular_season,Seattle Storm,New York Liberty,Jordan Horston,F,,,,,,,,,,,,,,
20260626_NY_SEA,"Friday, June 26, 2026",regular_season,Seattle Storm,New York Liberty,Mackenzie Holmes,F,,,,,,,,,,,,,,
20260626_WSH_CON,"Friday, June 26, 2026",regular_season,Washington Mystics,Connecticut Sun,Michaela Onyenwere,F,28,1-5,0-2,2-2,0,2,2,1,0,0,4,1,4,-17
20260626_WSH_CON,"Friday, June 26, 2026",regular_season,Washington Mystics,Connecticut Sun,Kiki Iriafen,F,32,5-11,0-0,1-4,5,9,14,0,1,0,1,5,11,-13
20260626_WSH_CON,"Friday, June 26, 2026",regular_season,Washington Mystics,Connecticut Sun,Shakira Austin,C,23,2-7,1-2,1-4,3,9,12,1,0,1,7,1,6,-21
20260626_WSH_CON,"Friday, June 26, 2026",regular_season,Washington Mystics,Connecticut Sun,Sonia Citron,G,31,2-10,0-4,7-7,2,4,6,3,0,1,2,0,11,-3
20260626_WSH_CON,"Friday, June 26, 2026",regular_season,Washington Mystics,Connecticut Sun,Georgia Amoore,G,33,5-10,4-9,0-0,0,2,2,5,0,0,4,4,14,-16
20260626_WSH_CON,"Friday, June 26, 2026",regular_season,Washington Mystics,Connecticut Sun,Angela Dugalic,F,8,1-2,0-0,0-0,0,1,1,2,0,1,0,1,2,+2
20260626_WSH_CON,"Friday, June 26, 2026",regular_season,Washington Mystics,Connecticut Sun,Lauren Betts,C,17,2-5,0-0,1-4,0,6,6,2,1,1,1,3,5,+10
20260626_WSH_CON,"Friday, June 26, 2026",regular_season,Washington Mystics,Connecticut Sun,Lucy Olsen,G,4,0-1,0-0,0-0,0,0,0,0,1,0,0,0,0,+3
20260626_WSH_CON,"Friday, June 26, 2026",regular_season,Washington Mystics,Connecticut Sun,Cotie McMahon,G,24,1-4,0-1,2-4,2,0,2,2,0,0,2,0,4,0
20260626_WSH_CON,"Friday, June 26, 2026",regular_season,Washington Mystics,Connecticut Sun,Rori Harmon,G,,,,,,,,,,,,,,
20260626_WSH_CON,"Friday, June 26, 2026",regular_season,Washington Mystics,Connecticut Sun,Darianna Littlepage-Buggs,G,,,,,,,,,,,,,,
20260626_WSH_CON,"Friday, June 26, 2026",regular_season,Washington Mystics,Connecticut Sun,Cassandre Prosper,G,,,,,,,,,,,,,,
20260626_WSH_CON,"Friday, June 26, 2026",regular_season,Washington Mystics,Connecticut Sun,Alicia Florez,G,,,,,,,,,,,,,,
20260626_WSH_CON,"Friday, June 26, 2026",regular_season,Connecticut Sun,Washington Mystics,Diamond Miller,F,25,2-6,0-1,0-0,0,4,4,1,1,0,1,1,4,+10
20260626_WSH_CON,"Friday, June 26, 2026",regular_season,Connecticut Sun,Washington Mystics,Brittney Griner,C,21,5-14,0-0,0-0,1,1,2,2,0,1,1,5,10,+11
20260626_WSH_CON,"Friday, June 26, 2026",regular_season,Connecticut Sun,Washington Mystics,Olivia Nelson-Ododa,C,30,6-12,0-0,0-1,3,6,9,3,2,3,1,4,12,+10
20260626_WSH_CON,"Friday, June 26, 2026",regular_season,Connecticut Sun,Washington Mystics,Charlisse Leger-Walker,G,31,4-9,2-4,0-0,0,3,3,5,3,0,0,3,10,+15
20260626_WSH_CON,"Friday, June 26, 2026",regular_season,Connecticut Sun,Washington Mystics,Leila Lacan,G,29,4-10,0-1,4-4,0,0,0,5,4,0,2,3,12,+13
20260626_WSH_CON,"Friday, June 26, 2026",regular_season,Connecticut Sun,Washington Mystics,Aaliyah Edwards,F,18,3-5,0-1,0-0,1,4,5,0,0,0,2,1,6,-4
20260626_WSH_CON,"Friday, June 26, 2026",regular_season,Connecticut Sun,Washington Mystics,Raegan Beers,F,9,1-2,0-0,1-2,0,1,1,0,0,0,0,0,3,+7
20260626_WSH_CON,"Friday, June 26, 2026",regular_season,Connecticut Sun,Washington Mystics,Nell Angloma,F,4,0-1,0-0,0-0,0,0,0,0,0,0,1,0,0,-3
20260626_WSH_CON,"Friday, June 26, 2026",regular_season,Connecticut Sun,Washington Mystics,Kennedy Burke,G,28,3-9,3-5,2-3,0,3,3,2,1,2,1,2,11,+4
20260626_WSH_CON,"Friday, June 26, 2026",regular_season,Connecticut Sun,Washington Mystics,Ashlon Jackson,G,5,0-0,0-0,0-0,0,0,0,0,1,0,0,1,0,-8
20260626_WSH_CON,"Friday, June 26, 2026",regular_season,Connecticut Sun,Washington Mystics,Aneesah Morrow,F,,,,,,,,,,,,,,
20260626_WSH_CON,"Friday, June 26, 2026",regular_season,Connecticut Sun,Washington Mystics,Hailey Van Lith,G,,,,,,,,,,,,,,
20260626_WSH_CON,"Friday, June 26, 2026",regular_season,Connecticut Sun,Washington Mystics,Saniya Rivers,G,,,,,,,,,,,,,,
20260626_WSH_CON,"Friday, June 26, 2026",regular_season,Connecticut Sun,Washington Mystics,Gianna Kneepkens,G,,,,,,,,,,,,,,
20260626_POR_CHI,"Friday, June 26, 2026",regular_season,Portland Fire,Chicago Sky,Bridget Carleton,F,29,5-14,2-7,8-8,0,4,4,1,1,0,0,3,20,-23
20260626_POR_CHI,"Friday, June 26, 2026",regular_season,Portland Fire,Chicago Sky,Emily Engstler,F,18,2-3,0-0,0-0,2,3,5,3,2,2,0,2,4,-8
20260626_POR_CHI,"Friday, June 26, 2026",regular_season,Portland Fire,Chicago Sky,Megan DiLeo,C,29,4-10,3-6,2-3,1,0,1,3,1,0,1,5,13,-21
20260626_POR_CHI,"Friday, June 26, 2026",regular_season,Portland Fire,Chicago Sky,Sarah Ashlee Barker,G,29,5-11,1-4,0-0,2,1,3,1,3,2,1,1,11,-24
20260626_POR_CHI,"Friday, June 26, 2026",regular_season,Portland Fire,Chicago Sky,Carla Leite,G,23,4-10,1-4,9-10,0,1,1,4,1,0,4,1,18,-9
20260626_POR_CHI,"Friday, June 26, 2026",regular_season,Portland Fire,Chicago Sky,Frieda Buhner,F,21,4-7,1-2,1-1,1,4,5,2,0,0,0,1,10,-21
20260626_POR_CHI,"Friday, June 26, 2026",regular_season,Portland Fire,Chicago Sky,Nyadiew Puoch,F,14,1-4,0-2,0-1,1,0,1,1,0,0,0,3,2,-5
20260626_POR_CHI,"Friday, June 26, 2026",regular_season,Portland Fire,Chicago Sky,Serah Williams,C,11,3-6,0-0,0-2,0,0,0,1,1,0,0,2,6,-9
20260626_POR_CHI,"Friday, June 26, 2026",regular_season,Portland Fire,Chicago Sky,Holly Winterburn,G,3,1-3,0-1,0-0,0,0,0,0,0,0,1,0,2,-3
20260626_POR_CHI,"Friday, June 26, 2026",regular_season,Portland Fire,Chicago Sky,Jordan Harrison,G,13,1-4,0-0,1-2,2,0,2,3,0,0,0,3,3,-7
20260626_POR_CHI,"Friday, June 26, 2026",regular_season,Portland Fire,Chicago Sky,Teja Oblak,G,10,2-7,1-4,0-0,2,0,2,0,1,0,2,2,5,-20
20260626_POR_CHI,"Friday, June 26, 2026",regular_season,Portland Fire,Chicago Sky,Luisa Geiselsoder,C,,,,,,,,,,,,,,
20260626_POR_CHI,"Friday, June 26, 2026",regular_season,Portland Fire,Chicago Sky,Karlie Samuelson,G,,,,,,,,,,,,,,
20260626_POR_CHI,"Friday, June 26, 2026",regular_season,Chicago Sky,Portland Fire,Azura Stevens,F,28,4-10,3-6,1-1,1,5,6,6,0,2,1,2,12,+23
20260626_POR_CHI,"Friday, June 26, 2026",regular_season,Chicago Sky,Portland Fire,Kamilla Cardoso,C,24,13-13,0-0,4-6,3,5,8,1,0,1,3,2,30,+6
20260626_POR_CHI,"Friday, June 26, 2026",regular_season,Chicago Sky,Portland Fire,Skylar Diggins,G,23,4-8,2-4,0-0,0,3,3,9,0,1,2,1,10,+11
20260626_POR_CHI,"Friday, June 26, 2026",regular_season,Chicago Sky,Portland Fire,Sydney Taylor,G,23,8-11,6-7,7-7,0,3,3,3,0,0,2,3,29,+34
20260626_POR_CHI,"Friday, June 26, 2026",regular_season,Chicago Sky,Portland Fire,Gabriela Jaquez,G,24,1-4,0-2,2-2,0,1,1,3,0,0,2,0,4,+16
20260626_POR_CHI,"Friday, June 26, 2026",regular_season,Chicago Sky,Portland Fire,Elizabeth Williams,C,19,3-5,0-0,2-5,1,4,5,4,0,1,0,2,8,+27
20260626_POR_CHI,"Friday, June 26, 2026",regular_season,Chicago Sky,Portland Fire,Courtney Vandersloot,G,14,4-4,1-1,1-1,0,3,3,7,0,0,2,2,10,-1
20260626_POR_CHI,"Friday, June 26, 2026",regular_season,Chicago Sky,Portland Fire,Natasha Cloud,G,18,1-3,0-2,0-0,1,0,1,4,1,2,2,3,2,+12
20260626_POR_CHI,"Friday, June 26, 2026",regular_season,Chicago Sky,Portland Fire,Rachel Banham,G,12,3-4,2-3,0-0,0,0,0,1,0,0,0,1,8,+12
20260626_POR_CHI,"Friday, June 26, 2026",regular_season,Chicago Sky,Portland Fire,Jacy Sheldon,G,15,4-6,1-3,2-2,0,2,2,0,1,2,0,3,11,+10
20260626_POR_CHI,"Friday, June 26, 2026",regular_season,Chicago Sky,Portland Fire,Rickea Jackson,F,,,,,,,,,,,,,,
20260626_POR_CHI,"Friday, June 26, 2026",regular_season,Chicago Sky,Portland Fire,DiJonai Carrington,G,,,,,,,,,,,,,,
20260627_ATL_GS,"Saturday, June 27, 2026",regular_season,Atlanta Dream,Golden State Valkyries,Naz Hillmon,F,29,0-4,0-1,2-2,0,3,3,1,0,0,1,2,2,-8
20260627_ATL_GS,"Saturday, June 27, 2026",regular_season,Atlanta Dream,Golden State Valkyries,Angel Reese,F,29,4-11,0-0,7-8,5,7,12,0,6,0,2,5,15,-3
20260627_ATL_GS,"Saturday, June 27, 2026",regular_season,Atlanta Dream,Golden State Valkyries,Allisha Gray,G,36,5-13,1-4,3-5,1,1,2,2,2,0,2,4,14,-5
20260627_ATL_GS,"Saturday, June 27, 2026",regular_season,Atlanta Dream,Golden State Valkyries,Jordin Canada,G,35,7-11,3-3,6-6,0,3,3,2,2,1,4,3,23,-3
20260627_ATL_GS,"Saturday, June 27, 2026",regular_season,Atlanta Dream,Golden State Valkyries,Rhyne Howard,G,36,2-16,1-8,4-4,0,5,5,2,3,1,2,5,9,-6
20260627_ATL_GS,"Saturday, June 27, 2026",regular_season,Atlanta Dream,Golden State Valkyries,Madina Okot,C,11,3-5,0-1,1-2,1,1,2,0,0,2,2,1,7,0
20260627_ATL_GS,"Saturday, June 27, 2026",regular_season,Atlanta Dream,Golden State Valkyries,Te-Hina Paopao,G,5,1-2,1-1,0-0,0,0,0,1,0,0,0,0,3,+2
20260627_ATL_GS,"Saturday, June 27, 2026",regular_season,Atlanta Dream,Golden State Valkyries,Indya Nivar,G,0,0-0,0-0,0-0,0,0,0,0,0,0,0,1,0,+2
20260627_ATL_GS,"Saturday, June 27, 2026",regular_season,Atlanta Dream,Golden State Valkyries,Isobel Borlase,G,18,1-5,0-2,0-0,0,0,0,2,1,0,1,0,2,+6
20260627_ATL_GS,"Saturday, June 27, 2026",regular_season,Atlanta Dream,Golden State Valkyries,Sika Kone,F,,,,,,,,,,,,,,
20260627_ATL_GS,"Saturday, June 27, 2026",regular_season,Golden State Valkyries,Atlanta Dream,Kayla Thornton,F,19,0-5,0-3,0-0,0,2,2,0,0,0,0,0,0,+4
20260627_ATL_GS,"Saturday, June 27, 2026",regular_season,Golden State Valkyries,Atlanta Dream,Gabby Williams,F,22,5-11,0-4,6-10,0,4,4,2,2,0,2,0,16,+7
20260627_ATL_GS,"Saturday, June 27, 2026",regular_season,Golden State Valkyries,Atlanta Dream,Cecilia Zandalasini,F,18,2-4,0-2,0-0,0,2,2,3,0,0,2,1,4,-1
20260627_ATL_GS,"Saturday, June 27, 2026",regular_season,Golden State Valkyries,Atlanta Dream,Kiah Stokes,C,30,5-7,2-4,1-2,0,4,4,0,0,7,2,6,13,+7
20260627_ATL_GS,"Saturday, June 27, 2026",regular_season,Golden State Valkyries,Atlanta Dream,Veronica Burton,G,22,4-10,0-2,2-2,0,1,1,2,4,0,2,1,10,+5
20260627_ATL_GS,"Saturday, June 27, 2026",regular_season,Golden State Valkyries,Atlanta Dream,Laeticia Amihere,F,10,0-1,0-0,0-0,2,1,3,1,0,0,1,3,0,-5
20260627_ATL_GS,"Saturday, June 27, 2026",regular_season,Golden State Valkyries,Atlanta Dream,Janelle Salaun,F,22,2-7,2-5,2-2,2,5,7,0,0,0,0,2,8,0
20260627_ATL_GS,"Saturday, June 27, 2026",regular_season,Golden State Valkyries,Atlanta Dream,Tiffany Hayes,G,22,4-6,0-0,4-5,0,2,2,5,0,1,5,3,12,+4
20260627_ATL_GS,"Saturday, June 27, 2026",regular_season,Golden State Valkyries,Atlanta Dream,Kaila Charles,G,18,0-2,0-0,2-2,1,3,4,0,0,1,0,3,2,-4
20260627_ATL_GS,"Saturday, June 27, 2026",regular_season,Golden State Valkyries,Atlanta Dream,Kaitlyn Chen,G,18,5-9,1-2,2-2,1,2,3,1,0,0,4,3,13,-2
20260627_ATL_GS,"Saturday, June 27, 2026",regular_season,Golden State Valkyries,Atlanta Dream,Nadia Fingall,C,,,,,,,,,,,,,,
20260627_ATL_GS,"Saturday, June 27, 2026",regular_season,Golden State Valkyries,Atlanta Dream,Juste Jocyte,G,,,,,,,,,,,,,,
20260627_PHX_TOR,"Saturday, June 27, 2026",regular_season,Phoenix Mercury,Toronto Tempo,DeWanna Bonner,F,33,4-13,3-8,2-2,2,9,11,3,3,0,1,1,13,-1
20260627_PHX_TOR,"Saturday, June 27, 2026",regular_season,Phoenix Mercury,Toronto Tempo,Noemie Brochant,F,28,1-4,1-3,0-0,0,2,2,2,3,0,0,1,3,-2
20260627_PHX_TOR,"Saturday, June 27, 2026",regular_season,Phoenix Mercury,Toronto Tempo,Kyara Linskens,C,14,0-2,0-0,4-6,2,2,4,3,1,1,1,3,4,+4
20260627_PHX_TOR,"Saturday, June 27, 2026",regular_season,Phoenix Mercury,Toronto Tempo,Kahleah Copper,G,34,10-15,1-4,6-8,1,4,5,1,0,0,1,3,27,-5
20260627_PHX_TOR,"Saturday, June 27, 2026",regular_season,Phoenix Mercury,Toronto Tempo,Lexi Held,G,30,5-11,3-6,3-3,1,1,2,2,1,0,2,0,16,+7
20260627_PHX_TOR,"Saturday, June 27, 2026",regular_season,Phoenix Mercury,Toronto Tempo,Valeriane Ayayi,F,27,7-14,2-5,4-4,1,5,6,2,1,1,3,5,20,+8
20260627_PHX_TOR,"Saturday, June 27, 2026",regular_season,Phoenix Mercury,Toronto Tempo,Marta Suarez,F,15,2-5,0-0,0-0,0,0,0,0,0,0,0,1,4,+11
20260627_PHX_TOR,"Saturday, June 27, 2026",regular_season,Phoenix Mercury,Toronto Tempo,Shay Ciezki,G,8,0-1,0-0,0-0,0,1,1,1,0,0,0,0,0,+12
20260627_PHX_TOR,"Saturday, June 27, 2026",regular_season,Phoenix Mercury,Toronto Tempo,Quionche Carter,G,11,0-2,0-1,2-6,0,1,1,2,1,0,0,2,2,+11
20260627_PHX_TOR,"Saturday, June 27, 2026",regular_season,Phoenix Mercury,Toronto Tempo,Alyssa Thomas,F,,,,,,,,,,,,,,
20260627_PHX_TOR,"Saturday, June 27, 2026",regular_season,Phoenix Mercury,Toronto Tempo,Natasha Mack,F,,,,,,,,,,,,,,
20260627_PHX_TOR,"Saturday, June 27, 2026",regular_season,Phoenix Mercury,Toronto Tempo,Sami Whitcomb,G,,,,,,,,,,,,,,
20260627_PHX_TOR,"Saturday, June 27, 2026",regular_season,Phoenix Mercury,Toronto Tempo,Monique Akoa Makani,G,,,,,,,,,,,,,,
20260627_PHX_TOR,"Saturday, June 27, 2026",regular_season,Toronto Tempo,Phoenix Mercury,Isabelle Harrison,F,27,5-11,0-1,2-2,2,5,7,0,0,1,3,4,12,-6
20260627_PHX_TOR,"Saturday, June 27, 2026",regular_season,Toronto Tempo,Phoenix Mercury,Maria Conde,F,37,4-14,1-8,1-1,0,6,6,6,3,0,2,3,10,-6
20260627_PHX_TOR,"Saturday, June 27, 2026",regular_season,Toronto Tempo,Phoenix Mercury,Nyara Sabally,F,26,5-10,2-3,2-5,0,4,4,1,0,0,2,5,14,-18
20260627_PHX_TOR,"Saturday, June 27, 2026",regular_season,Toronto Tempo,Phoenix Mercury,Kia Nurse,G,22,4-9,3-5,1-2,0,1,1,1,0,0,0,3,12,-18
20260627_PHX_TOR,"Saturday, June 27, 2026",regular_season,Toronto Tempo,Phoenix Mercury,Julie Allemand,G,39,4-6,3-5,0-0,0,7,7,10,0,1,2,0,11,-8
20260627_PHX_TOR,"Saturday, June 27, 2026",regular_season,Toronto Tempo,Phoenix Mercury,Laura Juskaite,F,11,0-1,0-0,0-0,0,4,4,1,0,0,2,2,0,+6
20260627_PHX_TOR,"Saturday, June 27, 2026",regular_season,Toronto Tempo,Phoenix Mercury,Temi Fagbenle,C,19,4-6,0-1,0-2,1,3,4,3,0,0,0,2,8,-1
20260627_PHX_TOR,"Saturday, June 27, 2026",regular_season,Toronto Tempo,Phoenix Mercury,Tima Pouye,G,20,5-10,3-7,0-0,1,1,2,4,1,0,1,5,13,+6
20260627_PHX_TOR,"Saturday, June 27, 2026",regular_season,Toronto Tempo,Phoenix Mercury,Teonni Key,F,,,,,,,,,,,,,,
20260627_PHX_TOR,"Saturday, June 27, 2026",regular_season,Toronto Tempo,Phoenix Mercury,Brittney Sykes,G,,,,,,,,,,,,,,
20260627_PHX_TOR,"Saturday, June 27, 2026",regular_season,Toronto Tempo,Phoenix Mercury,Marina Mabrey,G,,,,,,,,,,,,,,
20260627_PHX_TOR,"Saturday, June 27, 2026",regular_season,Toronto Tempo,Phoenix Mercury,Kiki Rice,G,,,,,,,,,,,,,,
20260628_LA_IND,"Sunday, June 28, 2026",regular_season,Los Angeles Sparks,Indiana Fever,Nneka Ogwumike,F,26,7-13,0-3,3-4,0,7,7,2,1,2,3,0,17,-13
20260628_LA_IND,"Sunday, June 28, 2026",regular_season,Los Angeles Sparks,Indiana Fever,Dearica Hamby,F,26,6-14,0-1,3-4,2,2,4,4,0,0,2,6,15,-37
20260628_LA_IND,"Sunday, June 28, 2026",regular_season,Los Angeles Sparks,Indiana Fever,Erica Wheeler,G,21,1-3,0-2,0-0,0,0,0,5,0,1,2,2,2,-23
20260628_LA_IND,"Sunday, June 28, 2026",regular_season,Los Angeles Sparks,Indiana Fever,Ariel Atkins,G,22,5-8,2-2,0-0,1,2,3,3,1,0,0,4,12,-12
20260628_LA_IND,"Sunday, June 28, 2026",regular_season,Los Angeles Sparks,Indiana Fever,Rae Burrell,G,28,4-15,0-3,3-4,1,1,2,1,0,0,2,4,11,-24
20260628_LA_IND,"Sunday, June 28, 2026",regular_season,Los Angeles Sparks,Indiana Fever,Emma Cannon,F,7,1-2,1-2,3-4,0,1,1,1,0,0,0,2,6,+2
20260628_LA_IND,"Sunday, June 28, 2026",regular_season,Los Angeles Sparks,Indiana Fever,Jihyun Park,F,24,3-6,1-3,1-1,0,4,4,1,1,1,0,1,8,-11
20260628_LA_IND,"Sunday, June 28, 2026",regular_season,Los Angeles Sparks,Indiana Fever,Laura Ziegler,F,8,1-2,0-0,2-2,0,1,1,0,1,0,0,2,4,+4
20260628_LA_IND,"Sunday, June 28, 2026",regular_season,Los Angeles Sparks,Indiana Fever,Kiana Williams,G,19,2-7,0-3,0-0,0,1,1,0,0,0,0,1,4,-1
20260628_LA_IND,"Sunday, June 28, 2026",regular_season,Los Angeles Sparks,Indiana Fever,Ta'Niya Latson,G,7,1-3,0-0,0-0,1,1,2,0,0,0,0,0,2,0
20260628_LA_IND,"Sunday, June 28, 2026",regular_season,Los Angeles Sparks,Indiana Fever,Chance Gray,G,11,2-4,0-1,2-2,0,0,0,4,0,0,0,1,6,-5
20260628_LA_IND,"Sunday, June 28, 2026",regular_season,Los Angeles Sparks,Indiana Fever,Cameron Brink,F,,,,,,,,,,,,,,
20260628_LA_IND,"Sunday, June 28, 2026",regular_season,Los Angeles Sparks,Indiana Fever,Kelsey Plum,G,,,,,,,,,,,,,,
20260628_LA_IND,"Sunday, June 28, 2026",regular_season,Indiana Fever,Los Angeles Sparks,Monique Billings,F,22,6-10,0-0,3-5,3,3,6,2,2,0,0,2,15,+38
20260628_LA_IND,"Sunday, June 28, 2026",regular_season,Indiana Fever,Los Angeles Sparks,Aliyah Boston,C,21,5-6,1-1,6-6,2,5,7,3,0,3,2,2,17,+23
20260628_LA_IND,"Sunday, June 28, 2026",regular_season,Indiana Fever,Los Angeles Sparks,Kelsey Mitchell,G,26,9-13,4-6,4-4,0,3,3,2,0,0,2,2,26,+30
20260628_LA_IND,"Sunday, June 28, 2026",regular_season,Indiana Fever,Los Angeles Sparks,Tyasha Harris,G,30,5-8,2-4,4-5,0,5,5,3,0,0,2,0,16,+27
20260628_LA_IND,"Sunday, June 28, 2026",regular_season,Indiana Fever,Los Angeles Sparks,Lexie Hull,G,22,2-7,1-4,0-0,1,6,7,3,1,1,0,5,5,+21
20260628_LA_IND,"Sunday, June 28, 2026",regular_season,Indiana Fever,Los Angeles Sparks,Myisha Hines-Allen,F,9,3-6,0-0,1-2,1,2,3,3,1,1,1,2,7,-2
20260628_LA_IND,"Sunday, June 28, 2026",regular_season,Indiana Fever,Los Angeles Sparks,Makayla Timpson,F,10,0-0,0-0,5-6,1,1,2,0,1,0,0,1,5,-6
20260628_LA_IND,"Sunday, June 28, 2026",regular_season,Indiana Fever,Los Angeles Sparks,Grace VanSlooten,F,5,2-2,0-0,0-0,0,1,1,1,0,1,0,1,4,-6
20260628_LA_IND,"Sunday, June 28, 2026",regular_season,Indiana Fever,Los Angeles Sparks,Damiris Dantas,C,4,0-4,0-1,0-0,0,1,1,1,0,0,1,2,0,-8
20260628_LA_IND,"Sunday, June 28, 2026",regular_season,Indiana Fever,Los Angeles Sparks,Sophie Cunningham,G,20,2-4,1-1,4-5,0,2,2,1,1,0,1,3,9,+8
20260628_LA_IND,"Sunday, June 28, 2026",regular_season,Indiana Fever,Los Angeles Sparks,Raven Johnson,G,21,1-2,0-1,0-0,1,2,3,4,0,0,3,4,2,-1
20260628_LA_IND,"Sunday, June 28, 2026",regular_season,Indiana Fever,Los Angeles Sparks,Bree Hall,G,10,2-5,1-1,0-0,0,1,1,0,0,0,0,0,5,-4
20260628_LA_IND,"Sunday, June 28, 2026",regular_season,Indiana Fever,Los Angeles Sparks,Caitlin Clark,G,,,,,,,,,,,,,,
20260628_ATL_SEA,"Sunday, June 28, 2026",regular_season,Atlanta Dream,Seattle Storm,Angel Reese,F,32,4-10,0-0,9-11,1,8,9,0,2,0,4,1,17,-10
20260628_ATL_SEA,"Sunday, June 28, 2026",regular_season,Atlanta Dream,Seattle Storm,Madina Okot,C,11,2-4,0-0,2-2,3,2,5,0,0,0,2,1,6,-16
20260628_ATL_SEA,"Sunday, June 28, 2026",regular_season,Atlanta Dream,Seattle Storm,Allisha Gray,G,35,5-16,1-7,4-4,1,2,3,2,1,0,1,5,15,-20
20260628_ATL_SEA,"Sunday, June 28, 2026",regular_season,Atlanta Dream,Seattle Storm,Jordin Canada,G,36,3-5,0-1,2-2,1,3,4,10,1,0,3,4,8,-16
20260628_ATL_SEA,"Sunday, June 28, 2026",regular_season,Atlanta Dream,Seattle Storm,Rhyne Howard,G,38,10-17,4-10,3-3,0,0,0,3,1,0,1,1,27,-17
20260628_ATL_SEA,"Sunday, June 28, 2026",regular_season,Atlanta Dream,Seattle Storm,Amy Okonkwo,F,1,0-1,0-1,1-2,0,1,1,0,0,0,0,1,1,0
20260628_ATL_SEA,"Sunday, June 28, 2026",regular_season,Atlanta Dream,Seattle Storm,Sika Kone,F,14,2-5,0-2,2-2,0,2,2,2,0,0,0,1,6,+7
20260628_ATL_SEA,"Sunday, June 28, 2026",regular_season,Atlanta Dream,Seattle Storm,Te-Hina Paopao,G,18,1-6,1-5,0-0,0,0,0,4,1,0,0,1,3,+2
20260628_ATL_SEA,"Sunday, June 28, 2026",regular_season,Atlanta Dream,Seattle Storm,Indya Nivar,G,1,0-0,0-0,0-0,0,0,0,0,0,0,1,1,0,0
20260628_ATL_SEA,"Sunday, June 28, 2026",regular_season,Atlanta Dream,Seattle Storm,Isobel Borlase,G,14,3-6,1-3,0-0,0,2,2,1,1,0,1,2,7,-5
20260628_ATL_SEA,"Sunday, June 28, 2026",regular_season,Atlanta Dream,Seattle Storm,Brionna Jones,F,,,,,,,,,,,,,,
20260628_ATL_SEA,"Sunday, June 28, 2026",regular_season,Atlanta Dream,Seattle Storm,Naz Hillmon,F,,,,,,,,,,,,,,
20260628_ATL_SEA,"Sunday, June 28, 2026",regular_season,Atlanta Dream,Seattle Storm,Aaliyah Nye,G,,,,,,,,,,,,,,
20260628_ATL_SEA,"Sunday, June 28, 2026",regular_season,Seattle Storm,Atlanta Dream,Dominique Malonga,C,28,7-13,1-2,1-2,1,10,11,3,2,3,6,6,16,+11
20260628_ATL_SEA,"Sunday, June 28, 2026",regular_season,Seattle Storm,Atlanta Dream,Awa Fam,C,28,8-9,5-6,0-0,1,0,1,1,0,1,4,4,21,+15
20260628_ATL_SEA,"Sunday, June 28, 2026",regular_season,Seattle Storm,Atlanta Dream,Natisha Hiedeman,G,31,6-10,2-5,6-6,0,2,2,6,0,0,1,1,20,+16
20260628_ATL_SEA,"Sunday, June 28, 2026",regular_season,Seattle Storm,Atlanta Dream,Flau'jae Johnson,G,33,9-12,2-3,4-5,2,9,11,4,2,0,4,3,24,+12
20260628_ATL_SEA,"Sunday, June 28, 2026",regular_season,Seattle Storm,Atlanta Dream,Jade Melbourne,G,31,4-9,2-2,0-0,1,3,4,5,1,0,0,2,10,+25
20260628_ATL_SEA,"Sunday, June 28, 2026",regular_season,Seattle Storm,Atlanta Dream,Katie Lou Samuelson,F,17,0-4,0-3,2-2,1,1,2,3,0,0,0,0,2,+10
20260628_ATL_SEA,"Sunday, June 28, 2026",regular_season,Seattle Storm,Atlanta Dream,Mackenzie Holmes,F,1,0-0,0-0,1-2,0,0,0,0,0,0,0,0,1,0
20260628_ATL_SEA,"Sunday, June 28, 2026",regular_season,Seattle Storm,Atlanta Dream,Taylor Thierry,F,6,0-1,0-0,0-0,0,0,0,0,0,0,0,0,0,-5
20260628_ATL_SEA,"Sunday, June 28, 2026",regular_season,Seattle Storm,Atlanta Dream,Stefanie Dolson,C,13,2-3,1-1,0-0,2,0,2,3,0,0,1,4,5,-5
20260628_ATL_SEA,"Sunday, June 28, 2026",regular_season,Seattle Storm,Atlanta Dream,Zia Cooke,G,11,2-2,1-1,1-3,0,1,1,2,0,0,1,1,6,-4
20260628_ATL_SEA,"Sunday, June 28, 2026",regular_season,Seattle Storm,Atlanta Dream,Ezi Magbegor,F,,,,,,,,,,,,,,
20260628_ATL_SEA,"Sunday, June 28, 2026",regular_season,Seattle Storm,Atlanta Dream,Jordan Horston,F,,,,,,,,,,,,,,
20260628_MIN_DAL,"Sunday, June 28, 2026",regular_season,Minnesota Lynx,Dallas Wings,Natasha Howard,F,36,9-17,0-0,3-4,4,10,14,2,3,1,0,2,21,+13
20260628_MIN_DAL,"Sunday, June 28, 2026",regular_season,Minnesota Lynx,Dallas Wings,Nia Coffey,F,34,3-7,2-3,1-2,3,5,8,2,2,1,0,3,9,+4
20260628_MIN_DAL,"Sunday, June 28, 2026",regular_season,Minnesota Lynx,Dallas Wings,Kayla McBride,G,38,6-16,4-10,1-1,0,1,1,2,0,0,1,2,17,+6
20260628_MIN_DAL,"Sunday, June 28, 2026",regular_season,Minnesota Lynx,Dallas Wings,Courtney Williams,G,36,5-16,1-5,1-2,0,5,5,4,2,1,2,2,12,+6
20260628_MIN_DAL,"Sunday, June 28, 2026",regular_season,Minnesota Lynx,Dallas Wings,Olivia Miles,G,34,6-13,1-4,8-8,1,2,3,8,1,1,5,2,21,+13
20260628_MIN_DAL,"Sunday, June 28, 2026",regular_season,Minnesota Lynx,Dallas Wings,Liatu King,F,6,0-0,0-0,0-0,1,1,2,0,0,0,1,2,0,-9
20260628_MIN_DAL,"Sunday, June 28, 2026",regular_season,Minnesota Lynx,Dallas Wings,Antonia Delaere,F,2,0-0,0-0,0-0,0,0,0,0,0,0,1,1,0,+2
20260628_MIN_DAL,"Sunday, June 28, 2026",regular_season,Minnesota Lynx,Dallas Wings,Anastasiia Olairi Kosu,F,4,0-0,0-0,0-0,0,0,0,0,0,1,0,0,0,+8
20260628_MIN_DAL,"Sunday, June 28, 2026",regular_season,Minnesota Lynx,Dallas Wings,Maya Caldwell,G,10,2-3,1-1,0-0,0,3,3,1,1,0,0,1,5,-3
20260628_MIN_DAL,"Sunday, June 28, 2026",regular_season,Dallas Wings,Minnesota Lynx,Jessica Shepard,F,35,4-6,0-0,0-0,5,11,16,3,0,0,3,4,8,-13
20260628_MIN_DAL,"Sunday, June 28, 2026",regular_season,Dallas Wings,Minnesota Lynx,Awak Kuier,F,16,1-5,0-2,0-0,0,3,3,0,0,1,1,0,2,-11
20260628_MIN_DAL,"Sunday, June 28, 2026",regular_season,Dallas Wings,Minnesota Lynx,Arike Ogunbowale,G,26,1-9,1-3,2-2,1,3,4,0,1,0,2,1,5,-14
20260628_MIN_DAL,"Sunday, June 28, 2026",regular_season,Dallas Wings,Minnesota Lynx,Paige Bueckers,G,36,10-17,2-4,3-3,0,3,3,4,1,1,4,3,25,-3
20260628_MIN_DAL,"Sunday, June 28, 2026",regular_season,Dallas Wings,Minnesota Lynx,Azzi Fudd,G,38,8-23,4-9,1-1,1,0,1,3,4,1,2,3,21,-2
20260628_MIN_DAL,"Sunday, June 28, 2026",regular_season,Dallas Wings,Minnesota Lynx,Maddy Siegrist,F,24,3-4,0-1,6-7,3,2,5,2,0,0,1,2,12,+3
20260628_MIN_DAL,"Sunday, June 28, 2026",regular_season,Dallas Wings,Minnesota Lynx,Li Yueru,C,5,0-2,0-1,0-0,1,3,4,0,0,0,1,1,0,+5
20260628_MIN_DAL,"Sunday, June 28, 2026",regular_season,Dallas Wings,Minnesota Lynx,Sug Sutton,G,9,1-4,0-2,0-0,0,1,1,1,1,0,0,0,2,-4
20260628_MIN_DAL,"Sunday, June 28, 2026",regular_season,Dallas Wings,Minnesota Lynx,Aziaha James,G,11,0-4,0-1,2-2,0,1,1,0,0,0,1,1,2,-1
20260628_MIN_DAL,"Sunday, June 28, 2026",regular_season,Dallas Wings,Minnesota Lynx,Alysha Clark,F,,,,,,,,,,,,,,
20260628_MIN_DAL,"Sunday, June 28, 2026",regular_season,Dallas Wings,Minnesota Lynx,Haley Jones,G,,,,,,,,,,,,,,
20260628_POR_WSH,"Sunday, June 28, 2026",regular_season,Portland Fire,Washington Mystics,Bridget Carleton,F,51,5-13,3-7,3-3,0,3,3,2,3,2,3,6,16,-1
20260628_POR_WSH,"Sunday, June 28, 2026",regular_season,Portland Fire,Washington Mystics,Emily Engstler,F,38,3-11,0-4,0-0,0,11,11,2,2,3,3,6,6,-7
20260628_POR_WSH,"Sunday, June 28, 2026",regular_season,Portland Fire,Washington Mystics,Megan DiLeo,C,46,7-14,4-7,2-2,2,3,5,4,3,1,2,6,20,-13
20260628_POR_WSH,"Sunday, June 28, 2026",regular_season,Portland Fire,Washington Mystics,Sarah Ashlee Barker,G,46,10-16,1-4,4-4,1,5,6,3,0,0,5,5,25,-20
20260628_POR_WSH,"Sunday, June 28, 2026",regular_season,Portland Fire,Washington Mystics,Carla Leite,G,48,12-26,3-6,5-6,3,3,6,9,3,0,6,5,32,-9
20260628_POR_WSH,"Sunday, June 28, 2026",regular_season,Portland Fire,Washington Mystics,Frieda Buhner,F,22,3-10,1-6,2-2,1,0,1,1,1,1,0,3,9,+6
20260628_POR_WSH,"Sunday, June 28, 2026",regular_season,Portland Fire,Washington Mystics,Nyadiew Puoch,F,19,3-6,2-4,1-2,1,1,2,1,0,0,0,3,9,+10
20260628_POR_WSH,"Sunday, June 28, 2026",regular_season,Portland Fire,Washington Mystics,Serah Williams,C,14,1-3,0-0,2-2,4,3,7,0,0,0,0,2,4,+12
20260628_POR_WSH,"Sunday, June 28, 2026",regular_season,Portland Fire,Washington Mystics,Jordan Harrison,G,7,0-0,0-0,0-0,0,0,0,4,0,1,0,2,0,+12
20260628_POR_WSH,"Sunday, June 28, 2026",regular_season,Portland Fire,Washington Mystics,Teja Oblak,G,9,1-2,0-1,0-0,0,3,3,3,0,0,3,1,2,+5
20260628_POR_WSH,"Sunday, June 28, 2026",regular_season,Portland Fire,Washington Mystics,Luisa Geiselsoder,C,,,,,,,,,,,,,,
20260628_POR_WSH,"Sunday, June 28, 2026",regular_season,Portland Fire,Washington Mystics,Holly Winterburn,G,,,,,,,,,,,,,,
20260628_POR_WSH,"Sunday, June 28, 2026",regular_season,Washington Mystics,Portland Fire,Michaela Onyenwere,F,49,9-16,6-9,6-6,2,3,5,5,1,1,1,2,30,+10
20260628_POR_WSH,"Sunday, June 28, 2026",regular_season,Washington Mystics,Portland Fire,Kiki Iriafen,F,48,11-25,1-2,4-9,3,8,11,6,2,1,2,6,27,+19
20260628_POR_WSH,"Sunday, June 28, 2026",regular_season,Washington Mystics,Portland Fire,Shakira Austin,C,47,3-9,1-3,2-2,4,9,13,6,0,4,1,1,9,+5
20260628_POR_WSH,"Sunday, June 28, 2026",regular_season,Washington Mystics,Portland Fire,Sonia Citron,G,53,9-20,1-7,13-14,0,6,6,4,1,1,8,3,32,+16
20260628_POR_WSH,"Sunday, June 28, 2026",regular_season,Washington Mystics,Portland Fire,Georgia Amoore,G,12,0-3,0-3,2-2,0,0,0,3,0,0,1,2,2,-1
20260628_POR_WSH,"Sunday, June 28, 2026",regular_season,Washington Mystics,Portland Fire,Angela Dugalic,F,11,1-3,0-1,1-2,1,1,2,0,0,1,2,1,3,-19
20260628_POR_WSH,"Sunday, June 28, 2026",regular_season,Washington Mystics,Portland Fire,Lauren Betts,C,13,2-6,0-0,0-2,2,0,2,1,1,0,0,1,4,-4
20260628_POR_WSH,"Sunday, June 28, 2026",regular_season,Washington Mystics,Portland Fire,Lucy Olsen,G,14,1-4,0-1,2-2,0,2,2,1,0,0,0,3,4,+1
20260628_POR_WSH,"Sunday, June 28, 2026",regular_season,Washington Mystics,Portland Fire,Cotie McMahon,G,21,2-5,1-3,0-0,0,1,1,2,0,0,0,3,5,-23
20260628_POR_WSH,"Sunday, June 28, 2026",regular_season,Washington Mystics,Portland Fire,Alicia Florez,G,34,4-7,0-0,0-2,0,3,3,4,5,1,2,1,8,+1
20260628_POR_WSH,"Sunday, June 28, 2026",regular_season,Washington Mystics,Portland Fire,Rori Harmon,G,,,,,,,,,,,,,,
20260628_POR_WSH,"Sunday, June 28, 2026",regular_season,Washington Mystics,Portland Fire,Darianna Littlepage-Buggs,G,,,,,,,,,,,,,,
20260628_POR_WSH,"Sunday, June 28, 2026",regular_season,Washington Mystics,Portland Fire,Cassandre Prosper,G,,,,,,,,,,,,,,
20260628_LV_CHI,"Sunday, June 28, 2026",regular_season,Las Vegas Aces,Chicago Sky,Stephanie Talbot,F,20,1-2,0-1,1-2,1,0,1,0,2,0,1,3,3,-8
20260628_LV_CHI,"Sunday, June 28, 2026",regular_season,Las Vegas Aces,Chicago Sky,NaLyssa Smith,F,14,2-6,0-0,2-3,0,1,1,2,1,1,1,5,6,+2
20260628_LV_CHI,"Sunday, June 28, 2026",regular_season,Las Vegas Aces,Chicago Sky,A'ja Wilson,C,34,8-14,1-3,13-16,4,11,15,1,4,3,4,2,30,+9
20260628_LV_CHI,"Sunday, June 28, 2026",regular_season,Las Vegas Aces,Chicago Sky,Chelsea Gray,G,35,6-9,1-3,5-5,0,6,6,8,0,0,3,3,18,+5
20260628_LV_CHI,"Sunday, June 28, 2026",regular_season,Las Vegas Aces,Chicago Sky,Jackie Young,G,36,9-14,4-6,6-6,0,5,5,8,0,0,1,2,28,+6
20260628_LV_CHI,"Sunday, June 28, 2026",regular_season,Las Vegas Aces,Chicago Sky,Cheyenne Parker-Tyus,F,4,0-1,0-0,0-0,0,1,1,0,0,0,0,0,0,-3
20260628_LV_CHI,"Sunday, June 28, 2026",regular_season,Las Vegas Aces,Chicago Sky,Brianna Turner,F,4,0-0,0-0,0-0,0,1,1,0,0,0,0,0,0,+5
20260628_LV_CHI,"Sunday, June 28, 2026",regular_season,Las Vegas Aces,Chicago Sky,Kierstan Bell,F,10,2-4,1-3,0-0,0,0,0,0,0,0,0,1,5,+10
20260628_LV_CHI,"Sunday, June 28, 2026",regular_season,Las Vegas Aces,Chicago Sky,Jewell Loyd,G,28,2-7,2-7,0-0,0,1,1,0,2,0,0,3,6,+6
20260628_LV_CHI,"Sunday, June 28, 2026",regular_season,Las Vegas Aces,Chicago Sky,Chennedy Carter,G,16,3-6,1-2,4-5,1,0,1,1,0,0,1,2,11,+8
20260628_LV_CHI,"Sunday, June 28, 2026",regular_season,Las Vegas Aces,Chicago Sky,Janiah Barker,F,,,,,,,,,,,,,,
20260628_LV_CHI,"Sunday, June 28, 2026",regular_season,Las Vegas Aces,Chicago Sky,Dana Evans,G,,,,,,,,,,,,,,
20260628_LV_CHI,"Sunday, June 28, 2026",regular_season,Chicago Sky,Las Vegas Aces,Azura Stevens,F,30,8-14,3-6,5-7,2,4,6,3,2,0,1,4,24,-1
20260628_LV_CHI,"Sunday, June 28, 2026",regular_season,Chicago Sky,Las Vegas Aces,Kamilla Cardoso,C,30,10-15,0-0,4-4,3,5,8,2,2,0,1,4,24,-7
20260628_LV_CHI,"Sunday, June 28, 2026",regular_season,Chicago Sky,Las Vegas Aces,Skylar Diggins,G,28,2-11,2-5,1-5,0,6,6,5,0,0,2,4,7,-14
20260628_LV_CHI,"Sunday, June 28, 2026",regular_season,Chicago Sky,Las Vegas Aces,Sydney Taylor,G,32,6-13,2-6,0-0,0,3,3,0,2,1,4,3,14,-10
20260628_LV_CHI,"Sunday, June 28, 2026",regular_season,Chicago Sky,Las Vegas Aces,Gabriela Jaquez,G,12,1-3,0-0,0-0,2,1,3,2,1,0,0,1,2,-8
20260628_LV_CHI,"Sunday, June 28, 2026",regular_season,Chicago Sky,Las Vegas Aces,Elizabeth Williams,C,10,5-7,0-0,0-1,1,2,3,1,0,0,0,1,10,-1
20260628_LV_CHI,"Sunday, June 28, 2026",regular_season,Chicago Sky,Las Vegas Aces,Courtney Vandersloot,G,16,0-4,0-1,5-6,1,3,4,8,1,0,1,1,5,+9
20260628_LV_CHI,"Sunday, June 28, 2026",regular_season,Chicago Sky,Las Vegas Aces,Natasha Cloud,G,23,2-4,1-2,1-2,1,1,2,4,0,0,2,5,6,-6
20260628_LV_CHI,"Sunday, June 28, 2026",regular_season,Chicago Sky,Las Vegas Aces,Jacy Sheldon,G,11,2-6,1-3,0-0,1,0,1,2,0,0,0,2,5,+9
20260628_LV_CHI,"Sunday, June 28, 2026",regular_season,Chicago Sky,Las Vegas Aces,Aicha Coulibaly,G,9,1-3,0-1,0-0,0,0,0,0,0,0,0,1,2,-11
20260628_LV_CHI,"Sunday, June 28, 2026",regular_season,Chicago Sky,Las Vegas Aces,Rachel Banham,G,,,,,,,,,,,,,,
20260628_LV_CHI,"Sunday, June 28, 2026",regular_season,Chicago Sky,Las Vegas Aces,DiJonai Carrington,G,,,,,,,,,,,,,,
20260628_NY_GS,"Sunday, June 28, 2026",regular_season,New York Liberty,Golden State Valkyries,Breanna Stewart,F,26,4-11,1-3,6-6,0,4,4,0,1,0,3,3,15,-10
20260628_NY_GS,"Sunday, June 28, 2026",regular_season,New York Liberty,Golden State Valkyries,Leonie Fiebich,F,31,3-4,0-1,0-0,0,0,0,1,1,0,0,2,6,-17
20260628_NY_GS,"Sunday, June 28, 2026",regular_season,New York Liberty,Golden State Valkyries,Jonquel Jones,C,27,5-8,3-6,8-10,0,7,7,2,0,0,3,4,21,-9
20260628_NY_GS,"Sunday, June 28, 2026",regular_season,New York Liberty,Golden State Valkyries,Sabrina Ionescu,G,26,3-10,2-6,1-1,0,3,3,2,0,0,1,1,9,-23
20260628_NY_GS,"Sunday, June 28, 2026",regular_season,New York Liberty,Golden State Valkyries,Pauline Astier,G,23,2-6,1-2,0-0,0,0,0,4,1,0,0,4,5,-12
20260628_NY_GS,"Sunday, June 28, 2026",regular_season,New York Liberty,Golden State Valkyries,Raquel Carrera,F,8,0-0,0-0,0-2,1,3,4,0,1,0,1,2,0,+6
20260628_NY_GS,"Sunday, June 28, 2026",regular_season,New York Liberty,Golden State Valkyries,Han Xu,C,10,1-1,1-1,1-2,0,0,0,0,0,0,0,0,4,+7
20260628_NY_GS,"Sunday, June 28, 2026",regular_season,New York Liberty,Golden State Valkyries,Rebekah Gardner,G,15,2-6,0-1,0-0,3,2,5,1,0,0,0,1,4,+1
20260628_NY_GS,"Sunday, June 28, 2026",regular_season,New York Liberty,Golden State Valkyries,Betnijah Laney-Hamilton,G,13,0-0,0-0,0-0,0,0,0,1,0,0,1,2,0,-13
20260628_NY_GS,"Sunday, June 28, 2026",regular_season,New York Liberty,Golden State Valkyries,Rebecca Allen,G,4,0-1,0-1,0-0,0,0,0,0,0,1,0,0,0,+8
20260628_NY_GS,"Sunday, June 28, 2026",regular_season,New York Liberty,Golden State Valkyries,Marine Johannes,G,18,1-5,1-4,0-0,0,1,1,3,1,1,2,2,3,+17
20260628_NY_GS,"Sunday, June 28, 2026",regular_season,Golden State Valkyries,New York Liberty,Kayla Thornton,F,26,4-7,2-5,1-1,0,4,4,0,0,0,2,4,11,+16
20260628_NY_GS,"Sunday, June 28, 2026",regular_season,Golden State Valkyries,New York Liberty,Gabby Williams,F,20,2-9,1-4,2-5,0,2,2,1,0,0,2,0,7,+9
20260628_NY_GS,"Sunday, June 28, 2026",regular_season,Golden State Valkyries,New York Liberty,Cecilia Zandalasini,F,17,3-5,1-3,3-3,0,2,2,1,1,0,2,1,10,+8
20260628_NY_GS,"Sunday, June 28, 2026",regular_season,Golden State Valkyries,New York Liberty,Kiah Stokes,C,23,0-1,0-1,1-2,1,3,4,1,2,2,0,3,1,+3
20260628_NY_GS,"Sunday, June 28, 2026",regular_season,Golden State Valkyries,New York Liberty,Veronica Burton,G,27,3-7,1-1,1-1,1,5,6,8,0,0,0,2,8,+25
20260628_NY_GS,"Sunday, June 28, 2026",regular_season,Golden State Valkyries,New York Liberty,Laeticia Amihere,F,15,0-2,0-0,0-0,2,3,5,3,0,0,2,4,0,-1
20260628_NY_GS,"Sunday, June 28, 2026",regular_season,Golden State Valkyries,New York Liberty,Janelle Salaun,F,14,4-8,0-4,2-2,1,3,4,1,0,0,0,1,10,+7
20260628_NY_GS,"Sunday, June 28, 2026",regular_season,Golden State Valkyries,New York Liberty,Nadia Fingall,C,2,0-0,0-0,0-0,0,0,0,0,0,0,0,0,0,-7
20260628_NY_GS,"Sunday, June 28, 2026",regular_season,Golden State Valkyries,New York Liberty,Tiffany Hayes,G,18,3-8,2-5,0-0,1,0,1,2,2,0,0,3,8,+7
20260628_NY_GS,"Sunday, June 28, 2026",regular_season,Golden State Valkyries,New York Liberty,Kaila Charles,G,23,6-12,0-4,1-2,1,1,2,1,0,0,0,1,13,+1
20260628_NY_GS,"Sunday, June 28, 2026",regular_season,Golden State Valkyries,New York Liberty,Kaitlyn Chen,G,13,3-5,0-0,2-2,0,0,0,2,0,0,0,5,8,-16
20260628_NY_GS,"Sunday, June 28, 2026",regular_season,Golden State Valkyries,New York Liberty,Juste Jocyte,G,2,0-1,0-1,0-0,0,0,0,0,0,0,0,0,0,-7
20260630_LV_NY,"Tuesday, June 30, 2026",regular_season,Las Vegas Aces,New York Liberty,Stephanie Talbot,F,13,0-1,0-1,0-0,0,1,1,1,0,0,0,0,0,-11
20260630_LV_NY,"Tuesday, June 30, 2026",regular_season,Las Vegas Aces,New York Liberty,NaLyssa Smith,F,20,4-8,0-0,1-2,4,2,6,1,0,0,1,2,9,-13
20260630_LV_NY,"Tuesday, June 30, 2026",regular_season,Las Vegas Aces,New York Liberty,Chelsea Gray,G,36,3-12,1-4,0-0,0,3,3,7,0,0,5,5,7,0
20260630_LV_NY,"Tuesday, June 30, 2026",regular_season,Las Vegas Aces,New York Liberty,Jewell Loyd,G,32,2-9,1-7,0-1,0,3,3,0,3,0,0,3,5,-20
20260630_LV_NY,"Tuesday, June 30, 2026",regular_season,Las Vegas Aces,New York Liberty,Jackie Young,G,36,12-21,3-8,4-4,0,2,2,7,2,0,2,4,31,-6
20260630_LV_NY,"Tuesday, June 30, 2026",regular_season,Las Vegas Aces,New York Liberty,Cheyenne Parker-Tyus,F,19,3-8,0-2,2-2,4,4,8,2,1,0,0,4,8,0
20260630_LV_NY,"Tuesday, June 30, 2026",regular_season,Las Vegas Aces,New York Liberty,Brianna Turner,F,8,0-1,0-0,0-0,0,1,1,0,0,0,0,3,0,-7
20260630_LV_NY,"Tuesday, June 30, 2026",regular_season,Las Vegas Aces,New York Liberty,Kierstan Bell,F,11,3-5,1-3,0-0,1,2,3,0,0,0,0,0,7,+7
20260630_LV_NY,"Tuesday, June 30, 2026",regular_season,Las Vegas Aces,New York Liberty,Chennedy Carter,G,25,7-14,0-1,4-5,1,2,3,3,2,0,1,3,18,+10
20260630_LV_NY,"Tuesday, June 30, 2026",regular_season,New York Liberty,Las Vegas Aces,Breanna Stewart,F,35,9-16,0-1,7-9,4,7,11,4,2,2,3,2,25,+13
20260630_LV_NY,"Tuesday, June 30, 2026",regular_season,New York Liberty,Las Vegas Aces,Leonie Fiebich,F,33,1-5,0-1,0-1,2,6,8,2,1,1,1,5,2,+17
20260630_LV_NY,"Tuesday, June 30, 2026",regular_season,New York Liberty,Las Vegas Aces,Jonquel Jones,C,33,1-6,0-4,7-8,1,8,9,3,0,2,0,3,9,+17
20260630_LV_NY,"Tuesday, June 30, 2026",regular_season,New York Liberty,Las Vegas Aces,Sabrina Ionescu,G,31,9-19,5-13,3-4,1,4,5,5,0,0,3,3,26,+19
20260630_LV_NY,"Tuesday, June 30, 2026",regular_season,New York Liberty,Las Vegas Aces,Pauline Astier,G,31,5-8,1-1,4-4,2,3,5,4,0,0,2,4,15,+10
20260630_LV_NY,"Tuesday, June 30, 2026",regular_season,New York Liberty,Las Vegas Aces,Raquel Carrera,F,6,0-0,0-0,2-2,0,0,0,0,0,0,2,2,2,-7
20260630_LV_NY,"Tuesday, June 30, 2026",regular_season,New York Liberty,Las Vegas Aces,Rebekah Gardner,G,12,3-5,0-1,1-1,0,1,1,0,1,0,2,0,7,-16
20260630_LV_NY,"Tuesday, June 30, 2026",regular_season,New York Liberty,Las Vegas Aces,Marine Johannes,G,19,3-7,1-4,0-0,0,3,3,0,2,0,0,0,7,-13
20260630_LV_NY,"Tuesday, June 30, 2026",regular_season,New York Liberty,Las Vegas Aces,Han Xu,C,,,,,,,,,,,,,,
20260630_LV_NY,"Tuesday, June 30, 2026",regular_season,New York Liberty,Las Vegas Aces,Betnijah Laney-Hamilton,G,,,,,,,,,,,,,,
20260630_LV_NY,"Tuesday, June 30, 2026",regular_season,New York Liberty,Las Vegas Aces,Rebecca Allen,G,,,,,,,,,,,,,,
20260702_ATL_WSH,"Thursday, July 02, 2026",regular_season,Atlanta Dream,Washington Mystics,Angel Reese,F,34,6-15,0-0,1-3,6,7,13,3,2,1,2,5,13,0
20260702_ATL_WSH,"Thursday, July 02, 2026",regular_season,Atlanta Dream,Washington Mystics,Sika Kone,F,13,0-2,0-2,0-0,2,0,2,0,0,0,1,2,0,-6
20260702_ATL_WSH,"Thursday, July 02, 2026",regular_season,Atlanta Dream,Washington Mystics,Allisha Gray,G,33,7-15,0-4,3-8,2,2,4,3,2,1,2,2,17,-3
20260702_ATL_WSH,"Thursday, July 02, 2026",regular_season,Atlanta Dream,Washington Mystics,Jordin Canada,G,34,4-11,0-2,2-2,0,3,3,7,2,0,2,5,10,+2
20260702_ATL_WSH,"Thursday, July 02, 2026",regular_season,Atlanta Dream,Washington Mystics,Rhyne Howard,G,38,8-20,5-13,3-3,0,2,2,3,4,0,2,2,24,-4
20260702_ATL_WSH,"Thursday, July 02, 2026",regular_season,Atlanta Dream,Washington Mystics,Naz Hillmon,F,26,1-5,1-5,2-2,4,1,5,1,1,1,2,2,5,+1
20260702_ATL_WSH,"Thursday, July 02, 2026",regular_season,Atlanta Dream,Washington Mystics,Madina Okot,C,8,2-4,0-0,0-0,2,1,3,0,0,0,1,2,4,-5
20260702_ATL_WSH,"Thursday, July 02, 2026",regular_season,Atlanta Dream,Washington Mystics,Te-Hina Paopao,G,6,0-3,0-2,0-0,0,1,1,1,0,0,0,0,0,-5
20260702_ATL_WSH,"Thursday, July 02, 2026",regular_season,Atlanta Dream,Washington Mystics,Indya Nivar,G,1,0-1,0-0,0-0,0,0,0,0,0,0,0,1,0,-2
20260702_ATL_WSH,"Thursday, July 02, 2026",regular_season,Atlanta Dream,Washington Mystics,Isobel Borlase,G,8,1-3,1-2,0-0,0,0,0,1,1,0,3,2,3,-3
20260702_ATL_WSH,"Thursday, July 02, 2026",regular_season,Atlanta Dream,Washington Mystics,Brionna Jones,F,,,,,,,,,,,,,,
20260702_ATL_WSH,"Thursday, July 02, 2026",regular_season,Atlanta Dream,Washington Mystics,Aaliyah Nye,G,,,,,,,,,,,,,,
20260702_ATL_WSH,"Thursday, July 02, 2026",regular_season,Washington Mystics,Atlanta Dream,Michaela Onyenwere,F,24,2-6,0-0,0-0,0,3,3,3,0,0,3,2,4,-6
20260702_ATL_WSH,"Thursday, July 02, 2026",regular_season,Washington Mystics,Atlanta Dream,Kiki Iriafen,F,30,5-8,1-2,3-4,3,7,10,2,1,0,5,4,14,+1
20260702_ATL_WSH,"Thursday, July 02, 2026",regular_season,Washington Mystics,Atlanta Dream,Shakira Austin,C,30,9-14,2-2,1-5,1,8,9,3,0,3,3,3,21,-3
20260702_ATL_WSH,"Thursday, July 02, 2026",regular_season,Washington Mystics,Atlanta Dream,Cotie McMahon,G,33,2-7,2-5,1-2,1,2,3,2,1,0,4,4,7,-1
20260702_ATL_WSH,"Thursday, July 02, 2026",regular_season,Washington Mystics,Atlanta Dream,Georgia Amoore,G,13,3-4,1-1,4-4,0,1,1,0,0,0,1,3,11,-11
20260702_ATL_WSH,"Thursday, July 02, 2026",regular_season,Washington Mystics,Atlanta Dream,Angela Dugalic,F,8,1-2,0-0,0-2,0,0,0,1,0,0,0,0,2,+3
20260702_ATL_WSH,"Thursday, July 02, 2026",regular_season,Washington Mystics,Atlanta Dream,Lauren Betts,C,12,2-2,0-0,0-0,1,3,4,1,0,0,3,1,4,+6
20260702_ATL_WSH,"Thursday, July 02, 2026",regular_season,Washington Mystics,Atlanta Dream,Lucy Olsen,G,5,1-1,1-1,0-0,0,0,0,0,0,0,2,0,3,+7
20260702_ATL_WSH,"Thursday, July 02, 2026",regular_season,Washington Mystics,Atlanta Dream,Cassandre Prosper,G,18,1-4,0-2,0-0,1,1,2,1,0,0,1,3,2,+13
20260702_ATL_WSH,"Thursday, July 02, 2026",regular_season,Washington Mystics,Atlanta Dream,Alicia Florez,G,27,5-8,2-3,1-2,1,5,6,7,0,0,4,2,13,+16
20260702_ATL_WSH,"Thursday, July 02, 2026",regular_season,Washington Mystics,Atlanta Dream,Rori Harmon,G,,,,,,,,,,,,,,
20260702_ATL_WSH,"Thursday, July 02, 2026",regular_season,Washington Mystics,Atlanta Dream,Sonia Citron,G,,,,,,,,,,,,,,
20260702_ATL_WSH,"Thursday, July 02, 2026",regular_season,Washington Mystics,Atlanta Dream,Darianna Littlepage-Buggs,G,,,,,,,,,,,,,,
20260703_DAL_CON,"Friday, July 03, 2026",regular_season,Dallas Wings,Connecticut Sun,Jessica Shepard,F,30,6-10,0-0,2-4,1,5,6,1,1,0,2,3,14,+13
20260703_DAL_CON,"Friday, July 03, 2026",regular_season,Dallas Wings,Connecticut Sun,Awak Kuier,F,14,2-5,0-1,1-1,0,0,0,0,0,0,0,3,5,-8
20260703_DAL_CON,"Friday, July 03, 2026",regular_season,Dallas Wings,Connecticut Sun,Arike Ogunbowale,G,26,3-10,3-9,0-0,0,2,2,1,1,0,1,3,9,+1
20260703_DAL_CON,"Friday, July 03, 2026",regular_season,Dallas Wings,Connecticut Sun,Paige Bueckers,G,37,9-14,2-5,5-6,1,6,7,7,0,0,4,5,25,+11
20260703_DAL_CON,"Friday, July 03, 2026",regular_season,Dallas Wings,Connecticut Sun,Azzi Fudd,G,32,2-7,0-2,0-0,2,2,4,5,0,0,5,3,4,+3
20260703_DAL_CON,"Friday, July 03, 2026",regular_season,Dallas Wings,Connecticut Sun,Alanna Smith,F,14,4-6,2-3,1-3,1,2,3,0,0,0,0,2,11,+1
20260703_DAL_CON,"Friday, July 03, 2026",regular_season,Dallas Wings,Connecticut Sun,Maddy Siegrist,F,13,3-6,1-3,0-0,0,3,3,0,2,1,0,3,7,-9
20260703_DAL_CON,"Friday, July 03, 2026",regular_season,Dallas Wings,Connecticut Sun,Li Yueru,C,10,1-1,1-1,2-2,0,2,2,0,0,0,0,0,5,+9
20260703_DAL_CON,"Friday, July 03, 2026",regular_season,Dallas Wings,Connecticut Sun,Odyssey Sims,G,12,1-4,0-0,0-0,0,1,1,4,0,2,2,0,2,+3
20260703_DAL_CON,"Friday, July 03, 2026",regular_season,Dallas Wings,Connecticut Sun,Sug Sutton,G,2,0-1,0-1,0-0,0,0,0,0,0,0,0,0,0,-4
20260703_DAL_CON,"Friday, July 03, 2026",regular_season,Dallas Wings,Connecticut Sun,Aziaha James,G,12,2-4,0-1,0-0,0,3,3,0,0,0,0,3,4,-5
20260703_DAL_CON,"Friday, July 03, 2026",regular_season,Dallas Wings,Connecticut Sun,Alysha Clark,F,,,,,,,,,,,,,,
20260703_DAL_CON,"Friday, July 03, 2026",regular_season,Dallas Wings,Connecticut Sun,Haley Jones,G,,,,,,,,,,,,,,
20260703_DAL_CON,"Friday, July 03, 2026",regular_season,Dallas Wings,Connecticut Sun,Costanza Verona,G,,,,,,,,,,,,,,
20260703_DAL_CON,"Friday, July 03, 2026",regular_season,Connecticut Sun,Dallas Wings,Diamond Miller,F,22,1-6,0-1,1-2,1,2,3,1,2,1,1,5,3,+4
20260703_DAL_CON,"Friday, July 03, 2026",regular_season,Connecticut Sun,Dallas Wings,Brittney Griner,C,30,5-12,0-0,3-6,3,8,11,1,0,1,3,5,13,-2
20260703_DAL_CON,"Friday, July 03, 2026",regular_season,Connecticut Sun,Dallas Wings,Olivia Nelson-Ododa,C,24,4-6,0-0,3-5,3,5,8,1,1,0,4,4,11,0
20260703_DAL_CON,"Friday, July 03, 2026",regular_season,Connecticut Sun,Dallas Wings,Charlisse Leger-Walker,G,30,5-8,1-2,3-5,0,2,2,1,1,1,0,2,14,+1
20260703_DAL_CON,"Friday, July 03, 2026",regular_season,Connecticut Sun,Dallas Wings,Leila Lacan,G,32,5-14,2-4,6-6,2,0,2,5,3,0,2,0,18,-6
20260703_DAL_CON,"Friday, July 03, 2026",regular_season,Connecticut Sun,Dallas Wings,Aaliyah Edwards,F,19,4-7,0-0,3-7,2,1,3,4,0,0,2,5,11,-7
20260703_DAL_CON,"Friday, July 03, 2026",regular_season,Connecticut Sun,Dallas Wings,Aneesah Morrow,F,4,1-2,0-0,1-1,0,1,1,0,0,0,0,0,3,+3
20260703_DAL_CON,"Friday, July 03, 2026",regular_season,Connecticut Sun,Dallas Wings,Kennedy Burke,G,26,3-6,0-2,2-3,0,2,2,1,0,1,0,0,8,-4
20260703_DAL_CON,"Friday, July 03, 2026",regular_season,Connecticut Sun,Dallas Wings,Saniya Rivers,G,13,1-3,0-0,0-0,0,2,2,2,0,0,2,2,2,-4
20260703_DAL_CON,"Friday, July 03, 2026",regular_season,Connecticut Sun,Dallas Wings,Raegan Beers,F,,,,,,,,,,,,,,
20260703_DAL_CON,"Friday, July 03, 2026",regular_season,Connecticut Sun,Dallas Wings,Nell Angloma,F,,,,,,,,,,,,,,
20260703_DAL_CON,"Friday, July 03, 2026",regular_season,Connecticut Sun,Dallas Wings,Hailey Van Lith,G,,,,,,,,,,,,,,
20260703_DAL_CON,"Friday, July 03, 2026",regular_season,Connecticut Sun,Dallas Wings,Gianna Kneepkens,G,,,,,,,,,,,,,,
20260703_DAL_CON,"Friday, July 03, 2026",regular_season,Connecticut Sun,Dallas Wings,Ashlon Jackson,G,,,,,,,,,,,,,,
20260703_SEA_PHX,"Friday, July 03, 2026",regular_season,Seattle Storm,Phoenix Mercury,Dominique Malonga,C,21,2-11,0-0,1-2,1,5,6,1,0,1,2,3,5,-21
20260703_SEA_PHX,"Friday, July 03, 2026",regular_season,Seattle Storm,Phoenix Mercury,Awa Fam,C,27,6-8,1-3,0-0,1,5,6,3,1,2,1,3,13,-9
20260703_SEA_PHX,"Friday, July 03, 2026",regular_season,Seattle Storm,Phoenix Mercury,Natisha Hiedeman,G,27,6-11,1-4,0-0,1,3,4,2,1,1,4,0,13,-29
20260703_SEA_PHX,"Friday, July 03, 2026",regular_season,Seattle Storm,Phoenix Mercury,Flau'jae Johnson,G,29,4-12,2-5,1-2,0,3,3,3,1,1,1,3,11,-9
20260703_SEA_PHX,"Friday, July 03, 2026",regular_season,Seattle Storm,Phoenix Mercury,Jade Melbourne,G,26,3-5,2-4,3-4,0,4,4,5,1,0,3,2,11,+3
20260703_SEA_PHX,"Friday, July 03, 2026",regular_season,Seattle Storm,Phoenix Mercury,Katie Lou Samuelson,F,8,0-1,0-1,0-0,0,1,1,0,0,1,0,3,0,-15
20260703_SEA_PHX,"Friday, July 03, 2026",regular_season,Seattle Storm,Phoenix Mercury,Ezi Magbegor,F,17,3-4,2-2,0-0,0,0,0,3,1,0,2,0,8,+1
20260703_SEA_PHX,"Friday, July 03, 2026",regular_season,Seattle Storm,Phoenix Mercury,Jordan Horston,F,21,2-6,0-2,2-4,1,1,2,2,0,0,0,1,6,-8
20260703_SEA_PHX,"Friday, July 03, 2026",regular_season,Seattle Storm,Phoenix Mercury,Mackenzie Holmes,F,2,0-0,0-0,0-0,1,0,1,0,0,0,0,0,0,-3
20260703_SEA_PHX,"Friday, July 03, 2026",regular_season,Seattle Storm,Phoenix Mercury,Taylor Thierry,F,2,0-0,0-0,0-0,0,0,0,0,0,0,0,1,0,-3
20260703_SEA_PHX,"Friday, July 03, 2026",regular_season,Seattle Storm,Phoenix Mercury,Stefanie Dolson,C,12,0-2,0-2,0-0,0,1,1,0,0,0,0,0,0,-15
20260703_SEA_PHX,"Friday, July 03, 2026",regular_season,Seattle Storm,Phoenix Mercury,Zia Cooke,G,7,0-2,0-2,0-0,0,1,1,0,0,0,0,1,0,-7
20260703_SEA_PHX,"Friday, July 03, 2026",regular_season,Phoenix Mercury,Seattle Storm,DeWanna Bonner,F,31,3-10,0-5,0-0,0,8,8,2,2,2,1,3,6,+19
20260703_SEA_PHX,"Friday, July 03, 2026",regular_season,Phoenix Mercury,Seattle Storm,Alyssa Thomas,F,33,4-10,0-0,1-1,6,7,13,9,2,1,2,1,9,+21
20260703_SEA_PHX,"Friday, July 03, 2026",regular_season,Phoenix Mercury,Seattle Storm,Valeriane Ayayi,F,27,5-11,3-7,5-7,1,1,2,3,0,0,2,3,18,+16
20260703_SEA_PHX,"Friday, July 03, 2026",regular_season,Phoenix Mercury,Seattle Storm,Kahleah Copper,G,36,12-21,2-5,4-7,2,5,7,3,2,0,2,2,30,+20
20260703_SEA_PHX,"Friday, July 03, 2026",regular_season,Phoenix Mercury,Seattle Storm,Lexi Held,G,31,6-11,5-6,0-0,1,4,5,2,1,0,2,0,17,+19
20260703_SEA_PHX,"Friday, July 03, 2026",regular_season,Phoenix Mercury,Seattle Storm,Marta Suarez,F,8,2-4,0-0,2-2,3,0,3,0,0,0,1,1,6,+3
20260703_SEA_PHX,"Friday, July 03, 2026",regular_season,Phoenix Mercury,Seattle Storm,Kyara Linskens,C,7,0-1,0-0,0-0,0,0,0,1,1,1,0,0,0,+2
20260703_SEA_PHX,"Friday, July 03, 2026",regular_season,Phoenix Mercury,Seattle Storm,Quionche Carter,G,11,0-3,0-2,1-2,0,1,1,1,0,0,0,1,1,+7
20260703_SEA_PHX,"Friday, July 03, 2026",regular_season,Phoenix Mercury,Seattle Storm,Monique Akoa Makani,G,14,1-2,1-1,0-0,0,1,1,2,1,0,0,2,3,+8
20260703_SEA_PHX,"Friday, July 03, 2026",regular_season,Phoenix Mercury,Seattle Storm,Natasha Mack,F,,,,,,,,,,,,,,
20260703_SEA_PHX,"Friday, July 03, 2026",regular_season,Phoenix Mercury,Seattle Storm,Noemie Brochant,F,,,,,,,,,,,,,,
20260703_SEA_PHX,"Friday, July 03, 2026",regular_season,Phoenix Mercury,Seattle Storm,Sami Whitcomb,G,,,,,,,,,,,,,,
20260703_MIN_NY,"Friday, July 03, 2026",regular_season,Minnesota Lynx,New York Liberty,Natasha Howard,F,31,3-10,0-0,1-1,2,4,6,2,0,0,0,4,7,-23
20260703_MIN_NY,"Friday, July 03, 2026",regular_season,Minnesota Lynx,New York Liberty,Nia Coffey,F,28,2-11,1-6,2-2,1,4,5,3,1,1,1,0,7,-13
20260703_MIN_NY,"Friday, July 03, 2026",regular_season,Minnesota Lynx,New York Liberty,Kayla McBride,G,33,7-16,4-9,0-0,1,0,1,1,3,0,3,1,18,-17
20260703_MIN_NY,"Friday, July 03, 2026",regular_season,Minnesota Lynx,New York Liberty,Courtney Williams,G,25,7-13,2-4,0-0,2,3,5,3,0,0,2,3,16,-19
20260703_MIN_NY,"Friday, July 03, 2026",regular_season,Minnesota Lynx,New York Liberty,Olivia Miles,G,26,5-16,0-4,4-4,4,1,5,5,1,0,1,3,14,-4
20260703_MIN_NY,"Friday, July 03, 2026",regular_season,Minnesota Lynx,New York Liberty,Liatu King,F,7,3-3,0-0,0-0,1,1,2,0,1,0,0,0,6,+4
20260703_MIN_NY,"Friday, July 03, 2026",regular_season,Minnesota Lynx,New York Liberty,Antonia Delaere,F,13,2-7,2-7,0-0,1,1,2,2,0,0,0,1,6,-1
20260703_MIN_NY,"Friday, July 03, 2026",regular_season,Minnesota Lynx,New York Liberty,Anastasiia Olairi Kosu,F,14,4-6,0-0,1-2,3,0,3,3,1,0,0,2,9,+6
20260703_MIN_NY,"Friday, July 03, 2026",regular_season,Minnesota Lynx,New York Liberty,Maya Caldwell,G,23,1-3,1-1,0-0,1,1,2,3,1,0,1,1,3,+2
20260703_MIN_NY,"Friday, July 03, 2026",regular_season,Minnesota Lynx,New York Liberty,Eliska Hamzova,G,,,,,,,,,,,,,,
20260703_MIN_NY,"Friday, July 03, 2026",regular_season,New York Liberty,Minnesota Lynx,Breanna Stewart,F,36,14-19,2-4,6-6,1,6,7,0,0,2,4,1,36,+17
20260703_MIN_NY,"Friday, July 03, 2026",regular_season,New York Liberty,Minnesota Lynx,Leonie Fiebich,F,36,5-10,3-6,0-0,1,2,3,4,3,0,0,4,13,+18
20260703_MIN_NY,"Friday, July 03, 2026",regular_season,New York Liberty,Minnesota Lynx,Jonquel Jones,C,33,5-10,2-3,2-3,3,12,15,5,2,0,3,2,14,+16
20260703_MIN_NY,"Friday, July 03, 2026",regular_season,New York Liberty,Minnesota Lynx,Sabrina Ionescu,G,35,5-12,3-10,4-4,0,2,2,6,2,2,2,1,17,+18
20260703_MIN_NY,"Friday, July 03, 2026",regular_season,New York Liberty,Minnesota Lynx,Pauline Astier,G,30,5-6,0-0,4-4,1,1,2,6,0,0,3,2,14,+14
20260703_MIN_NY,"Friday, July 03, 2026",regular_season,New York Liberty,Minnesota Lynx,Raquel Carrera,F,3,0-0,0-0,0-0,0,0,0,0,0,0,0,0,0,-1
20260703_MIN_NY,"Friday, July 03, 2026",regular_season,New York Liberty,Minnesota Lynx,Han Xu,C,8,2-2,0-0,1-1,1,0,1,0,0,2,0,1,5,-6
20260703_MIN_NY,"Friday, July 03, 2026",regular_season,New York Liberty,Minnesota Lynx,Rebekah Gardner,G,4,0-2,0-1,0-0,0,0,0,0,0,0,0,1,0,-5
20260703_MIN_NY,"Friday, July 03, 2026",regular_season,New York Liberty,Minnesota Lynx,Marine Johannes,G,15,0-1,0-1,0-0,0,4,4,5,1,0,3,1,0,-6
20260703_MIN_NY,"Friday, July 03, 2026",regular_season,New York Liberty,Minnesota Lynx,Betnijah Laney-Hamilton,G,,,,,,,,,,,,,,
20260703_MIN_NY,"Friday, July 03, 2026",regular_season,New York Liberty,Minnesota Lynx,Rebecca Allen,G,,,,,,,,,,,,,,
20260704_CHI_LV,"Saturday, July 04, 2026",regular_season,Chicago Sky,Las Vegas Aces,Azura Stevens,F,26,4-6,0-1,3-3,1,1,2,0,2,0,3,3,11,-11
20260704_CHI_LV,"Saturday, July 04, 2026",regular_season,Chicago Sky,Las Vegas Aces,Kamilla Cardoso,C,27,4-11,0-0,8-8,4,6,10,4,1,2,5,4,16,-8
20260704_CHI_LV,"Saturday, July 04, 2026",regular_season,Chicago Sky,Las Vegas Aces,Skylar Diggins,G,34,7-13,2-4,3-3,0,1,1,4,0,1,3,2,19,-9
20260704_CHI_LV,"Saturday, July 04, 2026",regular_season,Chicago Sky,Las Vegas Aces,Sydney Taylor,G,26,2-10,1-5,1-1,1,0,1,1,0,0,0,5,6,-7
20260704_CHI_LV,"Saturday, July 04, 2026",regular_season,Chicago Sky,Las Vegas Aces,Gabriela Jaquez,G,12,0-2,0-1,2-2,0,2,2,0,1,0,1,2,2,-15
20260704_CHI_LV,"Saturday, July 04, 2026",regular_season,Chicago Sky,Las Vegas Aces,Elizabeth Williams,C,18,2-4,0-0,1-2,0,4,4,2,0,1,0,2,5,0
20260704_CHI_LV,"Saturday, July 04, 2026",regular_season,Chicago Sky,Las Vegas Aces,Courtney Vandersloot,G,19,4-6,1-1,2-4,0,2,2,3,2,0,2,2,11,+14
20260704_CHI_LV,"Saturday, July 04, 2026",regular_season,Chicago Sky,Las Vegas Aces,Natasha Cloud,G,34,4-8,2-4,5-6,0,3,3,5,2,0,2,4,15,-2
20260704_CHI_LV,"Saturday, July 04, 2026",regular_season,Chicago Sky,Las Vegas Aces,Jacy Sheldon,G,19,1-3,1-2,2-2,0,2,2,1,0,0,0,3,5,+1
20260704_CHI_LV,"Saturday, July 04, 2026",regular_season,Chicago Sky,Las Vegas Aces,Aicha Coulibaly,G,9,0-2,0-2,0-0,0,5,5,0,0,0,2,2,0,-3
20260704_CHI_LV,"Saturday, July 04, 2026",regular_season,Chicago Sky,Las Vegas Aces,Rachel Banham,G,,,,,,,,,,,,,,
20260704_CHI_LV,"Saturday, July 04, 2026",regular_season,Las Vegas Aces,Chicago Sky,Stephanie Talbot,F,28,2-2,0-0,0-0,0,5,5,0,2,0,1,2,4,+30
20260704_CHI_LV,"Saturday, July 04, 2026",regular_season,Las Vegas Aces,Chicago Sky,NaLyssa Smith,F,33,11-14,0-0,7-10,2,6,8,1,0,0,1,4,29,+15
20260704_CHI_LV,"Saturday, July 04, 2026",regular_season,Las Vegas Aces,Chicago Sky,Chelsea Gray,G,41,7-17,0-4,4-4,0,4,4,6,2,0,3,2,18,+9
20260704_CHI_LV,"Saturday, July 04, 2026",regular_season,Las Vegas Aces,Chicago Sky,Jewell Loyd,G,39,6-13,3-9,4-5,1,4,5,3,1,1,0,1,19,+18
20260704_CHI_LV,"Saturday, July 04, 2026",regular_season,Las Vegas Aces,Chicago Sky,Jackie Young,G,39,6-11,0-4,4-4,0,6,6,5,2,0,5,3,16,+5
20260704_CHI_LV,"Saturday, July 04, 2026",regular_season,Las Vegas Aces,Chicago Sky,Cheyenne Parker-Tyus,F,20,1-6,0-2,3-5,1,2,3,1,3,2,2,2,5,-17
20260704_CHI_LV,"Saturday, July 04, 2026",regular_season,Las Vegas Aces,Chicago Sky,Kierstan Bell,F,13,1-5,1-3,0-0,2,1,3,0,0,2,0,3,3,-7
20260704_CHI_LV,"Saturday, July 04, 2026",regular_season,Las Vegas Aces,Chicago Sky,Chennedy Carter,G,11,1-1,0-0,2-2,0,0,0,1,0,1,1,2,4,-13
20260704_CHI_LV,"Saturday, July 04, 2026",regular_season,Las Vegas Aces,Chicago Sky,Brianna Turner,F,,,,,,,,,,,,,,
20260704_GS_ATL,"Saturday, July 04, 2026",regular_season,Golden State Valkyries,Atlanta Dream,Kayla Thornton,F,23,1-7,0-4,0-0,0,4,4,1,1,0,0,1,2,+18
20260704_GS_ATL,"Saturday, July 04, 2026",regular_season,Golden State Valkyries,Atlanta Dream,Gabby Williams,F,27,7-14,4-8,1-1,0,1,1,2,3,0,0,3,19,0
20260704_GS_ATL,"Saturday, July 04, 2026",regular_season,Golden State Valkyries,Atlanta Dream,Cecilia Zandalasini,F,22,3-7,1-4,2-2,0,2,2,1,2,1,6,3,9,+2
20260704_GS_ATL,"Saturday, July 04, 2026",regular_season,Golden State Valkyries,Atlanta Dream,Kiah Stokes,C,22,2-4,1-2,0-0,2,5,7,1,3,2,1,5,5,+5
20260704_GS_ATL,"Saturday, July 04, 2026",regular_season,Golden State Valkyries,Atlanta Dream,Veronica Burton,G,31,6-9,2-3,7-8,0,1,1,4,1,1,4,3,21,+13
20260704_GS_ATL,"Saturday, July 04, 2026",regular_season,Golden State Valkyries,Atlanta Dream,Laeticia Amihere,F,14,1-2,0-0,0-1,1,4,5,2,0,0,1,3,2,-1
20260704_GS_ATL,"Saturday, July 04, 2026",regular_season,Golden State Valkyries,Atlanta Dream,Janelle Salaun,F,20,5-9,3-6,1-1,1,1,2,0,0,0,0,2,14,-12
20260704_GS_ATL,"Saturday, July 04, 2026",regular_season,Golden State Valkyries,Atlanta Dream,Tiffany Hayes,G,13,2-7,1-2,0-0,0,0,0,1,2,0,0,2,5,-3
20260704_GS_ATL,"Saturday, July 04, 2026",regular_season,Golden State Valkyries,Atlanta Dream,Kaila Charles,G,18,2-6,1-5,2-2,4,4,8,5,3,0,2,4,7,+11
20260704_GS_ATL,"Saturday, July 04, 2026",regular_season,Golden State Valkyries,Atlanta Dream,Kaitlyn Chen,G,9,2-2,0-0,0-2,0,0,0,2,0,0,0,2,4,-8
20260704_GS_ATL,"Saturday, July 04, 2026",regular_season,Golden State Valkyries,Atlanta Dream,Nadia Fingall,C,,,,,,,,,,,,,,
20260704_GS_ATL,"Saturday, July 04, 2026",regular_season,Golden State Valkyries,Atlanta Dream,Juste Jocyte,G,,,,,,,,,,,,,,
20260704_GS_ATL,"Saturday, July 04, 2026",regular_season,Atlanta Dream,Golden State Valkyries,Angel Reese,F,35,6-13,0-1,5-8,5,8,13,3,2,0,4,6,17,-9
20260704_GS_ATL,"Saturday, July 04, 2026",regular_season,Atlanta Dream,Golden State Valkyries,Allisha Gray,G,36,5-17,1-5,11-16,1,3,4,3,1,0,4,4,22,-13
20260704_GS_ATL,"Saturday, July 04, 2026",regular_season,Atlanta Dream,Golden State Valkyries,Jordin Canada,G,35,3-9,1-3,0-0,1,3,4,8,2,0,4,2,7,+1
20260704_GS_ATL,"Saturday, July 04, 2026",regular_season,Atlanta Dream,Golden State Valkyries,Rhyne Howard,G,37,6-15,4-11,3-4,2,3,5,3,0,1,0,2,19,-4
20260704_GS_ATL,"Saturday, July 04, 2026",regular_season,Atlanta Dream,Golden State Valkyries,Isobel Borlase,G,10,0-3,0-2,0-0,1,2,3,0,0,0,1,0,0,-7
20260704_GS_ATL,"Saturday, July 04, 2026",regular_season,Atlanta Dream,Golden State Valkyries,Naz Hillmon,F,24,1-1,1-1,0-0,1,4,5,1,0,0,0,3,3,0
20260704_GS_ATL,"Saturday, July 04, 2026",regular_season,Atlanta Dream,Golden State Valkyries,Sika Kone,F,6,1-2,1-1,1-2,0,0,0,0,1,0,0,0,4,+2
20260704_GS_ATL,"Saturday, July 04, 2026",regular_season,Atlanta Dream,Golden State Valkyries,Madina Okot,C,10,4-4,0-0,3-3,1,1,2,0,0,0,1,1,11,+5
20260704_GS_ATL,"Saturday, July 04, 2026",regular_season,Atlanta Dream,Golden State Valkyries,Te-Hina Paopao,G,5,0-2,0-2,0-0,0,0,0,0,0,0,2,1,0,+1
20260704_GS_ATL,"Saturday, July 04, 2026",regular_season,Atlanta Dream,Golden State Valkyries,Indya Nivar,G,4,0-0,0-0,0-0,0,1,1,0,0,0,1,1,0,-1
20260704_GS_ATL,"Saturday, July 04, 2026",regular_season,Atlanta Dream,Golden State Valkyries,Brionna Jones,F,,,,,,,,,,,,,,
20260704_GS_ATL,"Saturday, July 04, 2026",regular_season,Atlanta Dream,Golden State Valkyries,Aaliyah Nye,G,,,,,,,,,,,,,,
20260705_POR_SEA,"Sunday, July 05, 2026",regular_season,Portland Fire,Seattle Storm,Bridget Carleton,F,31,4-14,1-6,5-6,2,5,7,2,2,0,2,2,14,+4
20260705_POR_SEA,"Sunday, July 05, 2026",regular_season,Portland Fire,Seattle Storm,Emily Engstler,F,22,3-8,1-5,2-2,2,6,8,0,2,0,5,1,9,-3
20260705_POR_SEA,"Sunday, July 05, 2026",regular_season,Portland Fire,Seattle Storm,Megan DiLeo,C,27,4-7,1-4,1-1,3,6,9,3,0,1,0,3,10,+9
20260705_POR_SEA,"Sunday, July 05, 2026",regular_season,Portland Fire,Seattle Storm,Sarah Ashlee Barker,G,28,2-7,0-2,0-0,0,6,6,3,0,2,1,4,4,+4
20260705_POR_SEA,"Sunday, July 05, 2026",regular_season,Portland Fire,Seattle Storm,Carla Leite,G,22,4-8,0-0,12-12,0,3,3,4,0,0,4,5,20,+5
20260705_POR_SEA,"Sunday, July 05, 2026",regular_season,Portland Fire,Seattle Storm,Frieda Buhner,F,18,4-9,0-2,1-2,2,5,7,2,0,0,2,2,9,+8
20260705_POR_SEA,"Sunday, July 05, 2026",regular_season,Portland Fire,Seattle Storm,Nyadiew Puoch,F,15,1-4,0-2,0-0,0,2,2,0,2,0,1,0,2,+1
20260705_POR_SEA,"Sunday, July 05, 2026",regular_season,Portland Fire,Seattle Storm,Serah Williams,C,13,0-1,0-0,0-0,0,2,2,0,0,0,1,2,0,-4
20260705_POR_SEA,"Sunday, July 05, 2026",regular_season,Portland Fire,Seattle Storm,Holly Winterburn,G,8,1-3,0-1,2-2,0,1,1,2,1,0,0,0,4,-3
20260705_POR_SEA,"Sunday, July 05, 2026",regular_season,Portland Fire,Seattle Storm,Teja Oblak,G,16,2-7,1-3,0-0,1,1,2,1,2,0,3,0,5,+4
20260705_POR_SEA,"Sunday, July 05, 2026",regular_season,Portland Fire,Seattle Storm,Luisa Geiselsoder,C,,,,,,,,,,,,,,
20260705_POR_SEA,"Sunday, July 05, 2026",regular_season,Portland Fire,Seattle Storm,Karlie Samuelson,G,,,,,,,,,,,,,,
20260705_POR_SEA,"Sunday, July 05, 2026",regular_season,Seattle Storm,Portland Fire,Dominique Malonga,C,19,7-17,2-5,6-7,3,2,5,1,0,0,2,3,22,+2
20260705_POR_SEA,"Sunday, July 05, 2026",regular_season,Seattle Storm,Portland Fire,Awa Fam,C,34,4-15,2-8,2-2,0,3,3,1,4,1,2,3,12,-1
20260705_POR_SEA,"Sunday, July 05, 2026",regular_season,Seattle Storm,Portland Fire,Natisha Hiedeman,G,34,6-13,2-6,1-1,0,2,2,4,4,0,4,1,15,+2
20260705_POR_SEA,"Sunday, July 05, 2026",regular_season,Seattle Storm,Portland Fire,Flau'jae Johnson,G,31,0-5,0-3,1-2,0,8,8,3,1,0,3,3,1,0
20260705_POR_SEA,"Sunday, July 05, 2026",regular_season,Seattle Storm,Portland Fire,Jade Melbourne,G,18,2-2,1-1,0-0,0,1,1,3,2,0,2,5,5,-5
20260705_POR_SEA,"Sunday, July 05, 2026",regular_season,Seattle Storm,Portland Fire,Katie Lou Samuelson,F,18,1-3,1-2,2-2,0,1,1,0,2,0,0,0,5,-6
20260705_POR_SEA,"Sunday, July 05, 2026",regular_season,Seattle Storm,Portland Fire,Ezi Magbegor,F,14,2-7,0-0,0-0,2,5,7,1,0,2,1,2,4,-2
20260705_POR_SEA,"Sunday, July 05, 2026",regular_season,Seattle Storm,Portland Fire,Jordan Horston,F,8,1-3,0-0,0-0,1,1,2,2,0,0,0,1,2,-5
20260705_POR_SEA,"Sunday, July 05, 2026",regular_season,Seattle Storm,Portland Fire,Stefanie Dolson,C,9,1-2,0-1,0-0,0,1,1,0,1,0,0,1,2,-5
20260705_POR_SEA,"Sunday, July 05, 2026",regular_season,Seattle Storm,Portland Fire,Zia Cooke,G,16,0-4,0-3,4-4,0,1,1,1,0,0,0,3,4,-5
20260705_POR_SEA,"Sunday, July 05, 2026",regular_season,Seattle Storm,Portland Fire,Mackenzie Holmes,F,,,,,,,,,,,,,,
20260705_POR_SEA,"Sunday, July 05, 2026",regular_season,Seattle Storm,Portland Fire,Taylor Thierry,F,,,,,,,,,,,,,,
20260705_DAL_TOR,"Sunday, July 05, 2026",regular_season,Dallas Wings,Toronto Tempo,Jessica Shepard,F,32,5-11,0-1,4-4,6,9,15,3,1,0,3,3,14,+27
20260705_DAL_TOR,"Sunday, July 05, 2026",regular_season,Dallas Wings,Toronto Tempo,Awak Kuier,F,21,4-6,2-2,0-0,1,5,6,0,1,3,0,1,10,+16
20260705_DAL_TOR,"Sunday, July 05, 2026",regular_season,Dallas Wings,Toronto Tempo,Arike Ogunbowale,G,27,4-13,1-7,1-1,3,3,6,2,0,0,0,2,10,+24
20260705_DAL_TOR,"Sunday, July 05, 2026",regular_season,Dallas Wings,Toronto Tempo,Paige Bueckers,G,31,9-16,1-3,3-3,1,2,3,7,0,0,2,3,22,+25
20260705_DAL_TOR,"Sunday, July 05, 2026",regular_season,Dallas Wings,Toronto Tempo,Azzi Fudd,G,30,6-16,5-11,0-1,1,2,3,2,3,1,0,3,17,+22
20260705_DAL_TOR,"Sunday, July 05, 2026",regular_season,Dallas Wings,Toronto Tempo,Alysha Clark,F,6,1-2,1-2,0-0,0,1,1,0,1,1,1,0,3,-9
20260705_DAL_TOR,"Sunday, July 05, 2026",regular_season,Dallas Wings,Toronto Tempo,Alanna Smith,F,14,0-2,0-2,2-2,3,1,4,1,1,1,0,2,2,+7
20260705_DAL_TOR,"Sunday, July 05, 2026",regular_season,Dallas Wings,Toronto Tempo,Maddy Siegrist,F,8,0-1,0-0,2-2,0,0,0,0,0,0,1,0,2,-14
20260705_DAL_TOR,"Sunday, July 05, 2026",regular_season,Dallas Wings,Toronto Tempo,Li Yueru,C,4,0-0,0-0,0-0,0,0,0,0,0,0,2,2,0,-10
20260705_DAL_TOR,"Sunday, July 05, 2026",regular_season,Dallas Wings,Toronto Tempo,Odyssey Sims,G,8,1-2,0-0,0-0,0,0,0,0,0,0,0,4,2,-13
20260705_DAL_TOR,"Sunday, July 05, 2026",regular_season,Dallas Wings,Toronto Tempo,Sug Sutton,G,9,2-2,0-0,0-0,0,0,0,1,0,0,1,2,4,-5
20260705_DAL_TOR,"Sunday, July 05, 2026",regular_season,Dallas Wings,Toronto Tempo,Aziaha James,G,10,1-4,0-0,1-1,1,3,4,0,0,0,1,0,3,-5
20260705_DAL_TOR,"Sunday, July 05, 2026",regular_season,Toronto Tempo,Dallas Wings,Isabelle Harrison,F,27,5-10,0-1,3-4,2,3,5,1,1,1,3,2,13,-13
20260705_DAL_TOR,"Sunday, July 05, 2026",regular_season,Toronto Tempo,Dallas Wings,Maria Conde,F,29,1-10,1-3,0-0,4,6,10,3,0,0,3,0,3,-12
20260705_DAL_TOR,"Sunday, July 05, 2026",regular_season,Toronto Tempo,Dallas Wings,Nyara Sabally,F,29,6-10,1-2,1-3,1,6,7,5,1,0,2,3,14,-13
20260705_DAL_TOR,"Sunday, July 05, 2026",regular_season,Toronto Tempo,Dallas Wings,Marina Mabrey,G,31,7-18,3-9,2-2,3,2,5,5,1,1,1,2,19,-19
20260705_DAL_TOR,"Sunday, July 05, 2026",regular_season,Toronto Tempo,Dallas Wings,Tima Pouye,G,21,1-6,1-3,0-0,0,0,0,1,0,0,1,1,3,-12
20260705_DAL_TOR,"Sunday, July 05, 2026",regular_season,Toronto Tempo,Dallas Wings,Teonni Key,F,10,1-1,0-0,0-0,0,0,0,0,0,0,1,1,2,+1
20260705_DAL_TOR,"Sunday, July 05, 2026",regular_season,Toronto Tempo,Dallas Wings,Laura Juskaite,F,24,3-7,1-3,1-2,2,3,5,1,1,1,1,2,8,-1
20260705_DAL_TOR,"Sunday, July 05, 2026",regular_season,Toronto Tempo,Dallas Wings,Kia Nurse,G,21,4-9,3-7,1-1,0,1,1,0,0,0,1,2,12,+3
20260705_DAL_TOR,"Sunday, July 05, 2026",regular_season,Toronto Tempo,Dallas Wings,Ornella Bankole,G,8,0-1,0-1,2-2,1,1,2,0,1,0,0,1,2,+1
20260705_DAL_TOR,"Sunday, July 05, 2026",regular_season,Toronto Tempo,Dallas Wings,Temi Fagbenle,C,,,,,,,,,,,,,,
20260705_DAL_TOR,"Sunday, July 05, 2026",regular_season,Toronto Tempo,Dallas Wings,Brittney Sykes,G,,,,,,,,,,,,,,
20260705_DAL_TOR,"Sunday, July 05, 2026",regular_season,Toronto Tempo,Dallas Wings,Julie Allemand,G,,,,,,,,,,,,,,
20260705_DAL_TOR,"Sunday, July 05, 2026",regular_season,Toronto Tempo,Dallas Wings,Kiki Rice,G,,,,,,,,,,,,,,
20260705_IND_LV,"Sunday, July 05, 2026",regular_season,Indiana Fever,Las Vegas Aces,Monique Billings,F,21,3-5,0-0,0-0,2,4,6,2,2,1,2,2,6,+10
20260705_IND_LV,"Sunday, July 05, 2026",regular_season,Indiana Fever,Las Vegas Aces,Aliyah Boston,C,31,7-13,3-4,1-4,3,7,10,1,0,2,1,2,18,+16
20260705_IND_LV,"Sunday, July 05, 2026",regular_season,Indiana Fever,Las Vegas Aces,Kelsey Mitchell,G,33,7-18,3-9,10-12,1,1,2,3,1,0,1,3,27,+18
20260705_IND_LV,"Sunday, July 05, 2026",regular_season,Indiana Fever,Las Vegas Aces,Tyasha Harris,G,26,0-4,0-0,4-4,0,1,1,5,0,0,0,2,4,+10
20260705_IND_LV,"Sunday, July 05, 2026",regular_season,Indiana Fever,Las Vegas Aces,Lexie Hull,G,22,5-10,0-2,0-0,2,2,4,1,2,0,1,4,10,+4
20260705_IND_LV,"Sunday, July 05, 2026",regular_season,Indiana Fever,Las Vegas Aces,Myisha Hines-Allen,F,14,1-3,0-0,0-0,1,4,5,2,0,0,1,2,2,0
20260705_IND_LV,"Sunday, July 05, 2026",regular_season,Indiana Fever,Las Vegas Aces,Makayla Timpson,F,8,1-2,0-0,0-0,1,3,4,1,0,0,0,1,2,+5
20260705_IND_LV,"Sunday, July 05, 2026",regular_season,Indiana Fever,Las Vegas Aces,Grace VanSlooten,F,2,0-0,0-0,0-0,0,0,0,0,0,0,0,0,0,-2
20260705_IND_LV,"Sunday, July 05, 2026",regular_season,Indiana Fever,Las Vegas Aces,Sophie Cunningham,G,21,3-6,3-5,0-0,0,1,1,1,0,0,1,2,9,+13
20260705_IND_LV,"Sunday, July 05, 2026",regular_season,Indiana Fever,Las Vegas Aces,Raven Johnson,G,22,3-9,0-3,0-0,3,3,6,2,0,0,0,2,6,+6
20260705_IND_LV,"Sunday, July 05, 2026",regular_season,Indiana Fever,Las Vegas Aces,Damiris Dantas,C,,,,,,,,,,,,,,
20260705_IND_LV,"Sunday, July 05, 2026",regular_season,Indiana Fever,Las Vegas Aces,Bree Hall,G,,,,,,,,,,,,,,
20260705_IND_LV,"Sunday, July 05, 2026",regular_season,Las Vegas Aces,Indiana Fever,Cheyenne Parker-Tyus,F,13,3-5,0-2,3-4,0,0,0,0,0,0,1,2,9,+1
20260705_IND_LV,"Sunday, July 05, 2026",regular_season,Las Vegas Aces,Indiana Fever,NaLyssa Smith,F,24,3-8,0-1,3-6,1,9,10,1,0,0,0,3,9,-8
20260705_IND_LV,"Sunday, July 05, 2026",regular_season,Las Vegas Aces,Indiana Fever,Chelsea Gray,G,31,2-11,0-3,6-6,0,4,4,6,2,0,2,1,10,-16
20260705_IND_LV,"Sunday, July 05, 2026",regular_season,Las Vegas Aces,Indiana Fever,Jewell Loyd,G,32,3-9,2-5,4-5,1,2,3,1,1,0,2,3,12,-11
20260705_IND_LV,"Sunday, July 05, 2026",regular_season,Las Vegas Aces,Indiana Fever,Jackie Young,G,33,6-13,1-5,2-2,0,2,2,4,1,0,5,2,15,-14
20260705_IND_LV,"Sunday, July 05, 2026",regular_season,Las Vegas Aces,Indiana Fever,Stephanie Talbot,F,17,2-3,1-2,2-2,2,2,4,1,0,0,0,1,7,-9
20260705_IND_LV,"Sunday, July 05, 2026",regular_season,Las Vegas Aces,Indiana Fever,Brianna Turner,F,28,3-3,0-0,0-0,1,4,5,0,0,1,2,2,6,-15
20260705_IND_LV,"Sunday, July 05, 2026",regular_season,Las Vegas Aces,Indiana Fever,Kierstan Bell,F,6,0-1,0-1,0-0,0,0,0,0,0,0,1,0,0,+1
20260705_IND_LV,"Sunday, July 05, 2026",regular_season,Las Vegas Aces,Indiana Fever,Chennedy Carter,G,15,0-2,0-0,0-0,1,1,2,1,1,0,0,3,0,-9
20260706_GS_WSH,"Monday, July 06, 2026",regular_season,Golden State Valkyries,Washington Mystics,Kayla Thornton,F,15,0-7,0-6,2-2,0,0,0,1,0,0,0,0,2,-1
20260706_GS_WSH,"Monday, July 06, 2026",regular_season,Golden State Valkyries,Washington Mystics,Gabby Williams,F,17,1-6,0-2,0-0,0,3,3,0,2,0,1,2,2,-6
20260706_GS_WSH,"Monday, July 06, 2026",regular_season,Golden State Valkyries,Washington Mystics,Cecilia Zandalasini,F,15,3-8,0-2,0-0,2,0,2,1,1,0,0,2,6,-6
20260706_GS_WSH,"Monday, July 06, 2026",regular_season,Golden State Valkyries,Washington Mystics,Kiah Stokes,C,28,2-4,2-4,0-0,0,9,9,2,1,3,0,1,6,+15
20260706_GS_WSH,"Monday, July 06, 2026",regular_season,Golden State Valkyries,Washington Mystics,Veronica Burton,G,23,3-10,0-3,1-1,1,2,3,3,2,0,0,1,7,0
20260706_GS_WSH,"Monday, July 06, 2026",regular_season,Golden State Valkyries,Washington Mystics,Laeticia Amihere,F,12,0-0,0-0,0-0,2,2,4,0,2,0,2,3,0,-2
20260706_GS_WSH,"Monday, July 06, 2026",regular_season,Golden State Valkyries,Washington Mystics,Janelle Salaun,F,25,3-13,2-9,0-0,0,1,1,0,1,1,0,2,8,+14
20260706_GS_WSH,"Monday, July 06, 2026",regular_season,Golden State Valkyries,Washington Mystics,Tiffany Hayes,G,19,4-7,1-3,0-0,1,1,2,2,0,1,1,1,9,+18
20260706_GS_WSH,"Monday, July 06, 2026",regular_season,Golden State Valkyries,Washington Mystics,Kaila Charles,G,25,4-10,0-2,0-0,3,2,5,1,1,0,0,3,8,+19
20260706_GS_WSH,"Monday, July 06, 2026",regular_season,Golden State Valkyries,Washington Mystics,Kaitlyn Chen,G,21,6-9,1-3,1-1,0,1,1,4,0,0,1,1,14,+14
20260706_GS_WSH,"Monday, July 06, 2026",regular_season,Golden State Valkyries,Washington Mystics,Nadia Fingall,C,,,,,,,,,,,,,,
20260706_GS_WSH,"Monday, July 06, 2026",regular_season,Golden State Valkyries,Washington Mystics,Juste Jocyte,G,,,,,,,,,,,,,,
20260706_GS_WSH,"Monday, July 06, 2026",regular_season,Washington Mystics,Golden State Valkyries,Michaela Onyenwere,F,28,1-6,0-5,0-1,2,1,3,1,0,0,3,1,2,-16
20260706_GS_WSH,"Monday, July 06, 2026",regular_season,Washington Mystics,Golden State Valkyries,Kiki Iriafen,F,30,6-12,0-1,0-0,2,7,9,1,0,0,2,1,12,+1
20260706_GS_WSH,"Monday, July 06, 2026",regular_season,Washington Mystics,Golden State Valkyries,Shakira Austin,C,24,3-11,0-1,5-6,2,9,11,0,0,2,0,2,11,-3
20260706_GS_WSH,"Monday, July 06, 2026",regular_season,Washington Mystics,Golden State Valkyries,Cotie McMahon,G,29,2-7,1-4,3-3,0,5,5,3,0,0,3,2,8,-9
20260706_GS_WSH,"Monday, July 06, 2026",regular_season,Washington Mystics,Golden State Valkyries,Georgia Amoore,G,22,1-7,1-6,0-0,0,2,2,0,0,0,1,4,3,-12
20260706_GS_WSH,"Monday, July 06, 2026",regular_season,Washington Mystics,Golden State Valkyries,Angela Dugalic,F,10,0-1,0-1,0-0,1,0,1,0,0,0,0,0,0,-14
20260706_GS_WSH,"Monday, July 06, 2026",regular_season,Washington Mystics,Golden State Valkyries,Lauren Betts,C,16,3-7,0-0,1-1,2,3,5,3,0,1,2,1,7,-10
20260706_GS_WSH,"Monday, July 06, 2026",regular_season,Washington Mystics,Golden State Valkyries,Lucy Olsen,G,15,2-5,1-3,0-2,0,0,0,3,0,0,0,0,5,+2
20260706_GS_WSH,"Monday, July 06, 2026",regular_season,Washington Mystics,Golden State Valkyries,Cassandre Prosper,G,9,0-1,0-1,0-0,1,0,1,0,0,0,1,0,0,-3
20260706_GS_WSH,"Monday, July 06, 2026",regular_season,Washington Mystics,Golden State Valkyries,Alicia Florez,G,17,0-3,0-2,1-2,0,4,4,3,1,0,2,2,1,-1
20260706_GS_WSH,"Monday, July 06, 2026",regular_season,Washington Mystics,Golden State Valkyries,Rori Harmon,G,,,,,,,,,,,,,,
20260706_GS_WSH,"Monday, July 06, 2026",regular_season,Washington Mystics,Golden State Valkyries,Sonia Citron,G,,,,,,,,,,,,,,
20260707_CON_MIN,"Tuesday, July 07, 2026",regular_season,Connecticut Sun,Minnesota Lynx,Diamond Miller,F,19,2-7,0-1,1-2,0,4,4,3,0,1,1,3,5,-1
20260707_CON_MIN,"Tuesday, July 07, 2026",regular_season,Connecticut Sun,Minnesota Lynx,Brittney Griner,C,34,11-14,0-0,7-11,2,8,10,3,2,2,1,4,29,+13
20260707_CON_MIN,"Tuesday, July 07, 2026",regular_season,Connecticut Sun,Minnesota Lynx,Olivia Nelson-Ododa,C,29,4-6,0-0,2-8,2,6,8,3,1,2,2,3,10,+3
20260707_CON_MIN,"Tuesday, July 07, 2026",regular_season,Connecticut Sun,Minnesota Lynx,Charlisse Leger-Walker,G,28,2-8,2-4,0-0,1,3,4,5,1,0,2,3,6,+5
20260707_CON_MIN,"Tuesday, July 07, 2026",regular_season,Connecticut Sun,Minnesota Lynx,Leila Lacan,G,34,5-13,2-3,1-2,1,1,2,3,4,0,0,3,13,+5
20260707_CON_MIN,"Tuesday, July 07, 2026",regular_season,Connecticut Sun,Minnesota Lynx,Aaliyah Edwards,F,12,2-4,0-0,1-1,1,1,2,1,0,1,2,2,5,-12
20260707_CON_MIN,"Tuesday, July 07, 2026",regular_season,Connecticut Sun,Minnesota Lynx,Nell Angloma,F,0,0-0,0-0,0-0,0,0,0,0,0,0,0,0,0,+1
20260707_CON_MIN,"Tuesday, July 07, 2026",regular_season,Connecticut Sun,Minnesota Lynx,Kennedy Burke,G,23,6-8,3-4,1-1,0,0,0,2,2,0,3,0,16,-4
20260707_CON_MIN,"Tuesday, July 07, 2026",regular_season,Connecticut Sun,Minnesota Lynx,Saniya Rivers,G,16,1-4,0-1,2-2,0,2,2,1,1,0,1,0,4,-8
20260707_CON_MIN,"Tuesday, July 07, 2026",regular_season,Connecticut Sun,Minnesota Lynx,Gianna Kneepkens,G,5,0-2,0-2,2-2,0,0,0,0,0,0,0,2,2,+3
20260707_CON_MIN,"Tuesday, July 07, 2026",regular_season,Connecticut Sun,Minnesota Lynx,Aneesah Morrow,F,,,,,,,,,,,,,,
20260707_CON_MIN,"Tuesday, July 07, 2026",regular_season,Connecticut Sun,Minnesota Lynx,Raegan Beers,F,,,,,,,,,,,,,,
20260707_CON_MIN,"Tuesday, July 07, 2026",regular_season,Minnesota Lynx,Connecticut Sun,Natasha Howard,F,26,6-10,0-1,6-7,3,3,6,4,0,2,2,5,18,0
20260707_CON_MIN,"Tuesday, July 07, 2026",regular_season,Minnesota Lynx,Connecticut Sun,Nia Coffey,F,20,0-6,0-4,2-2,0,4,4,3,0,3,0,3,2,+3
20260707_CON_MIN,"Tuesday, July 07, 2026",regular_season,Minnesota Lynx,Connecticut Sun,Kayla McBride,G,38,10-19,4-8,4-5,0,3,3,2,0,1,6,2,28,+2
20260707_CON_MIN,"Tuesday, July 07, 2026",regular_season,Minnesota Lynx,Connecticut Sun,Courtney Williams,G,36,10-21,3-6,0-0,2,7,9,6,3,0,2,3,23,-2
20260707_CON_MIN,"Tuesday, July 07, 2026",regular_season,Minnesota Lynx,Connecticut Sun,Maya Caldwell,G,13,0-2,0-2,2-2,1,1,2,3,0,0,1,1,2,-8
20260707_CON_MIN,"Tuesday, July 07, 2026",regular_season,Minnesota Lynx,Connecticut Sun,Dorka Juhasz,F,25,1-7,1-6,0-0,0,4,4,3,0,1,1,2,3,-5
20260707_CON_MIN,"Tuesday, July 07, 2026",regular_season,Minnesota Lynx,Connecticut Sun,Antonia Delaere,F,25,3-4,2-3,0-0,1,1,2,0,1,0,0,3,8,-1
20260707_CON_MIN,"Tuesday, July 07, 2026",regular_season,Minnesota Lynx,Connecticut Sun,Anastasiia Olairi Kosu,F,9,1-2,0-0,1-1,0,0,0,0,1,0,0,2,3,0
20260707_CON_MIN,"Tuesday, July 07, 2026",regular_season,Minnesota Lynx,Connecticut Sun,Eliska Hamzova,G,8,0-0,0-0,2-2,1,1,2,3,0,0,0,2,2,+6
20260707_CON_MIN,"Tuesday, July 07, 2026",regular_season,Minnesota Lynx,Connecticut Sun,Napheesa Collier,F,,,,,,,,,,,,,,
20260707_CON_MIN,"Tuesday, July 07, 2026",regular_season,Minnesota Lynx,Connecticut Sun,Liatu King,F,,,,,,,,,,,,,,
20260707_CON_MIN,"Tuesday, July 07, 2026",regular_season,Minnesota Lynx,Connecticut Sun,Emma Cechova,F,,,,,,,,,,,,,,
20260707_CON_MIN,"Tuesday, July 07, 2026",regular_season,Minnesota Lynx,Connecticut Sun,Olivia Miles,G,,,,,,,,,,,,,,
20260707_SEA_LA,"Tuesday, July 07, 2026",regular_season,Seattle Storm,Los Angeles Sparks,Dominique Malonga,C,23,1-10,0-1,0-0,1,8,9,2,1,1,5,2,2,+12
20260707_SEA_LA,"Tuesday, July 07, 2026",regular_season,Seattle Storm,Los Angeles Sparks,Awa Fam,C,25,3-9,1-7,0-0,0,5,5,2,4,1,1,2,7,+16
20260707_SEA_LA,"Tuesday, July 07, 2026",regular_season,Seattle Storm,Los Angeles Sparks,Natisha Hiedeman,G,25,5-9,1-2,4-4,1,5,6,4,3,0,2,1,15,+16
20260707_SEA_LA,"Tuesday, July 07, 2026",regular_season,Seattle Storm,Los Angeles Sparks,Flau'jae Johnson,G,27,9-19,3-9,2-2,2,3,5,3,1,0,4,1,23,+15
20260707_SEA_LA,"Tuesday, July 07, 2026",regular_season,Seattle Storm,Los Angeles Sparks,Jade Melbourne,G,23,4-7,1-3,2-3,1,1,2,4,0,0,0,4,11,+13
20260707_SEA_LA,"Tuesday, July 07, 2026",regular_season,Seattle Storm,Los Angeles Sparks,Katie Lou Samuelson,F,15,3-4,3-4,0-0,1,4,5,0,0,0,0,1,9,-2
20260707_SEA_LA,"Tuesday, July 07, 2026",regular_season,Seattle Storm,Los Angeles Sparks,Ezi Magbegor,F,15,0-2,0-2,0-0,0,4,4,0,1,1,0,1,0,+7
20260707_SEA_LA,"Tuesday, July 07, 2026",regular_season,Seattle Storm,Los Angeles Sparks,Jordan Horston,F,17,3-6,0-2,0-0,0,2,2,1,3,0,0,4,6,+6
20260707_SEA_LA,"Tuesday, July 07, 2026",regular_season,Seattle Storm,Los Angeles Sparks,Mackenzie Holmes,F,3,0-0,0-0,0-0,0,1,1,0,1,0,0,0,0,-1
20260707_SEA_LA,"Tuesday, July 07, 2026",regular_season,Seattle Storm,Los Angeles Sparks,Taylor Thierry,F,3,0-0,0-0,0-0,0,1,1,0,0,0,0,0,0,-1
20260707_SEA_LA,"Tuesday, July 07, 2026",regular_season,Seattle Storm,Los Angeles Sparks,Stefanie Dolson,C,11,1-1,0-0,0-0,1,1,2,2,0,0,0,1,2,+6
20260707_SEA_LA,"Tuesday, July 07, 2026",regular_season,Seattle Storm,Los Angeles Sparks,Zia Cooke,G,13,3-8,1-3,0-0,0,2,2,0,0,0,1,3,7,+3
20260707_SEA_LA,"Tuesday, July 07, 2026",regular_season,Los Angeles Sparks,Seattle Storm,Nneka Ogwumike,F,28,5-13,1-5,3-4,1,10,11,3,2,0,2,0,14,-20
20260707_SEA_LA,"Tuesday, July 07, 2026",regular_season,Los Angeles Sparks,Seattle Storm,Dearica Hamby,F,29,6-9,0-1,5-7,0,4,4,2,1,0,3,1,17,-14
20260707_SEA_LA,"Tuesday, July 07, 2026",regular_season,Los Angeles Sparks,Seattle Storm,Erica Wheeler,G,24,1-4,1-3,0-0,0,1,1,7,1,0,3,2,3,-14
20260707_SEA_LA,"Tuesday, July 07, 2026",regular_season,Los Angeles Sparks,Seattle Storm,Ariel Atkins,G,22,2-6,0-3,1-1,2,3,5,0,0,0,3,3,5,-17
20260707_SEA_LA,"Tuesday, July 07, 2026",regular_season,Los Angeles Sparks,Seattle Storm,Rae Burrell,G,25,2-11,0-2,1-2,0,1,1,0,1,0,4,1,5,-20
20260707_SEA_LA,"Tuesday, July 07, 2026",regular_season,Los Angeles Sparks,Seattle Storm,Emma Cannon,F,15,2-4,1-2,0-0,0,3,3,3,0,1,1,2,5,-1
20260707_SEA_LA,"Tuesday, July 07, 2026",regular_season,Los Angeles Sparks,Seattle Storm,Jihyun Park,F,10,0-4,0-2,0-0,0,1,1,0,0,0,1,2,0,-5
20260707_SEA_LA,"Tuesday, July 07, 2026",regular_season,Los Angeles Sparks,Seattle Storm,Kiana Williams,G,16,2-5,0-3,0-0,0,0,0,3,1,0,1,1,4,-4
20260707_SEA_LA,"Tuesday, July 07, 2026",regular_season,Los Angeles Sparks,Seattle Storm,Kate Martin,G,17,1-7,1-6,5-6,1,5,6,0,1,0,0,1,8,+1
20260707_SEA_LA,"Tuesday, July 07, 2026",regular_season,Los Angeles Sparks,Seattle Storm,Chance Gray,G,14,1-2,1-2,0-0,0,3,3,0,0,0,0,0,3,+4
20260707_SEA_LA,"Tuesday, July 07, 2026",regular_season,Los Angeles Sparks,Seattle Storm,Alissa Pili,F,,,,,,,,,,,,,,
20260708_DAL_NY,"Wednesday, July 08, 2026",regular_season,Dallas Wings,New York Liberty,Jessica Shepard,F,37,11-16,0-0,0-0,3,9,12,11,0,0,4,3,22,+2
20260708_DAL_NY,"Wednesday, July 08, 2026",regular_season,Dallas Wings,New York Liberty,Awak Kuier,F,28,3-6,3-4,1-1,4,8,12,7,0,3,1,4,10,+8
20260708_DAL_NY,"Wednesday, July 08, 2026",regular_season,Dallas Wings,New York Liberty,Arike Ogunbowale,G,32,3-8,0-4,2-2,1,0,1,1,1,0,1,4,8,+11
20260708_DAL_NY,"Wednesday, July 08, 2026",regular_season,Dallas Wings,New York Liberty,Paige Bueckers,G,33,5-15,1-5,4-4,1,6,7,6,0,2,1,1,15,+15
20260708_DAL_NY,"Wednesday, July 08, 2026",regular_season,Dallas Wings,New York Liberty,Azzi Fudd,G,34,6-13,0-4,0-0,0,0,0,3,2,0,0,1,12,0
20260708_DAL_NY,"Wednesday, July 08, 2026",regular_season,Dallas Wings,New York Liberty,Alanna Smith,F,16,3-8,1-3,1-1,1,4,5,1,0,0,1,2,8,+12
20260708_DAL_NY,"Wednesday, July 08, 2026",regular_season,Dallas Wings,New York Liberty,Odyssey Sims,G,12,2-5,0-1,4-4,0,1,1,0,0,0,0,1,8,+1
20260708_DAL_NY,"Wednesday, July 08, 2026",regular_season,Dallas Wings,New York Liberty,Aziaha James,G,9,2-5,1-2,0-0,0,0,0,0,0,0,1,1,5,+6
20260708_DAL_NY,"Wednesday, July 08, 2026",regular_season,Dallas Wings,New York Liberty,Alysha Clark,F,,,,,,,,,,,,,,
20260708_DAL_NY,"Wednesday, July 08, 2026",regular_season,Dallas Wings,New York Liberty,Maddy Siegrist,F,,,,,,,,,,,,,,
20260708_DAL_NY,"Wednesday, July 08, 2026",regular_season,Dallas Wings,New York Liberty,Li Yueru,C,,,,,,,,,,,,,,
20260708_DAL_NY,"Wednesday, July 08, 2026",regular_season,Dallas Wings,New York Liberty,Sug Sutton,G,,,,,,,,,,,,,,
20260708_DAL_NY,"Wednesday, July 08, 2026",regular_season,Dallas Wings,New York Liberty,Haley Jones,G,,,,,,,,,,,,,,
20260708_DAL_NY,"Wednesday, July 08, 2026",regular_season,Dallas Wings,New York Liberty,Costanza Verona,G,,,,,,,,,,,,,,
20260708_DAL_NY,"Wednesday, July 08, 2026",regular_season,New York Liberty,Dallas Wings,Breanna Stewart,F,33,10-16,0-3,9-11,2,7,9,4,1,0,2,4,29,-13
20260708_DAL_NY,"Wednesday, July 08, 2026",regular_season,New York Liberty,Dallas Wings,Jonquel Jones,C,32,6-11,3-6,2-2,1,11,12,2,0,2,4,4,17,-2
20260708_DAL_NY,"Wednesday, July 08, 2026",regular_season,New York Liberty,Dallas Wings,Rebekah Gardner,G,26,0-4,0-1,4-4,1,2,3,1,1,0,0,3,4,-3
20260708_DAL_NY,"Wednesday, July 08, 2026",regular_season,New York Liberty,Dallas Wings,Sabrina Ionescu,G,33,5-15,2-7,2-2,1,2,3,5,0,1,4,3,14,-5
20260708_DAL_NY,"Wednesday, July 08, 2026",regular_season,New York Liberty,Dallas Wings,Pauline Astier,G,23,2-4,0-2,0-0,0,2,2,1,0,0,2,1,4,-5
20260708_DAL_NY,"Wednesday, July 08, 2026",regular_season,New York Liberty,Dallas Wings,Raquel Carrera,F,5,0-0,0-0,0-0,0,0,0,1,0,0,0,0,0,-3
20260708_DAL_NY,"Wednesday, July 08, 2026",regular_season,New York Liberty,Dallas Wings,Han Xu,C,8,1-3,0-1,0-0,2,1,3,0,0,0,0,0,2,-9
20260708_DAL_NY,"Wednesday, July 08, 2026",regular_season,New York Liberty,Dallas Wings,Betnijah Laney-Hamilton,G,15,0-5,0-1,0-0,0,0,0,1,0,0,0,2,0,-9
20260708_DAL_NY,"Wednesday, July 08, 2026",regular_season,New York Liberty,Dallas Wings,Rebecca Allen,G,4,0-0,0-0,0-0,0,0,0,0,0,1,1,0,0,+7
20260708_DAL_NY,"Wednesday, July 08, 2026",regular_season,New York Liberty,Dallas Wings,Marine Johannes,G,21,2-7,0-5,3-3,0,2,2,1,1,0,1,1,7,-13
20260708_CHI_PHX,"Wednesday, July 08, 2026",regular_season,Chicago Sky,Phoenix Mercury,Azura Stevens,F,26,3-10,1-3,2-2,2,8,10,2,2,0,3,4,9,-3
20260708_CHI_PHX,"Wednesday, July 08, 2026",regular_season,Chicago Sky,Phoenix Mercury,Kamilla Cardoso,C,28,4-7,0-0,1-3,1,3,4,4,2,4,1,2,9,+1
20260708_CHI_PHX,"Wednesday, July 08, 2026",regular_season,Chicago Sky,Phoenix Mercury,Courtney Vandersloot,G,18,2-6,1-4,2-4,1,2,3,1,0,0,2,1,7,0
20260708_CHI_PHX,"Wednesday, July 08, 2026",regular_season,Chicago Sky,Phoenix Mercury,Natasha Cloud,G,32,3-8,3-7,2-2,0,4,4,6,2,0,1,4,11,+8
20260708_CHI_PHX,"Wednesday, July 08, 2026",regular_season,Chicago Sky,Phoenix Mercury,Sydney Taylor,G,23,6-11,3-7,1-1,0,1,1,1,0,0,4,5,16,-5
20260708_CHI_PHX,"Wednesday, July 08, 2026",regular_season,Chicago Sky,Phoenix Mercury,Elizabeth Williams,C,12,2-4,0-0,0-0,2,0,2,2,0,0,1,2,4,+10
20260708_CHI_PHX,"Wednesday, July 08, 2026",regular_season,Chicago Sky,Phoenix Mercury,Rachel Banham,G,12,2-5,1-2,2-2,0,2,2,1,1,1,2,2,7,+10
20260708_CHI_PHX,"Wednesday, July 08, 2026",regular_season,Chicago Sky,Phoenix Mercury,Jacy Sheldon,G,17,1-3,1-2,0-2,0,1,1,2,1,0,0,1,3,+7
20260708_CHI_PHX,"Wednesday, July 08, 2026",regular_season,Chicago Sky,Phoenix Mercury,Aicha Coulibaly,G,14,2-3,0-0,4-4,1,6,7,1,1,0,1,1,8,+14
20260708_CHI_PHX,"Wednesday, July 08, 2026",regular_season,Chicago Sky,Phoenix Mercury,Gabriela Jaquez,G,18,1-5,1-2,0-0,0,1,1,1,2,0,2,1,3,+13
20260708_CHI_PHX,"Wednesday, July 08, 2026",regular_season,Chicago Sky,Phoenix Mercury,Skylar Diggins,G,,,,,,,,,,,,,,
20260708_CHI_PHX,"Wednesday, July 08, 2026",regular_season,Chicago Sky,Phoenix Mercury,DiJonai Carrington,G,,,,,,,,,,,,,,
20260708_CHI_PHX,"Wednesday, July 08, 2026",regular_season,Phoenix Mercury,Chicago Sky,DeWanna Bonner,F,31,3-6,2-5,4-4,0,7,7,0,1,1,1,2,12,-6
20260708_CHI_PHX,"Wednesday, July 08, 2026",regular_season,Phoenix Mercury,Chicago Sky,Alyssa Thomas,F,31,3-7,0-0,5-7,0,7,7,5,4,1,5,2,11,-6
20260708_CHI_PHX,"Wednesday, July 08, 2026",regular_season,Phoenix Mercury,Chicago Sky,Valeriane Ayayi,F,28,3-6,1-4,2-2,2,4,6,0,1,0,4,3,9,-7
20260708_CHI_PHX,"Wednesday, July 08, 2026",regular_season,Phoenix Mercury,Chicago Sky,Kahleah Copper,G,34,9-19,4-10,3-5,3,1,4,1,1,0,4,3,25,-9
20260708_CHI_PHX,"Wednesday, July 08, 2026",regular_season,Phoenix Mercury,Chicago Sky,Lexi Held,G,27,0-4,0-1,0-0,1,0,1,2,1,0,1,2,0,+5
20260708_CHI_PHX,"Wednesday, July 08, 2026",regular_season,Phoenix Mercury,Chicago Sky,Marta Suarez,F,6,0-3,0-1,0-0,0,1,1,0,0,0,1,0,0,-8
20260708_CHI_PHX,"Wednesday, July 08, 2026",regular_season,Phoenix Mercury,Chicago Sky,Noemie Brochant,F,17,0-2,0-2,0-0,0,3,3,0,2,0,0,0,0,-6
20260708_CHI_PHX,"Wednesday, July 08, 2026",regular_season,Phoenix Mercury,Chicago Sky,Kyara Linskens,C,8,0-2,0-1,0-0,0,1,1,0,0,1,1,3,0,-2
20260708_CHI_PHX,"Wednesday, July 08, 2026",regular_season,Phoenix Mercury,Chicago Sky,Monique Akoa Makani,G,17,2-5,0-0,5-6,0,1,1,1,1,0,3,4,9,-16
20260708_CHI_PHX,"Wednesday, July 08, 2026",regular_season,Phoenix Mercury,Chicago Sky,Natasha Mack,F,,,,,,,,,,,,,,
20260708_CHI_PHX,"Wednesday, July 08, 2026",regular_season,Phoenix Mercury,Chicago Sky,Sami Whitcomb,G,,,,,,,,,,,,,,
20260708_GS_TOR,"Wednesday, July 08, 2026",regular_season,Golden State Valkyries,Toronto Tempo,Kayla Thornton,F,25,4-6,3-5,4-4,4,5,9,0,1,1,2,4,15,+3
20260708_GS_TOR,"Wednesday, July 08, 2026",regular_season,Golden State Valkyries,Toronto Tempo,Gabby Williams,F,18,3-9,1-3,0-0,0,1,1,2,1,0,2,3,7,-6
20260708_GS_TOR,"Wednesday, July 08, 2026",regular_season,Golden State Valkyries,Toronto Tempo,Cecilia Zandalasini,F,15,1-6,1-5,0-0,0,1,1,2,0,0,1,1,3,+1
20260708_GS_TOR,"Wednesday, July 08, 2026",regular_season,Golden State Valkyries,Toronto Tempo,Kiah Stokes,C,14,0-2,0-1,0-0,1,2,3,0,0,1,2,1,0,-3
20260708_GS_TOR,"Wednesday, July 08, 2026",regular_season,Golden State Valkyries,Toronto Tempo,Veronica Burton,G,21,1-2,1-2,3-4,0,2,2,6,2,0,1,2,6,-1
20260708_GS_TOR,"Wednesday, July 08, 2026",regular_season,Golden State Valkyries,Toronto Tempo,Laeticia Amihere,F,15,1-1,0-0,1-2,1,2,3,0,0,0,1,3,3,+10
20260708_GS_TOR,"Wednesday, July 08, 2026",regular_season,Golden State Valkyries,Toronto Tempo,Janelle Salaun,F,23,7-10,5-6,7-9,2,4,6,1,1,0,3,1,26,+11
20260708_GS_TOR,"Wednesday, July 08, 2026",regular_season,Golden State Valkyries,Toronto Tempo,Nadia Fingall,C,2,0-0,0-0,0-0,0,0,0,0,0,0,0,0,0,-3
20260708_GS_TOR,"Wednesday, July 08, 2026",regular_season,Golden State Valkyries,Toronto Tempo,Tiffany Hayes,G,19,0-3,0-3,2-2,0,0,0,3,1,1,0,0,2,+5
20260708_GS_TOR,"Wednesday, July 08, 2026",regular_season,Golden State Valkyries,Toronto Tempo,Kaila Charles,G,25,1-7,0-3,3-4,2,3,5,1,0,0,1,4,5,+12
20260708_GS_TOR,"Wednesday, July 08, 2026",regular_season,Golden State Valkyries,Toronto Tempo,Kaitlyn Chen,G,22,8-12,0-2,0-0,1,0,1,3,1,0,1,1,16,+11
20260708_GS_TOR,"Wednesday, July 08, 2026",regular_season,Golden State Valkyries,Toronto Tempo,Juste Jocyte,G,,,,,,,,,,,,,,
20260708_GS_TOR,"Wednesday, July 08, 2026",regular_season,Toronto Tempo,Golden State Valkyries,Isabelle Harrison,F,31,10-17,1-2,3-3,3,5,8,2,0,0,4,4,24,-13
20260708_GS_TOR,"Wednesday, July 08, 2026",regular_season,Toronto Tempo,Golden State Valkyries,Maria Conde,F,35,3-8,1-4,2-2,1,2,3,1,0,0,3,1,9,-5
20260708_GS_TOR,"Wednesday, July 08, 2026",regular_season,Toronto Tempo,Golden State Valkyries,Nyara Sabally,F,7,1-1,0-0,0-0,0,1,1,1,0,0,1,1,2,+4
20260708_GS_TOR,"Wednesday, July 08, 2026",regular_season,Toronto Tempo,Golden State Valkyries,Marina Mabrey,G,34,2-9,0-3,7-8,0,6,6,4,1,0,5,1,11,-5
20260708_GS_TOR,"Wednesday, July 08, 2026",regular_season,Toronto Tempo,Golden State Valkyries,Julie Allemand,G,36,4-7,1-4,0-0,0,3,3,7,2,0,2,4,9,-12
20260708_GS_TOR,"Wednesday, July 08, 2026",regular_season,Toronto Tempo,Golden State Valkyries,Teonni Key,F,11,2-3,0-1,1-1,0,1,1,0,0,0,1,1,5,-1
20260708_GS_TOR,"Wednesday, July 08, 2026",regular_season,Toronto Tempo,Golden State Valkyries,Laura Juskaite,F,18,1-2,1-2,2-2,0,0,0,1,3,0,3,5,5,+7
20260708_GS_TOR,"Wednesday, July 08, 2026",regular_season,Toronto Tempo,Golden State Valkyries,Kia Nurse,G,15,2-3,2-3,2-2,0,1,1,2,0,0,1,2,8,-11
20260708_GS_TOR,"Wednesday, July 08, 2026",regular_season,Toronto Tempo,Golden State Valkyries,Tima Pouye,G,13,1-4,0-3,0-0,0,0,0,1,0,0,0,1,2,-4
20260708_GS_TOR,"Wednesday, July 08, 2026",regular_season,Toronto Tempo,Golden State Valkyries,Temi Fagbenle,C,,,,,,,,,,,,,,
20260708_GS_TOR,"Wednesday, July 08, 2026",regular_season,Toronto Tempo,Golden State Valkyries,Brittney Sykes,G,,,,,,,,,,,,,,
20260708_GS_TOR,"Wednesday, July 08, 2026",regular_season,Toronto Tempo,Golden State Valkyries,Kiki Rice,G,,,,,,,,,,,,,,
20260708_MIN_CON,"Wednesday, July 08, 2026",regular_season,Minnesota Lynx,Connecticut Sun,Natasha Howard,F,31,4-10,0-1,4-6,3,7,10,2,1,3,3,2,12,0
20260708_MIN_CON,"Wednesday, July 08, 2026",regular_season,Minnesota Lynx,Connecticut Sun,Nia Coffey,F,14,0-2,0-1,1-4,0,1,1,0,0,1,1,4,1,-8
20260708_MIN_CON,"Wednesday, July 08, 2026",regular_season,Minnesota Lynx,Connecticut Sun,Kayla McBride,G,38,6-10,2-2,9-9,1,3,4,4,2,1,0,2,23,+9
20260708_MIN_CON,"Wednesday, July 08, 2026",regular_season,Minnesota Lynx,Connecticut Sun,Courtney Williams,G,30,6-13,0-3,0-0,0,4,4,7,2,0,5,1,12,-6
20260708_MIN_CON,"Wednesday, July 08, 2026",regular_season,Minnesota Lynx,Connecticut Sun,Maya Caldwell,G,17,2-6,2-5,0-0,1,1,2,1,1,0,0,2,6,-1
20260708_MIN_CON,"Wednesday, July 08, 2026",regular_season,Minnesota Lynx,Connecticut Sun,Dorka Juhasz,F,19,4-7,4-6,0-0,1,5,6,1,0,1,1,2,12,+9
20260708_MIN_CON,"Wednesday, July 08, 2026",regular_season,Minnesota Lynx,Connecticut Sun,Antonia Delaere,F,23,4-7,2-4,0-0,0,0,0,0,2,0,3,4,10,+7
20260708_MIN_CON,"Wednesday, July 08, 2026",regular_season,Minnesota Lynx,Connecticut Sun,Anastasiia Olairi Kosu,F,15,1-3,0-0,3-4,3,1,4,3,0,0,1,2,5,+11
20260708_MIN_CON,"Wednesday, July 08, 2026",regular_season,Minnesota Lynx,Connecticut Sun,Eliska Hamzova,G,11,1-2,0-0,3-4,0,2,2,3,0,1,0,1,5,+9
20260708_MIN_CON,"Wednesday, July 08, 2026",regular_season,Minnesota Lynx,Connecticut Sun,Napheesa Collier,F,,,,,,,,,,,,,,
20260708_MIN_CON,"Wednesday, July 08, 2026",regular_season,Minnesota Lynx,Connecticut Sun,Emma Cechova,F,,,,,,,,,,,,,,
20260708_MIN_CON,"Wednesday, July 08, 2026",regular_season,Minnesota Lynx,Connecticut Sun,Olivia Miles,G,,,,,,,,,,,,,,
20260708_MIN_CON,"Wednesday, July 08, 2026",regular_season,Connecticut Sun,Minnesota Lynx,Aaliyah Edwards,F,17,0-4,0-0,2-2,0,4,4,0,0,0,1,1,2,-10
20260708_MIN_CON,"Wednesday, July 08, 2026",regular_season,Connecticut Sun,Minnesota Lynx,Diamond Miller,F,23,2-7,0-3,9-9,1,3,4,2,1,1,4,4,13,-5
20260708_MIN_CON,"Wednesday, July 08, 2026",regular_season,Connecticut Sun,Minnesota Lynx,Olivia Nelson-Ododa,C,27,6-9,0-0,2-3,1,4,5,2,1,1,2,2,14,+2
20260708_MIN_CON,"Wednesday, July 08, 2026",regular_season,Connecticut Sun,Minnesota Lynx,Charlisse Leger-Walker,G,31,3-11,1-5,0-0,0,4,4,3,3,1,4,2,7,-15
20260708_MIN_CON,"Wednesday, July 08, 2026",regular_season,Connecticut Sun,Minnesota Lynx,Leila Lacan,G,29,5-9,2-6,3-3,1,5,6,6,1,0,1,4,15,+5
20260708_MIN_CON,"Wednesday, July 08, 2026",regular_season,Connecticut Sun,Minnesota Lynx,Raegan Beers,F,13,1-3,0-0,3-4,1,0,1,1,0,0,1,1,5,-8
20260708_MIN_CON,"Wednesday, July 08, 2026",regular_season,Connecticut Sun,Minnesota Lynx,Nell Angloma,F,15,4-6,0-0,2-4,4,3,7,0,0,0,2,2,10,+3
20260708_MIN_CON,"Wednesday, July 08, 2026",regular_season,Connecticut Sun,Minnesota Lynx,Kennedy Burke,G,27,1-8,1-4,0-0,2,2,4,3,1,3,1,4,3,-4
20260708_MIN_CON,"Wednesday, July 08, 2026",regular_season,Connecticut Sun,Minnesota Lynx,Saniya Rivers,G,9,2-5,0-2,1-2,0,1,1,2,2,1,2,0,5,+5
20260708_MIN_CON,"Wednesday, July 08, 2026",regular_season,Connecticut Sun,Minnesota Lynx,Gianna Kneepkens,G,9,2-3,2-3,0-0,0,0,0,1,0,0,0,0,6,-3
20260708_MIN_CON,"Wednesday, July 08, 2026",regular_season,Connecticut Sun,Minnesota Lynx,Aneesah Morrow,F,,,,,,,,,,,,,,
20260708_MIN_CON,"Wednesday, July 08, 2026",regular_season,Connecticut Sun,Minnesota Lynx,Brittney Griner,C,,,,,,,,,,,,,,
20260708_MIN_CON,"Wednesday, July 08, 2026",regular_season,Connecticut Sun,Minnesota Lynx,Hailey Van Lith,G,,,,,,,,,,,,,,
20260708_MIN_CON,"Wednesday, July 08, 2026",regular_season,Connecticut Sun,Minnesota Lynx,Ashlon Jackson,G,,,,,,,,,,,,,,
20260709_IND_LA,"Thursday, July 09, 2026",regular_season,Indiana Fever,Los Angeles Sparks,Myisha Hines-Allen,F,13,0-0,0-0,0-0,0,2,2,0,1,1,0,4,0,-7
20260709_IND_LA,"Thursday, July 09, 2026",regular_season,Indiana Fever,Los Angeles Sparks,Monique Billings,F,18,1-3,0-0,2-4,5,7,12,3,1,1,2,3,4,-2
20260709_IND_LA,"Thursday, July 09, 2026",regular_season,Indiana Fever,Los Angeles Sparks,Kelsey Mitchell,G,33,9-18,5-9,6-6,1,3,4,3,2,0,2,1,29,-4
20260709_IND_LA,"Thursday, July 09, 2026",regular_season,Indiana Fever,Los Angeles Sparks,Lexie Hull,G,21,6-13,2-6,0-0,2,0,2,0,1,0,0,1,14,0
20260709_IND_LA,"Thursday, July 09, 2026",regular_season,Indiana Fever,Los Angeles Sparks,Caitlin Clark,G,16,4-12,1-6,0-0,0,4,4,3,1,0,4,1,9,-16
20260709_IND_LA,"Thursday, July 09, 2026",regular_season,Indiana Fever,Los Angeles Sparks,Makayla Timpson,F,23,4-6,0-0,1-3,1,4,5,0,0,3,1,3,9,-1
20260709_IND_LA,"Thursday, July 09, 2026",regular_season,Indiana Fever,Los Angeles Sparks,Grace VanSlooten,F,4,0-0,0-0,0-0,0,2,2,0,0,0,1,1,0,-11
20260709_IND_LA,"Thursday, July 09, 2026",regular_season,Indiana Fever,Los Angeles Sparks,Damiris Dantas,C,22,4-6,2-3,2-2,0,4,4,2,0,0,2,3,12,-7
20260709_IND_LA,"Thursday, July 09, 2026",regular_season,Indiana Fever,Los Angeles Sparks,Sophie Cunningham,G,11,1-4,0-3,0-0,0,1,1,1,1,0,1,1,2,-14
20260709_IND_LA,"Thursday, July 09, 2026",regular_season,Indiana Fever,Los Angeles Sparks,Tyasha Harris,G,26,3-6,1-4,3-4,1,2,3,4,0,0,1,3,10,-2
20260709_IND_LA,"Thursday, July 09, 2026",regular_season,Indiana Fever,Los Angeles Sparks,Raven Johnson,G,13,1-9,0-3,1-2,2,0,2,2,1,0,2,1,3,-3
20260709_IND_LA,"Thursday, July 09, 2026",regular_season,Indiana Fever,Los Angeles Sparks,Bree Hall,G,1,0-0,0-0,0-0,0,0,0,0,0,0,0,0,0,-3
20260709_IND_LA,"Thursday, July 09, 2026",regular_season,Los Angeles Sparks,Indiana Fever,Nneka Ogwumike,F,31,9-19,2-4,4-4,0,8,8,5,0,0,1,3,24,+5
20260709_IND_LA,"Thursday, July 09, 2026",regular_season,Los Angeles Sparks,Indiana Fever,Dearica Hamby,F,34,8-15,0-1,5-6,2,7,9,2,4,0,3,2,21,+17
20260709_IND_LA,"Thursday, July 09, 2026",regular_season,Los Angeles Sparks,Indiana Fever,Erica Wheeler,G,29,5-10,1-3,1-1,0,4,4,6,1,0,1,3,12,+3
20260709_IND_LA,"Thursday, July 09, 2026",regular_season,Los Angeles Sparks,Indiana Fever,Ariel Atkins,G,31,4-10,2-5,2-2,0,3,3,1,2,0,2,5,12,+7
20260709_IND_LA,"Thursday, July 09, 2026",regular_season,Los Angeles Sparks,Indiana Fever,Rae Burrell,G,36,9-15,2-3,2-3,1,2,3,4,1,0,3,1,22,+11
20260709_IND_LA,"Thursday, July 09, 2026",regular_season,Los Angeles Sparks,Indiana Fever,Emma Cannon,F,3,1-1,1-1,0-0,0,0,0,0,0,0,0,2,3,+1
20260709_IND_LA,"Thursday, July 09, 2026",regular_season,Los Angeles Sparks,Indiana Fever,Jihyun Park,F,10,0-2,0-0,3-4,2,2,4,1,3,0,0,0,3,+8
20260709_IND_LA,"Thursday, July 09, 2026",regular_season,Los Angeles Sparks,Indiana Fever,Alissa Pili,F,12,2-3,0-0,0-0,2,3,5,2,0,0,0,1,4,+5
20260709_IND_LA,"Thursday, July 09, 2026",regular_season,Los Angeles Sparks,Indiana Fever,Kiana Williams,G,15,2-4,1-3,0-0,0,1,1,4,0,0,1,1,5,+13
20260709_IND_LA,"Thursday, July 09, 2026",regular_season,Los Angeles Sparks,Indiana Fever,Kate Martin,G,,,,,,,,,,,,,,
20260709_IND_LA,"Thursday, July 09, 2026",regular_season,Los Angeles Sparks,Indiana Fever,Chance Gray,G,,,,,,,,,,,,,,
20260710_SEA_ATL,"Friday, July 10, 2026",regular_season,Seattle Storm,Atlanta Dream,Dominique Malonga,C,29,6-12,0-1,3-4,2,7,9,2,1,1,4,3,15,-3
20260710_SEA_ATL,"Friday, July 10, 2026",regular_season,Seattle Storm,Atlanta Dream,Awa Fam,C,30,2-8,0-5,0-0,0,5,5,4,0,0,0,0,4,-12
20260710_SEA_ATL,"Friday, July 10, 2026",regular_season,Seattle Storm,Atlanta Dream,Natisha Hiedeman,G,34,7-17,3-9,3-3,0,5,5,3,0,0,4,3,20,-9
20260710_SEA_ATL,"Friday, July 10, 2026",regular_season,Seattle Storm,Atlanta Dream,Flau'jae Johnson,G,29,5-12,0-3,4-5,0,2,2,5,2,1,3,2,14,-3
20260710_SEA_ATL,"Friday, July 10, 2026",regular_season,Seattle Storm,Atlanta Dream,Jade Melbourne,G,25,2-2,0-0,1-2,0,2,2,4,1,0,4,4,5,-5
20260710_SEA_ATL,"Friday, July 10, 2026",regular_season,Seattle Storm,Atlanta Dream,Katie Lou Samuelson,F,12,1-1,0-0,1-1,0,0,0,0,0,0,0,2,3,-10
20260710_SEA_ATL,"Friday, July 10, 2026",regular_season,Seattle Storm,Atlanta Dream,Ezi Magbegor,F,8,1-3,0-0,0-0,1,4,5,0,0,0,1,1,2,-1
20260710_SEA_ATL,"Friday, July 10, 2026",regular_season,Seattle Storm,Atlanta Dream,Jordan Horston,F,11,3-4,0-0,0-0,2,1,3,1,1,0,1,2,6,0
20260710_SEA_ATL,"Friday, July 10, 2026",regular_season,Seattle Storm,Atlanta Dream,Stefanie Dolson,C,13,1-2,0-0,2-2,1,1,2,1,0,1,2,2,4,-6
20260710_SEA_ATL,"Friday, July 10, 2026",regular_season,Seattle Storm,Atlanta Dream,Zia Cooke,G,9,2-5,0-2,1-2,0,2,2,1,1,0,2,1,5,-6
20260710_SEA_ATL,"Friday, July 10, 2026",regular_season,Seattle Storm,Atlanta Dream,Mackenzie Holmes,F,,,,,,,,,,,,,,
20260710_SEA_ATL,"Friday, July 10, 2026",regular_season,Seattle Storm,Atlanta Dream,Taylor Thierry,F,,,,,,,,,,,,,,
20260710_SEA_ATL,"Friday, July 10, 2026",regular_season,Atlanta Dream,Seattle Storm,Naz Hillmon,F,29,2-9,1-7,2-2,0,2,2,1,3,0,1,1,7,+11
20260710_SEA_ATL,"Friday, July 10, 2026",regular_season,Atlanta Dream,Seattle Storm,Angel Reese,F,30,7-15,0-0,4-4,3,8,11,2,2,0,3,1,18,+8
20260710_SEA_ATL,"Friday, July 10, 2026",regular_season,Atlanta Dream,Seattle Storm,Allisha Gray,G,32,7-13,1-3,7-7,0,3,3,5,1,1,3,2,22,+15
20260710_SEA_ATL,"Friday, July 10, 2026",regular_season,Atlanta Dream,Seattle Storm,Jordin Canada,G,34,4-10,0-1,6-7,3,6,9,8,3,1,2,3,14,+10
20260710_SEA_ATL,"Friday, July 10, 2026",regular_season,Atlanta Dream,Seattle Storm,Rhyne Howard,G,35,6-14,4-11,3-4,0,4,4,2,4,2,3,4,19,+7
20260710_SEA_ATL,"Friday, July 10, 2026",regular_season,Atlanta Dream,Seattle Storm,Sika Kone,F,11,0-3,0-3,0-0,0,0,0,0,0,0,1,3,0,0
20260710_SEA_ATL,"Friday, July 10, 2026",regular_season,Atlanta Dream,Seattle Storm,Madina Okot,C,9,2-5,0-0,1-2,4,2,6,0,1,0,2,2,5,+2
20260710_SEA_ATL,"Friday, July 10, 2026",regular_season,Atlanta Dream,Seattle Storm,Te-Hina Paopao,G,10,0-1,0-1,0-0,0,0,0,0,0,0,0,0,0,-1
20260710_SEA_ATL,"Friday, July 10, 2026",regular_season,Atlanta Dream,Seattle Storm,Isobel Borlase,G,10,2-2,0-0,0-0,0,2,2,0,0,0,0,2,4,+3
20260710_SEA_ATL,"Friday, July 10, 2026",regular_season,Atlanta Dream,Seattle Storm,Brionna Jones,F,,,,,,,,,,,,,,
20260710_SEA_ATL,"Friday, July 10, 2026",regular_season,Atlanta Dream,Seattle Storm,Shatori Walker-Kimbrough,G,,,,,,,,,,,,,,
20260710_SEA_ATL,"Friday, July 10, 2026",regular_season,Atlanta Dream,Seattle Storm,Aaliyah Nye,G,,,,,,,,,,,,,,
20260710_IND_PHX,"Friday, July 10, 2026",regular_season,Indiana Fever,Phoenix Mercury,Monique Billings,F,15,1-2,0-1,0-0,1,1,2,0,0,0,1,2,2,-8
20260710_IND_PHX,"Friday, July 10, 2026",regular_season,Indiana Fever,Phoenix Mercury,Aliyah Boston,C,38,9-16,3-5,0-0,0,9,9,0,1,1,1,2,21,+7
20260710_IND_PHX,"Friday, July 10, 2026",regular_season,Indiana Fever,Phoenix Mercury,Kelsey Mitchell,G,35,10-22,3-6,6-6,1,1,2,8,3,1,0,3,29,+4
20260710_IND_PHX,"Friday, July 10, 2026",regular_season,Indiana Fever,Phoenix Mercury,Tyasha Harris,G,22,6-8,3-4,0-0,0,1,1,5,2,1,1,5,15,+4
20260710_IND_PHX,"Friday, July 10, 2026",regular_season,Indiana Fever,Phoenix Mercury,Lexie Hull,G,18,4-6,2-3,0-0,0,0,0,0,0,0,0,1,10,-3
20260710_IND_PHX,"Friday, July 10, 2026",regular_season,Indiana Fever,Phoenix Mercury,Myisha Hines-Allen,F,7,0-0,0-0,0-0,0,3,3,0,0,0,3,1,0,+1
20260710_IND_PHX,"Friday, July 10, 2026",regular_season,Indiana Fever,Phoenix Mercury,Makayla Timpson,F,15,0-2,0-0,0-0,2,3,5,1,0,1,0,0,0,+9
20260710_IND_PHX,"Friday, July 10, 2026",regular_season,Indiana Fever,Phoenix Mercury,Sophie Cunningham,G,29,2-7,1-5,4-4,0,2,2,2,1,0,1,1,9,+5
20260710_IND_PHX,"Friday, July 10, 2026",regular_season,Indiana Fever,Phoenix Mercury,Raven Johnson,G,23,3-7,0-3,0-0,2,4,6,2,1,0,3,1,6,-4
20260710_IND_PHX,"Friday, July 10, 2026",regular_season,Indiana Fever,Phoenix Mercury,Grace VanSlooten,F,,,,,,,,,,,,,,
20260710_IND_PHX,"Friday, July 10, 2026",regular_season,Indiana Fever,Phoenix Mercury,Damiris Dantas,C,,,,,,,,,,,,,,
20260710_IND_PHX,"Friday, July 10, 2026",regular_season,Indiana Fever,Phoenix Mercury,Caitlin Clark,G,,,,,,,,,,,,,,
20260710_IND_PHX,"Friday, July 10, 2026",regular_season,Indiana Fever,Phoenix Mercury,Bree Hall,G,,,,,,,,,,,,,,
20260710_IND_PHX,"Friday, July 10, 2026",regular_season,Phoenix Mercury,Indiana Fever,DeWanna Bonner,F,27,4-8,1-3,0-0,0,7,7,2,1,0,1,0,9,-11
20260710_IND_PHX,"Friday, July 10, 2026",regular_season,Phoenix Mercury,Indiana Fever,Alyssa Thomas,F,33,10-18,0-0,2-2,1,5,6,7,1,1,1,4,22,-5
20260710_IND_PHX,"Friday, July 10, 2026",regular_season,Phoenix Mercury,Indiana Fever,Valeriane Ayayi,F,30,4-8,2-5,0-1,1,1,2,3,0,0,2,2,10,-10
20260710_IND_PHX,"Friday, July 10, 2026",regular_season,Phoenix Mercury,Indiana Fever,Kahleah Copper,G,32,9-17,3-6,1-2,0,5,5,2,1,0,1,2,22,-8
20260710_IND_PHX,"Friday, July 10, 2026",regular_season,Phoenix Mercury,Indiana Fever,Lexi Held,G,12,0-1,0-1,0-0,0,0,0,4,0,0,1,1,0,-3
20260710_IND_PHX,"Friday, July 10, 2026",regular_season,Phoenix Mercury,Indiana Fever,Marta Suarez,F,11,4-6,2-2,0-0,1,1,2,0,0,0,0,2,10,+5
20260710_IND_PHX,"Friday, July 10, 2026",regular_season,Phoenix Mercury,Indiana Fever,Noemie Brochant,F,19,0-2,0-2,0-0,0,1,1,1,0,0,0,0,0,+12
20260710_IND_PHX,"Friday, July 10, 2026",regular_season,Phoenix Mercury,Indiana Fever,Sami Whitcomb,G,11,0-5,0-5,2-2,1,3,4,1,1,0,1,1,2,+8
20260710_IND_PHX,"Friday, July 10, 2026",regular_season,Phoenix Mercury,Indiana Fever,Monique Akoa Makani,G,24,4-6,3-3,3-3,0,0,0,3,0,0,4,2,14,-3
20260710_IND_PHX,"Friday, July 10, 2026",regular_season,Phoenix Mercury,Indiana Fever,Natasha Mack,F,,,,,,,,,,,,,,
20260710_IND_PHX,"Friday, July 10, 2026",regular_season,Phoenix Mercury,Indiana Fever,Kyara Linskens,C,,,,,,,,,,,,,,
20260710_IND_PHX,"Friday, July 10, 2026",regular_season,Phoenix Mercury,Indiana Fever,Shay Ciezki,G,,,,,,,,,,,,,,
20260710_IND_PHX,"Friday, July 10, 2026",regular_season,Phoenix Mercury,Indiana Fever,Quionche Carter,G,,,,,,,,,,,,,,
20260710_LV_POR,"Friday, July 10, 2026",regular_season,Las Vegas Aces,Portland Fire,Stephanie Talbot,F,17,0-3,0-2,0-0,0,2,2,1,1,0,1,3,0,-5
20260710_LV_POR,"Friday, July 10, 2026",regular_season,Las Vegas Aces,Portland Fire,NaLyssa Smith,F,28,7-12,0-0,2-4,1,1,2,0,2,0,0,4,16,+8
20260710_LV_POR,"Friday, July 10, 2026",regular_season,Las Vegas Aces,Portland Fire,A'ja Wilson,C,30,10-19,1-2,11-13,0,10,10,3,2,2,1,0,32,+25
20260710_LV_POR,"Friday, July 10, 2026",regular_season,Las Vegas Aces,Portland Fire,Chelsea Gray,G,34,2-6,1-4,3-3,0,1,1,7,3,0,2,4,8,+14
20260710_LV_POR,"Friday, July 10, 2026",regular_season,Las Vegas Aces,Portland Fire,Jackie Young,G,31,8-11,3-5,0-0,0,4,4,11,3,1,3,1,19,+18
20260710_LV_POR,"Friday, July 10, 2026",regular_season,Las Vegas Aces,Portland Fire,Cheyenne Parker-Tyus,F,5,0-0,0-0,0-0,0,0,0,0,0,0,2,0,0,-12
20260710_LV_POR,"Friday, July 10, 2026",regular_season,Las Vegas Aces,Portland Fire,Brianna Turner,F,14,1-1,0-0,0-0,1,2,3,0,0,2,1,0,2,-2
20260710_LV_POR,"Friday, July 10, 2026",regular_season,Las Vegas Aces,Portland Fire,Kierstan Bell,F,12,1-3,1-3,2-2,1,3,4,1,0,0,1,2,5,-10
20260710_LV_POR,"Friday, July 10, 2026",regular_season,Las Vegas Aces,Portland Fire,Jewell Loyd,G,29,2-6,2-4,0-0,1,0,1,0,2,0,1,3,6,+4
20260710_LV_POR,"Friday, July 10, 2026",regular_season,Las Vegas Aces,Portland Fire,Janiah Barker,F,,,,,,,,,,,,,,
20260710_LV_POR,"Friday, July 10, 2026",regular_season,Las Vegas Aces,Portland Fire,Dana Evans,G,,,,,,,,,,,,,,
20260710_LV_POR,"Friday, July 10, 2026",regular_season,Las Vegas Aces,Portland Fire,Justine Pissott,G,,,,,,,,,,,,,,
20260710_LV_POR,"Friday, July 10, 2026",regular_season,Portland Fire,Las Vegas Aces,Bridget Carleton,F,28,3-10,3-8,0-0,2,4,6,3,1,0,2,1,9,-5
20260710_LV_POR,"Friday, July 10, 2026",regular_season,Portland Fire,Las Vegas Aces,Emily Engstler,F,29,3-7,1-4,3-4,2,5,7,2,1,2,1,5,10,-4
20260710_LV_POR,"Friday, July 10, 2026",regular_season,Portland Fire,Las Vegas Aces,Megan DiLeo,C,26,5-9,1-3,0-0,0,3,3,0,1,1,1,2,11,+7
20260710_LV_POR,"Friday, July 10, 2026",regular_season,Portland Fire,Las Vegas Aces,Sarah Ashlee Barker,G,25,3-6,1-4,1-2,0,6,6,3,1,0,1,2,8,+8
20260710_LV_POR,"Friday, July 10, 2026",regular_season,Portland Fire,Las Vegas Aces,Carla Leite,G,21,2-6,0-1,9-11,1,2,3,5,0,0,5,3,13,+3
20260710_LV_POR,"Friday, July 10, 2026",regular_season,Portland Fire,Las Vegas Aces,Frieda Buhner,F,16,2-5,0-2,2-2,0,1,1,0,2,0,3,1,6,-11
20260710_LV_POR,"Friday, July 10, 2026",regular_season,Portland Fire,Las Vegas Aces,Nyadiew Puoch,F,13,2-3,0-1,0-1,1,1,2,1,0,0,1,1,4,-1
20260710_LV_POR,"Friday, July 10, 2026",regular_season,Portland Fire,Las Vegas Aces,Luisa Geiselsoder,C,6,1-3,1-2,0-0,0,1,1,0,0,0,0,1,3,+1
20260710_LV_POR,"Friday, July 10, 2026",regular_season,Portland Fire,Las Vegas Aces,Serah Williams,C,6,1-3,0-0,0-0,0,0,0,1,0,0,1,3,2,-1
20260710_LV_POR,"Friday, July 10, 2026",regular_season,Portland Fire,Las Vegas Aces,Karlie Samuelson,G,11,0-0,0-0,0-0,0,0,0,0,0,0,0,0,0,-26
20260710_LV_POR,"Friday, July 10, 2026",regular_season,Portland Fire,Las Vegas Aces,Holly Winterburn,G,3,1-1,1-1,0-0,0,0,0,0,0,0,0,0,3,+8
20260710_LV_POR,"Friday, July 10, 2026",regular_season,Portland Fire,Las Vegas Aces,Teja Oblak,G,17,4-8,3-6,0-0,0,1,1,2,2,0,2,0,11,-19
20260710_GS_CON,"Friday, July 10, 2026",regular_season,Golden State Valkyries,Connecticut Sun,Kayla Thornton,F,13,1-4,0-1,0-0,2,2,4,0,1,0,2,4,2,-3
20260710_GS_CON,"Friday, July 10, 2026",regular_season,Golden State Valkyries,Connecticut Sun,Cecilia Zandalasini,F,17,2-5,0-0,0-0,0,1,1,0,2,0,3,3,4,+3
20260710_GS_CON,"Friday, July 10, 2026",regular_season,Golden State Valkyries,Connecticut Sun,Kiah Stokes,C,20,2-4,1-3,0-0,2,2,4,2,0,0,0,1,5,+6
20260710_GS_CON,"Friday, July 10, 2026",regular_season,Golden State Valkyries,Connecticut Sun,Kaila Charles,G,30,3-5,1-1,2-2,3,2,5,1,1,0,2,1,9,+9
20260710_GS_CON,"Friday, July 10, 2026",regular_season,Golden State Valkyries,Connecticut Sun,Veronica Burton,G,33,7-12,1-3,2-3,1,2,3,6,1,2,1,4,17,+16
20260710_GS_CON,"Friday, July 10, 2026",regular_season,Golden State Valkyries,Connecticut Sun,Laeticia Amihere,F,17,3-7,0-1,0-0,1,4,5,3,1,3,1,1,6,+14
20260710_GS_CON,"Friday, July 10, 2026",regular_season,Golden State Valkyries,Connecticut Sun,Janelle Salaun,F,27,5-11,4-7,2-2,0,7,7,1,3,1,1,2,16,+18
20260710_GS_CON,"Friday, July 10, 2026",regular_season,Golden State Valkyries,Connecticut Sun,Nadia Fingall,C,2,1-1,1-1,0-0,0,0,0,0,0,0,0,1,3,-5
20260710_GS_CON,"Friday, July 10, 2026",regular_season,Golden State Valkyries,Connecticut Sun,Tiffany Hayes,G,17,3-3,0-0,3-4,0,0,0,5,0,0,0,3,9,+16
20260710_GS_CON,"Friday, July 10, 2026",regular_season,Golden State Valkyries,Connecticut Sun,Kaitlyn Chen,G,21,4-7,0-1,0-2,0,1,1,1,2,0,4,0,8,+6
20260710_GS_CON,"Friday, July 10, 2026",regular_season,Golden State Valkyries,Connecticut Sun,Juste Jocyte,G,2,0-1,0-0,0-0,0,0,0,0,0,0,1,1,0,-5
20260710_GS_CON,"Friday, July 10, 2026",regular_season,Golden State Valkyries,Connecticut Sun,Gabby Williams,F,,,,,,,,,,,,,,
20260710_GS_CON,"Friday, July 10, 2026",regular_season,Golden State Valkyries,Connecticut Sun,Ashten Prechtel,F,,,,,,,,,,,,,,
20260710_GS_CON,"Friday, July 10, 2026",regular_season,Golden State Valkyries,Connecticut Sun,Miela Sowah,G,,,,,,,,,,,,,,
20260710_GS_CON,"Friday, July 10, 2026",regular_season,Connecticut Sun,Golden State Valkyries,Aaliyah Edwards,F,27,5-9,1-1,0-0,0,2,2,0,2,0,3,3,11,-5
20260710_GS_CON,"Friday, July 10, 2026",regular_season,Connecticut Sun,Golden State Valkyries,Diamond Miller,F,27,4-8,1-3,5-5,0,3,3,0,0,0,3,3,14,-1
20260710_GS_CON,"Friday, July 10, 2026",regular_season,Connecticut Sun,Golden State Valkyries,Olivia Nelson-Ododa,C,25,5-13,0-0,2-4,2,6,8,4,1,1,4,2,12,-9
20260710_GS_CON,"Friday, July 10, 2026",regular_season,Connecticut Sun,Golden State Valkyries,Charlisse Leger-Walker,G,25,4-10,1-5,1-1,0,1,1,2,1,0,2,3,10,-6
20260710_GS_CON,"Friday, July 10, 2026",regular_season,Connecticut Sun,Golden State Valkyries,Leila Lacan,G,32,3-5,1-2,1-1,1,2,3,6,2,0,4,2,8,-15
20260710_GS_CON,"Friday, July 10, 2026",regular_season,Connecticut Sun,Golden State Valkyries,Raegan Beers,F,10,0-1,0-0,3-4,1,1,2,1,0,0,1,1,3,+1
20260710_GS_CON,"Friday, July 10, 2026",regular_season,Connecticut Sun,Golden State Valkyries,Nell Angloma,F,16,3-8,0-4,0-0,0,1,1,4,1,2,2,3,6,-1
20260710_GS_CON,"Friday, July 10, 2026",regular_season,Connecticut Sun,Golden State Valkyries,Kennedy Burke,G,20,0-3,0-1,0-2,2,0,2,0,1,0,1,0,0,-26
20260710_GS_CON,"Friday, July 10, 2026",regular_season,Connecticut Sun,Golden State Valkyries,Hailey Van Lith,G,9,0-0,0-0,0-0,0,0,0,2,1,0,0,0,0,-5
20260710_GS_CON,"Friday, July 10, 2026",regular_season,Connecticut Sun,Golden State Valkyries,Gianna Kneepkens,G,9,0-1,0-0,0-0,0,1,1,0,1,0,0,3,0,-8
20260710_GS_CON,"Friday, July 10, 2026",regular_season,Connecticut Sun,Golden State Valkyries,Aneesah Morrow,F,,,,,,,,,,,,,,
20260710_GS_CON,"Friday, July 10, 2026",regular_season,Connecticut Sun,Golden State Valkyries,Brittney Griner,C,,,,,,,,,,,,,,
20260710_GS_CON,"Friday, July 10, 2026",regular_season,Connecticut Sun,Golden State Valkyries,Saniya Rivers,G,,,,,,,,,,,,,,
20260710_GS_CON,"Friday, July 10, 2026",regular_season,Connecticut Sun,Golden State Valkyries,Ashlon Jackson,G,,,,,,,,,,,,,,
20260710_DAL_TOR,"Friday, July 10, 2026",regular_season,Dallas Wings,Toronto Tempo,Jessica Shepard,F,40,7-9,0-0,6-8,6,11,17,3,1,0,4,2,20,+13
20260710_DAL_TOR,"Friday, July 10, 2026",regular_season,Dallas Wings,Toronto Tempo,Awak Kuier,F,11,1-3,1-1,0-0,0,1,1,1,1,1,0,1,3,+3
20260710_DAL_TOR,"Friday, July 10, 2026",regular_season,Dallas Wings,Toronto Tempo,Arike Ogunbowale,G,30,6-11,1-3,7-7,1,2,3,7,0,0,0,2,20,+14
20260710_DAL_TOR,"Friday, July 10, 2026",regular_season,Dallas Wings,Toronto Tempo,Paige Bueckers,G,38,13-22,2-5,6-6,1,5,6,6,2,0,1,2,34,+15
20260710_DAL_TOR,"Friday, July 10, 2026",regular_season,Dallas Wings,Toronto Tempo,Azzi Fudd,G,36,5-13,3-7,0-0,1,1,2,2,1,0,0,3,13,+16
20260710_DAL_TOR,"Friday, July 10, 2026",regular_season,Dallas Wings,Toronto Tempo,Alysha Clark,F,17,4-4,2-2,0-0,0,0,0,2,0,0,0,4,10,+16
20260710_DAL_TOR,"Friday, July 10, 2026",regular_season,Dallas Wings,Toronto Tempo,Alanna Smith,F,8,0-1,0-0,0-0,0,0,0,0,0,0,1,1,0,-7
20260710_DAL_TOR,"Friday, July 10, 2026",regular_season,Dallas Wings,Toronto Tempo,Maddy Siegrist,F,3,0-1,0-1,0-0,0,0,0,0,0,0,0,0,0,+1
20260710_DAL_TOR,"Friday, July 10, 2026",regular_season,Dallas Wings,Toronto Tempo,Odyssey Sims,G,12,3-9,2-6,0-0,0,1,1,0,0,0,0,1,8,-3
20260710_DAL_TOR,"Friday, July 10, 2026",regular_season,Dallas Wings,Toronto Tempo,Aziaha James,G,4,0-1,0-0,0-0,2,0,2,1,0,0,0,1,0,-3
20260710_DAL_TOR,"Friday, July 10, 2026",regular_season,Dallas Wings,Toronto Tempo,Li Yueru,C,,,,,,,,,,,,,,
20260710_DAL_TOR,"Friday, July 10, 2026",regular_season,Dallas Wings,Toronto Tempo,Sug Sutton,G,,,,,,,,,,,,,,
20260710_DAL_TOR,"Friday, July 10, 2026",regular_season,Toronto Tempo,Dallas Wings,Isabelle Harrison,F,26,8-10,2-3,0-2,3,5,8,1,0,1,1,2,18,-13
20260710_DAL_TOR,"Friday, July 10, 2026",regular_season,Toronto Tempo,Dallas Wings,Maria Conde,F,35,5-9,2-4,0-0,0,3,3,9,0,0,3,2,12,-18
20260710_DAL_TOR,"Friday, July 10, 2026",regular_season,Toronto Tempo,Dallas Wings,Laura Juskaite,F,36,10-16,3-6,2-2,0,3,3,3,1,1,0,3,25,-9
20260710_DAL_TOR,"Friday, July 10, 2026",regular_season,Toronto Tempo,Dallas Wings,Marina Mabrey,G,27,10-18,6-9,8-8,0,1,1,1,0,0,3,4,34,-6
20260710_DAL_TOR,"Friday, July 10, 2026",regular_season,Toronto Tempo,Dallas Wings,Julie Allemand,G,34,1-3,1-3,0-0,0,5,5,8,1,0,4,1,3,-13
20260710_DAL_TOR,"Friday, July 10, 2026",regular_season,Toronto Tempo,Dallas Wings,Teonni Key,F,7,0-0,0-0,0-0,0,0,0,0,1,0,0,1,0,+5
20260710_DAL_TOR,"Friday, July 10, 2026",regular_season,Toronto Tempo,Dallas Wings,Kayla Alexander,C,10,0-1,0-0,1-2,1,1,2,0,0,0,1,2,1,-9
20260710_DAL_TOR,"Friday, July 10, 2026",regular_season,Toronto Tempo,Dallas Wings,Kia Nurse,G,15,0-6,0-5,0-0,0,1,1,1,0,0,0,0,0,-5
20260710_DAL_TOR,"Friday, July 10, 2026",regular_season,Toronto Tempo,Dallas Wings,Tima Pouye,G,9,1-1,0-0,0-0,0,1,1,1,0,0,0,4,2,+3
20260710_DAL_TOR,"Friday, July 10, 2026",regular_season,Toronto Tempo,Dallas Wings,Nyara Sabally,F,,,,,,,,,,,,,,
20260710_DAL_TOR,"Friday, July 10, 2026",regular_season,Toronto Tempo,Dallas Wings,Temi Fagbenle,C,,,,,,,,,,,,,,
20260710_DAL_TOR,"Friday, July 10, 2026",regular_season,Toronto Tempo,Dallas Wings,Brittney Sykes,G,,,,,,,,,,,,,,
20260710_DAL_TOR,"Friday, July 10, 2026",regular_season,Toronto Tempo,Dallas Wings,Kiki Rice,G,,,,,,,,,,,,,,
20260711_CHI_LA,"Saturday, July 11, 2026",regular_season,Chicago Sky,Los Angeles Sparks,Azura Stevens,F,30,4-7,1-3,1-1,1,7,8,2,0,1,2,2,10,-11
20260711_CHI_LA,"Saturday, July 11, 2026",regular_season,Chicago Sky,Los Angeles Sparks,Kamilla Cardoso,C,28,6-9,0-0,3-3,1,7,8,2,0,1,0,5,15,-12
20260711_CHI_LA,"Saturday, July 11, 2026",regular_season,Chicago Sky,Los Angeles Sparks,Courtney Vandersloot,G,19,2-5,0-1,2-2,0,3,3,4,1,0,4,2,6,-12
20260711_CHI_LA,"Saturday, July 11, 2026",regular_season,Chicago Sky,Los Angeles Sparks,Natasha Cloud,G,27,2-11,1-5,4-6,0,2,2,7,2,0,1,5,9,-16
20260711_CHI_LA,"Saturday, July 11, 2026",regular_season,Chicago Sky,Los Angeles Sparks,Sydney Taylor,G,21,5-11,2-7,3-3,0,1,1,2,0,0,3,3,15,-3
20260711_CHI_LA,"Saturday, July 11, 2026",regular_season,Chicago Sky,Los Angeles Sparks,Elizabeth Williams,C,9,0-2,0-0,0-0,3,2,5,2,0,1,3,0,0,-5
20260711_CHI_LA,"Saturday, July 11, 2026",regular_season,Chicago Sky,Los Angeles Sparks,Rachel Banham,G,12,0-4,0-2,0-0,1,2,3,0,0,0,0,0,0,-5
20260711_CHI_LA,"Saturday, July 11, 2026",regular_season,Chicago Sky,Los Angeles Sparks,Jacy Sheldon,G,21,4-7,2-4,0-0,0,0,0,2,2,0,1,1,10,-1
20260711_CHI_LA,"Saturday, July 11, 2026",regular_season,Chicago Sky,Los Angeles Sparks,Aicha Coulibaly,G,13,2-3,0-1,3-4,0,1,1,0,0,0,1,2,7,-2
20260711_CHI_LA,"Saturday, July 11, 2026",regular_season,Chicago Sky,Los Angeles Sparks,Gabriela Jaquez,G,20,6-12,0-2,3-3,2,3,5,0,0,0,0,0,15,-8
20260711_CHI_LA,"Saturday, July 11, 2026",regular_season,Los Angeles Sparks,Chicago Sky,Nneka Ogwumike,F,33,9-16,3-7,4-5,0,12,12,5,1,1,2,2,25,+12
20260711_CHI_LA,"Saturday, July 11, 2026",regular_season,Los Angeles Sparks,Chicago Sky,Dearica Hamby,F,30,7-13,1-1,2-4,0,7,7,3,3,1,1,2,17,+12
20260711_CHI_LA,"Saturday, July 11, 2026",regular_season,Los Angeles Sparks,Chicago Sky,Erica Wheeler,G,28,6-10,3-6,0-0,0,2,2,8,3,0,2,3,15,+19
20260711_CHI_LA,"Saturday, July 11, 2026",regular_season,Los Angeles Sparks,Chicago Sky,Ariel Atkins,G,29,7-13,2-5,1-1,1,2,3,6,3,0,1,4,17,+24
20260711_CHI_LA,"Saturday, July 11, 2026",regular_season,Los Angeles Sparks,Chicago Sky,Rae Burrell,G,33,6-13,4-6,1-3,0,1,1,4,0,2,4,3,17,+12
20260711_CHI_LA,"Saturday, July 11, 2026",regular_season,Los Angeles Sparks,Chicago Sky,Emma Cannon,F,13,3-4,1-1,2-2,3,1,4,0,0,0,0,2,9,+11
20260711_CHI_LA,"Saturday, July 11, 2026",regular_season,Los Angeles Sparks,Chicago Sky,Jihyun Park,F,8,0-1,0-0,0-0,0,1,1,0,0,0,0,1,0,-1
20260711_CHI_LA,"Saturday, July 11, 2026",regular_season,Los Angeles Sparks,Chicago Sky,Alissa Pili,F,4,0-1,0-1,0-0,0,0,0,0,0,0,0,2,0,-5
20260711_CHI_LA,"Saturday, July 11, 2026",regular_season,Los Angeles Sparks,Chicago Sky,Kiana Williams,G,15,0-2,0-2,0-0,0,0,0,5,1,0,1,0,0,-2
20260711_CHI_LA,"Saturday, July 11, 2026",regular_season,Los Angeles Sparks,Chicago Sky,Kate Martin,G,5,1-2,0-1,0-0,1,1,2,1,0,0,0,1,2,-8
20260711_CHI_LA,"Saturday, July 11, 2026",regular_season,Los Angeles Sparks,Chicago Sky,Chance Gray,G,3,0-1,0-1,0-0,0,0,0,0,0,0,0,0,0,+1
20260711_NY_MIN,"Saturday, July 11, 2026",regular_season,New York Liberty,Minnesota Lynx,Breanna Stewart,F,37,7-16,2-3,1-1,3,4,7,3,2,1,4,1,17,-4
20260711_NY_MIN,"Saturday, July 11, 2026",regular_season,New York Liberty,Minnesota Lynx,Jonquel Jones,C,33,5-11,2-5,3-4,3,9,12,2,0,1,0,4,15,+5
20260711_NY_MIN,"Saturday, July 11, 2026",regular_season,New York Liberty,Minnesota Lynx,Rebekah Gardner,G,14,0-5,0-2,0-0,0,1,1,2,1,0,1,2,0,+3
20260711_NY_MIN,"Saturday, July 11, 2026",regular_season,New York Liberty,Minnesota Lynx,Sabrina Ionescu,G,35,9-20,3-12,4-4,3,5,8,5,2,0,3,0,25,+7
20260711_NY_MIN,"Saturday, July 11, 2026",regular_season,New York Liberty,Minnesota Lynx,Pauline Astier,G,23,2-5,0-1,0-0,0,0,0,2,2,0,4,3,4,-9
20260711_NY_MIN,"Saturday, July 11, 2026",regular_season,New York Liberty,Minnesota Lynx,Raquel Carrera,F,3,1-1,0-0,0-0,0,0,0,0,0,0,0,1,2,-5
20260711_NY_MIN,"Saturday, July 11, 2026",regular_season,New York Liberty,Minnesota Lynx,Han Xu,C,18,3-4,2-3,0-0,0,1,1,1,0,0,1,0,8,+3
20260711_NY_MIN,"Saturday, July 11, 2026",regular_season,New York Liberty,Minnesota Lynx,Betnijah Laney-Hamilton,G,7,0-1,0-1,0-0,0,0,0,2,0,0,0,0,0,-9
20260711_NY_MIN,"Saturday, July 11, 2026",regular_season,New York Liberty,Minnesota Lynx,Rebecca Allen,G,7,0-2,0-2,0-0,1,1,2,2,0,0,1,2,0,-10
20260711_NY_MIN,"Saturday, July 11, 2026",regular_season,New York Liberty,Minnesota Lynx,Marine Johannes,G,23,5-10,4-9,0-0,1,2,3,1,1,0,0,3,14,-6
20260711_NY_MIN,"Saturday, July 11, 2026",regular_season,New York Liberty,Minnesota Lynx,Satou Sabally,F,,,,,,,,,,,,,,
20260711_NY_MIN,"Saturday, July 11, 2026",regular_season,New York Liberty,Minnesota Lynx,Leonie Fiebich,F,,,,,,,,,,,,,,
20260711_NY_MIN,"Saturday, July 11, 2026",regular_season,Minnesota Lynx,New York Liberty,Natasha Howard,F,36,5-9,1-1,5-6,5,4,9,2,2,0,2,3,16,-1
20260711_NY_MIN,"Saturday, July 11, 2026",regular_season,Minnesota Lynx,New York Liberty,Nia Coffey,F,28,1-2,1-2,0-0,1,4,5,5,0,2,2,4,3,+9
20260711_NY_MIN,"Saturday, July 11, 2026",regular_season,Minnesota Lynx,New York Liberty,Kayla McBride,G,33,8-17,5-11,4-4,1,3,4,2,4,0,0,4,25,+1
20260711_NY_MIN,"Saturday, July 11, 2026",regular_season,Minnesota Lynx,New York Liberty,Courtney Williams,G,36,5-17,2-3,0-0,5,7,12,1,0,0,3,2,12,+7
20260711_NY_MIN,"Saturday, July 11, 2026",regular_season,Minnesota Lynx,New York Liberty,Olivia Miles,G,32,6-16,4-7,7-10,1,4,5,4,1,0,2,3,23,+1
20260711_NY_MIN,"Saturday, July 11, 2026",regular_season,Minnesota Lynx,New York Liberty,Dorka Juhasz,F,16,0-2,0-2,0-0,1,2,3,1,0,1,1,1,0,+2
20260711_NY_MIN,"Saturday, July 11, 2026",regular_season,Minnesota Lynx,New York Liberty,Antonia Delaere,F,7,2-3,1-2,1-1,1,0,1,1,1,0,0,0,6,+4
20260711_NY_MIN,"Saturday, July 11, 2026",regular_season,Minnesota Lynx,New York Liberty,Anastasiia Olairi Kosu,F,1,0-0,0-0,0-0,0,0,0,0,0,0,0,0,0,-5
20260711_NY_MIN,"Saturday, July 11, 2026",regular_season,Minnesota Lynx,New York Liberty,Maya Caldwell,G,7,2-3,0-0,1-2,0,1,1,0,1,0,0,0,5,+9
20260711_NY_MIN,"Saturday, July 11, 2026",regular_season,Minnesota Lynx,New York Liberty,Eliska Hamzova,G,4,0-0,0-0,0-0,0,0,0,2,0,0,2,1,0,-2
20260711_NY_MIN,"Saturday, July 11, 2026",regular_season,Minnesota Lynx,New York Liberty,Napheesa Collier,F,,,,,,,,,,,,,,
20260711_NY_MIN,"Saturday, July 11, 2026",regular_season,Minnesota Lynx,New York Liberty,Emma Cechova,F,,,,,,,,,,,,,,
20260711_POR_ATL,"Saturday, July 11, 2026",regular_season,Portland Fire,Atlanta Dream,Bridget Carleton,F,34,4-9,4-8,0-0,1,2,3,4,2,2,1,1,12,+17
20260711_POR_ATL,"Saturday, July 11, 2026",regular_season,Portland Fire,Atlanta Dream,Emily Engstler,F,25,5-8,2-4,2-2,0,11,11,4,3,1,2,3,14,+17
20260711_POR_ATL,"Saturday, July 11, 2026",regular_season,Portland Fire,Atlanta Dream,Nyadiew Puoch,F,25,4-8,1-3,0-0,0,0,0,0,1,0,0,3,9,+14
20260711_POR_ATL,"Saturday, July 11, 2026",regular_season,Portland Fire,Atlanta Dream,Megan DiLeo,C,27,7-11,2-4,1-1,0,4,4,1,1,0,3,3,17,+1
20260711_POR_ATL,"Saturday, July 11, 2026",regular_season,Portland Fire,Atlanta Dream,Carla Leite,G,26,2-7,1-3,8-9,1,2,3,10,0,0,6,5,13,-2
20260711_POR_ATL,"Saturday, July 11, 2026",regular_season,Portland Fire,Atlanta Dream,Frieda Buhner,F,15,4-5,3-4,0-0,0,2,2,0,0,0,1,5,11,-7
20260711_POR_ATL,"Saturday, July 11, 2026",regular_season,Portland Fire,Atlanta Dream,Serah Williams,C,13,6-6,0-0,3-3,0,2,2,1,0,1,0,2,15,+9
20260711_POR_ATL,"Saturday, July 11, 2026",regular_season,Portland Fire,Atlanta Dream,Karlie Samuelson,G,8,0-0,0-0,0-0,0,0,0,0,0,0,1,1,0,-6
20260711_POR_ATL,"Saturday, July 11, 2026",regular_season,Portland Fire,Atlanta Dream,Holly Winterburn,G,13,0-2,0-2,1-2,0,0,0,1,0,0,0,1,1,-5
20260711_POR_ATL,"Saturday, July 11, 2026",regular_season,Portland Fire,Atlanta Dream,Teja Oblak,G,14,4-4,1-1,1-2,0,1,1,7,0,0,2,2,10,+12
20260711_POR_ATL,"Saturday, July 11, 2026",regular_season,Portland Fire,Atlanta Dream,Luisa Geiselsoder,C,,,,,,,,,,,,,,
20260711_POR_ATL,"Saturday, July 11, 2026",regular_season,Atlanta Dream,Portland Fire,Naz Hillmon,F,36,6-11,1-5,2-3,3,5,8,2,1,1,3,3,15,-2
20260711_POR_ATL,"Saturday, July 11, 2026",regular_season,Atlanta Dream,Portland Fire,Madina Okot,C,22,7-14,0-1,5-5,4,4,8,0,0,1,2,1,19,-13
20260711_POR_ATL,"Saturday, July 11, 2026",regular_season,Atlanta Dream,Portland Fire,Allisha Gray,G,31,8-18,1-6,3-3,0,3,3,2,1,0,1,4,20,-1
20260711_POR_ATL,"Saturday, July 11, 2026",regular_season,Atlanta Dream,Portland Fire,Jordin Canada,G,35,4-8,0-2,2-5,2,2,4,12,2,0,3,5,10,-8
20260711_POR_ATL,"Saturday, July 11, 2026",regular_season,Atlanta Dream,Portland Fire,Rhyne Howard,G,31,3-9,2-8,2-2,1,2,3,4,4,0,1,2,10,-11
20260711_POR_ATL,"Saturday, July 11, 2026",regular_season,Atlanta Dream,Portland Fire,Sika Kone,F,17,3-8,1-4,4-4,2,3,5,0,0,0,0,5,11,-5
20260711_POR_ATL,"Saturday, July 11, 2026",regular_season,Atlanta Dream,Portland Fire,Te-Hina Paopao,G,6,1-1,1-1,0-0,0,0,0,2,0,0,0,1,3,-4
20260711_POR_ATL,"Saturday, July 11, 2026",regular_season,Atlanta Dream,Portland Fire,Aaliyah Nye,G,2,0-1,0-1,0-0,0,0,0,0,0,0,0,0,0,-5
20260711_POR_ATL,"Saturday, July 11, 2026",regular_season,Atlanta Dream,Portland Fire,Indya Nivar,G,1,0-0,0-0,0-0,0,0,0,0,0,0,0,1,0,0
20260711_POR_ATL,"Saturday, July 11, 2026",regular_season,Atlanta Dream,Portland Fire,Isobel Borlase,G,18,1-5,0-2,2-2,0,1,1,3,0,1,2,1,4,-1
20260711_POR_ATL,"Saturday, July 11, 2026",regular_season,Atlanta Dream,Portland Fire,Shatori Walker-Kimbrough,G,,,,,,,,,,,,,,
20260711_PHX_LV,"Saturday, July 11, 2026",regular_season,Phoenix Mercury,Las Vegas Aces,DeWanna Bonner,F,22,1-6,0-4,0-1,0,4,4,3,0,0,2,1,2,-29
20260711_PHX_LV,"Saturday, July 11, 2026",regular_season,Phoenix Mercury,Las Vegas Aces,Alyssa Thomas,F,29,3-8,0-0,1-2,1,5,6,1,0,0,2,1,7,-36
20260711_PHX_LV,"Saturday, July 11, 2026",regular_season,Phoenix Mercury,Las Vegas Aces,Valeriane Ayayi,F,31,1-5,0-2,3-3,1,6,7,1,0,0,2,2,5,-33
20260711_PHX_LV,"Saturday, July 11, 2026",regular_season,Phoenix Mercury,Las Vegas Aces,Kahleah Copper,G,29,4-14,1-6,0-0,0,4,4,0,0,0,3,3,9,-41
20260711_PHX_LV,"Saturday, July 11, 2026",regular_season,Phoenix Mercury,Las Vegas Aces,Monique Akoa Makani,G,26,5-13,3-7,0-0,0,1,1,1,0,0,3,3,13,-30
20260711_PHX_LV,"Saturday, July 11, 2026",regular_season,Phoenix Mercury,Las Vegas Aces,Marta Suarez,F,12,2-4,0-1,1-2,0,0,0,2,0,0,0,0,5,-12
20260711_PHX_LV,"Saturday, July 11, 2026",regular_season,Phoenix Mercury,Las Vegas Aces,Noemie Brochant,F,20,2-3,2-2,0-0,0,1,1,1,0,0,2,2,6,-13
20260711_PHX_LV,"Saturday, July 11, 2026",regular_season,Phoenix Mercury,Las Vegas Aces,Sami Whitcomb,G,11,0-3,0-3,0-0,0,3,3,3,2,0,2,2,0,-21
20260711_PHX_LV,"Saturday, July 11, 2026",regular_season,Phoenix Mercury,Las Vegas Aces,Lexi Held,G,23,5-10,1-6,0-0,1,2,3,2,1,0,1,2,11,-25
20260711_PHX_LV,"Saturday, July 11, 2026",regular_season,Phoenix Mercury,Las Vegas Aces,Kyara Linskens,C,,,,,,,,,,,,,,
20260711_PHX_LV,"Saturday, July 11, 2026",regular_season,Las Vegas Aces,Phoenix Mercury,Stephanie Talbot,F,24,2-5,0-1,0-0,4,3,7,1,1,0,1,0,4,+21
20260711_PHX_LV,"Saturday, July 11, 2026",regular_season,Las Vegas Aces,Phoenix Mercury,NaLyssa Smith,F,18,6-7,0-0,2-2,0,3,3,0,1,0,1,1,14,+24
20260711_PHX_LV,"Saturday, July 11, 2026",regular_season,Las Vegas Aces,Phoenix Mercury,A'ja Wilson,C,25,8-16,1-3,4-4,3,12,15,3,1,1,1,2,21,+30
20260711_PHX_LV,"Saturday, July 11, 2026",regular_season,Las Vegas Aces,Phoenix Mercury,Chelsea Gray,G,28,6-12,3-8,0-0,0,1,1,12,1,0,1,2,15,+42
20260711_PHX_LV,"Saturday, July 11, 2026",regular_season,Las Vegas Aces,Phoenix Mercury,Jackie Young,G,24,3-9,2-6,0-0,0,2,2,6,2,0,0,0,8,+37
20260711_PHX_LV,"Saturday, July 11, 2026",regular_season,Las Vegas Aces,Phoenix Mercury,Cheyenne Parker-Tyus,F,14,4-7,0-0,7-8,2,5,7,0,0,1,1,2,15,+8
20260711_PHX_LV,"Saturday, July 11, 2026",regular_season,Las Vegas Aces,Phoenix Mercury,Brianna Turner,F,12,0-1,0-0,0-0,2,4,6,0,0,0,0,1,0,+23
20260711_PHX_LV,"Saturday, July 11, 2026",regular_season,Las Vegas Aces,Phoenix Mercury,Kierstan Bell,F,17,1-6,1-5,0-0,0,3,3,4,0,0,1,1,3,+14
20260711_PHX_LV,"Saturday, July 11, 2026",regular_season,Las Vegas Aces,Phoenix Mercury,Jewell Loyd,G,28,3-7,2-6,1-2,1,0,1,3,2,0,1,4,9,+36
20260711_PHX_LV,"Saturday, July 11, 2026",regular_season,Las Vegas Aces,Phoenix Mercury,Justine Pissott,G,10,6-7,5-6,0-0,0,2,2,2,0,0,1,1,17,+5
20260712_NY_TOR,"Sunday, July 12, 2026",regular_season,New York Liberty,Toronto Tempo,Breanna Stewart,F,34,8-21,0-3,6-6,3,5,8,2,2,1,1,1,22,-11
20260712_NY_TOR,"Sunday, July 12, 2026",regular_season,New York Liberty,Toronto Tempo,Jonquel Jones,C,31,3-8,1-5,3-4,3,7,10,0,0,1,2,2,10,-12
20260712_NY_TOR,"Sunday, July 12, 2026",regular_season,New York Liberty,Toronto Tempo,Han Xu,C,19,2-7,0-4,0-0,0,1,1,1,0,1,1,0,4,+1
20260712_NY_TOR,"Sunday, July 12, 2026",regular_season,New York Liberty,Toronto Tempo,Sabrina Ionescu,G,33,9-18,3-7,7-8,1,3,4,8,3,0,1,3,28,-3
20260712_NY_TOR,"Sunday, July 12, 2026",regular_season,New York Liberty,Toronto Tempo,Pauline Astier,G,25,5-8,0-1,4-4,0,3,3,2,3,0,4,5,14,+14
20260712_NY_TOR,"Sunday, July 12, 2026",regular_season,New York Liberty,Toronto Tempo,Anneli Maley,F,11,0-1,0-0,0-0,0,0,0,0,1,0,0,3,0,+18
20260712_NY_TOR,"Sunday, July 12, 2026",regular_season,New York Liberty,Toronto Tempo,Raquel Carrera,F,7,0-0,0-0,0-0,0,1,1,0,0,1,1,1,0,+7
20260712_NY_TOR,"Sunday, July 12, 2026",regular_season,New York Liberty,Toronto Tempo,Rebekah Gardner,G,2,0-0,0-0,0-0,0,0,0,0,0,0,0,0,0,-7
20260712_NY_TOR,"Sunday, July 12, 2026",regular_season,New York Liberty,Toronto Tempo,Betnijah Laney-Hamilton,G,16,3-4,0-1,0-0,1,2,3,1,0,0,4,2,6,-5
20260712_NY_TOR,"Sunday, July 12, 2026",regular_season,New York Liberty,Toronto Tempo,Marine Johannes,G,22,3-9,1-5,0-0,2,1,3,2,2,0,3,2,7,-12
20260712_NY_TOR,"Sunday, July 12, 2026",regular_season,New York Liberty,Toronto Tempo,Satou Sabally,F,,,,,,,,,,,,,,
20260712_NY_TOR,"Sunday, July 12, 2026",regular_season,New York Liberty,Toronto Tempo,Leonie Fiebich,F,,,,,,,,,,,,,,
20260712_NY_TOR,"Sunday, July 12, 2026",regular_season,New York Liberty,Toronto Tempo,Rebecca Allen,G,,,,,,,,,,,,,,
20260712_NY_TOR,"Sunday, July 12, 2026",regular_season,Toronto Tempo,New York Liberty,Isabelle Harrison,F,23,4-9,1-2,0-0,0,7,7,0,1,1,4,6,9,-15
20260712_NY_TOR,"Sunday, July 12, 2026",regular_season,Toronto Tempo,New York Liberty,Maria Conde,F,34,5-11,3-7,2-2,0,2,2,2,2,1,1,4,15,+14
20260712_NY_TOR,"Sunday, July 12, 2026",regular_season,Toronto Tempo,New York Liberty,Laura Juskaite,F,31,7-8,2-3,2-2,1,3,4,3,3,0,6,5,18,+12
20260712_NY_TOR,"Sunday, July 12, 2026",regular_season,Toronto Tempo,New York Liberty,Marina Mabrey,G,35,9-19,3-8,9-11,0,2,2,5,0,1,6,3,30,+6
20260712_NY_TOR,"Sunday, July 12, 2026",regular_season,Toronto Tempo,New York Liberty,Julie Allemand,G,34,2-4,0-2,0-0,0,5,5,10,2,0,1,2,4,-3
20260712_NY_TOR,"Sunday, July 12, 2026",regular_season,Toronto Tempo,New York Liberty,Nyara Sabally,F,26,5-9,0-1,3-3,3,4,7,1,2,0,2,3,13,+7
20260712_NY_TOR,"Sunday, July 12, 2026",regular_season,Toronto Tempo,New York Liberty,Kia Nurse,G,5,1-2,0-0,0-0,1,0,1,1,0,0,0,1,2,-4
20260712_NY_TOR,"Sunday, July 12, 2026",regular_season,Toronto Tempo,New York Liberty,Tima Pouye,G,10,1-4,0-1,0-0,0,2,2,0,0,0,3,3,2,-2
20260712_NY_TOR,"Sunday, July 12, 2026",regular_season,Toronto Tempo,New York Liberty,Ornella Bankole,G,2,0-0,0-0,0-0,0,0,0,0,0,0,0,1,0,-5
20260712_NY_TOR,"Sunday, July 12, 2026",regular_season,Toronto Tempo,New York Liberty,Teonni Key,F,,,,,,,,,,,,,,
20260712_NY_TOR,"Sunday, July 12, 2026",regular_season,Toronto Tempo,New York Liberty,Kayla Alexander,C,,,,,,,,,,,,,,
20260712_NY_TOR,"Sunday, July 12, 2026",regular_season,Toronto Tempo,New York Liberty,Temi Fagbenle,C,,,,,,,,,,,,,,
20260712_NY_TOR,"Sunday, July 12, 2026",regular_season,Toronto Tempo,New York Liberty,Brittney Sykes,G,,,,,,,,,,,,,,
20260712_NY_TOR,"Sunday, July 12, 2026",regular_season,Toronto Tempo,New York Liberty,Kiki Rice,G,,,,,,,,,,,,,,
20260712_SEA_WSH,"Sunday, July 12, 2026",regular_season,Seattle Storm,Washington Mystics,Dominique Malonga,C,22,4-10,0-1,2-2,8,7,15,2,2,2,4,5,10,-5
20260712_SEA_WSH,"Sunday, July 12, 2026",regular_season,Seattle Storm,Washington Mystics,Awa Fam,C,32,2-9,1-6,0-0,3,6,9,2,0,2,3,2,5,-2
20260712_SEA_WSH,"Sunday, July 12, 2026",regular_season,Seattle Storm,Washington Mystics,Natisha Hiedeman,G,33,14-24,2-5,1-1,0,3,3,3,3,0,4,1,31,+3
20260712_SEA_WSH,"Sunday, July 12, 2026",regular_season,Seattle Storm,Washington Mystics,Flau'jae Johnson,G,31,2-9,0-2,5-6,0,7,7,3,4,0,2,2,9,-4
20260712_SEA_WSH,"Sunday, July 12, 2026",regular_season,Seattle Storm,Washington Mystics,Jade Melbourne,G,30,3-7,0-2,3-6,1,0,1,2,1,0,2,3,9,-7
20260712_SEA_WSH,"Sunday, July 12, 2026",regular_season,Seattle Storm,Washington Mystics,Katie Lou Samuelson,F,12,1-2,1-2,0-0,0,0,0,0,0,0,1,0,3,-5
20260712_SEA_WSH,"Sunday, July 12, 2026",regular_season,Seattle Storm,Washington Mystics,Jordan Horston,F,15,1-2,0-0,2-2,0,3,3,0,1,0,1,4,4,-2
20260712_SEA_WSH,"Sunday, July 12, 2026",regular_season,Seattle Storm,Washington Mystics,Mackenzie Holmes,F,3,1-1,0-0,0-0,2,1,3,0,0,0,0,2,2,+6
20260712_SEA_WSH,"Sunday, July 12, 2026",regular_season,Seattle Storm,Washington Mystics,Stefanie Dolson,C,14,1-2,1-1,0-0,1,0,1,0,1,0,2,5,3,-10
20260712_SEA_WSH,"Sunday, July 12, 2026",regular_season,Seattle Storm,Washington Mystics,Zia Cooke,G,8,1-4,0-0,1-1,1,0,1,0,0,0,0,1,3,+1
20260712_SEA_WSH,"Sunday, July 12, 2026",regular_season,Seattle Storm,Washington Mystics,Ezi Magbegor,F,,,,,,,,,,,,,,
20260712_SEA_WSH,"Sunday, July 12, 2026",regular_season,Seattle Storm,Washington Mystics,Taylor Thierry,F,,,,,,,,,,,,,,
20260712_SEA_WSH,"Sunday, July 12, 2026",regular_season,Washington Mystics,Seattle Storm,Michaela Onyenwere,F,24,0-3,0-1,0-0,2,0,2,2,0,1,2,4,0,+10
20260712_SEA_WSH,"Sunday, July 12, 2026",regular_season,Washington Mystics,Seattle Storm,Kiki Iriafen,F,29,4-10,1-1,3-5,5,7,12,3,1,0,0,2,12,-5
20260712_SEA_WSH,"Sunday, July 12, 2026",regular_season,Washington Mystics,Seattle Storm,Shakira Austin,C,33,10-18,2-4,5-7,2,4,6,3,1,1,3,2,27,+7
20260712_SEA_WSH,"Sunday, July 12, 2026",regular_season,Washington Mystics,Seattle Storm,Sonia Citron,G,33,7-13,1-4,4-5,0,4,4,1,3,0,3,2,19,+2
20260712_SEA_WSH,"Sunday, July 12, 2026",regular_season,Washington Mystics,Seattle Storm,Georgia Amoore,G,22,2-7,0-4,0-0,0,3,3,4,1,0,3,2,4,+6
20260712_SEA_WSH,"Sunday, July 12, 2026",regular_season,Washington Mystics,Seattle Storm,Angela Dugalic,F,2,0-0,0-0,0-0,0,0,0,0,0,0,0,0,0,-1
20260712_SEA_WSH,"Sunday, July 12, 2026",regular_season,Washington Mystics,Seattle Storm,Lauren Betts,C,16,4-8,0-0,3-3,0,2,2,3,2,1,1,1,11,+9
20260712_SEA_WSH,"Sunday, July 12, 2026",regular_season,Washington Mystics,Seattle Storm,Cotie McMahon,G,14,2-6,0-2,0-1,0,1,1,2,1,0,1,0,4,-5
20260712_SEA_WSH,"Sunday, July 12, 2026",regular_season,Washington Mystics,Seattle Storm,Cassandre Prosper,G,10,1-2,1-2,0-0,0,0,0,1,0,0,1,2,3,+2
20260712_SEA_WSH,"Sunday, July 12, 2026",regular_season,Washington Mystics,Seattle Storm,Alicia Florez,G,18,1-5,0-1,2-2,0,2,2,4,1,0,1,2,4,0
20260712_SEA_WSH,"Sunday, July 12, 2026",regular_season,Washington Mystics,Seattle Storm,Rori Harmon,G,,,,,,,,,,,,,,
20260712_SEA_WSH,"Sunday, July 12, 2026",regular_season,Washington Mystics,Seattle Storm,Lucy Olsen,G,,,,,,,,,,,,,,
20260712_CHI_DAL,"Sunday, July 12, 2026",regular_season,Chicago Sky,Dallas Wings,Azura Stevens,F,32,7-13,3-6,1-1,1,12,13,3,2,0,3,4,18,-3
20260712_CHI_DAL,"Sunday, July 12, 2026",regular_season,Chicago Sky,Dallas Wings,Kamilla Cardoso,C,29,6-12,0-0,0-0,2,11,13,2,1,1,1,2,12,-8
20260712_CHI_DAL,"Sunday, July 12, 2026",regular_season,Chicago Sky,Dallas Wings,Courtney Vandersloot,G,20,3-8,1-1,2-2,0,1,1,3,0,0,0,1,9,+6
20260712_CHI_DAL,"Sunday, July 12, 2026",regular_season,Chicago Sky,Dallas Wings,Natasha Cloud,G,32,5-8,0-2,5-5,0,2,2,3,0,0,2,3,15,-1
20260712_CHI_DAL,"Sunday, July 12, 2026",regular_season,Chicago Sky,Dallas Wings,Sydney Taylor,G,26,9-20,2-8,0-1,0,1,1,2,0,0,0,1,20,+10
20260712_CHI_DAL,"Sunday, July 12, 2026",regular_season,Chicago Sky,Dallas Wings,Maddy Westbeld,F,8,0-1,0-1,0-0,1,1,2,1,0,0,0,0,0,-2
20260712_CHI_DAL,"Sunday, July 12, 2026",regular_season,Chicago Sky,Dallas Wings,Elizabeth Williams,C,11,2-3,0-0,2-2,1,1,2,0,0,0,0,2,6,+3
20260712_CHI_DAL,"Sunday, July 12, 2026",regular_season,Chicago Sky,Dallas Wings,Rachel Banham,G,11,1-2,1-2,0-0,0,0,0,1,0,0,0,1,3,-4
20260712_CHI_DAL,"Sunday, July 12, 2026",regular_season,Chicago Sky,Dallas Wings,Jacy Sheldon,G,14,0-1,0-1,0-0,0,0,0,1,0,0,0,1,0,-21
20260712_CHI_DAL,"Sunday, July 12, 2026",regular_season,Chicago Sky,Dallas Wings,Gabriela Jaquez,G,17,3-7,0-1,2-2,1,1,2,0,0,0,0,1,8,-5
20260712_CHI_DAL,"Sunday, July 12, 2026",regular_season,Chicago Sky,Dallas Wings,Skylar Diggins,G,,,,,,,,,,,,,,
20260712_CHI_DAL,"Sunday, July 12, 2026",regular_season,Chicago Sky,Dallas Wings,DiJonai Carrington,G,,,,,,,,,,,,,,
20260712_CHI_DAL,"Sunday, July 12, 2026",regular_season,Chicago Sky,Dallas Wings,Aicha Coulibaly,G,,,,,,,,,,,,,,
20260712_CHI_DAL,"Sunday, July 12, 2026",regular_season,Dallas Wings,Chicago Sky,Jessica Shepard,F,34,9-13,0-0,1-2,4,6,10,5,0,0,1,1,19,+10
20260712_CHI_DAL,"Sunday, July 12, 2026",regular_season,Dallas Wings,Chicago Sky,Awak Kuier,F,8,0-1,0-1,0-0,0,2,2,0,0,0,0,0,0,-11
20260712_CHI_DAL,"Sunday, July 12, 2026",regular_season,Dallas Wings,Chicago Sky,Arike Ogunbowale,G,30,6-14,2-6,3-4,1,2,3,1,1,0,1,0,17,+1
20260712_CHI_DAL,"Sunday, July 12, 2026",regular_season,Dallas Wings,Chicago Sky,Paige Bueckers,G,36,7-15,1-3,7-8,0,6,6,11,0,1,1,4,22,+14
20260712_CHI_DAL,"Sunday, July 12, 2026",regular_season,Dallas Wings,Chicago Sky,Azzi Fudd,G,35,5-14,3-8,3-3,0,1,1,3,2,1,0,1,16,+2
20260712_CHI_DAL,"Sunday, July 12, 2026",regular_season,Dallas Wings,Chicago Sky,Alysha Clark,F,6,1-2,0-0,0-0,0,0,0,0,0,0,0,2,2,-1
20260712_CHI_DAL,"Sunday, July 12, 2026",regular_season,Dallas Wings,Chicago Sky,Alanna Smith,F,6,1-3,0-0,0-1,0,1,1,0,0,0,0,0,2,-5
20260712_CHI_DAL,"Sunday, July 12, 2026",regular_season,Dallas Wings,Chicago Sky,Maddy Siegrist,F,9,2-2,1-1,0-0,0,0,0,1,0,0,0,1,5,-1
20260712_CHI_DAL,"Sunday, July 12, 2026",regular_season,Dallas Wings,Chicago Sky,Li Yueru,C,23,4-6,1-3,1-1,2,8,10,0,1,1,0,1,10,+17
20260712_CHI_DAL,"Sunday, July 12, 2026",regular_season,Dallas Wings,Chicago Sky,Odyssey Sims,G,6,1-2,1-2,0-0,0,0,0,1,0,0,1,2,3,-5
20260712_CHI_DAL,"Sunday, July 12, 2026",regular_season,Dallas Wings,Chicago Sky,Sug Sutton,G,2,0-0,0-0,0-0,0,0,0,1,0,0,1,1,0,-3
20260712_CHI_DAL,"Sunday, July 12, 2026",regular_season,Dallas Wings,Chicago Sky,Aziaha James,G,6,0-3,0-1,0-0,0,0,0,0,0,0,0,0,0,+7
20260713_IND_LV,"Monday, July 13, 2026",regular_season,Indiana Fever,Las Vegas Aces,Monique Billings,F,25,3-6,1-1,3-3,2,3,5,0,0,0,1,1,10,+9
20260713_IND_LV,"Monday, July 13, 2026",regular_season,Indiana Fever,Las Vegas Aces,Aliyah Boston,C,29,9-14,1-3,0-0,1,10,11,4,3,1,1,2,19,+16
20260713_IND_LV,"Monday, July 13, 2026",regular_season,Indiana Fever,Las Vegas Aces,Kelsey Mitchell,G,30,8-16,3-8,8-8,0,3,3,3,2,0,2,1,27,+19
20260713_IND_LV,"Monday, July 13, 2026",regular_season,Indiana Fever,Las Vegas Aces,Lexie Hull,G,20,0-2,0-2,0-0,1,1,2,0,0,0,1,1,0,+10
20260713_IND_LV,"Monday, July 13, 2026",regular_season,Indiana Fever,Las Vegas Aces,Caitlin Clark,G,24,5-11,1-5,1-2,0,7,7,6,0,0,4,3,12,+6
20260713_IND_LV,"Monday, July 13, 2026",regular_season,Indiana Fever,Las Vegas Aces,Makayla Timpson,F,19,1-3,0-0,4-4,1,2,3,2,0,0,0,3,6,+24
20260713_IND_LV,"Monday, July 13, 2026",regular_season,Indiana Fever,Las Vegas Aces,Grace VanSlooten,F,3,0-0,0-0,0-0,0,0,0,0,0,0,0,1,0,+8
20260713_IND_LV,"Monday, July 13, 2026",regular_season,Indiana Fever,Las Vegas Aces,Damiris Dantas,C,2,0-0,0-0,0-0,0,1,1,0,0,0,0,0,0,+5
20260713_IND_LV,"Monday, July 13, 2026",regular_season,Indiana Fever,Las Vegas Aces,Sophie Cunningham,G,23,7-9,6-7,0-0,0,0,0,1,0,0,0,2,20,+30
20260713_IND_LV,"Monday, July 13, 2026",regular_season,Indiana Fever,Las Vegas Aces,Tyasha Harris,G,23,3-5,2-4,2-2,0,2,2,2,1,0,0,3,10,+35
20260713_IND_LV,"Monday, July 13, 2026",regular_season,Indiana Fever,Las Vegas Aces,Raven Johnson,G,3,2-2,1-1,0-0,0,1,1,0,0,0,0,0,5,+8
20260713_IND_LV,"Monday, July 13, 2026",regular_season,Indiana Fever,Las Vegas Aces,Myisha Hines-Allen,F,,,,,,,,,,,,,,
20260713_IND_LV,"Monday, July 13, 2026",regular_season,Las Vegas Aces,Indiana Fever,Stephanie Talbot,F,13,0-1,0-1,0-0,1,1,2,1,0,0,1,2,0,-8
20260713_IND_LV,"Monday, July 13, 2026",regular_season,Las Vegas Aces,Indiana Fever,NaLyssa Smith,F,21,4-7,0-0,1-4,2,3,5,1,0,1,0,2,9,-10
20260713_IND_LV,"Monday, July 13, 2026",regular_season,Las Vegas Aces,Indiana Fever,A'ja Wilson,C,31,9-23,0-1,2-2,4,8,12,2,1,2,3,2,20,-13
20260713_IND_LV,"Monday, July 13, 2026",regular_season,Las Vegas Aces,Indiana Fever,Chelsea Gray,G,30,3-8,1-3,2-2,1,1,2,6,1,0,5,2,9,-13
20260713_IND_LV,"Monday, July 13, 2026",regular_season,Las Vegas Aces,Indiana Fever,Jackie Young,G,32,4-8,1-2,6-6,0,1,1,3,0,0,1,3,15,-17
20260713_IND_LV,"Monday, July 13, 2026",regular_season,Las Vegas Aces,Indiana Fever,Cheyenne Parker-Tyus,F,4,0-1,0-0,0-0,0,0,0,0,1,0,0,1,0,-3
20260713_IND_LV,"Monday, July 13, 2026",regular_season,Las Vegas Aces,Indiana Fever,Brianna Turner,F,11,2-2,0-0,0-0,0,1,1,0,0,0,0,2,4,-18
20260713_IND_LV,"Monday, July 13, 2026",regular_season,Las Vegas Aces,Indiana Fever,Jewell Loyd,G,28,2-6,0-3,4-4,1,1,2,3,1,0,0,3,8,-30
20260713_IND_LV,"Monday, July 13, 2026",regular_season,Las Vegas Aces,Indiana Fever,Dana Evans,G,18,2-8,2-4,2-2,0,2,2,1,0,0,1,1,8,-34
20260713_IND_LV,"Monday, July 13, 2026",regular_season,Las Vegas Aces,Indiana Fever,Justine Pissott,G,14,1-5,0-3,0-0,0,1,1,0,0,1,0,1,2,-24
20260713_LA_ATL,"Monday, July 13, 2026",regular_season,Los Angeles Sparks,Atlanta Dream,Nneka Ogwumike,F,32,7-13,3-5,2-2,2,3,5,5,0,0,3,3,19,-14
20260713_LA_ATL,"Monday, July 13, 2026",regular_season,Los Angeles Sparks,Atlanta Dream,Dearica Hamby,F,36,6-11,0-0,0-1,2,3,5,2,3,2,5,3,12,+4
20260713_LA_ATL,"Monday, July 13, 2026",regular_season,Los Angeles Sparks,Atlanta Dream,Erica Wheeler,G,32,8-16,2-6,2-2,0,3,3,4,1,0,3,5,20,-11
20260713_LA_ATL,"Monday, July 13, 2026",regular_season,Los Angeles Sparks,Atlanta Dream,Ariel Atkins,G,34,5-11,0-3,3-3,0,3,3,2,3,1,2,4,13,-10
20260713_LA_ATL,"Monday, July 13, 2026",regular_season,Los Angeles Sparks,Atlanta Dream,Rae Burrell,G,33,5-9,2-5,6-6,1,3,4,4,3,0,2,3,18,+6
20260713_LA_ATL,"Monday, July 13, 2026",regular_season,Los Angeles Sparks,Atlanta Dream,Emma Cannon,F,11,2-2,1-1,0-0,0,1,1,0,0,0,1,1,5,-2
20260713_LA_ATL,"Monday, July 13, 2026",regular_season,Los Angeles Sparks,Atlanta Dream,Jihyun Park,F,8,0-0,0-0,0-2,0,3,3,0,0,0,0,0,0,-5
20260713_LA_ATL,"Monday, July 13, 2026",regular_season,Los Angeles Sparks,Atlanta Dream,Alissa Pili,F,2,0-0,0-0,0-0,1,0,1,0,0,0,1,2,0,-6
20260713_LA_ATL,"Monday, July 13, 2026",regular_season,Los Angeles Sparks,Atlanta Dream,Kiana Williams,G,8,2-4,1-3,0-0,0,0,0,1,1,0,1,2,5,+2
20260713_LA_ATL,"Monday, July 13, 2026",regular_season,Los Angeles Sparks,Atlanta Dream,Kate Martin,G,2,0-1,0-1,0-0,0,0,0,0,0,0,0,0,0,-4
20260713_LA_ATL,"Monday, July 13, 2026",regular_season,Los Angeles Sparks,Atlanta Dream,Chance Gray,G,4,0-0,0-0,0-0,0,0,0,0,0,0,0,0,0,-5
20260713_LA_ATL,"Monday, July 13, 2026",regular_season,Atlanta Dream,Los Angeles Sparks,Naz Hillmon,F,32,4-7,1-3,1-2,3,2,5,2,0,0,3,1,10,+11
20260713_LA_ATL,"Monday, July 13, 2026",regular_season,Atlanta Dream,Los Angeles Sparks,Angel Reese,F,33,7-11,1-1,8-8,3,10,13,2,3,0,3,4,23,+13
20260713_LA_ATL,"Monday, July 13, 2026",regular_season,Atlanta Dream,Los Angeles Sparks,Allisha Gray,G,33,8-15,3-6,1-2,1,0,1,2,2,1,1,3,20,+8
20260713_LA_ATL,"Monday, July 13, 2026",regular_season,Atlanta Dream,Los Angeles Sparks,Jordin Canada,G,35,5-12,1-5,5-5,1,2,3,9,2,0,3,1,16,+11
20260713_LA_ATL,"Monday, July 13, 2026",regular_season,Atlanta Dream,Los Angeles Sparks,Rhyne Howard,G,34,4-10,3-7,0-0,0,5,5,3,2,0,3,0,11,+3
20260713_LA_ATL,"Monday, July 13, 2026",regular_season,Atlanta Dream,Los Angeles Sparks,Sika Kone,F,4,0-2,0-2,0-0,1,0,1,0,0,0,1,1,0,-11
20260713_LA_ATL,"Monday, July 13, 2026",regular_season,Atlanta Dream,Los Angeles Sparks,Madina Okot,C,10,3-4,0-0,3-4,2,4,6,1,1,0,1,2,9,+9
20260713_LA_ATL,"Monday, July 13, 2026",regular_season,Atlanta Dream,Los Angeles Sparks,Te-Hina Paopao,G,5,0-3,0-2,2-2,0,0,0,2,1,0,0,2,2,-2
20260713_LA_ATL,"Monday, July 13, 2026",regular_season,Atlanta Dream,Los Angeles Sparks,Isobel Borlase,G,14,5-9,0-2,0-0,1,0,1,1,0,0,2,3,10,+3
20260713_LA_ATL,"Monday, July 13, 2026",regular_season,Atlanta Dream,Los Angeles Sparks,Shatori Walker-Kimbrough,G,,,,,,,,,,,,,,
20260713_LA_ATL,"Monday, July 13, 2026",regular_season,Atlanta Dream,Los Angeles Sparks,Aaliyah Nye,G,,,,,,,,,,,,,,
20260714_PHX_MIN,"Tuesday, July 14, 2026",regular_season,Phoenix Mercury,Minnesota Lynx,DeWanna Bonner,F,33,6-12,2-7,3-4,1,8,9,3,1,0,1,2,17,-6
20260714_PHX_MIN,"Tuesday, July 14, 2026",regular_season,Phoenix Mercury,Minnesota Lynx,Alyssa Thomas,F,37,8-14,0-0,3-4,2,6,8,12,1,0,4,1,19,-4
20260714_PHX_MIN,"Tuesday, July 14, 2026",regular_season,Phoenix Mercury,Minnesota Lynx,Noemie Brochant,F,17,1-3,0-2,0-0,0,2,2,2,1,0,1,2,2,+3
20260714_PHX_MIN,"Tuesday, July 14, 2026",regular_season,Phoenix Mercury,Minnesota Lynx,Kahleah Copper,G,32,9-14,3-5,5-5,0,3,3,1,1,0,2,3,26,-5
20260714_PHX_MIN,"Tuesday, July 14, 2026",regular_season,Phoenix Mercury,Minnesota Lynx,Monique Akoa Makani,G,27,6-9,3-5,2-2,0,1,1,4,1,0,2,6,17,+2
20260714_PHX_MIN,"Tuesday, July 14, 2026",regular_season,Phoenix Mercury,Minnesota Lynx,Valeriane Ayayi,F,18,0-3,0-0,4-4,0,1,1,1,0,0,1,1,4,-2
20260714_PHX_MIN,"Tuesday, July 14, 2026",regular_season,Phoenix Mercury,Minnesota Lynx,Marta Suarez,F,5,1-1,0-0,0-0,0,1,1,0,0,0,1,1,2,-1
20260714_PHX_MIN,"Tuesday, July 14, 2026",regular_season,Phoenix Mercury,Minnesota Lynx,Sami Whitcomb,G,19,3-4,3-4,0-0,1,0,1,2,0,0,1,2,9,-7
20260714_PHX_MIN,"Tuesday, July 14, 2026",regular_season,Phoenix Mercury,Minnesota Lynx,Lexi Held,G,12,1-3,0-2,2-2,0,0,0,3,0,0,1,0,4,0
20260714_PHX_MIN,"Tuesday, July 14, 2026",regular_season,Phoenix Mercury,Minnesota Lynx,Natasha Mack,F,,,,,,,,,,,,,,
20260714_PHX_MIN,"Tuesday, July 14, 2026",regular_season,Phoenix Mercury,Minnesota Lynx,Kyara Linskens,C,,,,,,,,,,,,,,
20260714_PHX_MIN,"Tuesday, July 14, 2026",regular_season,Minnesota Lynx,Phoenix Mercury,Natasha Howard,F,35,5-11,0-2,3-4,0,3,3,7,2,0,4,3,13,+4
20260714_PHX_MIN,"Tuesday, July 14, 2026",regular_season,Minnesota Lynx,Phoenix Mercury,Nia Coffey,F,30,2-4,1-3,0-0,0,3,3,0,1,2,0,0,5,+3
20260714_PHX_MIN,"Tuesday, July 14, 2026",regular_season,Minnesota Lynx,Phoenix Mercury,Kayla McBride,G,35,11-17,6-11,9-9,0,6,6,1,4,2,2,2,37,-3
20260714_PHX_MIN,"Tuesday, July 14, 2026",regular_season,Minnesota Lynx,Phoenix Mercury,Courtney Williams,G,35,3-7,0-3,2-2,3,4,7,3,2,0,0,4,8,+9
20260714_PHX_MIN,"Tuesday, July 14, 2026",regular_season,Minnesota Lynx,Phoenix Mercury,Olivia Miles,G,31,10-16,5-8,8-9,0,3,3,8,0,0,5,5,33,+10
20260714_PHX_MIN,"Tuesday, July 14, 2026",regular_season,Minnesota Lynx,Phoenix Mercury,Antonia Delaere,F,10,0-0,0-0,0-0,0,0,0,0,0,0,1,3,0,-5
20260714_PHX_MIN,"Tuesday, July 14, 2026",regular_season,Minnesota Lynx,Phoenix Mercury,Anastasiia Olairi Kosu,F,8,0-0,0-0,0-0,0,0,0,0,0,0,0,1,0,+4
20260714_PHX_MIN,"Tuesday, July 14, 2026",regular_season,Minnesota Lynx,Phoenix Mercury,Maya Caldwell,G,7,0-1,0-1,0-0,0,1,1,1,0,0,0,3,0,-5
20260714_PHX_MIN,"Tuesday, July 14, 2026",regular_season,Minnesota Lynx,Phoenix Mercury,Eliska Hamzova,G,9,3-5,0-1,2-2,1,0,1,0,0,0,0,0,8,+3
20260714_PHX_MIN,"Tuesday, July 14, 2026",regular_season,Minnesota Lynx,Phoenix Mercury,Napheesa Collier,F,,,,,,,,,,,,,,
20260714_PHX_MIN,"Tuesday, July 14, 2026",regular_season,Minnesota Lynx,Phoenix Mercury,Dorka Juhasz,F,,,,,,,,,,,,,,
20260714_PHX_MIN,"Tuesday, July 14, 2026",regular_season,Minnesota Lynx,Phoenix Mercury,Emma Cechova,F,,,,,,,,,,,,,,
20260714_POR_CON,"Tuesday, July 14, 2026",regular_season,Portland Fire,Connecticut Sun,Bridget Carleton,F,32,5-11,2-7,0-0,1,2,3,3,3,1,1,3,12,+2
20260714_POR_CON,"Tuesday, July 14, 2026",regular_season,Portland Fire,Connecticut Sun,Emily Engstler,F,29,5-12,1-5,3-4,0,6,6,7,3,1,1,5,14,+5
20260714_POR_CON,"Tuesday, July 14, 2026",regular_season,Portland Fire,Connecticut Sun,Megan DiLeo,C,31,6-12,2-6,1-1,0,5,5,0,1,1,0,1,15,+2
20260714_POR_CON,"Tuesday, July 14, 2026",regular_season,Portland Fire,Connecticut Sun,Sarah Ashlee Barker,G,25,3-7,0-2,3-3,1,4,5,2,0,0,3,1,9,-6
20260714_POR_CON,"Tuesday, July 14, 2026",regular_season,Portland Fire,Connecticut Sun,Carla Leite,G,33,6-11,0-0,6-6,1,0,1,6,0,0,6,1,18,+3
20260714_POR_CON,"Tuesday, July 14, 2026",regular_season,Portland Fire,Connecticut Sun,Frieda Buhner,F,11,2-4,2-3,1-1,0,1,1,1,0,0,0,1,7,-8
20260714_POR_CON,"Tuesday, July 14, 2026",regular_season,Portland Fire,Connecticut Sun,Nyadiew Puoch,F,8,0-0,0-0,0-0,0,1,1,0,0,0,0,0,0,-5
20260714_POR_CON,"Tuesday, July 14, 2026",regular_season,Portland Fire,Connecticut Sun,Serah Williams,C,9,0-0,0-0,2-2,1,1,2,0,1,0,0,0,2,-5
20260714_POR_CON,"Tuesday, July 14, 2026",regular_season,Portland Fire,Connecticut Sun,Karlie Samuelson,G,16,2-2,2-2,2-2,0,0,0,0,1,0,0,1,8,+3
20260714_POR_CON,"Tuesday, July 14, 2026",regular_season,Portland Fire,Connecticut Sun,Teja Oblak,G,7,0-1,0-1,2-2,0,0,0,0,1,0,4,1,2,-6
20260714_POR_CON,"Tuesday, July 14, 2026",regular_season,Portland Fire,Connecticut Sun,Sania Feagin,F,,,,,,,,,,,,,,
20260714_POR_CON,"Tuesday, July 14, 2026",regular_season,Portland Fire,Connecticut Sun,Luisa Geiselsoder,C,,,,,,,,,,,,,,
20260714_POR_CON,"Tuesday, July 14, 2026",regular_season,Portland Fire,Connecticut Sun,Holly Winterburn,G,,,,,,,,,,,,,,
20260714_POR_CON,"Tuesday, July 14, 2026",regular_season,Portland Fire,Connecticut Sun,Jordan Harrison,G,,,,,,,,,,,,,,
20260714_POR_CON,"Tuesday, July 14, 2026",regular_season,Connecticut Sun,Portland Fire,Diamond Miller,F,32,3-8,2-5,0-0,0,1,1,5,2,0,2,3,8,-5
20260714_POR_CON,"Tuesday, July 14, 2026",regular_season,Connecticut Sun,Portland Fire,Brittney Griner,C,24,8-11,0-0,4-5,1,3,4,6,1,2,2,2,20,+3
20260714_POR_CON,"Tuesday, July 14, 2026",regular_season,Connecticut Sun,Portland Fire,Olivia Nelson-Ododa,C,26,4-9,0-0,8-8,3,3,6,1,0,0,3,3,16,-9
20260714_POR_CON,"Tuesday, July 14, 2026",regular_season,Connecticut Sun,Portland Fire,Charlisse Leger-Walker,G,33,2-8,0-5,0-0,0,4,4,7,3,0,2,2,4,+5
20260714_POR_CON,"Tuesday, July 14, 2026",regular_season,Connecticut Sun,Portland Fire,Leila Lacan,G,30,6-11,1-2,1-2,0,1,1,3,3,1,2,2,14,+1
20260714_POR_CON,"Tuesday, July 14, 2026",regular_season,Connecticut Sun,Portland Fire,Aaliyah Edwards,F,24,9-13,0-1,3-3,3,5,8,3,0,0,1,2,21,+8
20260714_POR_CON,"Tuesday, July 14, 2026",regular_season,Connecticut Sun,Portland Fire,Raegan Beers,F,6,0-0,0-0,1-2,0,0,0,0,1,0,0,0,1,+4
20260714_POR_CON,"Tuesday, July 14, 2026",regular_season,Connecticut Sun,Portland Fire,Nell Angloma,F,11,2-2,0-0,0-0,0,1,1,2,1,1,1,4,4,+7
20260714_POR_CON,"Tuesday, July 14, 2026",regular_season,Connecticut Sun,Portland Fire,Kennedy Burke,G,14,1-5,0-1,0-0,4,2,6,1,0,0,1,3,2,+1
20260714_POR_CON,"Tuesday, July 14, 2026",regular_season,Connecticut Sun,Portland Fire,Aneesah Morrow,F,,,,,,,,,,,,,,
20260714_POR_CON,"Tuesday, July 14, 2026",regular_season,Connecticut Sun,Portland Fire,Hailey Van Lith,G,,,,,,,,,,,,,,
20260714_POR_CON,"Tuesday, July 14, 2026",regular_season,Connecticut Sun,Portland Fire,Saniya Rivers,G,,,,,,,,,,,,,,
20260714_POR_CON,"Tuesday, July 14, 2026",regular_season,Connecticut Sun,Portland Fire,Gianna Kneepkens,G,,,,,,,,,,,,,,
20260714_POR_CON,"Tuesday, July 14, 2026",regular_season,Connecticut Sun,Portland Fire,Ashlon Jackson,G,,,,,,,,,,,,,,
20260714_WSH_TOR,"Tuesday, July 14, 2026",regular_season,Washington Mystics,Toronto Tempo,Michaela Onyenwere,F,23,5-9,2-4,3-4,4,1,5,3,0,0,1,4,15,+13
20260714_WSH_TOR,"Tuesday, July 14, 2026",regular_season,Washington Mystics,Toronto Tempo,Kiki Iriafen,F,28,9-14,0-1,7-8,4,10,14,1,0,0,4,3,25,+16
20260714_WSH_TOR,"Tuesday, July 14, 2026",regular_season,Washington Mystics,Toronto Tempo,Shakira Austin,C,28,7-14,0-3,3-4,2,8,10,0,1,3,1,1,17,+14
20260714_WSH_TOR,"Tuesday, July 14, 2026",regular_season,Washington Mystics,Toronto Tempo,Sonia Citron,G,31,1-6,0-2,0-0,1,1,2,4,0,2,2,0,2,+19
20260714_WSH_TOR,"Tuesday, July 14, 2026",regular_season,Washington Mystics,Toronto Tempo,Georgia Amoore,G,22,3-8,1-4,0-1,1,0,1,2,0,0,1,1,7,+16
20260714_WSH_TOR,"Tuesday, July 14, 2026",regular_season,Washington Mystics,Toronto Tempo,Angela Dugalic,F,4,0-1,0-0,0-0,1,1,2,0,0,0,0,0,0,-4
20260714_WSH_TOR,"Tuesday, July 14, 2026",regular_season,Washington Mystics,Toronto Tempo,Lauren Betts,C,20,3-4,0-0,0-0,1,5,6,0,2,1,1,2,6,+8
20260714_WSH_TOR,"Tuesday, July 14, 2026",regular_season,Washington Mystics,Toronto Tempo,Rori Harmon,G,1,0-0,0-0,0-0,0,0,0,0,0,0,0,0,0,0
20260714_WSH_TOR,"Tuesday, July 14, 2026",regular_season,Washington Mystics,Toronto Tempo,Lucy Olsen,G,5,2-3,1-2,0-0,0,0,0,0,0,0,0,0,5,+2
20260714_WSH_TOR,"Tuesday, July 14, 2026",regular_season,Washington Mystics,Toronto Tempo,Cotie McMahon,G,17,0-4,0-1,2-2,2,3,5,3,0,0,1,3,2,+4
20260714_WSH_TOR,"Tuesday, July 14, 2026",regular_season,Washington Mystics,Toronto Tempo,Cassandre Prosper,G,8,0-6,0-2,0-0,2,0,2,0,0,0,0,3,0,+4
20260714_WSH_TOR,"Tuesday, July 14, 2026",regular_season,Washington Mystics,Toronto Tempo,Alicia Florez,G,13,0-6,0-4,0-0,0,0,0,5,0,0,0,0,0,-7
20260714_WSH_TOR,"Tuesday, July 14, 2026",regular_season,Toronto Tempo,Washington Mystics,Isabelle Harrison,F,21,4-10,0-0,0-0,1,4,5,1,0,0,1,6,8,-8
20260714_WSH_TOR,"Tuesday, July 14, 2026",regular_season,Toronto Tempo,Washington Mystics,Maria Conde,F,30,1-5,0-2,0-0,0,4,4,3,1,0,1,2,2,-10
20260714_WSH_TOR,"Tuesday, July 14, 2026",regular_season,Toronto Tempo,Washington Mystics,Laura Juskaite,F,25,3-8,0-4,1-2,1,3,4,1,0,0,1,3,7,-3
20260714_WSH_TOR,"Tuesday, July 14, 2026",regular_season,Toronto Tempo,Washington Mystics,Marina Mabrey,G,30,3-13,2-7,0-0,0,1,1,3,1,0,4,4,8,-22
20260714_WSH_TOR,"Tuesday, July 14, 2026",regular_season,Toronto Tempo,Washington Mystics,Julie Allemand,G,33,6-10,3-6,0-0,2,3,5,2,0,0,2,1,15,-20
20260714_WSH_TOR,"Tuesday, July 14, 2026",regular_season,Toronto Tempo,Washington Mystics,Nyara Sabally,F,26,3-11,1-3,6-6,1,3,4,1,0,2,0,3,13,-18
20260714_WSH_TOR,"Tuesday, July 14, 2026",regular_season,Toronto Tempo,Washington Mystics,Teonni Key,F,1,0-0,0-0,0-0,0,0,0,1,0,1,0,0,0,0
20260714_WSH_TOR,"Tuesday, July 14, 2026",regular_season,Toronto Tempo,Washington Mystics,Kayla Alexander,C,13,0-1,0-0,2-2,0,3,3,1,1,1,1,1,2,-9
20260714_WSH_TOR,"Tuesday, July 14, 2026",regular_season,Toronto Tempo,Washington Mystics,Kia Nurse,G,9,1-4,0-2,0-0,0,0,0,1,0,0,0,0,2,+3
20260714_WSH_TOR,"Tuesday, July 14, 2026",regular_season,Toronto Tempo,Washington Mystics,Tima Pouye,G,12,2-3,1-2,0-0,0,0,0,1,0,0,0,2,5,+2
20260714_WSH_TOR,"Tuesday, July 14, 2026",regular_season,Toronto Tempo,Washington Mystics,Temi Fagbenle,C,,,,,,,,,,,,,,
20260714_WSH_TOR,"Tuesday, July 14, 2026",regular_season,Toronto Tempo,Washington Mystics,Brittney Sykes,G,,,,,,,,,,,,,,
20260714_WSH_TOR,"Tuesday, July 14, 2026",regular_season,Toronto Tempo,Washington Mystics,Kiki Rice,G,,,,,,,,,,,,,,
20260715_SEA_CHI,"Wednesday, July 15, 2026",regular_season,Seattle Storm,Chicago Sky,Dominique Malonga,C,29,6-16,0-3,4-9,7,5,12,4,2,1,2,4,16,-10
20260715_SEA_CHI,"Wednesday, July 15, 2026",regular_season,Seattle Storm,Chicago Sky,Awa Fam,C,31,6-15,2-6,0-0,1,6,7,3,1,2,2,3,14,-5
20260715_SEA_CHI,"Wednesday, July 15, 2026",regular_season,Seattle Storm,Chicago Sky,Natisha Hiedeman,G,30,3-11,0-5,0-0,1,2,3,3,0,0,3,1,6,+6
20260715_SEA_CHI,"Wednesday, July 15, 2026",regular_season,Seattle Storm,Chicago Sky,Flau'jae Johnson,G,31,11-17,1-5,2-3,1,5,6,4,3,1,3,1,25,-3
20260715_SEA_CHI,"Wednesday, July 15, 2026",regular_season,Seattle Storm,Chicago Sky,Jade Melbourne,G,26,4-7,0-1,3-4,0,3,3,5,1,0,2,4,11,+2
20260715_SEA_CHI,"Wednesday, July 15, 2026",regular_season,Seattle Storm,Chicago Sky,Katie Lou Samuelson,F,20,4-4,1-1,2-3,2,1,3,0,2,0,0,2,11,-9
20260715_SEA_CHI,"Wednesday, July 15, 2026",regular_season,Seattle Storm,Chicago Sky,Jordan Horston,F,14,0-1,0-1,1-2,1,3,4,2,0,0,3,2,1,-4
20260715_SEA_CHI,"Wednesday, July 15, 2026",regular_season,Seattle Storm,Chicago Sky,Stefanie Dolson,C,9,0-1,0-1,0-0,2,4,6,2,1,0,1,0,0,0
20260715_SEA_CHI,"Wednesday, July 15, 2026",regular_season,Seattle Storm,Chicago Sky,Zia Cooke,G,9,2-6,0-2,2-2,1,0,1,1,0,0,0,1,6,-2
20260715_SEA_CHI,"Wednesday, July 15, 2026",regular_season,Seattle Storm,Chicago Sky,Ezi Magbegor,F,,,,,,,,,,,,,,
20260715_SEA_CHI,"Wednesday, July 15, 2026",regular_season,Seattle Storm,Chicago Sky,Mackenzie Holmes,F,,,,,,,,,,,,,,
20260715_SEA_CHI,"Wednesday, July 15, 2026",regular_season,Seattle Storm,Chicago Sky,Taylor Thierry,F,,,,,,,,,,,,,,
20260715_SEA_CHI,"Wednesday, July 15, 2026",regular_season,Chicago Sky,Seattle Storm,Azura Stevens,F,33,8-16,3-6,1-2,0,8,8,4,0,0,3,4,20,+2
20260715_SEA_CHI,"Wednesday, July 15, 2026",regular_season,Chicago Sky,Seattle Storm,Elizabeth Williams,C,28,2-6,0-0,1-2,4,3,7,4,2,3,1,3,5,-6
20260715_SEA_CHI,"Wednesday, July 15, 2026",regular_season,Chicago Sky,Seattle Storm,Courtney Vandersloot,G,20,2-5,1-3,3-4,0,1,1,6,3,0,1,2,8,+2
20260715_SEA_CHI,"Wednesday, July 15, 2026",regular_season,Chicago Sky,Seattle Storm,Natasha Cloud,G,30,3-5,2-3,5-6,0,2,2,6,4,1,4,1,13,0
20260715_SEA_CHI,"Wednesday, July 15, 2026",regular_season,Chicago Sky,Seattle Storm,Sydney Taylor,G,25,7-15,1-6,2-3,1,4,5,0,1,0,2,4,17,0
20260715_SEA_CHI,"Wednesday, July 15, 2026",regular_season,Chicago Sky,Seattle Storm,Chloe Bibby,F,19,5-11,2-6,2-2,0,1,1,4,0,0,0,1,14,+14
20260715_SEA_CHI,"Wednesday, July 15, 2026",regular_season,Chicago Sky,Seattle Storm,Rachel Banham,G,10,2-4,2-3,0-0,0,2,2,1,0,0,1,0,6,+5
20260715_SEA_CHI,"Wednesday, July 15, 2026",regular_season,Chicago Sky,Seattle Storm,Jacy Sheldon,G,17,1-2,0-1,0-0,1,0,1,1,0,0,1,1,2,+15
20260715_SEA_CHI,"Wednesday, July 15, 2026",regular_season,Chicago Sky,Seattle Storm,Gabriela Jaquez,G,19,5-10,0-4,0-0,0,2,2,1,1,0,0,0,10,-7
20260715_SEA_CHI,"Wednesday, July 15, 2026",regular_season,Chicago Sky,Seattle Storm,Kamilla Cardoso,C,,,,,,,,,,,,,,
20260715_SEA_CHI,"Wednesday, July 15, 2026",regular_season,Chicago Sky,Seattle Storm,Skylar Diggins,G,,,,,,,,,,,,,,
20260715_SEA_CHI,"Wednesday, July 15, 2026",regular_season,Chicago Sky,Seattle Storm,DiJonai Carrington,G,,,,,,,,,,,,,,
20260715_SEA_CHI,"Wednesday, July 15, 2026",regular_season,Chicago Sky,Seattle Storm,Aicha Coulibaly,G,,,,,,,,,,,,,,
20260715_LA_MIN,"Wednesday, July 15, 2026",regular_season,Los Angeles Sparks,Minnesota Lynx,Nneka Ogwumike,F,33,10-16,2-4,1-1,2,10,12,5,1,0,0,1,23,-13
20260715_LA_MIN,"Wednesday, July 15, 2026",regular_season,Los Angeles Sparks,Minnesota Lynx,Dearica Hamby,F,32,4-10,0-2,2-2,1,7,8,1,1,0,3,4,10,+3
20260715_LA_MIN,"Wednesday, July 15, 2026",regular_season,Los Angeles Sparks,Minnesota Lynx,Erica Wheeler,G,30,3-8,2-6,2-2,1,1,2,6,0,0,4,2,10,-3
20260715_LA_MIN,"Wednesday, July 15, 2026",regular_season,Los Angeles Sparks,Minnesota Lynx,Ariel Atkins,G,35,3-11,2-7,0-0,0,2,2,6,1,0,2,4,8,-2
20260715_LA_MIN,"Wednesday, July 15, 2026",regular_season,Los Angeles Sparks,Minnesota Lynx,Rae Burrell,G,33,8-14,2-5,6-6,0,4,4,2,1,1,3,0,24,-4
20260715_LA_MIN,"Wednesday, July 15, 2026",regular_season,Los Angeles Sparks,Minnesota Lynx,Cameron Brink,F,15,3-5,1-3,3-4,0,1,1,0,1,0,2,1,10,-8
20260715_LA_MIN,"Wednesday, July 15, 2026",regular_season,Los Angeles Sparks,Minnesota Lynx,Jihyun Park,F,8,0-1,0-1,1-2,1,1,2,1,0,0,0,1,1,-1
20260715_LA_MIN,"Wednesday, July 15, 2026",regular_season,Los Angeles Sparks,Minnesota Lynx,Kiana Williams,G,11,0-0,0-0,1-2,0,0,0,1,1,0,3,3,1,-8
20260715_LA_MIN,"Wednesday, July 15, 2026",regular_season,Los Angeles Sparks,Minnesota Lynx,Chance Gray,G,3,0-0,0-0,0-0,0,0,0,0,0,0,0,1,0,-9
20260715_LA_MIN,"Wednesday, July 15, 2026",regular_season,Los Angeles Sparks,Minnesota Lynx,Emma Cannon,F,,,,,,,,,,,,,,
20260715_LA_MIN,"Wednesday, July 15, 2026",regular_season,Los Angeles Sparks,Minnesota Lynx,Kelsey Plum,G,,,,,,,,,,,,,,
20260715_LA_MIN,"Wednesday, July 15, 2026",regular_season,Los Angeles Sparks,Minnesota Lynx,Kate Martin,G,,,,,,,,,,,,,,
20260715_LA_MIN,"Wednesday, July 15, 2026",regular_season,Minnesota Lynx,Los Angeles Sparks,Natasha Howard,F,32,5-8,0-0,0-0,3,7,10,6,3,1,2,2,10,+8
20260715_LA_MIN,"Wednesday, July 15, 2026",regular_season,Minnesota Lynx,Los Angeles Sparks,Nia Coffey,F,29,3-6,2-4,0-0,1,4,5,2,1,2,1,1,8,-2
20260715_LA_MIN,"Wednesday, July 15, 2026",regular_season,Minnesota Lynx,Los Angeles Sparks,Kayla McBride,G,31,8-16,2-8,6-7,0,1,1,1,1,0,1,1,24,+13
20260715_LA_MIN,"Wednesday, July 15, 2026",regular_season,Minnesota Lynx,Los Angeles Sparks,Courtney Williams,G,35,7-13,1-4,4-5,0,2,2,4,1,0,3,1,19,-3
20260715_LA_MIN,"Wednesday, July 15, 2026",regular_season,Minnesota Lynx,Los Angeles Sparks,Olivia Miles,G,26,7-14,1-4,3-4,1,3,4,5,3,0,0,3,18,-1
20260715_LA_MIN,"Wednesday, July 15, 2026",regular_season,Minnesota Lynx,Los Angeles Sparks,Liatu King,F,3,0-0,0-0,0-0,0,0,0,0,0,0,0,2,0,-5
20260715_LA_MIN,"Wednesday, July 15, 2026",regular_season,Minnesota Lynx,Los Angeles Sparks,Antonia Delaere,F,14,2-3,1-2,0-0,0,0,0,1,1,0,0,1,5,+12
20260715_LA_MIN,"Wednesday, July 15, 2026",regular_season,Minnesota Lynx,Los Angeles Sparks,Anastasiia Olairi Kosu,F,17,1-3,0-0,7-8,2,1,3,1,2,0,2,3,9,+17
20260715_LA_MIN,"Wednesday, July 15, 2026",regular_season,Minnesota Lynx,Los Angeles Sparks,Maya Caldwell,G,7,1-4,1-3,0-0,0,0,0,0,1,1,0,1,3,+2
20260715_LA_MIN,"Wednesday, July 15, 2026",regular_season,Minnesota Lynx,Los Angeles Sparks,Eliska Hamzova,G,7,0-1,0-0,0-0,0,0,0,1,0,0,2,2,0,+4
20260715_LA_MIN,"Wednesday, July 15, 2026",regular_season,Minnesota Lynx,Los Angeles Sparks,Napheesa Collier,F,,,,,,,,,,,,,,
20260715_LA_MIN,"Wednesday, July 15, 2026",regular_season,Minnesota Lynx,Los Angeles Sparks,Dorka Juhasz,F,,,,,,,,,,,,,,
20260715_LA_MIN,"Wednesday, July 15, 2026",regular_season,Minnesota Lynx,Los Angeles Sparks,Emma Cechova,F,,,,,,,,,,,,,,
20260716_GS_IND,"Thursday, July 16, 2026",regular_season,Golden State Valkyries,Indiana Fever,Kayla Thornton,F,31,3-8,2-5,3-3,2,6,8,1,0,0,1,2,11,+21
20260716_GS_IND,"Thursday, July 16, 2026",regular_season,Golden State Valkyries,Indiana Fever,Gabby Williams,F,27,6-12,2-5,2-4,1,2,3,1,3,1,5,1,16,+9
20260716_GS_IND,"Thursday, July 16, 2026",regular_season,Golden State Valkyries,Indiana Fever,Cecilia Zandalasini,F,18,4-8,2-5,0-0,0,2,2,0,0,1,0,1,10,+2
20260716_GS_IND,"Thursday, July 16, 2026",regular_season,Golden State Valkyries,Indiana Fever,Kiah Stokes,C,23,2-7,0-4,0-0,0,7,7,1,0,2,0,2,4,+4
20260716_GS_IND,"Thursday, July 16, 2026",regular_season,Golden State Valkyries,Indiana Fever,Veronica Burton,G,30,1-4,0-1,2-2,2,3,5,4,3,0,3,2,4,+12
20260716_GS_IND,"Thursday, July 16, 2026",regular_season,Golden State Valkyries,Indiana Fever,Laeticia Amihere,F,4,1-1,0-0,0-0,0,0,0,1,0,0,1,0,2,-3
20260716_GS_IND,"Thursday, July 16, 2026",regular_season,Golden State Valkyries,Indiana Fever,Janelle Salaun,F,22,4-7,2-4,2-2,0,2,2,2,1,0,0,3,12,+4
20260716_GS_IND,"Thursday, July 16, 2026",regular_season,Golden State Valkyries,Indiana Fever,Tiffany Hayes,G,22,3-4,0-0,7-7,1,1,2,2,0,0,3,3,13,+11
20260716_GS_IND,"Thursday, July 16, 2026",regular_season,Golden State Valkyries,Indiana Fever,Kaila Charles,G,13,1-2,0-0,0-0,0,1,1,1,1,0,0,2,2,+4
20260716_GS_IND,"Thursday, July 16, 2026",regular_season,Golden State Valkyries,Indiana Fever,Kaitlyn Chen,G,10,5-5,0-0,4-5,0,0,0,3,1,0,1,0,14,+1
20260716_GS_IND,"Thursday, July 16, 2026",regular_season,Golden State Valkyries,Indiana Fever,Nadia Fingall,C,,,,,,,,,,,,,,
20260716_GS_IND,"Thursday, July 16, 2026",regular_season,Golden State Valkyries,Indiana Fever,Juste Jocyte,G,,,,,,,,,,,,,,
20260716_GS_IND,"Thursday, July 16, 2026",regular_season,Indiana Fever,Golden State Valkyries,Monique Billings,F,26,1-5,0-0,2-4,2,3,5,2,0,0,0,1,4,-11
20260716_GS_IND,"Thursday, July 16, 2026",regular_season,Indiana Fever,Golden State Valkyries,Aliyah Boston,C,25,6-11,2-3,1-2,2,5,7,1,2,0,3,4,15,+1
20260716_GS_IND,"Thursday, July 16, 2026",regular_season,Indiana Fever,Golden State Valkyries,Kelsey Mitchell,G,35,7-16,3-5,3-3,1,0,1,4,1,0,2,4,20,-5
20260716_GS_IND,"Thursday, July 16, 2026",regular_season,Indiana Fever,Golden State Valkyries,Lexie Hull,G,22,1-4,0-1,0-0,1,0,1,0,0,1,1,3,2,-9
20260716_GS_IND,"Thursday, July 16, 2026",regular_season,Indiana Fever,Golden State Valkyries,Caitlin Clark,G,26,4-14,1-8,4-5,2,1,3,6,1,1,4,0,13,-8
20260716_GS_IND,"Thursday, July 16, 2026",regular_season,Indiana Fever,Golden State Valkyries,Makayla Timpson,F,19,3-4,0-0,0-0,1,4,5,0,0,0,1,1,6,-14
20260716_GS_IND,"Thursday, July 16, 2026",regular_season,Indiana Fever,Golden State Valkyries,Grace VanSlooten,F,1,0-0,0-0,0-0,0,0,0,0,0,0,0,0,0,-2
20260716_GS_IND,"Thursday, July 16, 2026",regular_season,Indiana Fever,Golden State Valkyries,Sophie Cunningham,G,27,3-7,2-4,2-2,1,1,2,0,4,0,2,2,10,-4
20260716_GS_IND,"Thursday, July 16, 2026",regular_season,Indiana Fever,Golden State Valkyries,Tyasha Harris,G,19,2-5,1-4,0-0,0,2,2,1,0,0,2,4,5,-11
20260716_GS_IND,"Thursday, July 16, 2026",regular_season,Indiana Fever,Golden State Valkyries,Raven Johnson,G,1,0-1,0-0,0-0,0,0,0,0,0,0,0,0,0,-2
20260716_GS_IND,"Thursday, July 16, 2026",regular_season,Indiana Fever,Golden State Valkyries,Myisha Hines-Allen,F,,,,,,,,,,,,,,
20260716_GS_IND,"Thursday, July 16, 2026",regular_season,Indiana Fever,Golden State Valkyries,Damiris Dantas,C,,,,,,,,,,,,,,
20260716_POR_WSH,"Thursday, July 16, 2026",regular_season,Portland Fire,Washington Mystics,Bridget Carleton,F,26,2-6,2-6,0-0,0,3,3,3,1,0,0,3,6,+20
20260716_POR_WSH,"Thursday, July 16, 2026",regular_season,Portland Fire,Washington Mystics,Emily Engstler,F,22,4-7,0-3,0-0,2,1,3,5,2,0,2,5,8,+8
20260716_POR_WSH,"Thursday, July 16, 2026",regular_season,Portland Fire,Washington Mystics,Serah Williams,C,25,5-6,0-0,2-2,1,4,5,1,1,1,1,2,12,+17
20260716_POR_WSH,"Thursday, July 16, 2026",regular_season,Portland Fire,Washington Mystics,Sarah Ashlee Barker,G,24,4-7,2-3,0-1,2,5,7,2,4,0,1,2,10,+7
20260716_POR_WSH,"Thursday, July 16, 2026",regular_season,Portland Fire,Washington Mystics,Carla Leite,G,23,5-12,0-4,4-4,0,1,1,5,1,0,0,1,14,+18
20260716_POR_WSH,"Thursday, July 16, 2026",regular_season,Portland Fire,Washington Mystics,Frieda Buhner,F,18,3-7,3-5,0-0,2,3,5,1,0,1,2,2,9,+11
20260716_POR_WSH,"Thursday, July 16, 2026",regular_season,Portland Fire,Washington Mystics,Nyadiew Puoch,F,14,0-1,0-1,0-0,0,2,2,0,1,0,0,3,0,-1
20260716_POR_WSH,"Thursday, July 16, 2026",regular_season,Portland Fire,Washington Mystics,Luisa Geiselsoder,C,15,0-3,0-3,1-2,0,2,2,0,0,0,0,3,1,+2
20260716_POR_WSH,"Thursday, July 16, 2026",regular_season,Portland Fire,Washington Mystics,Karlie Samuelson,G,13,1-4,1-4,0-0,0,1,1,1,0,0,2,0,3,+11
20260716_POR_WSH,"Thursday, July 16, 2026",regular_season,Portland Fire,Washington Mystics,Holly Winterburn,G,3,1-2,1-2,0-0,0,0,0,0,0,0,0,0,3,+1
20260716_POR_WSH,"Thursday, July 16, 2026",regular_season,Portland Fire,Washington Mystics,Teja Oblak,G,17,4-12,1-5,0-0,1,0,1,2,0,0,3,5,9,+1
20260716_POR_WSH,"Thursday, July 16, 2026",regular_season,Portland Fire,Washington Mystics,Sania Feagin,F,,,,,,,,,,,,,,
20260716_POR_WSH,"Thursday, July 16, 2026",regular_season,Portland Fire,Washington Mystics,Megan DiLeo,C,,,,,,,,,,,,,,
20260716_POR_WSH,"Thursday, July 16, 2026",regular_season,Washington Mystics,Portland Fire,Michaela Onyenwere,F,26,2-10,1-4,0-0,4,2,6,1,1,0,1,2,5,-14
20260716_POR_WSH,"Thursday, July 16, 2026",regular_season,Washington Mystics,Portland Fire,Kiki Iriafen,F,24,1-8,0-2,0-0,4,1,5,0,1,1,3,2,2,-21
20260716_POR_WSH,"Thursday, July 16, 2026",regular_season,Washington Mystics,Portland Fire,Shakira Austin,C,33,6-15,0-2,7-9,2,7,9,4,0,2,3,1,19,-14
20260716_POR_WSH,"Thursday, July 16, 2026",regular_season,Washington Mystics,Portland Fire,Sonia Citron,G,29,2-8,0-5,4-4,1,5,6,3,0,0,2,1,8,-15
20260716_POR_WSH,"Thursday, July 16, 2026",regular_season,Washington Mystics,Portland Fire,Georgia Amoore,G,16,1-3,0-1,1-2,0,1,1,2,0,0,4,3,3,-19
20260716_POR_WSH,"Thursday, July 16, 2026",regular_season,Washington Mystics,Portland Fire,Angela Dugalic,F,8,0-1,0-1,2-2,1,2,3,0,0,1,1,1,2,-5
20260716_POR_WSH,"Thursday, July 16, 2026",regular_season,Washington Mystics,Portland Fire,Lauren Betts,C,12,3-6,0-0,0-0,2,2,4,0,1,0,0,2,6,+3
20260716_POR_WSH,"Thursday, July 16, 2026",regular_season,Washington Mystics,Portland Fire,Rori Harmon,G,3,1-1,0-0,0-0,0,0,0,0,0,0,0,1,2,-1
20260716_POR_WSH,"Thursday, July 16, 2026",regular_season,Washington Mystics,Portland Fire,Lucy Olsen,G,3,0-1,0-1,0-0,0,1,1,0,0,0,0,0,0,-1
20260716_POR_WSH,"Thursday, July 16, 2026",regular_season,Washington Mystics,Portland Fire,Cotie McMahon,G,12,0-3,0-1,1-4,2,2,4,0,1,0,1,1,1,-7
20260716_POR_WSH,"Thursday, July 16, 2026",regular_season,Washington Mystics,Portland Fire,Cassandre Prosper,G,17,1-4,1-3,0-0,1,1,2,0,0,0,2,0,3,-2
20260716_POR_WSH,"Thursday, July 16, 2026",regular_season,Washington Mystics,Portland Fire,Alicia Florez,G,18,2-4,0-1,1-2,2,2,4,1,0,0,2,1,5,+1
20260716_POR_WSH,"Thursday, July 16, 2026",regular_season,Washington Mystics,Portland Fire,Darianna Littlepage-Buggs,G,,,,,,,,,,,,,,
20260717_SEA_IND,"Friday, July 17, 2026",regular_season,Seattle Storm,Indiana Fever,Dominique Malonga,C,29,13-22,1-3,1-2,5,9,14,2,0,0,6,2,28,-13
20260717_SEA_IND,"Friday, July 17, 2026",regular_season,Seattle Storm,Indiana Fever,Awa Fam,C,31,5-6,4-5,2-2,3,6,9,4,1,2,0,5,16,+4
20260717_SEA_IND,"Friday, July 17, 2026",regular_season,Seattle Storm,Indiana Fever,Natisha Hiedeman,G,30,6-11,1-5,2-3,0,2,2,8,1,0,3,2,15,+2
20260717_SEA_IND,"Friday, July 17, 2026",regular_season,Seattle Storm,Indiana Fever,Flau'jae Johnson,G,31,7-16,0-2,2-2,4,2,6,6,3,1,2,3,16,+4
20260717_SEA_IND,"Friday, July 17, 2026",regular_season,Seattle Storm,Indiana Fever,Jade Melbourne,G,30,7-13,0-2,1-2,1,0,1,5,1,0,3,4,15,-11
20260717_SEA_IND,"Friday, July 17, 2026",regular_season,Seattle Storm,Indiana Fever,Katie Lou Samuelson,F,19,3-4,1-2,1-1,0,1,1,0,0,0,1,2,8,+1
20260717_SEA_IND,"Friday, July 17, 2026",regular_season,Seattle Storm,Indiana Fever,Jordan Horston,F,20,1-2,0-0,0-0,0,2,2,1,0,0,2,4,2,+10
20260717_SEA_IND,"Friday, July 17, 2026",regular_season,Seattle Storm,Indiana Fever,Stefanie Dolson,C,3,0-0,0-0,2-4,0,0,0,0,1,0,0,0,2,-3
20260717_SEA_IND,"Friday, July 17, 2026",regular_season,Seattle Storm,Indiana Fever,Zia Cooke,G,8,1-2,1-2,2-2,0,0,0,1,1,0,0,2,5,-9
20260717_SEA_IND,"Friday, July 17, 2026",regular_season,Seattle Storm,Indiana Fever,Ezi Magbegor,F,,,,,,,,,,,,,,
20260717_SEA_IND,"Friday, July 17, 2026",regular_season,Seattle Storm,Indiana Fever,Mackenzie Holmes,F,,,,,,,,,,,,,,
20260717_SEA_IND,"Friday, July 17, 2026",regular_season,Seattle Storm,Indiana Fever,Taylor Thierry,F,,,,,,,,,,,,,,
20260717_SEA_IND,"Friday, July 17, 2026",regular_season,Indiana Fever,Seattle Storm,Monique Billings,F,31,5-7,0-0,6-7,0,5,5,3,2,1,0,2,16,+14
20260717_SEA_IND,"Friday, July 17, 2026",regular_season,Indiana Fever,Seattle Storm,Makayla Timpson,F,32,3-6,0-0,2-2,8,1,9,2,2,0,3,3,8,-9
20260717_SEA_IND,"Friday, July 17, 2026",regular_season,Indiana Fever,Seattle Storm,Kelsey Mitchell,G,34,13-25,3-8,1-1,0,1,1,0,0,0,1,2,30,+1
20260717_SEA_IND,"Friday, July 17, 2026",regular_season,Indiana Fever,Seattle Storm,Lexie Hull,G,14,0-1,0-0,2-2,2,0,2,1,3,0,3,4,2,-1
20260717_SEA_IND,"Friday, July 17, 2026",regular_season,Indiana Fever,Seattle Storm,Caitlin Clark,G,29,11-18,6-10,17-19,0,2,2,10,4,2,4,4,45,+16
20260717_SEA_IND,"Friday, July 17, 2026",regular_season,Indiana Fever,Seattle Storm,Myisha Hines-Allen,F,9,1-2,0-0,0-0,1,2,3,2,1,0,1,1,2,-1
20260717_SEA_IND,"Friday, July 17, 2026",regular_season,Indiana Fever,Seattle Storm,Damiris Dantas,C,8,0-1,0-0,0-0,1,1,2,0,0,0,0,0,0,0
20260717_SEA_IND,"Friday, July 17, 2026",regular_season,Indiana Fever,Seattle Storm,Sophie Cunningham,G,27,1-4,0-3,0-0,1,1,2,0,0,0,0,1,2,+3
20260717_SEA_IND,"Friday, July 17, 2026",regular_season,Indiana Fever,Seattle Storm,Tyasha Harris,G,14,2-5,1-2,0-0,0,0,0,3,0,0,0,0,5,-2
20260717_SEA_IND,"Friday, July 17, 2026",regular_season,Indiana Fever,Seattle Storm,Raven Johnson,G,3,0-3,0-0,0-0,0,0,0,0,0,0,0,0,0,-6
20260717_SEA_IND,"Friday, July 17, 2026",regular_season,Indiana Fever,Seattle Storm,Grace VanSlooten,F,,,,,,,,,,,,,,
20260717_SEA_IND,"Friday, July 17, 2026",regular_season,Indiana Fever,Seattle Storm,Aliyah Boston,C,,,,,,,,,,,,,,
20260717_ATL_TOR,"Friday, July 17, 2026",regular_season,Atlanta Dream,Toronto Tempo,Naz Hillmon,F,25,8-8,4-4,4-4,0,1,1,0,0,0,2,3,24,+5
20260717_ATL_TOR,"Friday, July 17, 2026",regular_season,Atlanta Dream,Toronto Tempo,Angel Reese,F,33,7-11,0-2,9-11,3,9,12,2,3,0,5,5,23,+17
20260717_ATL_TOR,"Friday, July 17, 2026",regular_season,Atlanta Dream,Toronto Tempo,Allisha Gray,G,30,8-12,2-5,0-0,2,1,3,2,1,0,0,3,18,+16
20260717_ATL_TOR,"Friday, July 17, 2026",regular_season,Atlanta Dream,Toronto Tempo,Jordin Canada,G,33,6-12,1-4,5-6,0,0,0,13,3,0,0,3,18,+27
20260717_ATL_TOR,"Friday, July 17, 2026",regular_season,Atlanta Dream,Toronto Tempo,Rhyne Howard,G,31,4-13,0-7,2-3,2,2,4,5,1,0,1,5,10,+19
20260717_ATL_TOR,"Friday, July 17, 2026",regular_season,Atlanta Dream,Toronto Tempo,Brionna Jones,F,15,2-4,0-0,2-2,3,3,6,4,1,0,0,3,6,+17
20260717_ATL_TOR,"Friday, July 17, 2026",regular_season,Atlanta Dream,Toronto Tempo,Sika Kone,F,1,0-0,0-0,0-0,0,0,0,0,0,0,0,0,0,+1
20260717_ATL_TOR,"Friday, July 17, 2026",regular_season,Atlanta Dream,Toronto Tempo,Madina Okot,C,4,1-1,0-0,0-0,1,0,1,0,0,0,1,1,2,-7
20260717_ATL_TOR,"Friday, July 17, 2026",regular_season,Atlanta Dream,Toronto Tempo,Shatori Walker-Kimbrough,G,1,0-0,0-0,0-0,0,0,0,0,0,0,0,0,0,+1
20260717_ATL_TOR,"Friday, July 17, 2026",regular_season,Atlanta Dream,Toronto Tempo,Jaylyn Sherrod,G,7,0-2,0-1,0-0,0,0,0,2,2,0,0,1,0,-8
20260717_ATL_TOR,"Friday, July 17, 2026",regular_season,Atlanta Dream,Toronto Tempo,Aaliyah Nye,G,1,0-0,0-0,0-0,0,0,0,0,0,0,0,0,0,+1
20260717_ATL_TOR,"Friday, July 17, 2026",regular_season,Atlanta Dream,Toronto Tempo,Isobel Borlase,G,19,3-8,2-5,2-2,0,1,1,0,0,1,1,2,10,+6
20260717_ATL_TOR,"Friday, July 17, 2026",regular_season,Atlanta Dream,Toronto Tempo,Te-Hina Paopao,G,,,,,,,,,,,,,,
20260717_ATL_TOR,"Friday, July 17, 2026",regular_season,Toronto Tempo,Atlanta Dream,Isabelle Harrison,F,21,4-8,0-1,2-4,1,2,3,0,0,0,3,1,10,-3
20260717_ATL_TOR,"Friday, July 17, 2026",regular_season,Toronto Tempo,Atlanta Dream,Maria Conde,F,31,2-8,1-5,8-9,2,2,4,5,0,0,0,2,13,-22
20260717_ATL_TOR,"Friday, July 17, 2026",regular_season,Toronto Tempo,Atlanta Dream,Laura Juskaite,F,28,4-8,0-1,0-0,1,3,4,0,0,1,4,2,8,-13
20260717_ATL_TOR,"Friday, July 17, 2026",regular_season,Toronto Tempo,Atlanta Dream,Marina Mabrey,G,31,7-12,3-6,9-9,0,4,4,3,1,0,5,5,26,-19
20260717_ATL_TOR,"Friday, July 17, 2026",regular_season,Toronto Tempo,Atlanta Dream,Julie Allemand,G,32,3-5,3-4,0-0,0,5,5,6,1,1,3,3,9,-9
20260717_ATL_TOR,"Friday, July 17, 2026",regular_season,Toronto Tempo,Atlanta Dream,Nyara Sabally,F,21,7-10,2-2,0-0,0,1,1,2,0,0,2,3,16,-13
20260717_ATL_TOR,"Friday, July 17, 2026",regular_season,Toronto Tempo,Atlanta Dream,Teonni Key,F,1,0-0,0-0,0-0,0,0,0,0,0,0,0,0,0,-1
20260717_ATL_TOR,"Friday, July 17, 2026",regular_season,Toronto Tempo,Atlanta Dream,Kayla Alexander,C,1,0-0,0-0,0-0,0,0,0,0,0,0,0,0,0,-1
20260717_ATL_TOR,"Friday, July 17, 2026",regular_season,Toronto Tempo,Atlanta Dream,Temi Fagbenle,C,15,2-3,0-1,0-0,0,1,1,1,0,1,2,6,4,-6
20260717_ATL_TOR,"Friday, July 17, 2026",regular_season,Toronto Tempo,Atlanta Dream,Kia Nurse,G,18,1-2,1-1,3-3,0,0,0,1,1,0,0,1,6,-8
20260717_ATL_TOR,"Friday, July 17, 2026",regular_season,Toronto Tempo,Atlanta Dream,Tima Pouye,G,3,0-0,0-0,0-0,0,0,0,1,0,0,1,0,0,0
20260717_ATL_TOR,"Friday, July 17, 2026",regular_season,Toronto Tempo,Atlanta Dream,Brittney Sykes,G,,,,,,,,,,,,,,
20260717_ATL_TOR,"Friday, July 17, 2026",regular_season,Toronto Tempo,Atlanta Dream,Kiki Rice,G,,,,,,,,,,,,,,
20260717_LA_CHI,"Friday, July 17, 2026",regular_season,Los Angeles Sparks,Chicago Sky,Nneka Ogwumike,F,31,8-15,2-5,0-0,2,10,12,4,1,1,1,1,18,-17
20260717_LA_CHI,"Friday, July 17, 2026",regular_season,Los Angeles Sparks,Chicago Sky,Dearica Hamby,F,26,6-10,0-1,6-8,2,4,6,2,2,1,3,3,18,-1
20260717_LA_CHI,"Friday, July 17, 2026",regular_season,Los Angeles Sparks,Chicago Sky,Erica Wheeler,G,32,5-12,1-7,3-4,0,4,4,4,0,0,2,3,14,-13
20260717_LA_CHI,"Friday, July 17, 2026",regular_season,Los Angeles Sparks,Chicago Sky,Ariel Atkins,G,34,3-11,1-6,2-2,0,4,4,3,0,1,3,2,9,-1
20260717_LA_CHI,"Friday, July 17, 2026",regular_season,Los Angeles Sparks,Chicago Sky,Rae Burrell,G,31,3-7,0-1,3-5,0,1,1,5,1,0,2,0,9,-21
20260717_LA_CHI,"Friday, July 17, 2026",regular_season,Los Angeles Sparks,Chicago Sky,Emma Cannon,F,2,0-0,0-0,0-0,0,0,0,0,0,0,0,1,0,-8
20260717_LA_CHI,"Friday, July 17, 2026",regular_season,Los Angeles Sparks,Chicago Sky,Cameron Brink,F,19,2-6,1-4,4-4,2,4,6,0,0,2,4,5,9,-4
20260717_LA_CHI,"Friday, July 17, 2026",regular_season,Los Angeles Sparks,Chicago Sky,Jihyun Park,F,8,1-1,0-0,0-0,0,1,1,0,0,0,1,1,2,-9
20260717_LA_CHI,"Friday, July 17, 2026",regular_season,Los Angeles Sparks,Chicago Sky,Kate Martin,G,1,0-0,0-0,0-0,0,0,0,0,0,0,0,0,0,+2
20260717_LA_CHI,"Friday, July 17, 2026",regular_season,Los Angeles Sparks,Chicago Sky,Chance Gray,G,15,1-3,1-2,0-0,0,0,0,2,0,0,1,1,3,+2
20260717_LA_CHI,"Friday, July 17, 2026",regular_season,Los Angeles Sparks,Chicago Sky,Kelsey Plum,G,,,,,,,,,,,,,,
20260717_LA_CHI,"Friday, July 17, 2026",regular_season,Los Angeles Sparks,Chicago Sky,Kiana Williams,G,,,,,,,,,,,,,,
20260717_LA_CHI,"Friday, July 17, 2026",regular_season,Chicago Sky,Los Angeles Sparks,Azura Stevens,F,28,5-12,0-3,2-5,0,6,6,5,3,0,1,2,12,+10
20260717_LA_CHI,"Friday, July 17, 2026",regular_season,Chicago Sky,Los Angeles Sparks,Kamilla Cardoso,C,24,6-8,0-0,1-2,3,8,11,3,0,2,2,3,13,+15
20260717_LA_CHI,"Friday, July 17, 2026",regular_season,Chicago Sky,Los Angeles Sparks,Courtney Vandersloot,G,15,3-9,1-4,2-2,0,0,0,1,1,0,1,5,9,-14
20260717_LA_CHI,"Friday, July 17, 2026",regular_season,Chicago Sky,Los Angeles Sparks,Natasha Cloud,G,32,5-10,3-6,2-2,0,6,6,9,0,0,0,2,15,+11
20260717_LA_CHI,"Friday, July 17, 2026",regular_season,Chicago Sky,Los Angeles Sparks,Sydney Taylor,G,26,6-10,4-7,3-4,0,1,1,2,0,0,1,3,19,+20
20260717_LA_CHI,"Friday, July 17, 2026",regular_season,Chicago Sky,Los Angeles Sparks,Chloe Bibby,F,9,0-1,0-1,0-0,0,0,0,0,1,0,2,3,0,-5
20260717_LA_CHI,"Friday, July 17, 2026",regular_season,Chicago Sky,Los Angeles Sparks,Elizabeth Williams,C,16,2-6,0-0,0-0,1,0,1,0,0,1,1,2,4,-1
20260717_LA_CHI,"Friday, July 17, 2026",regular_season,Chicago Sky,Los Angeles Sparks,Rachel Banham,G,5,0-1,0-1,0-0,0,0,0,3,0,0,0,0,0,+9
20260717_LA_CHI,"Friday, July 17, 2026",regular_season,Chicago Sky,Los Angeles Sparks,Jacy Sheldon,G,28,6-12,1-5,1-1,3,0,3,2,0,0,0,2,14,+20
20260717_LA_CHI,"Friday, July 17, 2026",regular_season,Chicago Sky,Los Angeles Sparks,Aicha Coulibaly,G,3,1-2,0-1,0-0,0,2,2,0,0,0,0,0,2,+9
20260717_LA_CHI,"Friday, July 17, 2026",regular_season,Chicago Sky,Los Angeles Sparks,Gabriela Jaquez,G,14,3-9,2-4,0-0,1,3,4,2,0,0,1,0,8,-4
20260717_LA_CHI,"Friday, July 17, 2026",regular_season,Chicago Sky,Los Angeles Sparks,Skylar Diggins,G,,,,,,,,,,,,,,
20260717_LA_CHI,"Friday, July 17, 2026",regular_season,Chicago Sky,Los Angeles Sparks,DiJonai Carrington,G,,,,,,,,,,,,,,
20260718_CON_PHX,"Saturday, July 18, 2026",regular_season,Connecticut Sun,Phoenix Mercury,Diamond Miller,F,22,4-10,2-7,1-1,0,1,1,0,1,1,1,3,11,+16
20260718_CON_PHX,"Saturday, July 18, 2026",regular_season,Connecticut Sun,Phoenix Mercury,Brittney Griner,C,26,5-12,0-0,2-3,2,4,6,4,0,1,2,1,12,+8
20260718_CON_PHX,"Saturday, July 18, 2026",regular_season,Connecticut Sun,Phoenix Mercury,Olivia Nelson-Ododa,C,21,2-3,0-0,2-4,0,6,6,3,0,0,0,1,6,+12
20260718_CON_PHX,"Saturday, July 18, 2026",regular_season,Connecticut Sun,Phoenix Mercury,Charlisse Leger-Walker,G,29,2-8,0-2,0-0,0,4,4,7,1,0,2,3,4,+7
20260718_CON_PHX,"Saturday, July 18, 2026",regular_season,Connecticut Sun,Phoenix Mercury,Leila Lacan,G,28,10-13,1-3,5-5,0,4,4,5,2,1,1,2,26,+15
20260718_CON_PHX,"Saturday, July 18, 2026",regular_season,Connecticut Sun,Phoenix Mercury,Aaliyah Edwards,F,24,5-7,0-0,2-4,2,5,7,1,0,0,3,3,12,+8
20260718_CON_PHX,"Saturday, July 18, 2026",regular_season,Connecticut Sun,Phoenix Mercury,Raegan Beers,F,3,0-0,0-0,4-4,1,0,1,0,0,0,0,2,4,-5
20260718_CON_PHX,"Saturday, July 18, 2026",regular_season,Connecticut Sun,Phoenix Mercury,Nell Angloma,F,3,0-1,0-1,0-0,0,0,0,0,0,0,0,0,0,-2
20260718_CON_PHX,"Saturday, July 18, 2026",regular_season,Connecticut Sun,Phoenix Mercury,Kennedy Burke,G,27,5-9,3-6,0-0,2,2,4,2,1,1,2,3,13,+7
20260718_CON_PHX,"Saturday, July 18, 2026",regular_season,Connecticut Sun,Phoenix Mercury,Saniya Rivers,G,14,3-6,0-1,0-0,0,0,0,2,2,1,0,2,6,+4
20260718_CON_PHX,"Saturday, July 18, 2026",regular_season,Connecticut Sun,Phoenix Mercury,Gianna Kneepkens,G,3,0-0,0-0,2-2,0,1,1,0,0,0,0,1,2,-5
20260718_CON_PHX,"Saturday, July 18, 2026",regular_season,Connecticut Sun,Phoenix Mercury,Aneesah Morrow,F,,,,,,,,,,,,,,
20260718_CON_PHX,"Saturday, July 18, 2026",regular_season,Phoenix Mercury,Connecticut Sun,DeWanna Bonner,F,30,4-11,0-3,0-0,0,10,10,1,1,1,2,1,8,-9
20260718_CON_PHX,"Saturday, July 18, 2026",regular_season,Phoenix Mercury,Connecticut Sun,Alyssa Thomas,F,36,7-12,0-0,3-4,1,7,8,6,0,1,3,5,17,-10
20260718_CON_PHX,"Saturday, July 18, 2026",regular_season,Phoenix Mercury,Connecticut Sun,Noemie Brochant,F,23,2-4,2-2,0-0,0,0,0,1,1,0,0,1,6,-2
20260718_CON_PHX,"Saturday, July 18, 2026",regular_season,Phoenix Mercury,Connecticut Sun,Kahleah Copper,G,35,8-16,0-4,5-7,1,2,3,1,1,0,2,1,21,-10
20260718_CON_PHX,"Saturday, July 18, 2026",regular_season,Phoenix Mercury,Connecticut Sun,Monique Akoa Makani,G,19,0-6,0-2,0-0,1,1,2,4,0,0,2,2,0,-5
20260718_CON_PHX,"Saturday, July 18, 2026",regular_season,Phoenix Mercury,Connecticut Sun,Valeriane Ayayi,F,18,2-3,1-1,8-8,0,1,1,1,0,0,2,3,13,-11
20260718_CON_PHX,"Saturday, July 18, 2026",regular_season,Phoenix Mercury,Connecticut Sun,Marta Suarez,F,7,1-2,0-0,3-4,1,1,2,0,2,0,0,2,5,-2
20260718_CON_PHX,"Saturday, July 18, 2026",regular_season,Phoenix Mercury,Connecticut Sun,Sami Whitcomb,G,13,2-2,0-0,0-0,0,1,1,0,0,0,1,2,4,-12
20260718_CON_PHX,"Saturday, July 18, 2026",regular_season,Phoenix Mercury,Connecticut Sun,Lexi Held,G,19,4-9,1-3,0-0,0,0,0,4,0,0,1,1,9,-4
20260718_CON_PHX,"Saturday, July 18, 2026",regular_season,Phoenix Mercury,Connecticut Sun,Natasha Mack,F,,,,,,,,,,,,,,
20260718_CON_PHX,"Saturday, July 18, 2026",regular_season,Phoenix Mercury,Connecticut Sun,Kyara Linskens,C,,,,,,,,,,,,,,
20260719_NY_IND,"Sunday, July 19, 2026",regular_season,New York Liberty,Indiana Fever,Breanna Stewart,F,32,10-16,2-4,4-9,2,6,8,3,1,3,4,4,26,-17
20260719_NY_IND,"Sunday, July 19, 2026",regular_season,New York Liberty,Indiana Fever,Jonquel Jones,C,27,4-9,2-4,3-3,1,5,6,2,2,1,5,3,13,-4
20260719_NY_IND,"Sunday, July 19, 2026",regular_season,New York Liberty,Indiana Fever,Marine Johannes,G,18,4-12,4-11,0-0,0,2,2,1,1,0,3,4,12,+1
20260719_NY_IND,"Sunday, July 19, 2026",regular_season,New York Liberty,Indiana Fever,Sabrina Ionescu,G,34,4-9,2-4,2-4,0,1,1,4,1,0,1,2,12,-14
20260719_NY_IND,"Sunday, July 19, 2026",regular_season,New York Liberty,Indiana Fever,Pauline Astier,G,23,3-6,0-1,3-3,1,1,2,5,3,0,0,4,9,-7
20260719_NY_IND,"Sunday, July 19, 2026",regular_season,New York Liberty,Indiana Fever,Anneli Maley,F,14,1-5,1-3,2-2,2,1,3,0,0,0,0,2,5,-12
20260719_NY_IND,"Sunday, July 19, 2026",regular_season,New York Liberty,Indiana Fever,Raquel Carrera,F,8,1-1,1-1,1-2,0,0,0,0,0,0,0,1,4,+1
20260719_NY_IND,"Sunday, July 19, 2026",regular_season,New York Liberty,Indiana Fever,Han Xu,C,13,1-4,1-2,0-0,0,4,4,0,0,1,1,0,3,-20
20260719_NY_IND,"Sunday, July 19, 2026",regular_season,New York Liberty,Indiana Fever,Rebecca Allen,G,18,0-1,0-1,0-0,1,0,1,0,0,1,0,4,0,-20
20260719_NY_IND,"Sunday, July 19, 2026",regular_season,New York Liberty,Indiana Fever,Marine Fauthoux,G,15,2-4,0-1,0-2,0,0,0,4,0,0,1,0,4,-8
20260719_NY_IND,"Sunday, July 19, 2026",regular_season,New York Liberty,Indiana Fever,Satou Sabally,F,,,,,,,,,,,,,,
20260719_NY_IND,"Sunday, July 19, 2026",regular_season,New York Liberty,Indiana Fever,Leonie Fiebich,F,,,,,,,,,,,,,,
20260719_NY_IND,"Sunday, July 19, 2026",regular_season,New York Liberty,Indiana Fever,Rebekah Gardner,G,,,,,,,,,,,,,,
20260719_NY_IND,"Sunday, July 19, 2026",regular_season,New York Liberty,Indiana Fever,Betnijah Laney-Hamilton,G,,,,,,,,,,,,,,
20260719_NY_IND,"Sunday, July 19, 2026",regular_season,Indiana Fever,New York Liberty,Monique Billings,F,18,2-5,0-0,0-0,2,4,6,2,0,1,0,3,4,-1
20260719_NY_IND,"Sunday, July 19, 2026",regular_season,Indiana Fever,New York Liberty,Aliyah Boston,C,24,6-11,1-2,2-3,2,5,7,4,2,1,5,4,15,+3
20260719_NY_IND,"Sunday, July 19, 2026",regular_season,Indiana Fever,New York Liberty,Kelsey Mitchell,G,30,10-14,4-6,9-13,0,0,0,1,1,0,3,3,33,+18
20260719_NY_IND,"Sunday, July 19, 2026",regular_season,Indiana Fever,New York Liberty,Lexie Hull,G,19,3-5,2-4,0-0,1,1,2,2,2,0,1,5,8,+2
20260719_NY_IND,"Sunday, July 19, 2026",regular_season,Indiana Fever,New York Liberty,Caitlin Clark,G,26,5-14,2-8,5-5,0,2,2,7,0,0,7,2,17,+6
20260719_NY_IND,"Sunday, July 19, 2026",regular_season,Indiana Fever,New York Liberty,Myisha Hines-Allen,F,14,2-3,1-1,0-2,0,3,3,1,2,0,0,0,5,+22
20260719_NY_IND,"Sunday, July 19, 2026",regular_season,Indiana Fever,New York Liberty,Makayla Timpson,F,24,1-2,0-0,0-0,1,4,5,0,0,1,0,3,2,+16
20260719_NY_IND,"Sunday, July 19, 2026",regular_season,Indiana Fever,New York Liberty,Sophie Cunningham,G,22,3-6,3-4,2-2,2,2,4,1,0,2,0,2,11,+18
20260719_NY_IND,"Sunday, July 19, 2026",regular_season,Indiana Fever,New York Liberty,Tyasha Harris,G,21,4-8,1-3,2-2,0,2,2,4,0,0,0,1,11,+15
20260719_NY_IND,"Sunday, July 19, 2026",regular_season,Indiana Fever,New York Liberty,Raven Johnson,G,4,1-1,0-0,0-0,0,1,1,0,0,0,0,1,2,+1
20260719_NY_IND,"Sunday, July 19, 2026",regular_season,Indiana Fever,New York Liberty,Grace VanSlooten,F,,,,,,,,,,,,,,
20260719_NY_IND,"Sunday, July 19, 2026",regular_season,Indiana Fever,New York Liberty,Damiris Dantas,C,,,,,,,,,,,,,,
20260719_POR_MIN,"Sunday, July 19, 2026",regular_season,Portland Fire,Minnesota Lynx,Bridget Carleton,F,32,8-16,6-9,0-0,0,8,8,4,3,0,0,0,22,-1
20260719_POR_MIN,"Sunday, July 19, 2026",regular_season,Portland Fire,Minnesota Lynx,Emily Engstler,F,29,3-8,2-3,4-4,3,3,6,3,1,1,2,3,12,-6
20260719_POR_MIN,"Sunday, July 19, 2026",regular_season,Portland Fire,Minnesota Lynx,Serah Williams,C,23,4-8,0-0,0-0,0,2,2,1,0,1,1,2,8,+5
20260719_POR_MIN,"Sunday, July 19, 2026",regular_season,Portland Fire,Minnesota Lynx,Sarah Ashlee Barker,G,30,9-14,3-6,0-0,1,3,4,4,0,0,1,5,21,-1
20260719_POR_MIN,"Sunday, July 19, 2026",regular_season,Portland Fire,Minnesota Lynx,Carla Leite,G,31,9-17,1-5,2-3,1,3,4,7,2,0,3,2,21,+2
20260719_POR_MIN,"Sunday, July 19, 2026",regular_season,Portland Fire,Minnesota Lynx,Frieda Buhner,F,17,1-3,0-2,0-0,1,1,2,1,1,0,1,0,2,-8
20260719_POR_MIN,"Sunday, July 19, 2026",regular_season,Portland Fire,Minnesota Lynx,Nyadiew Puoch,F,8,0-0,0-0,0-0,2,1,3,1,0,0,0,2,0,-7
20260719_POR_MIN,"Sunday, July 19, 2026",regular_season,Portland Fire,Minnesota Lynx,Luisa Geiselsoder,C,11,0-1,0-1,0-0,0,1,1,1,0,0,1,0,0,-7
20260719_POR_MIN,"Sunday, July 19, 2026",regular_season,Portland Fire,Minnesota Lynx,Jordan Harrison,G,9,2-4,1-1,0-0,1,2,3,2,0,0,0,0,5,-10
20260719_POR_MIN,"Sunday, July 19, 2026",regular_season,Portland Fire,Minnesota Lynx,Teja Oblak,G,10,1-6,0-3,0-0,0,0,0,1,0,0,1,2,2,-7
20260719_POR_MIN,"Sunday, July 19, 2026",regular_season,Portland Fire,Minnesota Lynx,Megan DiLeo,C,,,,,,,,,,,,,,
20260719_POR_MIN,"Sunday, July 19, 2026",regular_season,Portland Fire,Minnesota Lynx,Karlie Samuelson,G,,,,,,,,,,,,,,
20260719_POR_MIN,"Sunday, July 19, 2026",regular_season,Portland Fire,Minnesota Lynx,Holly Winterburn,G,,,,,,,,,,,,,,
20260719_POR_MIN,"Sunday, July 19, 2026",regular_season,Minnesota Lynx,Portland Fire,Natasha Howard,F,25,7-8,0-0,2-2,1,6,7,3,1,3,0,0,16,+10
20260719_POR_MIN,"Sunday, July 19, 2026",regular_season,Minnesota Lynx,Portland Fire,Nia Coffey,F,20,4-8,1-4,0-1,1,2,3,1,0,0,0,2,9,+5
20260719_POR_MIN,"Sunday, July 19, 2026",regular_season,Minnesota Lynx,Portland Fire,Kayla McBride,G,32,9-14,4-8,2-3,0,3,3,0,0,0,2,2,24,+8
20260719_POR_MIN,"Sunday, July 19, 2026",regular_season,Minnesota Lynx,Portland Fire,Courtney Williams,G,32,6-12,1-3,2-2,0,2,2,7,2,0,2,0,15,+12
20260719_POR_MIN,"Sunday, July 19, 2026",regular_season,Minnesota Lynx,Portland Fire,Olivia Miles,G,34,5-14,2-3,2-3,0,4,4,10,0,4,2,4,14,+2
20260719_POR_MIN,"Sunday, July 19, 2026",regular_season,Minnesota Lynx,Portland Fire,Dorka Juhasz,F,21,6-10,0-3,0-0,1,4,5,5,0,1,0,0,12,-6
20260719_POR_MIN,"Sunday, July 19, 2026",regular_season,Minnesota Lynx,Portland Fire,Antonia Delaere,F,10,1-2,1-1,2-2,1,2,3,1,0,0,0,0,5,+4
20260719_POR_MIN,"Sunday, July 19, 2026",regular_season,Minnesota Lynx,Portland Fire,Anastasiia Olairi Kosu,F,14,2-5,0-0,0-0,4,1,5,0,2,0,2,0,4,+7
20260719_POR_MIN,"Sunday, July 19, 2026",regular_season,Minnesota Lynx,Portland Fire,Maya Caldwell,G,8,1-2,0-1,0-0,0,1,1,2,1,0,1,1,2,-2
20260719_POR_MIN,"Sunday, July 19, 2026",regular_season,Minnesota Lynx,Portland Fire,Eliska Hamzova,G,3,0-0,0-0,0-0,0,1,1,0,0,1,1,0,0,0
20260719_POR_MIN,"Sunday, July 19, 2026",regular_season,Minnesota Lynx,Portland Fire,Napheesa Collier,F,,,,,,,,,,,,,,
20260719_POR_MIN,"Sunday, July 19, 2026",regular_season,Minnesota Lynx,Portland Fire,Emma Cechova,F,,,,,,,,,,,,,,
20260719_WSH_GS,"Sunday, July 19, 2026",regular_season,Washington Mystics,Golden State Valkyries,Michaela Onyenwere,F,34,3-7,3-6,0-0,2,1,3,5,0,0,0,4,9,-1
20260719_WSH_GS,"Sunday, July 19, 2026",regular_season,Washington Mystics,Golden State Valkyries,Kiki Iriafen,F,24,3-8,0-1,0-0,0,2,2,0,0,2,1,2,6,-1
20260719_WSH_GS,"Sunday, July 19, 2026",regular_season,Washington Mystics,Golden State Valkyries,Shakira Austin,C,31,5-11,0-1,8-9,2,14,16,1,0,1,3,0,18,0
20260719_WSH_GS,"Sunday, July 19, 2026",regular_season,Washington Mystics,Golden State Valkyries,Sonia Citron,G,30,5-6,1-1,1-2,0,1,1,4,2,1,3,4,12,-10
20260719_WSH_GS,"Sunday, July 19, 2026",regular_season,Washington Mystics,Golden State Valkyries,Georgia Amoore,G,25,3-11,2-9,0-0,3,0,3,4,1,0,3,3,8,+3
20260719_WSH_GS,"Sunday, July 19, 2026",regular_season,Washington Mystics,Golden State Valkyries,Angela Dugalic,F,3,0-1,0-0,0-0,0,1,1,0,0,0,1,0,0,-3
20260719_WSH_GS,"Sunday, July 19, 2026",regular_season,Washington Mystics,Golden State Valkyries,Lauren Betts,C,21,3-5,0-0,0-0,2,2,4,1,0,1,0,1,6,-6
20260719_WSH_GS,"Sunday, July 19, 2026",regular_season,Washington Mystics,Golden State Valkyries,Cotie McMahon,G,18,3-6,0-2,0-0,1,4,5,3,1,0,0,2,6,+6
20260719_WSH_GS,"Sunday, July 19, 2026",regular_season,Washington Mystics,Golden State Valkyries,Darianna Littlepage-Buggs,G,0,0-0,0-0,0-0,0,0,0,0,0,0,0,0,0,0
20260719_WSH_GS,"Sunday, July 19, 2026",regular_season,Washington Mystics,Golden State Valkyries,Cassandre Prosper,G,7,0-2,0-2,0-0,1,1,2,0,0,0,0,1,0,-4
20260719_WSH_GS,"Sunday, July 19, 2026",regular_season,Washington Mystics,Golden State Valkyries,Alicia Florez,G,7,2-3,0-1,0-0,0,0,0,0,1,0,1,0,4,-9
20260719_WSH_GS,"Sunday, July 19, 2026",regular_season,Washington Mystics,Golden State Valkyries,Rori Harmon,G,,,,,,,,,,,,,,
20260719_WSH_GS,"Sunday, July 19, 2026",regular_season,Washington Mystics,Golden State Valkyries,Lucy Olsen,G,,,,,,,,,,,,,,
20260719_WSH_GS,"Sunday, July 19, 2026",regular_season,Golden State Valkyries,Washington Mystics,Kayla Thornton,F,27,3-6,3-6,2-2,0,4,4,1,1,0,0,2,11,+11
20260719_WSH_GS,"Sunday, July 19, 2026",regular_season,Golden State Valkyries,Washington Mystics,Gabby Williams,F,28,7-15,2-7,2-2,1,2,3,5,3,0,1,2,18,+10
20260719_WSH_GS,"Sunday, July 19, 2026",regular_season,Golden State Valkyries,Washington Mystics,Cecilia Zandalasini,F,26,3-8,0-3,0-1,0,1,1,1,1,0,2,3,6,+9
20260719_WSH_GS,"Sunday, July 19, 2026",regular_season,Golden State Valkyries,Washington Mystics,Kiah Stokes,C,22,1-5,1-3,0-0,2,2,4,0,0,1,0,4,3,0
20260719_WSH_GS,"Sunday, July 19, 2026",regular_season,Golden State Valkyries,Washington Mystics,Veronica Burton,G,33,4-8,2-5,1-2,1,4,5,11,2,0,1,1,11,+16
20260719_WSH_GS,"Sunday, July 19, 2026",regular_season,Golden State Valkyries,Washington Mystics,Laeticia Amihere,F,13,0-4,0-1,1-2,3,2,5,1,1,1,0,0,1,-5
20260719_WSH_GS,"Sunday, July 19, 2026",regular_season,Golden State Valkyries,Washington Mystics,Janelle Salaun,F,18,3-6,2-4,1-2,1,2,3,0,0,0,0,3,9,+4
20260719_WSH_GS,"Sunday, July 19, 2026",regular_season,Golden State Valkyries,Washington Mystics,Tiffany Hayes,G,12,2-3,1-2,2-3,0,1,1,1,0,0,1,1,7,-3
20260719_WSH_GS,"Sunday, July 19, 2026",regular_season,Golden State Valkyries,Washington Mystics,Kaila Charles,G,15,1-2,1-1,3-4,0,0,0,0,0,0,1,0,6,-6
20260719_WSH_GS,"Sunday, July 19, 2026",regular_season,Golden State Valkyries,Washington Mystics,Kaitlyn Chen,G,7,0-2,0-1,2-2,0,0,0,1,0,0,2,0,2,-11
20260719_WSH_GS,"Sunday, July 19, 2026",regular_season,Golden State Valkyries,Washington Mystics,Nadia Fingall,C,,,,,,,,,,,,,,
20260719_LA_DAL,"Sunday, July 19, 2026",regular_season,Los Angeles Sparks,Dallas Wings,Nneka Ogwumike,F,33,7-12,0-3,3-4,1,9,10,3,1,2,4,4,17,+3
20260719_LA_DAL,"Sunday, July 19, 2026",regular_season,Los Angeles Sparks,Dallas Wings,Dearica Hamby,F,25,8-12,0-1,0-0,0,5,5,3,1,0,3,6,16,-6
20260719_LA_DAL,"Sunday, July 19, 2026",regular_season,Los Angeles Sparks,Dallas Wings,Erica Wheeler,G,35,4-14,0-5,1-1,0,3,3,10,2,0,1,3,9,+6
20260719_LA_DAL,"Sunday, July 19, 2026",regular_season,Los Angeles Sparks,Dallas Wings,Ariel Atkins,G,32,3-8,1-4,2-2,1,1,2,3,2,0,1,1,9,0
20260719_LA_DAL,"Sunday, July 19, 2026",regular_season,Los Angeles Sparks,Dallas Wings,Rae Burrell,G,28,4-6,1-1,0-0,1,1,2,3,1,1,3,1,9,-6
20260719_LA_DAL,"Sunday, July 19, 2026",regular_season,Los Angeles Sparks,Dallas Wings,Emma Cannon,F,1,0-0,0-0,2-2,0,0,0,0,0,0,0,1,2,+1
20260719_LA_DAL,"Sunday, July 19, 2026",regular_season,Los Angeles Sparks,Dallas Wings,Cameron Brink,F,21,3-9,2-3,2-2,2,4,6,1,1,3,0,5,10,-14
20260719_LA_DAL,"Sunday, July 19, 2026",regular_season,Los Angeles Sparks,Dallas Wings,Jihyun Park,F,15,2-5,0-2,0-0,0,1,1,0,1,0,0,1,4,-8
20260719_LA_DAL,"Sunday, July 19, 2026",regular_season,Los Angeles Sparks,Dallas Wings,Chance Gray,G,10,2-2,2-2,0-0,0,1,1,0,0,0,1,1,6,-16
20260719_LA_DAL,"Sunday, July 19, 2026",regular_season,Los Angeles Sparks,Dallas Wings,Kate Martin,G,,,,,,,,,,,,,,
20260719_LA_DAL,"Sunday, July 19, 2026",regular_season,Dallas Wings,Los Angeles Sparks,Jessica Shepard,F,38,4-9,0-0,3-4,2,12,14,6,1,0,4,1,11,+10
20260719_LA_DAL,"Sunday, July 19, 2026",regular_season,Dallas Wings,Los Angeles Sparks,Awak Kuier,F,9,2-3,0-1,0-0,0,1,1,0,0,0,1,4,4,-2
20260719_LA_DAL,"Sunday, July 19, 2026",regular_season,Dallas Wings,Los Angeles Sparks,Arike Ogunbowale,G,31,7-13,1-4,5-6,1,1,2,1,2,0,2,3,20,-4
20260719_LA_DAL,"Sunday, July 19, 2026",regular_season,Dallas Wings,Los Angeles Sparks,Paige Bueckers,G,32,10-18,2-4,3-3,3,1,4,5,0,0,4,2,25,+11
20260719_LA_DAL,"Sunday, July 19, 2026",regular_season,Dallas Wings,Los Angeles Sparks,Azzi Fudd,G,33,4-10,3-5,0-0,3,1,4,2,3,0,0,3,11,+6
20260719_LA_DAL,"Sunday, July 19, 2026",regular_season,Dallas Wings,Los Angeles Sparks,Alysha Clark,F,7,0-1,0-0,0-0,0,2,2,1,0,0,2,3,0,+3
20260719_LA_DAL,"Sunday, July 19, 2026",regular_season,Dallas Wings,Los Angeles Sparks,Maddy Siegrist,F,12,1-2,1-2,0-0,0,2,2,0,1,0,0,1,3,-2
20260719_LA_DAL,"Sunday, July 19, 2026",regular_season,Dallas Wings,Los Angeles Sparks,Li Yueru,C,13,1-1,0-0,2-3,1,3,4,0,0,2,1,2,4,+7
20260719_LA_DAL,"Sunday, July 19, 2026",regular_season,Dallas Wings,Los Angeles Sparks,Odyssey Sims,G,17,3-8,0-2,1-1,0,0,0,6,1,0,1,1,7,+9
20260719_LA_DAL,"Sunday, July 19, 2026",regular_season,Dallas Wings,Los Angeles Sparks,Aziaha James,G,7,2-4,0-1,1-2,0,1,1,0,0,0,1,1,5,+2
20260719_LA_DAL,"Sunday, July 19, 2026",regular_season,Dallas Wings,Los Angeles Sparks,Sug Sutton,G,,,,,,,,,,,,,,
20260719_CHI_ATL,"Sunday, July 19, 2026",regular_season,Chicago Sky,Atlanta Dream,Azura Stevens,F,30,8-12,2-4,2-3,1,8,9,1,1,0,3,2,20,+7
20260719_CHI_ATL,"Sunday, July 19, 2026",regular_season,Chicago Sky,Atlanta Dream,Kamilla Cardoso,C,24,6-9,0-0,3-5,1,3,4,2,2,1,1,3,15,+8
20260719_CHI_ATL,"Sunday, July 19, 2026",regular_season,Chicago Sky,Atlanta Dream,Courtney Vandersloot,G,21,4-7,0-1,3-3,0,1,1,6,2,1,1,3,11,+2
20260719_CHI_ATL,"Sunday, July 19, 2026",regular_season,Chicago Sky,Atlanta Dream,Natasha Cloud,G,32,3-7,1-4,0-0,0,2,2,4,1,0,2,4,7,-5
20260719_CHI_ATL,"Sunday, July 19, 2026",regular_season,Chicago Sky,Atlanta Dream,Sydney Taylor,G,28,7-16,3-7,1-2,1,2,3,2,1,0,0,5,18,+7
20260719_CHI_ATL,"Sunday, July 19, 2026",regular_season,Chicago Sky,Atlanta Dream,Chloe Bibby,F,5,0-1,0-1,0-0,0,0,0,0,0,0,0,0,0,-10
20260719_CHI_ATL,"Sunday, July 19, 2026",regular_season,Chicago Sky,Atlanta Dream,Elizabeth Williams,C,16,4-5,0-0,4-5,0,2,2,0,0,1,2,1,12,-10
20260719_CHI_ATL,"Sunday, July 19, 2026",regular_season,Chicago Sky,Atlanta Dream,Rachel Banham,G,5,1-2,0-1,0-1,0,0,0,1,0,0,0,0,2,+1
20260719_CHI_ATL,"Sunday, July 19, 2026",regular_season,Chicago Sky,Atlanta Dream,Jacy Sheldon,G,19,1-4,0-2,0-0,1,1,2,2,0,0,1,1,2,+1
20260719_CHI_ATL,"Sunday, July 19, 2026",regular_season,Chicago Sky,Atlanta Dream,Aicha Coulibaly,G,5,0-1,0-0,2-2,0,1,1,0,1,1,0,1,2,+1
20260719_CHI_ATL,"Sunday, July 19, 2026",regular_season,Chicago Sky,Atlanta Dream,Gabriela Jaquez,G,15,1-3,0-1,0-0,0,3,3,0,1,0,1,0,2,-12
20260719_CHI_ATL,"Sunday, July 19, 2026",regular_season,Atlanta Dream,Chicago Sky,Naz Hillmon,F,34,2-6,1-5,0-0,0,2,2,1,0,0,2,3,5,+4
20260719_CHI_ATL,"Sunday, July 19, 2026",regular_season,Atlanta Dream,Chicago Sky,Angel Reese,F,20,3-13,0-1,2-2,4,1,5,1,1,1,3,3,8,-7
20260719_CHI_ATL,"Sunday, July 19, 2026",regular_season,Atlanta Dream,Chicago Sky,Allisha Gray,G,35,7-11,4-6,11-13,1,5,6,3,0,0,1,3,29,-1
20260719_CHI_ATL,"Sunday, July 19, 2026",regular_season,Atlanta Dream,Chicago Sky,Jordin Canada,G,34,4-9,0-3,2-4,2,1,3,9,3,0,3,1,10,+1
20260719_CHI_ATL,"Sunday, July 19, 2026",regular_season,Atlanta Dream,Chicago Sky,Rhyne Howard,G,35,4-11,3-8,0-0,1,5,6,6,0,3,0,2,11,+3
20260719_CHI_ATL,"Sunday, July 19, 2026",regular_season,Atlanta Dream,Chicago Sky,Brionna Jones,F,15,1-6,0-1,4-4,4,6,10,1,0,0,0,2,6,0
20260719_CHI_ATL,"Sunday, July 19, 2026",regular_season,Atlanta Dream,Chicago Sky,Madina Okot,C,11,6-8,0-0,2-2,0,4,4,0,0,1,1,2,14,+7
20260719_CHI_ATL,"Sunday, July 19, 2026",regular_season,Atlanta Dream,Chicago Sky,Jaylyn Sherrod,G,5,1-3,0-1,0-0,0,1,1,2,1,0,1,2,2,+5
20260719_CHI_ATL,"Sunday, July 19, 2026",regular_season,Atlanta Dream,Chicago Sky,Isobel Borlase,G,12,3-7,0-3,2-2,1,1,2,1,0,0,0,1,8,-2
20260719_CHI_ATL,"Sunday, July 19, 2026",regular_season,Atlanta Dream,Chicago Sky,Sika Kone,F,,,,,,,,,,,,,,
20260719_CHI_ATL,"Sunday, July 19, 2026",regular_season,Atlanta Dream,Chicago Sky,Shatori Walker-Kimbrough,G,,,,,,,,,,,,,,
20260719_CHI_ATL,"Sunday, July 19, 2026",regular_season,Atlanta Dream,Chicago Sky,Aaliyah Nye,G,,,,,,,,,,,,,,
20260719_CON_PHX,"Sunday, July 19, 2026",regular_season,Connecticut Sun,Phoenix Mercury,Diamond Miller,F,31,2-9,0-3,2-2,0,7,7,0,1,0,4,5,6,-5
20260719_CON_PHX,"Sunday, July 19, 2026",regular_season,Connecticut Sun,Phoenix Mercury,Brittney Griner,C,31,7-12,0-0,5-7,2,3,5,0,0,2,1,3,19,-14
20260719_CON_PHX,"Sunday, July 19, 2026",regular_season,Connecticut Sun,Phoenix Mercury,Olivia Nelson-Ododa,C,26,5-9,0-0,2-4,2,10,12,3,1,0,0,3,12,+6
20260719_CON_PHX,"Sunday, July 19, 2026",regular_season,Connecticut Sun,Phoenix Mercury,Charlisse Leger-Walker,G,29,2-8,0-3,1-1,0,3,3,5,2,0,4,1,5,-9
20260719_CON_PHX,"Sunday, July 19, 2026",regular_season,Connecticut Sun,Phoenix Mercury,Leila Lacan,G,37,2-9,1-1,2-2,0,1,1,4,0,1,9,4,7,-10
20260719_CON_PHX,"Sunday, July 19, 2026",regular_season,Connecticut Sun,Phoenix Mercury,Aaliyah Edwards,F,5,0-1,0-1,0-0,0,0,0,0,0,1,0,0,0,0
20260719_CON_PHX,"Sunday, July 19, 2026",regular_season,Connecticut Sun,Phoenix Mercury,Raegan Beers,F,4,0-1,0-0,0-0,2,0,2,0,1,0,1,1,0,0
20260719_CON_PHX,"Sunday, July 19, 2026",regular_season,Connecticut Sun,Phoenix Mercury,Nell Angloma,F,12,2-4,1-3,3-3,2,1,3,0,0,0,2,3,8,-9
20260719_CON_PHX,"Sunday, July 19, 2026",regular_season,Connecticut Sun,Phoenix Mercury,Kennedy Burke,G,20,2-4,2-3,0-0,0,1,1,0,1,0,0,2,6,-1
20260719_CON_PHX,"Sunday, July 19, 2026",regular_season,Connecticut Sun,Phoenix Mercury,Hailey Van Lith,G,3,0-1,0-0,0-0,0,0,0,1,0,0,0,0,0,0
20260719_CON_PHX,"Sunday, July 19, 2026",regular_season,Connecticut Sun,Phoenix Mercury,Gianna Kneepkens,G,2,0-0,0-0,0-0,1,0,1,0,0,0,0,3,0,-3
20260719_CON_PHX,"Sunday, July 19, 2026",regular_season,Connecticut Sun,Phoenix Mercury,Aneesah Morrow,F,,,,,,,,,,,,,,
20260719_CON_PHX,"Sunday, July 19, 2026",regular_season,Connecticut Sun,Phoenix Mercury,Saniya Rivers,G,,,,,,,,,,,,,,
20260719_CON_PHX,"Sunday, July 19, 2026",regular_season,Phoenix Mercury,Connecticut Sun,DeWanna Bonner,F,29,7-13,1-3,6-8,2,4,6,0,1,0,0,4,21,+8
20260719_CON_PHX,"Sunday, July 19, 2026",regular_season,Phoenix Mercury,Connecticut Sun,Alyssa Thomas,F,34,2-9,0-0,3-6,3,3,6,11,1,1,1,4,7,+10
20260719_CON_PHX,"Sunday, July 19, 2026",regular_season,Phoenix Mercury,Connecticut Sun,Noemie Brochant,F,23,2-3,0-0,0-0,1,2,3,2,3,0,2,0,4,+3
20260719_CON_PHX,"Sunday, July 19, 2026",regular_season,Phoenix Mercury,Connecticut Sun,Kahleah Copper,G,35,5-14,0-2,8-8,1,3,4,4,1,1,5,1,18,+10
20260719_CON_PHX,"Sunday, July 19, 2026",regular_season,Phoenix Mercury,Connecticut Sun,Monique Akoa Makani,G,32,5-11,1-4,0-0,0,6,6,1,2,0,1,2,11,+17
20260719_CON_PHX,"Sunday, July 19, 2026",regular_season,Phoenix Mercury,Connecticut Sun,Valeriane Ayayi,F,14,2-7,0-4,1-1,0,1,1,1,2,0,4,0,5,-5
20260719_CON_PHX,"Sunday, July 19, 2026",regular_season,Phoenix Mercury,Connecticut Sun,Natasha Mack,F,20,2-4,0-1,0-0,1,4,5,0,1,1,1,4,4,+11
20260719_CON_PHX,"Sunday, July 19, 2026",regular_season,Phoenix Mercury,Connecticut Sun,Jovana Nogic,G,--,0-0,0-0,0-0,0,0,0,0,0,0,0,0,0,0
20260719_CON_PHX,"Sunday, July 19, 2026",regular_season,Phoenix Mercury,Connecticut Sun,Lexi Held,G,13,1-2,0-1,0-0,0,1,1,0,0,0,0,2,2,-9
20260719_CON_PHX,"Sunday, July 19, 2026",regular_season,Phoenix Mercury,Connecticut Sun,Marta Suarez,F,,,,,,,,,,,,,,
20260719_CON_PHX,"Sunday, July 19, 2026",regular_season,Phoenix Mercury,Connecticut Sun,Kyara Linskens,C,,,,,,,,,,,,,,
20260719_CON_PHX,"Sunday, July 19, 2026",regular_season,Phoenix Mercury,Connecticut Sun,Sami Whitcomb,G,,,,,,,,,,,,,,
20260721_LV_TOR,"Tuesday, July 21, 2026",regular_season,Las Vegas Aces,Toronto Tempo,Stephanie Talbot,F,15,2-8,0-6,0-0,0,1,1,0,0,1,0,0,4,0
20260721_LV_TOR,"Tuesday, July 21, 2026",regular_season,Las Vegas Aces,Toronto Tempo,NaLyssa Smith,F,19,9-10,0-0,0-0,1,4,5,2,0,0,1,3,18,+16
20260721_LV_TOR,"Tuesday, July 21, 2026",regular_season,Las Vegas Aces,Toronto Tempo,A'ja Wilson,C,28,11-14,3-3,1-1,1,5,6,4,1,4,0,0,26,+24
20260721_LV_TOR,"Tuesday, July 21, 2026",regular_season,Las Vegas Aces,Toronto Tempo,Chelsea Gray,G,31,4-7,3-5,3-4,0,4,4,7,3,0,2,2,14,+24
20260721_LV_TOR,"Tuesday, July 21, 2026",regular_season,Las Vegas Aces,Toronto Tempo,Jackie Young,G,33,10-17,4-10,0-0,0,4,4,12,1,0,2,1,24,+23
20260721_LV_TOR,"Tuesday, July 21, 2026",regular_season,Las Vegas Aces,Toronto Tempo,Cheyenne Parker-Tyus,F,11,2-2,0-0,0-0,1,5,6,0,0,1,0,2,4,+3
20260721_LV_TOR,"Tuesday, July 21, 2026",regular_season,Las Vegas Aces,Toronto Tempo,Brianna Turner,F,13,1-2,0-0,0-0,0,2,2,0,0,0,0,2,2,+11
20260721_LV_TOR,"Tuesday, July 21, 2026",regular_season,Las Vegas Aces,Toronto Tempo,Jewell Loyd,G,23,4-8,2-6,1-1,1,0,1,1,1,0,1,2,11,+27
20260721_LV_TOR,"Tuesday, July 21, 2026",regular_season,Las Vegas Aces,Toronto Tempo,Dana Evans,G,18,2-7,2-5,0-0,0,2,2,2,0,0,1,0,6,+4
20260721_LV_TOR,"Tuesday, July 21, 2026",regular_season,Las Vegas Aces,Toronto Tempo,Justine Pissott,G,10,0-3,0-3,0-0,0,0,0,1,0,1,0,0,0,-2
20260721_LV_TOR,"Tuesday, July 21, 2026",regular_season,Las Vegas Aces,Toronto Tempo,Kierstan Bell,F,,,,,,,,,,,,,,
20260721_LV_TOR,"Tuesday, July 21, 2026",regular_season,Las Vegas Aces,Toronto Tempo,Mai Yamamoto,G,,,,,,,,,,,,,,
20260721_LV_TOR,"Tuesday, July 21, 2026",regular_season,Toronto Tempo,Las Vegas Aces,Isabelle Harrison,F,22,8-11,1-2,9-10,4,7,11,2,0,0,1,0,26,-10
20260721_LV_TOR,"Tuesday, July 21, 2026",regular_season,Toronto Tempo,Las Vegas Aces,Maria Conde,F,28,6-12,3-8,0-0,2,6,8,4,0,0,0,2,15,-7
20260721_LV_TOR,"Tuesday, July 21, 2026",regular_season,Toronto Tempo,Las Vegas Aces,Laura Juskaite,F,29,2-9,1-5,1-2,1,2,3,1,2,0,1,2,6,-24
20260721_LV_TOR,"Tuesday, July 21, 2026",regular_season,Toronto Tempo,Las Vegas Aces,Marina Mabrey,G,31,5-21,1-8,3-3,1,1,2,5,3,1,3,2,14,-12
20260721_LV_TOR,"Tuesday, July 21, 2026",regular_season,Toronto Tempo,Las Vegas Aces,Julie Allemand,G,31,1-2,1-2,0-0,0,5,5,4,1,0,2,3,3,-13
20260721_LV_TOR,"Tuesday, July 21, 2026",regular_season,Toronto Tempo,Las Vegas Aces,Teonni Key,F,3,1-1,0-0,0-0,1,0,1,0,0,0,0,0,2,-4
20260721_LV_TOR,"Tuesday, July 21, 2026",regular_season,Toronto Tempo,Las Vegas Aces,Kayla Alexander,C,16,3-5,0-0,0-0,3,3,6,1,0,0,2,1,6,-14
20260721_LV_TOR,"Tuesday, July 21, 2026",regular_season,Toronto Tempo,Las Vegas Aces,Temi Fagbenle,C,15,1-4,0-1,0-0,1,1,2,0,0,0,2,2,2,-11
20260721_LV_TOR,"Tuesday, July 21, 2026",regular_season,Toronto Tempo,Las Vegas Aces,Kia Nurse,G,18,2-6,1-4,2-2,0,1,1,1,0,0,0,1,7,-22
20260721_LV_TOR,"Tuesday, July 21, 2026",regular_season,Toronto Tempo,Las Vegas Aces,Tima Pouye,G,7,0-3,0-1,2-2,0,1,1,1,0,0,0,0,2,-13
20260721_LV_TOR,"Tuesday, July 21, 2026",regular_season,Toronto Tempo,Las Vegas Aces,Nyara Sabally,F,,,,,,,,,,,,,,
20260721_LV_TOR,"Tuesday, July 21, 2026",regular_season,Toronto Tempo,Las Vegas Aces,Brittney Sykes,G,,,,,,,,,,,,,,
20260721_LV_TOR,"Tuesday, July 21, 2026",regular_season,Toronto Tempo,Las Vegas Aces,Kiki Rice,G,,,,,,,,,,,,,,
20260721_NY_DAL,"Tuesday, July 21, 2026",regular_season,New York Liberty,Dallas Wings,Breanna Stewart,F,42,10-19,2-4,11-12,4,9,13,8,0,2,1,1,33,+5
20260721_NY_DAL,"Tuesday, July 21, 2026",regular_season,New York Liberty,Dallas Wings,Jonquel Jones,C,33,6-13,1-3,1-2,7,3,10,2,0,1,0,4,14,-4
20260721_NY_DAL,"Tuesday, July 21, 2026",regular_season,New York Liberty,Dallas Wings,Rebecca Allen,G,32,2-7,1-6,1-2,2,1,3,1,1,1,0,3,6,0
20260721_NY_DAL,"Tuesday, July 21, 2026",regular_season,New York Liberty,Dallas Wings,Sabrina Ionescu,G,36,8-25,2-10,3-3,1,3,4,2,0,1,1,1,21,+7
20260721_NY_DAL,"Tuesday, July 21, 2026",regular_season,New York Liberty,Dallas Wings,Pauline Astier,G,25,3-10,1-3,0-0,0,2,2,1,1,0,1,3,7,-7
20260721_NY_DAL,"Tuesday, July 21, 2026",regular_season,New York Liberty,Dallas Wings,Raquel Carrera,F,3,0-0,0-0,0-0,0,0,0,0,0,0,0,0,0,0
20260721_NY_DAL,"Tuesday, July 21, 2026",regular_season,New York Liberty,Dallas Wings,Han Xu,C,11,1-2,0-1,0-0,0,2,2,1,0,0,0,0,2,+1
20260721_NY_DAL,"Tuesday, July 21, 2026",regular_season,New York Liberty,Dallas Wings,Rebekah Gardner,G,15,3-3,0-0,0-0,2,2,4,0,0,1,2,3,6,-4
20260721_NY_DAL,"Tuesday, July 21, 2026",regular_season,New York Liberty,Dallas Wings,Marine Fauthoux,G,27,2-5,2-5,4-4,1,9,10,2,1,0,1,2,10,+7
20260721_NY_DAL,"Tuesday, July 21, 2026",regular_season,New York Liberty,Dallas Wings,Anneli Maley,F,,,,,,,,,,,,,,
20260721_NY_DAL,"Tuesday, July 21, 2026",regular_season,New York Liberty,Dallas Wings,Betnijah Laney-Hamilton,G,,,,,,,,,,,,,,
20260721_NY_DAL,"Tuesday, July 21, 2026",regular_season,Dallas Wings,New York Liberty,Jessica Shepard,F,38,4-7,0-0,5-6,4,12,16,6,0,0,2,4,13,-5
20260721_NY_DAL,"Tuesday, July 21, 2026",regular_season,Dallas Wings,New York Liberty,Awak Kuier,F,25,5-8,0-1,0-1,0,4,4,2,0,4,0,6,10,-3
20260721_NY_DAL,"Tuesday, July 21, 2026",regular_season,Dallas Wings,New York Liberty,Odyssey Sims,G,21,2-4,1-1,0-0,0,2,2,1,0,0,1,1,5,+4
20260721_NY_DAL,"Tuesday, July 21, 2026",regular_season,Dallas Wings,New York Liberty,Arike Ogunbowale,G,38,9-24,3-5,8-8,1,4,5,6,1,0,1,4,29,-5
20260721_NY_DAL,"Tuesday, July 21, 2026",regular_season,Dallas Wings,New York Liberty,Azzi Fudd,G,43,6-13,3-6,0-0,0,1,1,2,0,1,1,3,15,+1
20260721_NY_DAL,"Tuesday, July 21, 2026",regular_season,Dallas Wings,New York Liberty,Alysha Clark,F,4,0-1,0-0,0-0,0,0,0,1,0,0,0,1,0,+2
20260721_NY_DAL,"Tuesday, July 21, 2026",regular_season,Dallas Wings,New York Liberty,Maddy Siegrist,F,11,5-7,3-3,0-0,1,2,3,0,0,0,0,0,13,+2
20260721_NY_DAL,"Tuesday, July 21, 2026",regular_season,Dallas Wings,New York Liberty,Li Yueru,C,16,3-4,1-2,0-2,0,0,0,1,0,0,1,5,7,+4
20260721_NY_DAL,"Tuesday, July 21, 2026",regular_season,Dallas Wings,New York Liberty,Sug Sutton,G,22,1-5,0-3,0-0,0,1,1,7,0,0,0,0,2,-7
20260721_NY_DAL,"Tuesday, July 21, 2026",regular_season,Dallas Wings,New York Liberty,Aziaha James,G,8,1-3,0-0,2-2,1,1,2,1,0,2,1,2,4,+2
20260721_NY_DAL,"Tuesday, July 21, 2026",regular_season,Dallas Wings,New York Liberty,Haley Jones,G,,,,,,,,,,,,,,
20260721_NY_DAL,"Tuesday, July 21, 2026",regular_season,Dallas Wings,New York Liberty,Costanza Verona,G,,,,,,,,,,,,,,
20260721_WSH_GS,"Tuesday, July 21, 2026",regular_season,Washington Mystics,Golden State Valkyries,Michaela Onyenwere,F,31,4-10,3-7,1-2,0,0,0,1,1,0,1,0,12,+14
20260721_WSH_GS,"Tuesday, July 21, 2026",regular_season,Washington Mystics,Golden State Valkyries,Kiki Iriafen,F,35,8-12,1-2,6-8,4,8,12,4,0,0,1,1,23,+15
20260721_WSH_GS,"Tuesday, July 21, 2026",regular_season,Washington Mystics,Golden State Valkyries,Shakira Austin,C,31,6-10,1-2,2-3,1,14,15,2,1,0,4,2,15,+14
20260721_WSH_GS,"Tuesday, July 21, 2026",regular_season,Washington Mystics,Golden State Valkyries,Sonia Citron,G,32,5-12,0-1,7-7,0,2,2,6,1,1,3,4,17,+10
20260721_WSH_GS,"Tuesday, July 21, 2026",regular_season,Washington Mystics,Golden State Valkyries,Georgia Amoore,G,27,3-5,3-4,0-0,0,0,0,8,0,0,4,2,9,+1
20260721_WSH_GS,"Tuesday, July 21, 2026",regular_season,Washington Mystics,Golden State Valkyries,Lauren Betts,C,14,2-4,0-0,0-0,0,2,2,0,0,4,2,1,4,-13
20260721_WSH_GS,"Tuesday, July 21, 2026",regular_season,Washington Mystics,Golden State Valkyries,Cotie McMahon,G,12,1-1,0-0,1-1,0,2,2,2,1,0,0,2,3,+11
20260721_WSH_GS,"Tuesday, July 21, 2026",regular_season,Washington Mystics,Golden State Valkyries,Cassandre Prosper,G,9,1-5,0-4,0-0,1,1,2,1,0,0,1,1,2,-6
20260721_WSH_GS,"Tuesday, July 21, 2026",regular_season,Washington Mystics,Golden State Valkyries,Alicia Florez,G,9,2-2,1-1,0-0,0,0,0,1,0,0,0,1,5,-6
20260721_WSH_GS,"Tuesday, July 21, 2026",regular_season,Washington Mystics,Golden State Valkyries,Angela Dugalic,F,,,,,,,,,,,,,,
20260721_WSH_GS,"Tuesday, July 21, 2026",regular_season,Washington Mystics,Golden State Valkyries,Rori Harmon,G,,,,,,,,,,,,,,
20260721_WSH_GS,"Tuesday, July 21, 2026",regular_season,Washington Mystics,Golden State Valkyries,Lucy Olsen,G,,,,,,,,,,,,,,
20260721_WSH_GS,"Tuesday, July 21, 2026",regular_season,Washington Mystics,Golden State Valkyries,Darianna Littlepage-Buggs,G,,,,,,,,,,,,,,
20260721_WSH_GS,"Tuesday, July 21, 2026",regular_season,Golden State Valkyries,Washington Mystics,Kayla Thornton,F,29,5-8,4-7,1-1,0,3,3,0,2,0,1,1,15,-16
20260721_WSH_GS,"Tuesday, July 21, 2026",regular_season,Golden State Valkyries,Washington Mystics,Gabby Williams,F,26,4-12,0-4,0-0,0,0,0,2,1,0,2,3,8,-19
20260721_WSH_GS,"Tuesday, July 21, 2026",regular_season,Golden State Valkyries,Washington Mystics,Cecilia Zandalasini,F,17,3-7,1-3,0-0,0,1,1,1,1,0,0,2,7,-7
20260721_WSH_GS,"Tuesday, July 21, 2026",regular_season,Golden State Valkyries,Washington Mystics,Kiah Stokes,C,22,1-4,1-4,0-0,0,4,4,0,0,2,0,1,3,-15
20260721_WSH_GS,"Tuesday, July 21, 2026",regular_season,Golden State Valkyries,Washington Mystics,Veronica Burton,G,26,5-8,2-3,0-0,0,2,2,7,2,0,2,3,12,-14
20260721_WSH_GS,"Tuesday, July 21, 2026",regular_season,Golden State Valkyries,Washington Mystics,Laeticia Amihere,F,12,1-3,0-0,1-2,1,1,2,1,1,1,2,0,3,+14
20260721_WSH_GS,"Tuesday, July 21, 2026",regular_season,Golden State Valkyries,Washington Mystics,Janelle Salaun,F,17,3-12,1-6,4-4,4,0,4,2,1,0,0,3,11,+1
20260721_WSH_GS,"Tuesday, July 21, 2026",regular_season,Golden State Valkyries,Washington Mystics,Tiffany Hayes,G,10,0-2,0-0,0-0,0,0,0,2,0,0,0,1,0,+1
20260721_WSH_GS,"Tuesday, July 21, 2026",regular_season,Golden State Valkyries,Washington Mystics,Kaila Charles,G,18,1-3,1-3,0-0,0,5,5,0,1,1,0,1,3,+12
20260721_WSH_GS,"Tuesday, July 21, 2026",regular_season,Golden State Valkyries,Washington Mystics,Kaitlyn Chen,G,24,8-13,2-3,2-4,2,0,2,6,1,0,1,0,20,+3
20260721_WSH_GS,"Tuesday, July 21, 2026",regular_season,Golden State Valkyries,Washington Mystics,Nadia Fingall,C,,,,,,,,,,,,,,
20260721_WSH_GS,"Tuesday, July 21, 2026",regular_season,Golden State Valkyries,Washington Mystics,Juste Jocyte,G,,,,,,,,,,,,,,
20260721_MIN_SEA,"Tuesday, July 21, 2026",regular_season,Minnesota Lynx,Seattle Storm,Natasha Howard,F,24,3-8,0-0,0-0,7,5,12,3,3,0,4,5,6,+10
20260721_MIN_SEA,"Tuesday, July 21, 2026",regular_season,Minnesota Lynx,Seattle Storm,Nia Coffey,F,28,1-4,1-3,0-0,0,1,1,1,1,0,0,2,3,+11
20260721_MIN_SEA,"Tuesday, July 21, 2026",regular_season,Minnesota Lynx,Seattle Storm,Kayla McBride,G,32,9-16,6-10,9-9,0,2,2,0,2,0,1,1,33,+6
20260721_MIN_SEA,"Tuesday, July 21, 2026",regular_season,Minnesota Lynx,Seattle Storm,Courtney Williams,G,33,8-13,1-2,4-4,0,4,4,3,2,0,2,2,21,+1
20260721_MIN_SEA,"Tuesday, July 21, 2026",regular_season,Minnesota Lynx,Seattle Storm,Olivia Miles,G,36,13-24,1-4,5-5,1,7,8,8,1,0,1,4,32,+10
20260721_MIN_SEA,"Tuesday, July 21, 2026",regular_season,Minnesota Lynx,Seattle Storm,Dorka Juhasz,F,19,0-2,0-1,1-2,1,3,4,3,1,1,0,1,1,-18
20260721_MIN_SEA,"Tuesday, July 21, 2026",regular_season,Minnesota Lynx,Seattle Storm,Antonia Delaere,F,5,0-1,0-0,0-0,1,0,1,1,0,0,0,0,0,-7
20260721_MIN_SEA,"Tuesday, July 21, 2026",regular_season,Minnesota Lynx,Seattle Storm,Anastasiia Olairi Kosu,F,9,1-2,0-0,2-2,1,1,2,1,0,1,0,1,4,+3
20260721_MIN_SEA,"Tuesday, July 21, 2026",regular_season,Minnesota Lynx,Seattle Storm,Maya Caldwell,G,13,2-6,1-4,0-0,0,1,1,0,0,0,1,1,5,+1
20260721_MIN_SEA,"Tuesday, July 21, 2026",regular_season,Minnesota Lynx,Seattle Storm,Eliska Hamzova,G,0,0-0,0-0,0-0,0,0,0,0,0,0,0,1,0,-2
20260721_MIN_SEA,"Tuesday, July 21, 2026",regular_season,Minnesota Lynx,Seattle Storm,Napheesa Collier,F,,,,,,,,,,,,,,
20260721_MIN_SEA,"Tuesday, July 21, 2026",regular_season,Minnesota Lynx,Seattle Storm,Emma Cechova,F,,,,,,,,,,,,,,
20260721_MIN_SEA,"Tuesday, July 21, 2026",regular_season,Seattle Storm,Minnesota Lynx,Dominique Malonga,C,27,5-12,0-2,4-4,3,6,9,1,1,2,2,3,14,-4
20260721_MIN_SEA,"Tuesday, July 21, 2026",regular_season,Seattle Storm,Minnesota Lynx,Awa Fam,C,31,4-9,0-2,0-0,6,5,11,4,1,1,2,2,8,-9
20260721_MIN_SEA,"Tuesday, July 21, 2026",regular_season,Seattle Storm,Minnesota Lynx,Natisha Hiedeman,G,28,4-12,1-6,3-4,0,1,1,10,0,0,0,1,12,+3
20260721_MIN_SEA,"Tuesday, July 21, 2026",regular_season,Seattle Storm,Minnesota Lynx,Flau'jae Johnson,G,29,7-11,5-8,7-8,0,1,1,1,0,1,4,2,26,-4
20260721_MIN_SEA,"Tuesday, July 21, 2026",regular_season,Seattle Storm,Minnesota Lynx,Jade Melbourne,G,19,2-3,0-0,1-2,0,1,1,3,0,0,3,2,5,-10
20260721_MIN_SEA,"Tuesday, July 21, 2026",regular_season,Seattle Storm,Minnesota Lynx,Katie Lou Samuelson,F,15,2-4,2-3,1-1,0,2,2,0,0,0,0,2,7,+3
20260721_MIN_SEA,"Tuesday, July 21, 2026",regular_season,Seattle Storm,Minnesota Lynx,Jordan Horston,F,13,4-5,1-1,0-0,1,3,4,0,2,0,2,0,9,-5
20260721_MIN_SEA,"Tuesday, July 21, 2026",regular_season,Seattle Storm,Minnesota Lynx,Stefanie Dolson,C,11,1-2,1-1,0-0,0,1,1,3,0,0,0,1,3,+1
20260721_MIN_SEA,"Tuesday, July 21, 2026",regular_season,Seattle Storm,Minnesota Lynx,Zia Cooke,G,28,6-12,3-5,3-3,0,2,2,1,0,0,2,2,18,+10
20260721_MIN_SEA,"Tuesday, July 21, 2026",regular_season,Seattle Storm,Minnesota Lynx,Ezi Magbegor,F,,,,,,,,,,,,,,
20260721_MIN_SEA,"Tuesday, July 21, 2026",regular_season,Seattle Storm,Minnesota Lynx,Mackenzie Holmes,F,,,,,,,,,,,,,,
20260721_MIN_SEA,"Tuesday, July 21, 2026",regular_season,Seattle Storm,Minnesota Lynx,Taylor Thierry,F,,,,,,,,,,,,,,
20260722_PHX_LA,"Wednesday, July 22, 2026",regular_season,Phoenix Mercury,Los Angeles Sparks,DeWanna Bonner,F,27,4-9,1-5,0-0,2,5,7,4,2,0,0,3,9,+2
20260722_PHX_LA,"Wednesday, July 22, 2026",regular_season,Phoenix Mercury,Los Angeles Sparks,Alyssa Thomas,F,36,5-9,0-0,9-13,1,10,11,15,3,1,3,2,19,0
20260722_PHX_LA,"Wednesday, July 22, 2026",regular_season,Phoenix Mercury,Los Angeles Sparks,Noemie Brochant,F,23,1-5,0-2,0-0,1,1,2,0,0,1,0,5,2,+5
20260722_PHX_LA,"Wednesday, July 22, 2026",regular_season,Phoenix Mercury,Los Angeles Sparks,Kahleah Copper,G,30,10-16,1-4,0-0,0,2,2,3,1,0,1,5,21,+8
20260722_PHX_LA,"Wednesday, July 22, 2026",regular_season,Phoenix Mercury,Los Angeles Sparks,Monique Akoa Makani,G,24,6-14,2-7,0-0,0,1,1,2,2,0,2,2,14,-3
20260722_PHX_LA,"Wednesday, July 22, 2026",regular_season,Phoenix Mercury,Los Angeles Sparks,Valeriane Ayayi,F,13,1-4,1-2,0-0,1,2,3,1,1,0,2,0,3,+5
20260722_PHX_LA,"Wednesday, July 22, 2026",regular_season,Phoenix Mercury,Los Angeles Sparks,Natasha Mack,F,15,5-8,0-0,0-0,2,1,3,1,0,2,2,2,10,0
20260722_PHX_LA,"Wednesday, July 22, 2026",regular_season,Phoenix Mercury,Los Angeles Sparks,Sami Whitcomb,G,18,3-8,2-7,0-0,0,3,3,1,1,0,1,4,8,+3
20260722_PHX_LA,"Wednesday, July 22, 2026",regular_season,Phoenix Mercury,Los Angeles Sparks,Lexi Held,G,15,0-1,0-0,0-0,0,1,1,1,0,1,1,0,0,0
20260722_PHX_LA,"Wednesday, July 22, 2026",regular_season,Phoenix Mercury,Los Angeles Sparks,Marta Suarez,F,,,,,,,,,,,,,,
20260722_PHX_LA,"Wednesday, July 22, 2026",regular_season,Phoenix Mercury,Los Angeles Sparks,Kyara Linskens,C,,,,,,,,,,,,,,
20260722_PHX_LA,"Wednesday, July 22, 2026",regular_season,Los Angeles Sparks,Phoenix Mercury,Nneka Ogwumike,F,30,4-10,1-1,4-4,1,12,13,1,0,0,4,3,13,-4
20260722_PHX_LA,"Wednesday, July 22, 2026",regular_season,Los Angeles Sparks,Phoenix Mercury,Dearica Hamby,F,31,7-12,0-0,4-5,5,5,10,5,2,2,2,1,18,0
20260722_PHX_LA,"Wednesday, July 22, 2026",regular_season,Los Angeles Sparks,Phoenix Mercury,Erica Wheeler,G,26,1-6,0-2,3-3,0,2,2,4,1,0,0,4,5,-5
20260722_PHX_LA,"Wednesday, July 22, 2026",regular_season,Los Angeles Sparks,Phoenix Mercury,Ariel Atkins,G,33,5-9,3-6,2-2,3,1,4,3,1,2,1,1,15,+5
20260722_PHX_LA,"Wednesday, July 22, 2026",regular_season,Los Angeles Sparks,Phoenix Mercury,Rae Burrell,G,34,7-16,3-7,3-5,1,2,3,2,0,0,4,5,20,0
20260722_PHX_LA,"Wednesday, July 22, 2026",regular_season,Los Angeles Sparks,Phoenix Mercury,Cameron Brink,F,19,2-9,1-5,0-0,0,4,4,3,0,1,3,2,5,-4
20260722_PHX_LA,"Wednesday, July 22, 2026",regular_season,Los Angeles Sparks,Phoenix Mercury,Jihyun Park,F,6,1-2,0-1,0-0,0,0,0,1,0,0,1,2,2,-6
20260722_PHX_LA,"Wednesday, July 22, 2026",regular_season,Los Angeles Sparks,Phoenix Mercury,Kiana Williams,G,7,0-2,0-2,0-0,0,0,0,1,0,0,0,0,0,+2
20260722_PHX_LA,"Wednesday, July 22, 2026",regular_season,Los Angeles Sparks,Phoenix Mercury,Kate Martin,G,2,0-0,0-0,0-0,0,0,0,0,0,0,0,1,0,-5
20260722_PHX_LA,"Wednesday, July 22, 2026",regular_season,Los Angeles Sparks,Phoenix Mercury,Chance Gray,G,12,1-4,1-4,1-2,0,1,1,0,1,0,3,2,4,-3
20260722_PHX_LA,"Wednesday, July 22, 2026",regular_season,Los Angeles Sparks,Phoenix Mercury,Emma Cannon,F,,,,,,,,,,,,,,
20260722_MIN_SEA,"Wednesday, July 22, 2026",regular_season,Minnesota Lynx,Seattle Storm,Natasha Howard,F,26,5-9,0-0,1-2,5,0,5,3,3,1,2,1,11,+12
20260722_MIN_SEA,"Wednesday, July 22, 2026",regular_season,Minnesota Lynx,Seattle Storm,Napheesa Collier,F,22,9-20,2-6,4-4,1,9,10,1,1,0,2,0,24,+12
20260722_MIN_SEA,"Wednesday, July 22, 2026",regular_season,Minnesota Lynx,Seattle Storm,Kayla McBride,G,36,6-14,3-6,5-5,2,1,3,2,3,1,0,1,20,+9
20260722_MIN_SEA,"Wednesday, July 22, 2026",regular_season,Minnesota Lynx,Seattle Storm,Courtney Williams,G,20,0-5,0-2,0-0,2,3,5,6,1,0,2,5,0,+9
20260722_MIN_SEA,"Wednesday, July 22, 2026",regular_season,Minnesota Lynx,Seattle Storm,Olivia Miles,G,31,5-15,0-1,3-4,0,3,3,6,2,0,3,2,13,+9
20260722_MIN_SEA,"Wednesday, July 22, 2026",regular_season,Minnesota Lynx,Seattle Storm,Nia Coffey,F,16,3-5,1-2,0-0,0,2,2,3,0,0,1,1,7,+3
20260722_MIN_SEA,"Wednesday, July 22, 2026",regular_season,Minnesota Lynx,Seattle Storm,Dorka Juhasz,F,16,1-5,1-3,0-0,0,2,2,0,1,1,0,0,3,-7
20260722_MIN_SEA,"Wednesday, July 22, 2026",regular_season,Minnesota Lynx,Seattle Storm,Antonia Delaere,F,3,0-1,0-0,0-0,0,0,0,0,1,0,0,1,0,-1
20260722_MIN_SEA,"Wednesday, July 22, 2026",regular_season,Minnesota Lynx,Seattle Storm,Maya Caldwell,G,28,2-4,2-3,2-2,5,1,6,2,1,0,1,2,8,+6
20260722_MIN_SEA,"Wednesday, July 22, 2026",regular_season,Minnesota Lynx,Seattle Storm,Eliska Hamzova,G,2,0-1,0-0,0-0,0,0,0,0,0,0,0,0,0,-2
20260722_MIN_SEA,"Wednesday, July 22, 2026",regular_season,Minnesota Lynx,Seattle Storm,Anastasiia Olairi Kosu,F,,,,,,,,,,,,,,
20260722_MIN_SEA,"Wednesday, July 22, 2026",regular_season,Minnesota Lynx,Seattle Storm,Emma Cechova,F,,,,,,,,,,,,,,
20260722_MIN_SEA,"Wednesday, July 22, 2026",regular_season,Seattle Storm,Minnesota Lynx,Dominique Malonga,C,26,9-13,1-3,2-2,0,9,9,2,1,4,4,1,21,-9
20260722_MIN_SEA,"Wednesday, July 22, 2026",regular_season,Seattle Storm,Minnesota Lynx,Awa Fam,C,31,4-9,2-5,0-0,3,7,10,1,1,2,1,2,10,-13
20260722_MIN_SEA,"Wednesday, July 22, 2026",regular_season,Seattle Storm,Minnesota Lynx,Natisha Hiedeman,G,32,4-13,1-7,3-4,1,1,2,3,2,0,4,2,12,-12
20260722_MIN_SEA,"Wednesday, July 22, 2026",regular_season,Seattle Storm,Minnesota Lynx,Flau'jae Johnson,G,29,7-17,0-6,2-3,3,3,6,4,2,0,6,2,16,-13
20260722_MIN_SEA,"Wednesday, July 22, 2026",regular_season,Seattle Storm,Minnesota Lynx,Jade Melbourne,G,28,2-6,0-4,0-0,0,2,2,4,1,0,0,4,4,-6
20260722_MIN_SEA,"Wednesday, July 22, 2026",regular_season,Seattle Storm,Minnesota Lynx,Katie Lou Samuelson,F,13,0-2,0-2,3-4,0,4,4,1,0,0,1,0,3,+1
20260722_MIN_SEA,"Wednesday, July 22, 2026",regular_season,Seattle Storm,Minnesota Lynx,Jordan Horston,F,14,1-3,0-0,1-2,3,2,5,2,0,1,1,1,3,-1
20260722_MIN_SEA,"Wednesday, July 22, 2026",regular_season,Seattle Storm,Minnesota Lynx,Stefanie Dolson,C,11,0-1,0-1,0-0,1,1,2,1,0,0,0,0,0,+1
20260722_MIN_SEA,"Wednesday, July 22, 2026",regular_season,Seattle Storm,Minnesota Lynx,Zia Cooke,G,17,3-10,1-4,0-0,0,1,1,0,0,0,1,0,7,+2
20260722_MIN_SEA,"Wednesday, July 22, 2026",regular_season,Seattle Storm,Minnesota Lynx,Ezi Magbegor,F,,,,,,,,,,,,,,
20260722_MIN_SEA,"Wednesday, July 22, 2026",regular_season,Seattle Storm,Minnesota Lynx,Mackenzie Holmes,F,,,,,,,,,,,,,,
20260722_MIN_SEA,"Wednesday, July 22, 2026",regular_season,Seattle Storm,Minnesota Lynx,Taylor Thierry,F,,,,,,,,,,,,,,
20260722_CHI_NY,"Wednesday, July 22, 2026",regular_season,Chicago Sky,New York Liberty,Azura Stevens,F,30,2-5,0-2,4-4,0,7,7,3,2,4,2,6,8,+2
20260722_CHI_NY,"Wednesday, July 22, 2026",regular_season,Chicago Sky,New York Liberty,Kamilla Cardoso,C,25,5-11,0-0,0-0,1,4,5,5,1,1,1,5,10,0
20260722_CHI_NY,"Wednesday, July 22, 2026",regular_season,Chicago Sky,New York Liberty,Courtney Vandersloot,G,22,5-8,1-2,3-4,0,1,1,4,1,1,1,1,14,-13
20260722_CHI_NY,"Wednesday, July 22, 2026",regular_season,Chicago Sky,New York Liberty,Natasha Cloud,G,32,4-8,1-4,0-0,0,3,3,7,0,0,2,3,9,+1
20260722_CHI_NY,"Wednesday, July 22, 2026",regular_season,Chicago Sky,New York Liberty,Sydney Taylor,G,26,9-17,4-7,9-10,1,2,3,3,1,0,1,0,31,+9
20260722_CHI_NY,"Wednesday, July 22, 2026",regular_season,Chicago Sky,New York Liberty,Elizabeth Williams,C,15,4-5,0-0,0-0,0,3,3,2,1,0,0,1,8,-1
20260722_CHI_NY,"Wednesday, July 22, 2026",regular_season,Chicago Sky,New York Liberty,Rachel Banham,G,3,0-2,0-1,3-3,0,0,0,1,0,0,0,0,3,+1
20260722_CHI_NY,"Wednesday, July 22, 2026",regular_season,Chicago Sky,New York Liberty,Jacy Sheldon,G,17,1-4,0-1,0-0,0,1,1,1,1,0,1,2,2,+2
20260722_CHI_NY,"Wednesday, July 22, 2026",regular_season,Chicago Sky,New York Liberty,Aicha Coulibaly,G,9,2-4,0-1,0-0,1,3,4,0,0,0,1,1,4,-2
20260722_CHI_NY,"Wednesday, July 22, 2026",regular_season,Chicago Sky,New York Liberty,Gabriela Jaquez,G,20,2-7,1-3,0-0,1,2,3,1,1,0,0,1,5,-4
20260722_CHI_NY,"Wednesday, July 22, 2026",regular_season,New York Liberty,Chicago Sky,Breanna Stewart,F,37,5-19,2-4,8-8,4,5,9,4,0,3,3,5,20,-3
20260722_CHI_NY,"Wednesday, July 22, 2026",regular_season,New York Liberty,Chicago Sky,Jonquel Jones,C,28,4-9,2-5,4-6,3,7,10,2,0,2,3,3,14,-4
20260722_CHI_NY,"Wednesday, July 22, 2026",regular_season,New York Liberty,Chicago Sky,Rebecca Allen,G,29,5-12,2-6,0-0,1,3,4,0,0,0,1,4,12,+2
20260722_CHI_NY,"Wednesday, July 22, 2026",regular_season,New York Liberty,Chicago Sky,Sabrina Ionescu,G,35,8-11,5-7,8-8,0,4,4,4,0,1,4,1,29,+5
20260722_CHI_NY,"Wednesday, July 22, 2026",regular_season,New York Liberty,Chicago Sky,Pauline Astier,G,22,3-6,0-0,3-3,0,1,1,5,1,0,2,1,9,+1
20260722_CHI_NY,"Wednesday, July 22, 2026",regular_season,New York Liberty,Chicago Sky,Raquel Carrera,F,3,0-0,0-0,0-0,0,0,0,1,0,0,0,0,0,+4
20260722_CHI_NY,"Wednesday, July 22, 2026",regular_season,New York Liberty,Chicago Sky,Han Xu,C,12,2-4,0-1,1-1,0,2,2,0,0,0,0,0,5,+5
20260722_CHI_NY,"Wednesday, July 22, 2026",regular_season,New York Liberty,Chicago Sky,Rebekah Gardner,G,15,1-6,0-2,2-2,2,4,6,0,0,0,0,1,4,-5
20260722_CHI_NY,"Wednesday, July 22, 2026",regular_season,New York Liberty,Chicago Sky,Marine Fauthoux,G,18,1-4,0-3,0-0,0,1,1,1,0,0,0,1,2,0
20260722_CHI_NY,"Wednesday, July 22, 2026",regular_season,New York Liberty,Chicago Sky,Betnijah Laney-Hamilton,G,,,,,,,,,,,,,,
20260722_LV_WSH,"Wednesday, July 22, 2026",regular_season,Las Vegas Aces,Washington Mystics,Stephanie Talbot,F,9,1-1,0-0,0-0,0,0,0,0,0,0,0,0,2,+4
20260722_LV_WSH,"Wednesday, July 22, 2026",regular_season,Las Vegas Aces,Washington Mystics,NaLyssa Smith,F,22,2-4,0-0,0-1,0,3,3,0,2,3,0,5,4,+10
20260722_LV_WSH,"Wednesday, July 22, 2026",regular_season,Las Vegas Aces,Washington Mystics,A'ja Wilson,C,35,12-16,2-3,12-13,2,5,7,5,3,2,1,4,38,+2
20260722_LV_WSH,"Wednesday, July 22, 2026",regular_season,Las Vegas Aces,Washington Mystics,Chelsea Gray,G,37,6-12,1-3,6-6,0,1,1,4,1,1,2,4,19,+1
20260722_LV_WSH,"Wednesday, July 22, 2026",regular_season,Las Vegas Aces,Washington Mystics,Jackie Young,G,31,9-17,0-4,6-7,2,5,7,7,0,0,1,4,24,+1
20260722_LV_WSH,"Wednesday, July 22, 2026",regular_season,Las Vegas Aces,Washington Mystics,Cheyenne Parker-Tyus,F,10,0-1,0-0,0-0,0,1,1,0,1,0,0,2,0,-1
20260722_LV_WSH,"Wednesday, July 22, 2026",regular_season,Las Vegas Aces,Washington Mystics,Brianna Turner,F,12,2-2,0-0,0-0,0,2,2,0,0,0,1,1,4,-14
20260722_LV_WSH,"Wednesday, July 22, 2026",regular_season,Las Vegas Aces,Washington Mystics,Jewell Loyd,G,29,2-7,2-4,2-2,0,2,2,0,3,0,1,3,8,0
20260722_LV_WSH,"Wednesday, July 22, 2026",regular_season,Las Vegas Aces,Washington Mystics,Dana Evans,G,14,0-2,0-0,0-0,0,1,1,2,0,0,2,2,0,-8
20260722_LV_WSH,"Wednesday, July 22, 2026",regular_season,Las Vegas Aces,Washington Mystics,Kierstan Bell,F,,,,,,,,,,,,,,
20260722_LV_WSH,"Wednesday, July 22, 2026",regular_season,Las Vegas Aces,Washington Mystics,Justine Pissott,G,,,,,,,,,,,,,,
20260722_LV_WSH,"Wednesday, July 22, 2026",regular_season,Washington Mystics,Las Vegas Aces,Michaela Onyenwere,F,30,2-4,2-2,4-4,1,0,1,3,1,0,0,4,10,-2
20260722_LV_WSH,"Wednesday, July 22, 2026",regular_season,Washington Mystics,Las Vegas Aces,Kiki Iriafen,F,26,4-12,0-1,4-4,4,6,10,0,0,0,2,3,12,-5
20260722_LV_WSH,"Wednesday, July 22, 2026",regular_season,Washington Mystics,Las Vegas Aces,Shakira Austin,C,29,10-18,0-0,5-9,3,3,6,3,0,0,1,3,25,+6
20260722_LV_WSH,"Wednesday, July 22, 2026",regular_season,Washington Mystics,Las Vegas Aces,Sonia Citron,G,32,7-16,1-3,5-6,3,1,4,8,1,0,6,2,20,+3
20260722_LV_WSH,"Wednesday, July 22, 2026",regular_season,Washington Mystics,Las Vegas Aces,Georgia Amoore,G,23,4-6,2-3,0-0,0,2,2,1,0,1,2,4,10,-1
20260722_LV_WSH,"Wednesday, July 22, 2026",regular_season,Washington Mystics,Las Vegas Aces,Angela Dugalic,F,5,0-0,0-0,0-0,0,2,2,2,0,0,1,0,0,+6
20260722_LV_WSH,"Wednesday, July 22, 2026",regular_season,Washington Mystics,Las Vegas Aces,Lauren Betts,C,20,4-6,0-0,5-6,1,2,3,2,1,0,0,1,13,-5
20260722_LV_WSH,"Wednesday, July 22, 2026",regular_season,Washington Mystics,Las Vegas Aces,Cotie McMahon,G,22,3-5,1-2,0-2,0,6,6,3,0,0,1,2,7,+3
20260722_LV_WSH,"Wednesday, July 22, 2026",regular_season,Washington Mystics,Las Vegas Aces,Cassandre Prosper,G,7,0-1,0-0,0-0,0,0,0,0,0,0,0,2,0,+3
20260722_LV_WSH,"Wednesday, July 22, 2026",regular_season,Washington Mystics,Las Vegas Aces,Alicia Florez,G,6,1-3,1-2,0-0,0,0,0,2,0,0,0,1,3,-3
20260722_LV_WSH,"Wednesday, July 22, 2026",regular_season,Washington Mystics,Las Vegas Aces,Rori Harmon,G,,,,,,,,,,,,,,
20260722_LV_WSH,"Wednesday, July 22, 2026",regular_season,Washington Mystics,Las Vegas Aces,Lucy Olsen,G,,,,,,,,,,,,,,
20260722_LV_WSH,"Wednesday, July 22, 2026",regular_season,Washington Mystics,Las Vegas Aces,Darianna Littlepage-Buggs,G,,,,,,,,,,,,,,
20260723_CON_IND,"Thursday, July 23, 2026",regular_season,Connecticut Sun,Indiana Fever,Diamond Miller,F,23,4-9,4-5,3-4,0,2,2,0,0,0,3,2,15,-25
20260723_CON_IND,"Thursday, July 23, 2026",regular_season,Connecticut Sun,Indiana Fever,Aneesah Morrow,F,21,5-10,0-2,0-0,4,4,8,2,1,1,1,3,10,-28
20260723_CON_IND,"Thursday, July 23, 2026",regular_season,Connecticut Sun,Indiana Fever,Olivia Nelson-Ododa,C,22,5-10,0-1,1-1,0,1,1,2,0,2,2,1,11,-25
20260723_CON_IND,"Thursday, July 23, 2026",regular_season,Connecticut Sun,Indiana Fever,Charlisse Leger-Walker,G,27,0-3,0-1,1-1,1,1,2,4,0,0,4,4,1,-29
20260723_CON_IND,"Thursday, July 23, 2026",regular_season,Connecticut Sun,Indiana Fever,Leila Lacan,G,17,5-11,0-1,0-0,1,1,2,2,3,0,1,2,10,-26
20260723_CON_IND,"Thursday, July 23, 2026",regular_season,Connecticut Sun,Indiana Fever,Raegan Beers,F,18,4-6,1-1,1-3,3,2,5,2,2,0,2,4,10,-10
20260723_CON_IND,"Thursday, July 23, 2026",regular_season,Connecticut Sun,Indiana Fever,Nell Angloma,F,10,0-3,0-0,2-2,1,1,2,1,0,0,0,1,2,-5
20260723_CON_IND,"Thursday, July 23, 2026",regular_season,Connecticut Sun,Indiana Fever,Kennedy Burke,G,23,3-9,2-5,1-2,1,3,4,2,1,1,0,2,9,-6
20260723_CON_IND,"Thursday, July 23, 2026",regular_season,Connecticut Sun,Indiana Fever,Saniya Rivers,G,27,6-14,0-2,1-2,0,2,2,6,1,0,1,2,13,-19
20260723_CON_IND,"Thursday, July 23, 2026",regular_season,Connecticut Sun,Indiana Fever,Gianna Kneepkens,G,12,3-4,1-2,0-0,0,0,0,0,0,0,0,4,7,-2
20260723_CON_IND,"Thursday, July 23, 2026",regular_season,Connecticut Sun,Indiana Fever,Aaliyah Edwards,F,,,,,,,,,,,,,,
20260723_CON_IND,"Thursday, July 23, 2026",regular_season,Connecticut Sun,Indiana Fever,Brittney Griner,C,,,,,,,,,,,,,,
20260723_CON_IND,"Thursday, July 23, 2026",regular_season,Indiana Fever,Connecticut Sun,Monique Billings,F,20,5-7,0-0,2-2,2,3,5,1,1,0,0,2,12,+19
20260723_CON_IND,"Thursday, July 23, 2026",regular_season,Indiana Fever,Connecticut Sun,Aliyah Boston,C,20,10-14,0-0,2-4,2,4,6,5,3,0,2,2,22,+26
20260723_CON_IND,"Thursday, July 23, 2026",regular_season,Indiana Fever,Connecticut Sun,Kelsey Mitchell,G,26,9-16,3-6,2-3,2,2,4,2,1,1,0,1,23,+27
20260723_CON_IND,"Thursday, July 23, 2026",regular_season,Indiana Fever,Connecticut Sun,Lexie Hull,G,25,3-4,1-2,1-1,1,2,3,1,0,1,1,3,8,+20
20260723_CON_IND,"Thursday, July 23, 2026",regular_season,Indiana Fever,Connecticut Sun,Caitlin Clark,G,27,8-13,5-9,6-6,0,2,2,11,1,1,6,2,27,+26
20260723_CON_IND,"Thursday, July 23, 2026",regular_season,Indiana Fever,Connecticut Sun,Myisha Hines-Allen,F,15,2-5,1-1,0-0,0,3,3,1,0,0,0,3,5,+3
20260723_CON_IND,"Thursday, July 23, 2026",regular_season,Indiana Fever,Connecticut Sun,Makayla Timpson,F,18,2-3,0-0,0-0,1,7,8,0,0,4,0,0,4,+20
20260723_CON_IND,"Thursday, July 23, 2026",regular_season,Indiana Fever,Connecticut Sun,Grace VanSlooten,F,8,1-1,0-0,0-0,0,1,1,0,0,0,1,0,2,+3
20260723_CON_IND,"Thursday, July 23, 2026",regular_season,Indiana Fever,Connecticut Sun,Sophie Cunningham,G,21,0-3,0-2,8-10,0,3,3,2,1,0,3,5,8,+17
20260723_CON_IND,"Thursday, July 23, 2026",regular_season,Indiana Fever,Connecticut Sun,Tyasha Harris,G,19,5-7,1-2,1-1,0,0,0,6,0,0,0,0,12,+14
20260723_CON_IND,"Thursday, July 23, 2026",regular_season,Indiana Fever,Connecticut Sun,Damiris Dantas,C,,,,,,,,,,,,,,
20260723_CON_IND,"Thursday, July 23, 2026",regular_season,Indiana Fever,Connecticut Sun,Raven Johnson,G,,,,,,,,,,,,,,
20260723_DAL_POR,"Thursday, July 23, 2026",regular_season,Dallas Wings,Portland Fire,Jessica Shepard,F,35,7-11,0-0,4-4,6,9,15,10,1,0,3,3,18,-4
20260723_DAL_POR,"Thursday, July 23, 2026",regular_season,Dallas Wings,Portland Fire,Awak Kuier,F,14,2-5,0-2,0-0,1,2,3,0,0,1,1,3,4,-4
20260723_DAL_POR,"Thursday, July 23, 2026",regular_season,Dallas Wings,Portland Fire,Arike Ogunbowale,G,35,8-12,3-5,5-6,1,2,3,6,0,0,2,3,24,-7
20260723_DAL_POR,"Thursday, July 23, 2026",regular_season,Dallas Wings,Portland Fire,Paige Bueckers,G,37,7-17,4-7,3-5,1,3,4,5,0,0,3,2,21,+8
20260723_DAL_POR,"Thursday, July 23, 2026",regular_season,Dallas Wings,Portland Fire,Azzi Fudd,G,33,4-10,3-8,0-0,0,0,0,2,2,0,3,3,11,-5
20260723_DAL_POR,"Thursday, July 23, 2026",regular_season,Dallas Wings,Portland Fire,Maddy Siegrist,F,26,5-10,2-6,2-2,0,5,5,2,1,0,0,2,14,+8
20260723_DAL_POR,"Thursday, July 23, 2026",regular_season,Dallas Wings,Portland Fire,Li Yueru,C,5,1-2,0-0,2-3,0,2,2,0,0,0,0,0,4,+8
20260723_DAL_POR,"Thursday, July 23, 2026",regular_season,Dallas Wings,Portland Fire,Odyssey Sims,G,4,0-2,0-1,2-2,0,0,0,1,1,0,1,1,2,+6
20260723_DAL_POR,"Thursday, July 23, 2026",regular_season,Dallas Wings,Portland Fire,Sug Sutton,G,4,1-1,0-0,0-0,0,1,1,1,0,0,0,1,2,+1
20260723_DAL_POR,"Thursday, July 23, 2026",regular_season,Dallas Wings,Portland Fire,Aziaha James,G,7,0-2,0-1,1-2,0,2,2,1,2,1,0,0,1,+9
20260723_DAL_POR,"Thursday, July 23, 2026",regular_season,Dallas Wings,Portland Fire,Alysha Clark,F,,,,,,,,,,,,,,
20260723_DAL_POR,"Thursday, July 23, 2026",regular_season,Dallas Wings,Portland Fire,Alanna Smith,F,,,,,,,,,,,,,,
20260723_DAL_POR,"Thursday, July 23, 2026",regular_season,Portland Fire,Dallas Wings,Bridget Carleton,F,31,7-16,2-9,2-2,0,5,5,2,0,0,0,1,18,+3
20260723_DAL_POR,"Thursday, July 23, 2026",regular_season,Portland Fire,Dallas Wings,Emily Engstler,F,23,3-6,0-2,0-0,0,1,1,2,1,0,2,2,6,-6
20260723_DAL_POR,"Thursday, July 23, 2026",regular_season,Portland Fire,Dallas Wings,Megan DiLeo,C,25,9-13,2-5,1-2,0,2,2,1,0,1,1,2,21,+5
20260723_DAL_POR,"Thursday, July 23, 2026",regular_season,Portland Fire,Dallas Wings,Sarah Ashlee Barker,G,4,1-1,0-0,0-0,0,3,3,2,0,0,1,0,2,+6
20260723_DAL_POR,"Thursday, July 23, 2026",regular_season,Portland Fire,Dallas Wings,Carla Leite,G,31,3-8,1-3,5-6,2,1,3,11,1,0,3,2,12,0
20260723_DAL_POR,"Thursday, July 23, 2026",regular_season,Portland Fire,Dallas Wings,Frieda Buhner,F,17,5-6,2-2,3-5,0,1,1,1,0,0,0,2,15,+2
20260723_DAL_POR,"Thursday, July 23, 2026",regular_season,Portland Fire,Dallas Wings,Nyadiew Puoch,F,16,0-0,0-0,0-0,0,1,1,0,0,0,0,2,0,-14
20260723_DAL_POR,"Thursday, July 23, 2026",regular_season,Portland Fire,Dallas Wings,Serah Williams,C,15,4-4,0-0,0-0,1,3,4,0,3,1,2,2,8,-9
20260723_DAL_POR,"Thursday, July 23, 2026",regular_season,Portland Fire,Dallas Wings,Karlie Samuelson,G,20,3-3,2-2,2-2,0,0,0,1,1,0,0,4,10,+5
20260723_DAL_POR,"Thursday, July 23, 2026",regular_season,Portland Fire,Dallas Wings,Holly Winterburn,G,9,1-2,1-2,0-0,0,1,1,3,0,0,1,2,3,-8
20260723_DAL_POR,"Thursday, July 23, 2026",regular_season,Portland Fire,Dallas Wings,Teja Oblak,G,9,1-6,0-1,0-0,0,1,1,1,0,0,1,2,2,-4
20260723_DAL_POR,"Thursday, July 23, 2026",regular_season,Portland Fire,Dallas Wings,Luisa Geiselsoder,C,,,,,,,,,,,,,,
20260728_CON_WSH,"Tuesday, July 28, 2026",regular_season,Connecticut Sun,Washington Mystics,Diamond Miller,F,21,4-7,3-4,1-1,0,1,1,2,1,0,0,2,12,0
20260728_CON_WSH,"Tuesday, July 28, 2026",regular_season,Connecticut Sun,Washington Mystics,Aneesah Morrow,F,26,8-16,4-7,1-4,1,3,4,4,2,0,1,5,21,-13
20260728_CON_WSH,"Tuesday, July 28, 2026",regular_season,Connecticut Sun,Washington Mystics,Olivia Nelson-Ododa,C,30,6-10,0-0,4-5,0,6,6,1,1,3,0,5,16,+5
20260728_CON_WSH,"Tuesday, July 28, 2026",regular_season,Connecticut Sun,Washington Mystics,Charlisse Leger-Walker,G,23,0-3,0-2,2-2,1,2,3,8,0,0,3,4,2,-8
20260728_CON_WSH,"Tuesday, July 28, 2026",regular_season,Connecticut Sun,Washington Mystics,Leila Lacan,G,32,4-13,1-2,0-0,2,2,4,6,0,2,3,4,9,-7
20260728_CON_WSH,"Tuesday, July 28, 2026",regular_season,Connecticut Sun,Washington Mystics,Raegan Beers,F,15,0-5,0-2,0-0,2,3,5,0,0,1,1,3,0,-16
20260728_CON_WSH,"Tuesday, July 28, 2026",regular_season,Connecticut Sun,Washington Mystics,Nell Angloma,F,4,1-3,0-0,0-0,1,0,1,0,0,0,0,0,2,0
20260728_CON_WSH,"Tuesday, July 28, 2026",regular_season,Connecticut Sun,Washington Mystics,Kennedy Burke,G,27,4-8,3-6,0-0,0,4,4,1,1,1,2,2,11,+3
20260728_CON_WSH,"Tuesday, July 28, 2026",regular_season,Connecticut Sun,Washington Mystics,Saniya Rivers,G,21,4-10,0-2,3-6,1,0,1,2,1,1,0,1,11,-4
20260728_CON_WSH,"Tuesday, July 28, 2026",regular_season,Connecticut Sun,Washington Mystics,Aaliyah Edwards,F,,,,,,,,,,,,,,
20260728_CON_WSH,"Tuesday, July 28, 2026",regular_season,Connecticut Sun,Washington Mystics,Brittney Griner,C,,,,,,,,,,,,,,
20260728_CON_WSH,"Tuesday, July 28, 2026",regular_season,Connecticut Sun,Washington Mystics,Hailey Van Lith,G,,,,,,,,,,,,,,
20260728_CON_WSH,"Tuesday, July 28, 2026",regular_season,Connecticut Sun,Washington Mystics,Gianna Kneepkens,G,,,,,,,,,,,,,,
20260728_CON_WSH,"Tuesday, July 28, 2026",regular_season,Connecticut Sun,Washington Mystics,Ashlon Jackson,G,,,,,,,,,,,,,,
20260728_CON_WSH,"Tuesday, July 28, 2026",regular_season,Washington Mystics,Connecticut Sun,Michaela Onyenwere,F,31,2-4,1-2,1-2,4,3,7,4,1,0,2,4,6,+8
20260728_CON_WSH,"Tuesday, July 28, 2026",regular_season,Washington Mystics,Connecticut Sun,Kiki Iriafen,F,29,8-22,1-2,3-3,5,5,10,2,0,1,1,3,20,+8
20260728_CON_WSH,"Tuesday, July 28, 2026",regular_season,Washington Mystics,Connecticut Sun,Shakira Austin,C,32,7-16,0-0,3-5,3,3,6,1,2,1,2,1,17,+13
20260728_CON_WSH,"Tuesday, July 28, 2026",regular_season,Washington Mystics,Connecticut Sun,Sonia Citron,G,34,6-9,2-2,8-9,0,3,3,4,1,2,3,1,22,+6
20260728_CON_WSH,"Tuesday, July 28, 2026",regular_season,Washington Mystics,Connecticut Sun,Georgia Amoore,G,25,3-6,2-3,0-0,1,2,3,5,1,0,3,4,8,+16
20260728_CON_WSH,"Tuesday, July 28, 2026",regular_season,Washington Mystics,Connecticut Sun,Angela Dugalic,F,4,0-0,0-0,0-0,0,1,1,1,0,0,2,1,0,-3
20260728_CON_WSH,"Tuesday, July 28, 2026",regular_season,Washington Mystics,Connecticut Sun,Lauren Betts,C,14,1-3,0-0,6-6,1,7,8,1,0,1,1,1,8,-2
20260728_CON_WSH,"Tuesday, July 28, 2026",regular_season,Washington Mystics,Connecticut Sun,Cotie McMahon,G,22,2-5,0-2,7-8,0,2,2,2,0,2,0,1,11,+2
20260728_CON_WSH,"Tuesday, July 28, 2026",regular_season,Washington Mystics,Connecticut Sun,Cassandre Prosper,G,3,0-0,0-0,0-0,0,0,0,0,0,0,0,0,0,-5
20260728_CON_WSH,"Tuesday, July 28, 2026",regular_season,Washington Mystics,Connecticut Sun,Alicia Florez,G,5,0-2,0-1,0-0,0,1,1,0,0,0,0,1,0,-3
20260728_CON_WSH,"Tuesday, July 28, 2026",regular_season,Washington Mystics,Connecticut Sun,Rori Harmon,G,,,,,,,,,,,,,,
20260728_CON_WSH,"Tuesday, July 28, 2026",regular_season,Washington Mystics,Connecticut Sun,Lucy Olsen,G,,,,,,,,,,,,,,
20260728_CON_WSH,"Tuesday, July 28, 2026",regular_season,Washington Mystics,Connecticut Sun,Darianna Littlepage-Buggs,G,,,,,,,,,,,,,,
20260729_TOR_MIN,"Wednesday, July 29, 2026",regular_season,Toronto Tempo,Minnesota Lynx,Maria Conde,F,30,7-16,4-9,2-2,3,7,10,1,1,0,4,2,20,-11
20260729_TOR_MIN,"Wednesday, July 29, 2026",regular_season,Toronto Tempo,Minnesota Lynx,Laura Juskaite,F,34,7-14,3-7,1-2,1,3,4,1,0,0,3,3,18,-7
20260729_TOR_MIN,"Wednesday, July 29, 2026",regular_season,Toronto Tempo,Minnesota Lynx,Temi Fagbenle,C,26,4-8,0-1,1-2,2,4,6,0,1,1,1,2,9,0
20260729_TOR_MIN,"Wednesday, July 29, 2026",regular_season,Toronto Tempo,Minnesota Lynx,Marina Mabrey,G,32,7-17,3-10,8-8,1,7,8,6,0,0,3,2,25,+5
20260729_TOR_MIN,"Wednesday, July 29, 2026",regular_season,Toronto Tempo,Minnesota Lynx,Julie Allemand,G,32,4-5,2-3,0-0,0,0,0,7,2,1,2,0,10,-12
20260729_TOR_MIN,"Wednesday, July 29, 2026",regular_season,Toronto Tempo,Minnesota Lynx,Teonni Key,F,16,2-4,0-1,0-0,1,2,3,0,2,2,0,2,4,-8
20260729_TOR_MIN,"Wednesday, July 29, 2026",regular_season,Toronto Tempo,Minnesota Lynx,Kia Nurse,G,14,1-3,1-2,0-0,1,1,2,3,1,0,0,2,3,-2
20260729_TOR_MIN,"Wednesday, July 29, 2026",regular_season,Toronto Tempo,Minnesota Lynx,Kiki Rice,G,17,1-6,0-2,2-3,1,2,3,4,0,0,2,5,4,0
20260729_TOR_MIN,"Wednesday, July 29, 2026",regular_season,Toronto Tempo,Minnesota Lynx,Isabelle Harrison,F,,,,,,,,,,,,,,
20260729_TOR_MIN,"Wednesday, July 29, 2026",regular_season,Toronto Tempo,Minnesota Lynx,Nyara Sabally,F,,,,,,,,,,,,,,
20260729_TOR_MIN,"Wednesday, July 29, 2026",regular_season,Toronto Tempo,Minnesota Lynx,Brittney Sykes,G,,,,,,,,,,,,,,
20260729_TOR_MIN,"Wednesday, July 29, 2026",regular_season,Toronto Tempo,Minnesota Lynx,Tima Pouye,G,,,,,,,,,,,,,,
20260729_TOR_MIN,"Wednesday, July 29, 2026",regular_season,Toronto Tempo,Minnesota Lynx,Ornella Bankole,G,,,,,,,,,,,,,,
20260729_TOR_MIN,"Wednesday, July 29, 2026",regular_season,Minnesota Lynx,Toronto Tempo,Natasha Howard,F,29,4-7,0-0,5-6,3,3,6,4,0,1,1,3,13,+7
20260729_TOR_MIN,"Wednesday, July 29, 2026",regular_season,Minnesota Lynx,Toronto Tempo,Napheesa Collier,F,25,6-13,0-3,3-4,1,5,6,3,2,1,2,4,15,+7
20260729_TOR_MIN,"Wednesday, July 29, 2026",regular_season,Minnesota Lynx,Toronto Tempo,Kayla McBride,G,35,6-10,4-7,2-2,0,1,1,4,3,0,0,3,18,+9
20260729_TOR_MIN,"Wednesday, July 29, 2026",regular_season,Minnesota Lynx,Toronto Tempo,Courtney Williams,G,26,2-11,1-2,0-0,0,4,4,4,0,0,1,2,5,+6
20260729_TOR_MIN,"Wednesday, July 29, 2026",regular_season,Minnesota Lynx,Toronto Tempo,Olivia Miles,G,32,9-17,4-5,2-2,2,4,6,8,1,0,3,2,24,+7
20260729_TOR_MIN,"Wednesday, July 29, 2026",regular_season,Minnesota Lynx,Toronto Tempo,Nia Coffey,F,14,0-1,0-0,0-0,0,4,4,1,2,0,0,1,0,-1
20260729_TOR_MIN,"Wednesday, July 29, 2026",regular_season,Minnesota Lynx,Toronto Tempo,Dorka Juhasz,F,15,1-2,0-1,0-2,0,1,1,2,0,1,3,1,2,-1
20260729_TOR_MIN,"Wednesday, July 29, 2026",regular_season,Minnesota Lynx,Toronto Tempo,Antonia Delaere,F,9,4-5,4-5,0-0,0,1,1,0,0,0,0,0,12,-3
20260729_TOR_MIN,"Wednesday, July 29, 2026",regular_season,Minnesota Lynx,Toronto Tempo,Maya Caldwell,G,13,3-4,1-2,0-0,1,1,2,0,0,0,1,3,7,+4
20260729_TOR_MIN,"Wednesday, July 29, 2026",regular_season,Minnesota Lynx,Toronto Tempo,Eliska Hamzova,G,3,2-2,0-0,0-0,0,0,0,0,0,1,0,1,4,0
20260729_TOR_MIN,"Wednesday, July 29, 2026",regular_season,Minnesota Lynx,Toronto Tempo,Anastasiia Olairi Kosu,F,,,,,,,,,,,,,,
20260729_TOR_MIN,"Wednesday, July 29, 2026",regular_season,Minnesota Lynx,Toronto Tempo,Emma Cechova,F,,,,,,,,,,,,,,
20260729_IND_SEA,"Wednesday, July 29, 2026",regular_season,Indiana Fever,Seattle Storm,Monique Billings,F,30,4-6,0-0,6-6,3,8,11,1,0,1,2,4,14,-3
20260729_IND_SEA,"Wednesday, July 29, 2026",regular_season,Indiana Fever,Seattle Storm,Aliyah Boston,C,11,4-7,1-2,2-2,0,2,2,1,1,0,0,2,11,+3
20260729_IND_SEA,"Wednesday, July 29, 2026",regular_season,Indiana Fever,Seattle Storm,Kelsey Mitchell,G,35,9-18,4-7,6-6,0,2,2,2,1,0,2,5,28,+11
20260729_IND_SEA,"Wednesday, July 29, 2026",regular_season,Indiana Fever,Seattle Storm,Lexie Hull,G,17,0-4,0-2,0-0,0,3,3,0,0,0,0,0,0,-3
20260729_IND_SEA,"Wednesday, July 29, 2026",regular_season,Indiana Fever,Seattle Storm,Caitlin Clark,G,33,9-14,4-7,10-10,0,4,4,7,1,1,4,4,32,+7
20260729_IND_SEA,"Wednesday, July 29, 2026",regular_season,Indiana Fever,Seattle Storm,Myisha Hines-Allen,F,11,2-4,1-1,0-0,1,3,4,1,0,0,0,1,5,+4
20260729_IND_SEA,"Wednesday, July 29, 2026",regular_season,Indiana Fever,Seattle Storm,Makayla Timpson,F,28,2-3,0-0,0-0,2,2,4,0,0,1,0,4,4,+14
20260729_IND_SEA,"Wednesday, July 29, 2026",regular_season,Indiana Fever,Seattle Storm,Sophie Cunningham,G,24,3-6,3-4,2-2,0,5,5,2,0,0,1,1,11,+15
20260729_IND_SEA,"Wednesday, July 29, 2026",regular_season,Indiana Fever,Seattle Storm,Tyasha Harris,G,12,0-2,0-1,0-0,0,1,1,2,0,0,2,0,0,+2
20260729_IND_SEA,"Wednesday, July 29, 2026",regular_season,Indiana Fever,Seattle Storm,Grace VanSlooten,F,,,,,,,,,,,,,,
20260729_IND_SEA,"Wednesday, July 29, 2026",regular_season,Indiana Fever,Seattle Storm,Damiris Dantas,C,,,,,,,,,,,,,,
20260729_IND_SEA,"Wednesday, July 29, 2026",regular_season,Indiana Fever,Seattle Storm,Raven Johnson,G,,,,,,,,,,,,,,
20260729_IND_SEA,"Wednesday, July 29, 2026",regular_season,Seattle Storm,Indiana Fever,Jordan Horston,F,27,3-7,0-2,1-2,1,3,4,2,1,0,0,4,7,+2
20260729_IND_SEA,"Wednesday, July 29, 2026",regular_season,Seattle Storm,Indiana Fever,Awa Fam,C,34,4-13,1-6,2-2,4,1,5,2,0,1,0,4,11,-7
20260729_IND_SEA,"Wednesday, July 29, 2026",regular_season,Seattle Storm,Indiana Fever,Natisha Hiedeman,G,35,11-20,6-10,5-8,0,6,6,4,0,0,0,1,33,0
20260729_IND_SEA,"Wednesday, July 29, 2026",regular_season,Seattle Storm,Indiana Fever,Flau'jae Johnson,G,24,4-15,0-6,8-9,2,1,3,2,2,1,0,6,16,-1
20260729_IND_SEA,"Wednesday, July 29, 2026",regular_season,Seattle Storm,Indiana Fever,Jade Melbourne,G,29,4-7,0-2,0-0,2,1,3,4,0,0,3,4,8,-6
20260729_IND_SEA,"Wednesday, July 29, 2026",regular_season,Seattle Storm,Indiana Fever,Katie Lou Samuelson,F,12,2-5,1-4,0-0,1,4,5,1,2,0,0,0,5,-9
20260729_IND_SEA,"Wednesday, July 29, 2026",regular_season,Seattle Storm,Indiana Fever,Mackenzie Holmes,F,5,0-1,0-0,0-0,1,1,2,0,1,0,0,0,0,-8
20260729_IND_SEA,"Wednesday, July 29, 2026",regular_season,Seattle Storm,Indiana Fever,Stefanie Dolson,C,16,2-3,1-1,0-0,4,2,6,1,0,0,1,2,5,-7
20260729_IND_SEA,"Wednesday, July 29, 2026",regular_season,Seattle Storm,Indiana Fever,Zia Cooke,G,15,2-8,2-3,4-6,1,1,2,0,0,0,0,1,10,-9
20260729_IND_SEA,"Wednesday, July 29, 2026",regular_season,Seattle Storm,Indiana Fever,Taina Mair,G,2,0-0,0-0,0-0,0,0,0,1,0,0,0,0,0,-5
20260729_IND_SEA,"Wednesday, July 29, 2026",regular_season,Seattle Storm,Indiana Fever,Ezi Magbegor,F,,,,,,,,,,,,,,
20260729_IND_SEA,"Wednesday, July 29, 2026",regular_season,Seattle Storm,Indiana Fever,Taylor Thierry,F,,,,,,,,,,,,,,
20260729_IND_SEA,"Wednesday, July 29, 2026",regular_season,Seattle Storm,Indiana Fever,Dominique Malonga,C,,,,,,,,,,,,,,
20260729_POR_LV,"Wednesday, July 29, 2026",regular_season,Portland Fire,Las Vegas Aces,Bridget Carleton,F,27,4-15,3-9,2-2,1,3,4,4,1,0,0,1,13,-14
20260729_POR_LV,"Wednesday, July 29, 2026",regular_season,Portland Fire,Las Vegas Aces,Emily Engstler,F,19,3-6,1-3,0-4,2,8,10,0,1,1,3,3,7,-12
20260729_POR_LV,"Wednesday, July 29, 2026",regular_season,Portland Fire,Las Vegas Aces,Nyadiew Puoch,F,20,1-3,0-1,1-2,1,2,3,0,1,0,1,1,3,+1
20260729_POR_LV,"Wednesday, July 29, 2026",regular_season,Portland Fire,Las Vegas Aces,Megan DiLeo,C,27,8-13,1-5,3-3,4,2,6,1,0,0,1,2,20,-2
20260729_POR_LV,"Wednesday, July 29, 2026",regular_season,Portland Fire,Las Vegas Aces,Carla Leite,G,22,4-10,1-3,2-2,0,0,0,3,0,0,0,6,11,-10
20260729_POR_LV,"Wednesday, July 29, 2026",regular_season,Portland Fire,Las Vegas Aces,Frieda Buhner,F,21,3-5,2-3,8-8,2,3,5,2,2,0,0,3,16,-3
20260729_POR_LV,"Wednesday, July 29, 2026",regular_season,Portland Fire,Las Vegas Aces,Luisa Geiselsoder,C,3,0-1,0-1,0-0,0,2,2,0,0,0,1,0,0,+1
20260729_POR_LV,"Wednesday, July 29, 2026",regular_season,Portland Fire,Las Vegas Aces,Serah Williams,C,13,1-3,0-0,2-2,1,1,2,1,0,0,2,2,4,-13
20260729_POR_LV,"Wednesday, July 29, 2026",regular_season,Portland Fire,Las Vegas Aces,Karlie Samuelson,G,19,1-3,1-3,0-0,1,0,1,2,0,0,0,0,3,-17
20260729_POR_LV,"Wednesday, July 29, 2026",regular_season,Portland Fire,Las Vegas Aces,Holly Winterburn,G,14,0-4,0-1,0-0,0,0,0,3,0,0,1,1,0,0
20260729_POR_LV,"Wednesday, July 29, 2026",regular_season,Portland Fire,Las Vegas Aces,Teja Oblak,G,15,2-5,0-2,2-2,0,0,0,2,0,0,4,4,6,-6
20260729_POR_LV,"Wednesday, July 29, 2026",regular_season,Las Vegas Aces,Portland Fire,Stephanie Talbot,F,15,1-3,0-1,0-0,0,0,0,1,2,0,0,3,2,-9
20260729_POR_LV,"Wednesday, July 29, 2026",regular_season,Las Vegas Aces,Portland Fire,Brianna Turner,F,32,4-6,0-0,0-0,1,3,4,1,1,2,1,4,8,+11
20260729_POR_LV,"Wednesday, July 29, 2026",regular_season,Las Vegas Aces,Portland Fire,A'ja Wilson,C,30,7-10,1-3,13-14,1,13,14,4,2,0,3,2,28,+14
20260729_POR_LV,"Wednesday, July 29, 2026",regular_season,Las Vegas Aces,Portland Fire,Chelsea Gray,G,32,6-9,2-3,3-3,0,1,1,7,0,0,3,0,17,+10
20260729_POR_LV,"Wednesday, July 29, 2026",regular_season,Las Vegas Aces,Portland Fire,Jackie Young,G,28,9-14,2-7,5-5,0,2,2,2,1,0,2,2,25,+10
20260729_POR_LV,"Wednesday, July 29, 2026",regular_season,Las Vegas Aces,Portland Fire,Jewell Loyd,G,25,3-7,3-6,2-2,0,5,5,3,0,0,0,2,11,+25
20260729_POR_LV,"Wednesday, July 29, 2026",regular_season,Las Vegas Aces,Portland Fire,Dana Evans,G,18,1-3,0-0,0-2,0,2,2,3,1,1,2,2,2,+6
20260729_POR_LV,"Wednesday, July 29, 2026",regular_season,Las Vegas Aces,Portland Fire,Ta'Niya Latson,G,4,1-2,0-0,0-0,0,0,0,0,0,0,1,0,2,-1
20260729_POR_LV,"Wednesday, July 29, 2026",regular_season,Las Vegas Aces,Portland Fire,Justine Pissott,G,12,1-2,1-2,0-0,0,2,2,0,0,0,0,6,3,+10
20260729_POR_LV,"Wednesday, July 29, 2026",regular_season,Las Vegas Aces,Portland Fire,Mai Yamamoto,G,3,0-1,0-0,0-0,0,0,0,0,0,0,0,0,0,-1
20260729_NY_LA,"Wednesday, July 29, 2026",regular_season,New York Liberty,Los Angeles Sparks,Breanna Stewart,F,37,11-19,2-4,5-6,0,4,4,7,4,3,1,0,29,+9
20260729_NY_LA,"Wednesday, July 29, 2026",regular_season,New York Liberty,Los Angeles Sparks,Jonquel Jones,C,24,4-6,1-2,0-0,1,4,5,6,1,1,4,3,9,-23
20260729_NY_LA,"Wednesday, July 29, 2026",regular_season,New York Liberty,Los Angeles Sparks,Rebecca Allen,G,18,1-5,1-4,0-0,1,1,2,1,2,1,0,2,3,-15
20260729_NY_LA,"Wednesday, July 29, 2026",regular_season,New York Liberty,Los Angeles Sparks,Sabrina Ionescu,G,36,9-16,5-9,4-4,1,6,7,6,0,0,7,1,27,+7
20260729_NY_LA,"Wednesday, July 29, 2026",regular_season,New York Liberty,Los Angeles Sparks,Pauline Astier,G,16,2-2,0-0,0-0,1,1,2,2,1,0,1,4,4,-6
20260729_NY_LA,"Wednesday, July 29, 2026",regular_season,New York Liberty,Los Angeles Sparks,Raquel Carrera,F,3,0-0,0-0,0-0,0,0,0,0,0,0,0,0,0,-5
20260729_NY_LA,"Wednesday, July 29, 2026",regular_season,New York Liberty,Los Angeles Sparks,Han Xu,C,21,5-10,3-6,0-0,1,2,3,0,1,2,1,0,13,+29
20260729_NY_LA,"Wednesday, July 29, 2026",regular_season,New York Liberty,Los Angeles Sparks,Rebekah Gardner,G,23,5-6,2-3,3-4,0,2,2,4,0,0,1,0,15,+17
20260729_NY_LA,"Wednesday, July 29, 2026",regular_season,New York Liberty,Los Angeles Sparks,Marine Fauthoux,G,22,4-6,3-4,2-2,2,1,3,1,1,0,2,3,13,+7
20260729_NY_LA,"Wednesday, July 29, 2026",regular_season,New York Liberty,Los Angeles Sparks,Betnijah Laney-Hamilton,G,,,,,,,,,,,,,,
20260729_NY_LA,"Wednesday, July 29, 2026",regular_season,Los Angeles Sparks,New York Liberty,Nneka Ogwumike,F,28,9-12,3-5,0-0,1,3,4,9,2,0,1,5,21,+4
20260729_NY_LA,"Wednesday, July 29, 2026",regular_season,Los Angeles Sparks,New York Liberty,Dearica Hamby,F,33,5-11,0-1,2-3,0,2,2,4,2,0,1,0,12,-8
20260729_NY_LA,"Wednesday, July 29, 2026",regular_season,Los Angeles Sparks,New York Liberty,Erica Wheeler,G,27,6-9,4-5,1-2,0,1,1,9,0,0,1,4,17,+15
20260729_NY_LA,"Wednesday, July 29, 2026",regular_season,Los Angeles Sparks,New York Liberty,Ariel Atkins,G,34,6-8,2-4,2-2,1,4,5,5,1,0,4,4,16,-4
20260729_NY_LA,"Wednesday, July 29, 2026",regular_season,Los Angeles Sparks,New York Liberty,Rae Burrell,G,34,10-17,4-8,0-0,0,3,3,3,4,0,5,1,24,-2
20260729_NY_LA,"Wednesday, July 29, 2026",regular_season,Los Angeles Sparks,New York Liberty,Cameron Brink,F,19,5-9,1-3,0-0,0,6,6,2,0,1,3,3,11,-4
20260729_NY_LA,"Wednesday, July 29, 2026",regular_season,Los Angeles Sparks,New York Liberty,Jihyun Park,F,6,0-0,0-0,0-0,0,0,0,0,1,0,0,0,0,+9
20260729_NY_LA,"Wednesday, July 29, 2026",regular_season,Los Angeles Sparks,New York Liberty,Kiana Williams,G,5,1-2,1-1,0-0,0,0,0,1,0,0,0,0,3,-9
20260729_NY_LA,"Wednesday, July 29, 2026",regular_season,Los Angeles Sparks,New York Liberty,Chance Gray,G,14,2-5,1-4,0-0,0,0,0,2,0,0,0,0,5,-21
20260729_NY_LA,"Wednesday, July 29, 2026",regular_season,Los Angeles Sparks,New York Liberty,Emma Cannon,F,,,,,,,,,,,,,,
20260729_NY_LA,"Wednesday, July 29, 2026",regular_season,Los Angeles Sparks,New York Liberty,Kate Martin,G,,,,,,,,,,,,,,
