game_id,date,season_phase,team,opponent,player,position,min,fg,3pt,ft,oreb,dreb,reb,ast,stl,blk,to,pf,pts,plus_minus,fgm,fga,3pm,3pa,ftm,fta,player_shot_value,player_offensive_flow,assist_turnover_ratio
20260430_DAL_IND,"Thursday, April 30, 2026",preseason,Dallas Wings,Indiana Fever,Alanna Smith,F,19.0,1-2,1-1,2-2,0.0,4.0,4.0,5.0,1.0,0.0,5.0,2.0,5.0,10.0,1.0,2.0,1.0,1.0,2.0,2.0,2.5,5.0,1.0
20260430_DAL_IND,"Thursday, April 30, 2026",preseason,Dallas Wings,Indiana Fever,Maddy Siegrist,F,29.0,7-13,2-5,2-2,2.0,9.0,11.0,0.0,1.0,1.0,1.0,4.0,18.0,12.0,7.0,13.0,2.0,5.0,2.0,2.0,0.6153846153846154,0.0,0.0
20260430_DAL_IND,"Thursday, April 30, 2026",preseason,Dallas Wings,Indiana Fever,Odyssey Sims,G,15.0,4-4,0-0,1-2,1.0,2.0,3.0,4.0,1.0,0.0,0.0,3.0,9.0,18.0,4.0,4.0,0.0,0.0,1.0,2.0,0.25,1.0,999.0
20260430_DAL_IND,"Thursday, April 30, 2026",preseason,Dallas Wings,Indiana Fever,Paige Bueckers,G,20.0,8-12,4-6,0-0,0.0,2.0,2.0,3.0,1.0,0.0,3.0,2.0,20.0,15.0,8.0,12.0,4.0,6.0,0.0,0.0,1.0,0.375,1.0
20260430_DAL_IND,"Thursday, April 30, 2026",preseason,Dallas Wings,Indiana Fever,Azzi Fudd,G,16.0,2-7,0-2,0-0,0.0,0.0,0.0,1.0,0.0,0.0,0.0,3.0,4.0,-3.0,2.0,7.0,0.0,2.0,0.0,0.0,0.0,0.5,999.0
20260430_DAL_IND,"Thursday, April 30, 2026",preseason,Dallas Wings,Indiana Fever,Alysha Clark,F,7.0,0-0,0-0,0-0,1.0,2.0,3.0,1.0,2.0,0.0,2.0,2.0,0.0,5.0,0.0,0.0,0.0,0.0,0.0,0.0,,,0.5
20260430_DAL_IND,"Thursday, April 30, 2026",preseason,Dallas Wings,Indiana Fever,Amy Okonkwo,F,10.0,0-2,0-1,0-0,1.0,1.0,2.0,0.0,1.0,0.0,2.0,0.0,0.0,-6.0,0.0,2.0,0.0,1.0,0.0,0.0,0.0,,0.0
20260430_DAL_IND,"Thursday, April 30, 2026",preseason,Dallas Wings,Indiana Fever,Dulcy Fankam Mendjiadeu,F,12.0,4-7,0-0,0-0,1.0,2.0,3.0,1.0,0.0,0.0,1.0,5.0,8.0,6.0,4.0,7.0,0.0,0.0,0.0,0.0,0.0,0.25,1.0
20260430_DAL_IND,"Thursday, April 30, 2026",preseason,Dallas Wings,Indiana Fever,Li Yueru,C,12.0,3-5,0-1,2-3,5.0,3.0,8.0,2.0,0.0,0.0,3.0,3.0,8.0,-2.0,3.0,5.0,0.0,1.0,2.0,3.0,0.4,0.6666666666666666,0.667
20260430_DAL_IND,"Thursday, April 30, 2026",preseason,Dallas Wings,Indiana Fever,Lindsay Allen,G,14.0,1-2,0-0,1-1,0.0,0.0,0.0,2.0,0.0,0.0,1.0,3.0,3.0,-5.0,1.0,2.0,0.0,0.0,1.0,1.0,0.5,2.0,2.0
20260430_DAL_IND,"Thursday, April 30, 2026",preseason,Dallas Wings,Indiana Fever,Grace Berger,G,14.0,1-3,1-2,0-0,0.0,2.0,2.0,3.0,0.0,0.0,0.0,0.0,3.0,6.0,1.0,3.0,1.0,2.0,0.0,0.0,1.0,3.0,999.0
20260430_DAL_IND,"Thursday, April 30, 2026",preseason,Dallas Wings,Indiana Fever,Aziaha James,G,31.0,5-13,0-5,7-7,1.0,6.0,7.0,3.0,4.0,0.0,4.0,5.0,17.0,19.0,5.0,13.0,0.0,5.0,7.0,7.0,0.5384615384615384,0.6,0.75
20260430_DAL_IND,"Thursday, April 30, 2026",preseason,Indiana Fever,Dallas Wings,Myisha Hines-Allen,F,17.0,2-3,0-1,3-4,2.0,5.0,7.0,1.0,0.0,0.0,2.0,2.0,7.0,-8.0,2.0,3.0,0.0,1.0,3.0,4.0,1.0,0.5,0.5
20260430_DAL_IND,"Thursday, April 30, 2026",preseason,Indiana Fever,Dallas Wings,Monique Billings,F,22.0,1-5,0-1,0-0,1.0,2.0,3.0,0.0,1.0,0.0,3.0,5.0,2.0,-11.0,1.0,5.0,0.0,1.0,0.0,0.0,0.0,0.0,0.0
20260430_DAL_IND,"Thursday, April 30, 2026",preseason,Indiana Fever,Dallas Wings,Kelsey Mitchell,G,17.0,4-12,0-4,2-2,0.0,0.0,0.0,0.0,0.0,0.0,1.0,2.0,10.0,-18.0,4.0,12.0,0.0,4.0,2.0,2.0,0.16666666666666666,0.0,0.0
20260430_DAL_IND,"Thursday, April 30, 2026",preseason,Indiana Fever,Dallas Wings,Sophie Cunningham,G,14.0,0-0,0-0,1-3,0.0,1.0,1.0,0.0,0.0,0.0,0.0,1.0,1.0,-16.0,0.0,0.0,0.0,0.0,1.0,3.0,,,0.0
20260430_DAL_IND,"Thursday, April 30, 2026",preseason,Indiana Fever,Dallas Wings,Caitlin Clark,G,16.0,4-6,2-3,11-13,0.0,2.0,2.0,4.0,1.0,0.0,3.0,2.0,21.0,-7.0,4.0,6.0,2.0,3.0,11.0,13.0,2.8333333333333335,1.0,1.333
20260430_DAL_IND,"Thursday, April 30, 2026",preseason,Indiana Fever,Dallas Wings,Makayla Timpson,F,23.0,3-4,0-0,5-7,0.0,2.0,2.0,0.0,1.0,1.0,0.0,1.0,11.0,-6.0,3.0,4.0,0.0,0.0,5.0,7.0,1.25,0.0,0.0
20260430_DAL_IND,"Thursday, April 30, 2026",preseason,Indiana Fever,Dallas Wings,Damiris Dantas,C,18.0,2-11,0-8,3-4,0.0,5.0,5.0,1.0,0.0,0.0,3.0,2.0,7.0,-5.0,2.0,11.0,0.0,8.0,3.0,4.0,0.2727272727272727,0.5,0.333
20260430_DAL_IND,"Thursday, April 30, 2026",preseason,Indiana Fever,Dallas Wings,Shatori Walker-Kimbrough,G,20.0,3-7,0-0,1-4,0.0,2.0,2.0,4.0,2.0,1.0,0.0,0.0,7.0,-1.0,3.0,7.0,0.0,0.0,1.0,4.0,0.14285714285714285,1.3333333333333333,999.0
20260430_DAL_IND,"Thursday, April 30, 2026",preseason,Indiana Fever,Dallas Wings,Kayana Traylor,G,11.0,3-5,2-3,0-0,0.0,0.0,0.0,0.0,0.0,0.0,0.0,1.0,8.0,8.0,3.0,5.0,2.0,3.0,0.0,0.0,1.2,0.0,0.0
20260430_DAL_IND,"Thursday, April 30, 2026",preseason,Indiana Fever,Dallas Wings,Megan McConnell,G,9.0,0-1,0-0,0-0,1.0,1.0,2.0,0.0,0.0,1.0,1.0,0.0,0.0,-3.0,0.0,1.0,0.0,0.0,0.0,0.0,0.0,,0.0
20260430_DAL_IND,"Thursday, April 30, 2026",preseason,Indiana Fever,Dallas Wings,Raven Johnson,G,21.0,1-3,0-1,1-3,0.0,1.0,1.0,5.0,5.0,0.0,3.0,3.0,3.0,-2.0,1.0,3.0,0.0,1.0,1.0,3.0,0.3333333333333333,5.0,1.667
20260430_DAL_IND,"Thursday, April 30, 2026",preseason,Indiana Fever,Dallas Wings,Jessica Timmons,G,11.0,1-3,0-2,1-2,1.0,0.0,1.0,0.0,0.0,0.0,1.0,2.0,3.0,-6.0,1.0,3.0,0.0,2.0,1.0,2.0,0.3333333333333333,0.0,0.0
20260502_TOR_MIN,"Saturday, May 02, 2026",preseason,Toronto Tempo,Minnesota Lynx,Laura Juskaite,F,28.0,2-10,0-3,2-2,1.0,6.0,7.0,1.0,2.0,0.0,3.0,4.0,6.0,-5.0,2.0,10.0,0.0,3.0,2.0,2.0,0.2,0.5,0.333
20260502_TOR_MIN,"Saturday, May 02, 2026",preseason,Toronto Tempo,Minnesota Lynx,Temi Fagbenle,C,15.0,2-7,0-0,0-0,2.0,5.0,7.0,2.0,0.0,1.0,0.0,3.0,4.0,1.0,2.0,7.0,0.0,0.0,0.0,0.0,0.0,1.0,999.0
20260502_TOR_MIN,"Saturday, May 02, 2026",preseason,Toronto Tempo,Minnesota Lynx,Brittney Sykes,G,17.0,3-9,0-3,2-2,0.0,1.0,1.0,0.0,1.0,0.0,3.0,3.0,8.0,-4.0,3.0,9.0,0.0,3.0,2.0,2.0,0.2222222222222222,0.0,0.0
20260502_TOR_MIN,"Saturday, May 02, 2026",preseason,Toronto Tempo,Minnesota Lynx,Kia Nurse,G,15.0,2-5,1-3,2-2,0.0,0.0,0.0,0.0,0.0,0.0,1.0,1.0,7.0,6.0,2.0,5.0,1.0,3.0,2.0,2.0,1.0,0.0,0.0
20260502_TOR_MIN,"Saturday, May 02, 2026",preseason,Toronto Tempo,Minnesota Lynx,Julie Allemand,G,22.0,2-3,1-2,0-0,0.0,6.0,6.0,2.0,0.0,0.0,0.0,2.0,5.0,6.0,2.0,3.0,1.0,2.0,0.0,0.0,1.0,1.0,999.0
20260502_TOR_MIN,"Saturday, May 02, 2026",preseason,Toronto Tempo,Minnesota Lynx,Teonni Key,F,22.0,1-6,0-1,2-4,2.0,4.0,6.0,2.0,0.0,1.0,1.0,6.0,4.0,-3.0,1.0,6.0,0.0,1.0,2.0,4.0,0.3333333333333333,2.0,2.0
20260502_TOR_MIN,"Saturday, May 02, 2026",preseason,Toronto Tempo,Minnesota Lynx,Elizabeth Balogun,G,15.0,5-8,2-3,0-0,1.0,0.0,1.0,0.0,1.0,0.0,0.0,3.0,12.0,-7.0,5.0,8.0,2.0,3.0,0.0,0.0,0.75,0.0,0.0
20260502_TOR_MIN,"Saturday, May 02, 2026",preseason,Toronto Tempo,Minnesota Lynx,Lexi Held,G,23.0,2-8,1-3,0-0,1.0,0.0,1.0,0.0,1.0,0.0,0.0,4.0,5.0,-3.0,2.0,8.0,1.0,3.0,0.0,0.0,0.375,0.0,0.0
20260502_TOR_MIN,"Saturday, May 02, 2026",preseason,Toronto Tempo,Minnesota Lynx,Kiki Rice,G,23.0,4-7,0-1,2-3,0.0,2.0,2.0,2.0,1.0,0.0,0.0,2.0,10.0,-14.0,4.0,7.0,0.0,1.0,2.0,3.0,0.2857142857142857,0.5,999.0
20260502_TOR_MIN,"Saturday, May 02, 2026",preseason,Toronto Tempo,Minnesota Lynx,Aaliyah Nye,G,20.0,1-5,1-5,2-3,0.0,3.0,3.0,2.0,1.0,0.0,1.0,3.0,5.0,-12.0,1.0,5.0,1.0,5.0,2.0,3.0,1.0,2.0,2.0
20260502_TOR_MIN,"Saturday, May 02, 2026",preseason,Toronto Tempo,Minnesota Lynx,Nikolina Milic,F,,,,,,,,,,,,,,,,,,,,,,,
20260502_TOR_MIN,"Saturday, May 02, 2026",preseason,Minnesota Lynx,Toronto Tempo,Natasha Howard,F,13.0,0-5,0-0,0-0,1.0,1.0,2.0,2.0,0.0,0.0,0.0,2.0,0.0,-6.0,0.0,5.0,0.0,0.0,0.0,0.0,0.0,,999.0
20260502_TOR_MIN,"Saturday, May 02, 2026",preseason,Minnesota Lynx,Toronto Tempo,Nia Coffey,F,17.0,4-6,1-2,0-0,1.0,3.0,4.0,0.0,0.0,0.0,0.0,0.0,9.0,2.0,4.0,6.0,1.0,2.0,0.0,0.0,0.5,0.0,0.0
20260502_TOR_MIN,"Saturday, May 02, 2026",preseason,Minnesota Lynx,Toronto Tempo,Kayla McBride,G,21.0,4-7,0-0,5-7,0.0,3.0,3.0,1.0,1.0,0.0,1.0,0.0,13.0,0.0,4.0,7.0,0.0,0.0,5.0,7.0,0.7142857142857143,0.25,1.0
20260502_TOR_MIN,"Saturday, May 02, 2026",preseason,Minnesota Lynx,Toronto Tempo,Courtney Williams,G,17.0,0-5,0-0,0-0,0.0,5.0,5.0,6.0,1.0,0.0,4.0,1.0,0.0,-2.0,0.0,5.0,0.0,0.0,0.0,0.0,0.0,,1.5
20260502_TOR_MIN,"Saturday, May 02, 2026",preseason,Minnesota Lynx,Toronto Tempo,Olivia Miles,G,28.0,5-13,0-1,3-5,1.0,5.0,6.0,2.0,0.0,0.0,2.0,2.0,13.0,1.0,5.0,13.0,0.0,1.0,3.0,5.0,0.23076923076923078,0.4,1.0
20260502_TOR_MIN,"Saturday, May 02, 2026",preseason,Minnesota Lynx,Toronto Tempo,Liatu King,F,10.0,1-3,0-0,1-4,2.0,1.0,3.0,0.0,1.0,0.0,2.0,2.0,3.0,-7.0,1.0,3.0,0.0,0.0,1.0,4.0,0.3333333333333333,0.0,0.0
20260502_TOR_MIN,"Saturday, May 02, 2026",preseason,Minnesota Lynx,Toronto Tempo,Antonia Delaere,F,17.0,0-2,0-0,2-2,0.0,1.0,1.0,2.0,0.0,0.0,0.0,1.0,2.0,6.0,0.0,2.0,0.0,0.0,2.0,2.0,1.0,,999.0
20260502_TOR_MIN,"Saturday, May 02, 2026",preseason,Minnesota Lynx,Toronto Tempo,Anastasiia Olairi Kosu,F,15.0,3-4,0-0,4-4,1.0,4.0,5.0,0.0,0.0,0.0,0.0,0.0,10.0,12.0,3.0,4.0,0.0,0.0,4.0,4.0,1.0,0.0,0.0
20260502_TOR_MIN,"Saturday, May 02, 2026",preseason,Minnesota Lynx,Toronto Tempo,Emma Cechova,F,24.0,5-7,0-0,6-10,2.0,4.0,6.0,0.0,0.0,4.0,2.0,3.0,16.0,13.0,5.0,7.0,0.0,0.0,6.0,10.0,0.8571428571428571,0.0,0.0
20260502_TOR_MIN,"Saturday, May 02, 2026",preseason,Minnesota Lynx,Toronto Tempo,Jaylyn Sherrod,G,6.0,0-0,0-0,0-2,1.0,0.0,1.0,1.0,0.0,0.0,0.0,1.0,0.0,0.0,0.0,0.0,0.0,0.0,0.0,2.0,,,999.0
20260502_TOR_MIN,"Saturday, May 02, 2026",preseason,Minnesota Lynx,Toronto Tempo,Saylor Poffenbarger,G,15.0,0-1,0-1,0-0,1.0,1.0,2.0,0.0,0.0,0.0,0.0,1.0,0.0,8.0,0.0,1.0,0.0,1.0,0.0,0.0,0.0,,0.0
20260502_TOR_MIN,"Saturday, May 02, 2026",preseason,Minnesota Lynx,Toronto Tempo,Eliska Hamzova,G,18.0,2-3,1-1,2-3,1.0,1.0,2.0,1.0,0.0,0.0,4.0,4.0,7.0,8.0,2.0,3.0,1.0,1.0,2.0,3.0,1.6666666666666667,0.5,0.25
20260502_TOR_MIN,"Saturday, May 02, 2026",preseason,Minnesota Lynx,Toronto Tempo,Aubrey Griffin,F,,,,,,,,,,,,,,,,,,,,,,,
20260502_TOR_MIN,"Saturday, May 02, 2026",preseason,Minnesota Lynx,Toronto Tempo,Jade Masogayo,F,,,,,,,,,,,,,,,,,,,,,,,
20260502_TOR_MIN,"Saturday, May 02, 2026",preseason,Minnesota Lynx,Toronto Tempo,Reigan Richardson,G,,,,,,,,,,,,,,,,,,,,,,,
20260502_TOR_MIN,"Saturday, May 02, 2026",preseason,Minnesota Lynx,Toronto Tempo,Lani White,G,,,,,,,,,,,,,,,,,,,,,,,
20260502_NIGER_IND,"Saturday, May 02, 2026",preseason,Indiana Fever,NIGERIA,Monique Billings,F,6.0,3-3,1-1,0-0,0.0,2.0,2.0,0.0,1.0,0.0,1.0,1.0,7.0,8.0,3.0,3.0,1.0,1.0,0.0,0.0,1.0,0.0,0.0
20260502_NIGER_IND,"Saturday, May 02, 2026",preseason,Indiana Fever,NIGERIA,Aliyah Boston,C,10.0,2-3,0-0,0-0,1.0,0.0,1.0,6.0,0.0,1.0,1.0,1.0,4.0,21.0,2.0,3.0,0.0,0.0,0.0,0.0,0.0,3.0,6.0
20260502_NIGER_IND,"Saturday, May 02, 2026",preseason,Indiana Fever,NIGERIA,Kelsey Mitchell,G,14.0,6-9,3-3,2-2,0.0,2.0,2.0,2.0,2.0,0.0,1.0,1.0,17.0,28.0,6.0,9.0,3.0,3.0,2.0,2.0,1.2222222222222223,0.3333333333333333,2.0
20260502_NIGER_IND,"Saturday, May 02, 2026",preseason,Indiana Fever,NIGERIA,Sophie Cunningham,G,12.0,3-4,1-2,1-2,0.0,1.0,1.0,3.0,1.0,0.0,0.0,3.0,8.0,34.0,3.0,4.0,1.0,2.0,1.0,2.0,1.0,1.0,999.0
20260502_NIGER_IND,"Saturday, May 02, 2026",preseason,Indiana Fever,NIGERIA,Caitlin Clark,G,13.0,3-4,2-3,4-4,0.0,2.0,2.0,4.0,1.0,0.0,1.0,1.0,12.0,32.0,3.0,4.0,2.0,3.0,4.0,4.0,2.5,1.3333333333333333,4.0
20260502_NIGER_IND,"Saturday, May 02, 2026",preseason,Indiana Fever,NIGERIA,Myisha Hines-Allen,F,14.0,2-4,0-0,1-1,1.0,4.0,5.0,1.0,1.0,0.0,0.0,5.0,5.0,12.0,2.0,4.0,0.0,0.0,1.0,1.0,0.25,0.5,999.0
20260502_NIGER_IND,"Saturday, May 02, 2026",preseason,Indiana Fever,NIGERIA,Makayla Timpson,F,24.0,5-5,0-0,2-3,0.0,5.0,5.0,0.0,2.0,2.0,1.0,0.0,12.0,36.0,5.0,5.0,0.0,0.0,2.0,3.0,0.4,0.0,0.0
20260502_NIGER_IND,"Saturday, May 02, 2026",preseason,Indiana Fever,NIGERIA,Damiris Dantas,C,23.0,5-9,4-6,2-2,2.0,3.0,5.0,3.0,1.0,0.0,2.0,4.0,16.0,14.0,5.0,9.0,4.0,6.0,2.0,2.0,1.5555555555555556,0.6,1.5
20260502_NIGER_IND,"Saturday, May 02, 2026",preseason,Indiana Fever,NIGERIA,Shatori Walker-Kimbrough,G,19.0,2-3,1-2,0-0,1.0,3.0,4.0,0.0,0.0,1.0,2.0,3.0,5.0,17.0,2.0,3.0,1.0,2.0,0.0,0.0,1.0,0.0,0.0
20260502_NIGER_IND,"Saturday, May 02, 2026",preseason,Indiana Fever,NIGERIA,Tyasha Harris,G,12.0,0-3,0-2,2-2,0.0,0.0,0.0,1.0,0.0,0.0,0.0,0.0,2.0,5.0,0.0,3.0,0.0,2.0,2.0,2.0,0.6666666666666666,,999.0
20260502_NIGER_IND,"Saturday, May 02, 2026",preseason,Indiana Fever,NIGERIA,Kayana Traylor,G,11.0,2-6,1-4,0-0,0.0,1.0,1.0,1.0,0.0,0.0,4.0,4.0,5.0,-2.0,2.0,6.0,1.0,4.0,0.0,0.0,0.5,0.5,0.25
20260502_NIGER_IND,"Saturday, May 02, 2026",preseason,Indiana Fever,NIGERIA,Megan McConnell,G,12.0,0-3,0-2,0-0,0.0,3.0,3.0,3.0,2.0,0.0,3.0,0.0,0.0,11.0,0.0,3.0,0.0,2.0,0.0,0.0,0.0,,1.0
20260502_NIGER_IND,"Saturday, May 02, 2026",preseason,Indiana Fever,NIGERIA,Raven Johnson,G,16.0,3-6,1-4,2-2,1.0,6.0,7.0,1.0,1.0,1.0,1.0,4.0,9.0,13.0,3.0,6.0,1.0,4.0,2.0,2.0,0.8333333333333334,0.3333333333333333,1.0
20260502_NIGER_IND,"Saturday, May 02, 2026",preseason,Indiana Fever,NIGERIA,Jessica Timmons,G,13.0,0-5,0-2,3-3,0.0,1.0,1.0,1.0,0.0,0.0,1.0,1.0,3.0,11.0,0.0,5.0,0.0,2.0,3.0,3.0,0.6,,1.0
20260503_WSH_ATL,"Sunday, May 03, 2026",preseason,Washington Mystics,Atlanta Dream,Kiki Iriafen,F,16.0,3-6,1-1,4-5,3.0,1.0,4.0,1.0,0.0,2.0,3.0,5.0,11.0,2.0,3.0,6.0,1.0,1.0,4.0,5.0,1.1666666666666667,0.3333333333333333,0.333
20260503_WSH_ATL,"Sunday, May 03, 2026",preseason,Washington Mystics,Atlanta Dream,Lauren Betts,C,26.0,7-12,0-0,3-4,1.0,3.0,4.0,3.0,1.0,0.0,1.0,3.0,17.0,4.0,7.0,12.0,0.0,0.0,3.0,4.0,0.25,0.42857142857142855,3.0
20260503_WSH_ATL,"Sunday, May 03, 2026",preseason,Washington Mystics,Atlanta Dream,Sonia Citron,G,19.0,2-5,0-0,2-2,0.0,2.0,2.0,3.0,0.0,0.0,0.0,1.0,6.0,11.0,2.0,5.0,0.0,0.0,2.0,2.0,0.4,1.5,999.0
20260503_WSH_ATL,"Sunday, May 03, 2026",preseason,Washington Mystics,Atlanta Dream,Cotie McMahon,G,27.0,2-4,0-0,5-7,0.0,1.0,1.0,1.0,2.0,0.0,0.0,4.0,9.0,10.0,2.0,4.0,0.0,0.0,5.0,7.0,1.25,0.5,999.0
20260503_WSH_ATL,"Sunday, May 03, 2026",preseason,Washington Mystics,Atlanta Dream,Georgia Amoore,G,17.0,3-7,2-4,0-0,0.0,1.0,1.0,2.0,3.0,0.0,2.0,1.0,8.0,6.0,3.0,7.0,2.0,4.0,0.0,0.0,0.8571428571428571,0.6666666666666666,1.0
20260503_WSH_ATL,"Sunday, May 03, 2026",preseason,Washington Mystics,Atlanta Dream,Angela Dugalic,F,20.0,3-7,1-4,0-0,0.0,6.0,6.0,2.0,3.0,1.0,2.0,1.0,7.0,4.0,3.0,7.0,1.0,4.0,0.0,0.0,0.42857142857142855,0.6666666666666666,1.0
20260503_WSH_ATL,"Sunday, May 03, 2026",preseason,Washington Mystics,Atlanta Dream,Christeen Iwuala,F,3.0,1-3,0-0,0-0,1.0,0.0,1.0,1.0,0.0,0.0,0.0,1.0,2.0,2.0,1.0,3.0,0.0,0.0,0.0,0.0,0.0,1.0,999.0
20260503_WSH_ATL,"Sunday, May 03, 2026",preseason,Washington Mystics,Atlanta Dream,Madison Scott,G,5.0,0-1,0-0,0-0,0.0,0.0,0.0,0.0,1.0,0.0,1.0,1.0,0.0,-2.0,0.0,1.0,0.0,0.0,0.0,0.0,0.0,,0.0
20260503_WSH_ATL,"Sunday, May 03, 2026",preseason,Washington Mystics,Atlanta Dream,Rori Harmon,G,18.0,3-6,0-3,0-2,0.0,0.0,0.0,4.0,2.0,0.0,4.0,2.0,6.0,6.0,3.0,6.0,0.0,3.0,0.0,2.0,0.0,1.3333333333333333,1.0
20260503_WSH_ATL,"Sunday, May 03, 2026",preseason,Washington Mystics,Atlanta Dream,Lucy Olsen,G,16.0,3-4,0-0,3-4,1.0,1.0,2.0,2.0,1.0,0.0,2.0,3.0,9.0,1.0,3.0,4.0,0.0,0.0,3.0,4.0,0.75,0.6666666666666666,1.0
20260503_WSH_ATL,"Sunday, May 03, 2026",preseason,Washington Mystics,Atlanta Dream,Darianna Littlepage-Buggs,G,14.0,2-3,1-1,0-0,0.0,2.0,2.0,1.0,0.0,1.0,1.0,0.0,5.0,4.0,2.0,3.0,1.0,1.0,0.0,0.0,1.0,0.5,1.0
20260503_WSH_ATL,"Sunday, May 03, 2026",preseason,Washington Mystics,Atlanta Dream,Cassandre Prosper,G,19.0,1-3,0-1,1-2,0.0,3.0,3.0,0.0,1.0,0.0,0.0,3.0,3.0,7.0,1.0,3.0,0.0,1.0,1.0,2.0,0.3333333333333333,0.0,0.0
20260503_WSH_ATL,"Sunday, May 03, 2026",preseason,Atlanta Dream,Washington Mystics,Naz Hillmon,F,10.0,0-1,0-1,0-0,1.0,0.0,1.0,1.0,0.0,0.0,0.0,0.0,0.0,-5.0,0.0,1.0,0.0,1.0,0.0,0.0,0.0,,999.0
20260503_WSH_ATL,"Sunday, May 03, 2026",preseason,Atlanta Dream,Washington Mystics,Angel Reese,F,11.0,3-7,0-0,4-6,3.0,1.0,4.0,0.0,2.0,0.0,2.0,3.0,10.0,-9.0,3.0,7.0,0.0,0.0,4.0,6.0,0.5714285714285714,0.0,0.0
20260503_WSH_ATL,"Sunday, May 03, 2026",preseason,Atlanta Dream,Washington Mystics,Allisha Gray,G,10.0,1-3,0-1,1-2,0.0,1.0,1.0,0.0,1.0,0.0,2.0,1.0,3.0,3.0,1.0,3.0,0.0,1.0,1.0,2.0,0.3333333333333333,0.0,0.0
20260503_WSH_ATL,"Sunday, May 03, 2026",preseason,Atlanta Dream,Washington Mystics,Jordin Canada,G,9.0,1-3,1-2,0-1,0.0,0.0,0.0,1.0,0.0,0.0,1.0,1.0,3.0,-4.0,1.0,3.0,1.0,2.0,0.0,1.0,1.0,1.0,1.0
20260503_WSH_ATL,"Sunday, May 03, 2026",preseason,Atlanta Dream,Washington Mystics,Rhyne Howard,G,13.0,0-5,0-5,2-2,0.0,0.0,0.0,3.0,1.0,0.0,0.0,0.0,2.0,-6.0,0.0,5.0,0.0,5.0,2.0,2.0,0.4,,999.0
20260503_WSH_ATL,"Sunday, May 03, 2026",preseason,Atlanta Dream,Washington Mystics,Stephanie Jones,F,20.0,0-2,0-1,3-4,2.0,4.0,6.0,1.0,0.0,0.0,2.0,4.0,3.0,-12.0,0.0,2.0,0.0,1.0,3.0,4.0,1.5,,0.5
20260503_WSH_ATL,"Sunday, May 03, 2026",preseason,Atlanta Dream,Washington Mystics,Taylor Thierry,F,13.0,2-5,2-4,1-2,1.0,3.0,4.0,1.0,0.0,0.0,1.0,3.0,7.0,-10.0,2.0,5.0,2.0,4.0,1.0,2.0,1.4,0.5,1.0
20260503_WSH_ATL,"Sunday, May 03, 2026",preseason,Atlanta Dream,Washington Mystics,Sika Kone,F,11.0,2-4,0-1,0-0,1.0,1.0,2.0,0.0,0.0,0.0,0.0,1.0,4.0,1.0,2.0,4.0,0.0,1.0,0.0,0.0,0.0,0.0,0.0
20260503_WSH_ATL,"Sunday, May 03, 2026",preseason,Atlanta Dream,Washington Mystics,Madina Okot,C,21.0,3-6,1-3,2-4,2.0,4.0,6.0,1.0,1.0,2.0,5.0,3.0,9.0,3.0,3.0,6.0,1.0,3.0,2.0,4.0,0.8333333333333334,0.3333333333333333,0.2
20260503_WSH_ATL,"Sunday, May 03, 2026",preseason,Atlanta Dream,Washington Mystics,Maite Cazorla,G,22.0,1-2,0-1,3-4,1.0,3.0,4.0,4.0,2.0,0.0,2.0,5.0,5.0,1.0,1.0,2.0,0.0,1.0,3.0,4.0,1.5,4.0,2.0
20260503_WSH_ATL,"Sunday, May 03, 2026",preseason,Atlanta Dream,Washington Mystics,Te-Hina Paopao,G,9.0,3-4,2-2,0-0,0.0,2.0,2.0,0.0,0.0,0.0,1.0,0.0,8.0,-8.0,3.0,4.0,2.0,2.0,0.0,0.0,1.5,0.0,0.0
20260503_WSH_ATL,"Sunday, May 03, 2026",preseason,Atlanta Dream,Washington Mystics,Holly Winterburn,G,22.0,4-9,0-5,4-4,0.0,2.0,2.0,2.0,2.0,0.0,2.0,2.0,12.0,-5.0,4.0,9.0,0.0,5.0,4.0,4.0,0.4444444444444444,0.5,1.0
20260503_WSH_ATL,"Sunday, May 03, 2026",preseason,Atlanta Dream,Washington Mystics,Indya Nivar,G,14.0,1-3,0-1,2-2,1.0,1.0,2.0,0.0,0.0,0.0,2.0,3.0,4.0,3.0,1.0,3.0,0.0,1.0,2.0,2.0,0.6666666666666666,0.0,0.0
20260503_WSH_ATL,"Sunday, May 03, 2026",preseason,Atlanta Dream,Washington Mystics,Isobel Borlase,G,14.0,1-4,0-2,0-0,0.0,1.0,1.0,2.0,2.0,1.0,1.0,0.0,2.0,-7.0,1.0,4.0,0.0,2.0,0.0,0.0,0.0,2.0,2.0
20260503_NY_CON,"Sunday, May 03, 2026",preseason,New York Liberty,Connecticut Sun,Breanna Stewart,F,18.0,2-6,0-1,0-0,0.0,6.0,6.0,2.0,0.0,0.0,1.0,0.0,4.0,-2.0,2.0,6.0,0.0,1.0,0.0,0.0,0.0,1.0,2.0
20260503_NY_CON,"Sunday, May 03, 2026",preseason,New York Liberty,Connecticut Sun,Jonquel Jones,C,21.0,4-8,3-6,4-4,0.0,5.0,5.0,0.0,1.0,3.0,0.0,0.0,15.0,10.0,4.0,8.0,3.0,6.0,4.0,4.0,1.625,0.0,0.0
20260503_NY_CON,"Sunday, May 03, 2026",preseason,New York Liberty,Connecticut Sun,Rebekah Gardner,G,23.0,0-2,0-0,6-6,2.0,5.0,7.0,1.0,0.0,0.0,0.0,1.0,6.0,7.0,0.0,2.0,0.0,0.0,6.0,6.0,3.0,,999.0
20260503_NY_CON,"Sunday, May 03, 2026",preseason,New York Liberty,Connecticut Sun,Marine Johannes,G,29.0,4-11,4-9,0-0,0.0,4.0,4.0,4.0,5.0,0.0,1.0,1.0,12.0,12.0,4.0,11.0,4.0,9.0,0.0,0.0,1.0909090909090908,1.0,4.0
20260503_NY_CON,"Sunday, May 03, 2026",preseason,New York Liberty,Connecticut Sun,Sabrina Ionescu,G,16.0,2-8,0-1,2-2,1.0,0.0,1.0,2.0,0.0,0.0,3.0,2.0,6.0,0.0,2.0,8.0,0.0,1.0,2.0,2.0,0.25,1.0,0.667
20260503_NY_CON,"Sunday, May 03, 2026",preseason,New York Liberty,Connecticut Sun,Anneli Maley,F,24.0,3-5,1-2,6-6,3.0,3.0,6.0,1.0,0.0,0.0,1.0,2.0,13.0,9.0,3.0,5.0,1.0,2.0,6.0,6.0,1.8,0.3333333333333333,1.0
20260503_NY_CON,"Sunday, May 03, 2026",preseason,New York Liberty,Connecticut Sun,Alex Fowler,F,15.0,0-3,0-2,0-0,0.0,2.0,2.0,0.0,3.0,0.0,1.0,4.0,0.0,16.0,0.0,3.0,0.0,2.0,0.0,0.0,0.0,,0.0
20260503_NY_CON,"Sunday, May 03, 2026",preseason,New York Liberty,Connecticut Sun,Han Xu,C,15.0,2-9,0-2,0-0,1.0,0.0,1.0,1.0,1.0,1.0,0.0,0.0,4.0,-4.0,2.0,9.0,0.0,2.0,0.0,0.0,0.0,0.5,999.0
20260503_NY_CON,"Sunday, May 03, 2026",preseason,New York Liberty,Connecticut Sun,Derin Erdogan,G,18.0,3-8,1-3,0-0,0.0,0.0,0.0,1.0,0.0,0.0,1.0,3.0,7.0,-4.0,3.0,8.0,1.0,3.0,0.0,0.0,0.375,0.3333333333333333,1.0
20260503_NY_CON,"Sunday, May 03, 2026",preseason,New York Liberty,Connecticut Sun,Pauline Astier,G,22.0,4-5,0-0,4-4,0.0,1.0,1.0,4.0,1.0,1.0,2.0,3.0,12.0,16.0,4.0,5.0,0.0,0.0,4.0,4.0,0.8,1.0,2.0
20260503_NY_CON,"Sunday, May 03, 2026",preseason,New York Liberty,Connecticut Sun,Satou Sabally,F,,,,,,,,,,,,,,,,,,,,,,,
20260503_NY_CON,"Sunday, May 03, 2026",preseason,New York Liberty,Connecticut Sun,Leonie Fiebich,F,,,,,,,,,,,,,,,,,,,,,,,
20260503_NY_CON,"Sunday, May 03, 2026",preseason,New York Liberty,Connecticut Sun,Raquel Carrera,F,,,,,,,,,,,,,,,,,,,,,,,
20260503_NY_CON,"Sunday, May 03, 2026",preseason,New York Liberty,Connecticut Sun,Ugonne Onyiah,C,,,,,,,,,,,,,,,,,,,,,,,
20260503_NY_CON,"Sunday, May 03, 2026",preseason,New York Liberty,Connecticut Sun,Betnijah Laney-Hamilton,G,,,,,,,,,,,,,,,,,,,,,,,
20260503_NY_CON,"Sunday, May 03, 2026",preseason,New York Liberty,Connecticut Sun,Rebecca Allen,G,,,,,,,,,,,,,,,,,,,,,,,
20260503_NY_CON,"Sunday, May 03, 2026",preseason,New York Liberty,Connecticut Sun,Marine Fauthoux,G,,,,,,,,,,,,,,,,,,,,,,,
20260503_NY_CON,"Sunday, May 03, 2026",preseason,Connecticut Sun,New York Liberty,Diamond Miller,F,16.0,2-6,0-1,2-2,1.0,3.0,4.0,1.0,0.0,1.0,0.0,3.0,6.0,-7.0,2.0,6.0,0.0,1.0,2.0,2.0,0.3333333333333333,0.5,999.0
20260503_NY_CON,"Sunday, May 03, 2026",preseason,Connecticut Sun,New York Liberty,Aneesah Morrow,F,16.0,4-11,0-2,0-1,1.0,7.0,8.0,0.0,1.0,0.0,1.0,2.0,8.0,-3.0,4.0,11.0,0.0,2.0,0.0,1.0,0.0,0.0,0.0
20260503_NY_CON,"Sunday, May 03, 2026",preseason,Connecticut Sun,New York Liberty,Brittney Griner,C,21.0,7-9,2-2,0-0,1.0,3.0,4.0,1.0,1.0,0.0,0.0,0.0,16.0,-3.0,7.0,9.0,2.0,2.0,0.0,0.0,0.6666666666666666,0.14285714285714285,999.0
20260503_NY_CON,"Sunday, May 03, 2026",preseason,Connecticut Sun,New York Liberty,Kennedy Burke,G,24.0,1-7,1-6,0-0,0.0,3.0,3.0,4.0,0.0,1.0,1.0,0.0,3.0,1.0,1.0,7.0,1.0,6.0,0.0,0.0,0.42857142857142855,4.0,4.0
20260503_NY_CON,"Sunday, May 03, 2026",preseason,Connecticut Sun,New York Liberty,Saniya Rivers,G,24.0,2-6,0-1,2-2,0.0,2.0,2.0,4.0,1.0,1.0,2.0,3.0,6.0,-2.0,2.0,6.0,0.0,1.0,2.0,2.0,0.3333333333333333,2.0,2.0
20260503_NY_CON,"Sunday, May 03, 2026",preseason,Connecticut Sun,New York Liberty,Raegan Beers,F,14.0,2-5,1-2,0-0,0.0,0.0,0.0,1.0,1.0,0.0,2.0,3.0,5.0,-3.0,2.0,5.0,1.0,2.0,0.0,0.0,0.6,0.5,0.5
20260503_NY_CON,"Sunday, May 03, 2026",preseason,Connecticut Sun,New York Liberty,Olivia Nelson-Ododa,C,14.0,4-7,0-0,1-2,3.0,1.0,4.0,0.0,0.0,1.0,3.0,4.0,9.0,-8.0,4.0,7.0,0.0,0.0,1.0,2.0,0.14285714285714285,0.0,0.0
20260503_NY_CON,"Sunday, May 03, 2026",preseason,Connecticut Sun,New York Liberty,Kyla Oldacre,C,5.0,0-1,0-0,0-0,0.0,0.0,0.0,0.0,0.0,0.0,2.0,0.0,0.0,-6.0,0.0,1.0,0.0,0.0,0.0,0.0,0.0,,0.0
20260503_NY_CON,"Sunday, May 03, 2026",preseason,Connecticut Sun,New York Liberty,Madison Hayes,G,11.0,1-2,0-0,0-0,1.0,3.0,4.0,0.0,0.0,0.0,0.0,0.0,2.0,-2.0,1.0,2.0,0.0,0.0,0.0,0.0,0.0,0.0,0.0
20260503_NY_CON,"Sunday, May 03, 2026",preseason,Connecticut Sun,New York Liberty,Taylor Bigby,G,10.0,0-3,0-2,0-0,0.0,0.0,0.0,2.0,0.0,0.0,0.0,0.0,0.0,-3.0,0.0,3.0,0.0,2.0,0.0,0.0,0.0,,999.0
20260503_NY_CON,"Sunday, May 03, 2026",preseason,Connecticut Sun,New York Liberty,Charlisse Leger-Walker,G,14.0,0-1,0-0,0-0,0.0,0.0,0.0,0.0,0.0,0.0,3.0,2.0,0.0,-3.0,0.0,1.0,0.0,0.0,0.0,0.0,0.0,,0.0
20260503_NY_CON,"Sunday, May 03, 2026",preseason,Connecticut Sun,New York Liberty,Gianna Kneepkens,G,17.0,2-4,1-2,0-0,1.0,1.0,2.0,2.0,2.0,0.0,1.0,1.0,5.0,-13.0,2.0,4.0,1.0,2.0,0.0,0.0,0.75,1.0,2.0
20260503_NY_CON,"Sunday, May 03, 2026",preseason,Connecticut Sun,New York Liberty,Harmoni Turner,G,14.0,2-4,1-3,2-2,0.0,2.0,2.0,0.0,0.0,0.0,1.0,1.0,7.0,-8.0,2.0,4.0,1.0,3.0,2.0,2.0,1.25,0.0,0.0
20260503_NY_CON,"Sunday, May 03, 2026",preseason,Connecticut Sun,New York Liberty,Aaliyah Edwards,F,,,,,,,,,,,,,,,,,,,,,,,
20260503_NY_CON,"Sunday, May 03, 2026",preseason,Connecticut Sun,New York Liberty,Nell Angloma,F,,,,,,,,,,,,,,,,,,,,,,,
20260503_NY_CON,"Sunday, May 03, 2026",preseason,Connecticut Sun,New York Liberty,Shey Peddy,G,,,,,,,,,,,,,,,,,,,,,,,
20260503_NY_CON,"Sunday, May 03, 2026",preseason,Connecticut Sun,New York Liberty,Leila Lacan,G,,,,,,,,,,,,,,,,,,,,,,,
20260503_NY_CON,"Sunday, May 03, 2026",preseason,Connecticut Sun,New York Liberty,Mamignan Toure,G,,,,,,,,,,,,,,,,,,,,,,,
20260503_LV_DAL,"Sunday, May 03, 2026",preseason,Las Vegas Aces,Dallas Wings,Stephanie Talbot,F,19.0,2-6,1-2,3-3,0.0,1.0,1.0,1.0,2.0,0.0,2.0,2.0,8.0,-10.0,2.0,6.0,1.0,2.0,3.0,3.0,1.0,0.5,0.5
20260503_LV_DAL,"Sunday, May 03, 2026",preseason,Las Vegas Aces,Dallas Wings,NaLyssa Smith,F,25.0,3-6,0-1,3-8,2.0,2.0,4.0,0.0,0.0,0.0,2.0,4.0,9.0,-19.0,3.0,6.0,0.0,1.0,3.0,8.0,0.5,0.0,0.0
20260503_LV_DAL,"Sunday, May 03, 2026",preseason,Las Vegas Aces,Dallas Wings,A'ja Wilson,C,23.0,5-9,0-1,8-13,0.0,5.0,5.0,1.0,1.0,1.0,4.0,4.0,18.0,-13.0,5.0,9.0,0.0,1.0,8.0,13.0,0.8888888888888888,0.2,0.25
20260503_LV_DAL,"Sunday, May 03, 2026",preseason,Las Vegas Aces,Dallas Wings,Chelsea Gray,G,22.0,4-9,2-4,0-0,0.0,2.0,2.0,5.0,1.0,0.0,2.0,2.0,10.0,-15.0,4.0,9.0,2.0,4.0,0.0,0.0,0.6666666666666666,1.25,2.5
20260503_LV_DAL,"Sunday, May 03, 2026",preseason,Las Vegas Aces,Dallas Wings,Jackie Young,G,25.0,7-13,1-4,1-2,0.0,0.0,0.0,3.0,0.0,0.0,1.0,3.0,16.0,-11.0,7.0,13.0,1.0,4.0,1.0,2.0,0.3076923076923077,0.42857142857142855,3.0
20260503_LV_DAL,"Sunday, May 03, 2026",preseason,Las Vegas Aces,Dallas Wings,Cheyenne Parker-Tyus,F,11.0,1-1,0-0,2-4,0.0,5.0,5.0,1.0,0.0,0.0,2.0,1.0,4.0,3.0,1.0,1.0,0.0,0.0,2.0,4.0,2.0,1.0,0.5
20260503_LV_DAL,"Sunday, May 03, 2026",preseason,Las Vegas Aces,Dallas Wings,Brianna Turner,F,12.0,0-0,0-0,0-0,0.0,1.0,1.0,0.0,0.0,0.0,0.0,0.0,0.0,5.0,0.0,0.0,0.0,0.0,0.0,0.0,,,0.0
20260503_LV_DAL,"Sunday, May 03, 2026",preseason,Las Vegas Aces,Dallas Wings,Kierstan Bell,F,18.0,2-3,1-2,0-0,0.0,0.0,0.0,1.0,1.0,0.0,0.0,1.0,5.0,-3.0,2.0,3.0,1.0,2.0,0.0,0.0,1.0,0.5,999.0
20260503_LV_DAL,"Sunday, May 03, 2026",preseason,Las Vegas Aces,Dallas Wings,Jewell Loyd,G,28.0,2-6,0-2,5-6,0.0,6.0,6.0,0.0,4.0,0.0,2.0,2.0,9.0,-8.0,2.0,6.0,0.0,2.0,5.0,6.0,0.8333333333333334,0.0,0.0
20260503_LV_DAL,"Sunday, May 03, 2026",preseason,Las Vegas Aces,Dallas Wings,Chennedy Carter,G,16.0,2-7,0-3,1-2,0.0,0.0,0.0,2.0,0.0,2.0,0.0,6.0,5.0,-16.0,2.0,7.0,0.0,3.0,1.0,2.0,0.14285714285714285,1.0,999.0
20260503_LV_DAL,"Sunday, May 03, 2026",preseason,Las Vegas Aces,Dallas Wings,Jordan Obi,G,3.0,0-0,0-0,0-0,0.0,1.0,1.0,0.0,0.0,0.0,1.0,1.0,0.0,2.0,0.0,0.0,0.0,0.0,0.0,0.0,,,0.0
20260503_LV_DAL,"Sunday, May 03, 2026",preseason,Dallas Wings,Las Vegas Aces,Alanna Smith,F,12.0,5-6,2-2,0-0,3.0,4.0,7.0,1.0,0.0,0.0,1.0,3.0,12.0,19.0,5.0,6.0,2.0,2.0,0.0,0.0,1.0,0.2,1.0
20260503_LV_DAL,"Sunday, May 03, 2026",preseason,Dallas Wings,Las Vegas Aces,Maddy Siegrist,F,22.0,7-10,0-1,0-0,1.0,4.0,5.0,1.0,0.0,0.0,1.0,2.0,14.0,9.0,7.0,10.0,0.0,1.0,0.0,0.0,0.0,0.14285714285714285,1.0
20260503_LV_DAL,"Sunday, May 03, 2026",preseason,Dallas Wings,Las Vegas Aces,Odyssey Sims,G,16.0,2-5,1-1,0-0,0.0,0.0,0.0,2.0,0.0,0.0,0.0,1.0,5.0,8.0,2.0,5.0,1.0,1.0,0.0,0.0,0.6,1.0,999.0
20260503_LV_DAL,"Sunday, May 03, 2026",preseason,Dallas Wings,Las Vegas Aces,Paige Bueckers,G,22.0,4-9,1-1,2-2,0.0,4.0,4.0,9.0,1.0,0.0,0.0,0.0,11.0,15.0,4.0,9.0,1.0,1.0,2.0,2.0,0.5555555555555556,2.25,999.0
20260503_LV_DAL,"Sunday, May 03, 2026",preseason,Dallas Wings,Las Vegas Aces,Azzi Fudd,G,21.0,4-10,1-5,3-4,0.0,0.0,0.0,1.0,0.0,0.0,1.0,2.0,12.0,15.0,4.0,10.0,1.0,5.0,3.0,4.0,0.6,0.25,1.0
20260503_LV_DAL,"Sunday, May 03, 2026",preseason,Dallas Wings,Las Vegas Aces,Alysha Clark,F,18.0,2-3,0-0,2-3,0.0,2.0,2.0,1.0,1.0,0.0,0.0,3.0,6.0,1.0,2.0,3.0,0.0,0.0,2.0,3.0,0.6666666666666666,0.5,999.0
20260503_LV_DAL,"Sunday, May 03, 2026",preseason,Dallas Wings,Las Vegas Aces,Amy Okonkwo,F,10.0,2-5,1-4,3-3,1.0,2.0,3.0,0.0,1.0,0.0,1.0,1.0,8.0,-1.0,2.0,5.0,1.0,4.0,3.0,3.0,1.2,0.0,0.0
20260503_LV_DAL,"Sunday, May 03, 2026",preseason,Dallas Wings,Las Vegas Aces,Jessica Shepard,F,17.0,2-2,0-0,2-4,1.0,4.0,5.0,2.0,0.0,0.0,0.0,3.0,6.0,9.0,2.0,2.0,0.0,0.0,2.0,4.0,1.0,1.0,999.0
20260503_LV_DAL,"Sunday, May 03, 2026",preseason,Dallas Wings,Las Vegas Aces,Dulcy Fankam Mendjiadeu,F,10.0,0-0,0-0,0-0,1.0,0.0,1.0,0.0,0.0,0.0,1.0,2.0,0.0,0.0,0.0,0.0,0.0,0.0,0.0,0.0,,,0.0
20260503_LV_DAL,"Sunday, May 03, 2026",preseason,Dallas Wings,Las Vegas Aces,Li Yueru,C,5.0,0-0,0-0,0-0,0.0,0.0,0.0,0.0,0.0,0.0,1.0,1.0,0.0,3.0,0.0,0.0,0.0,0.0,0.0,0.0,,,0.0
20260503_LV_DAL,"Sunday, May 03, 2026",preseason,Dallas Wings,Las Vegas Aces,Rayah Marshall,C,3.0,0-0,0-0,0-0,0.0,0.0,0.0,0.0,1.0,0.0,1.0,1.0,0.0,-4.0,0.0,0.0,0.0,0.0,0.0,0.0,,,0.0
20260503_LV_DAL,"Sunday, May 03, 2026",preseason,Dallas Wings,Las Vegas Aces,Lindsay Allen,G,4.0,0-0,0-0,0-0,0.0,0.0,0.0,0.0,0.0,0.0,1.0,1.0,0.0,-4.0,0.0,0.0,0.0,0.0,0.0,0.0,,,0.0
20260503_LV_DAL,"Sunday, May 03, 2026",preseason,Dallas Wings,Las Vegas Aces,Grace Berger,G,9.0,0-1,0-0,2-2,0.0,1.0,1.0,2.0,1.0,0.0,0.0,1.0,2.0,0.0,0.0,1.0,0.0,0.0,2.0,2.0,2.0,,999.0
20260503_LV_DAL,"Sunday, May 03, 2026",preseason,Dallas Wings,Las Vegas Aces,Aziaha James,G,17.0,6-13,2-5,4-7,2.0,2.0,4.0,2.0,2.0,1.0,3.0,4.0,18.0,15.0,6.0,13.0,2.0,5.0,4.0,7.0,0.7692307692307693,0.3333333333333333,0.667
20260503_LV_DAL,"Sunday, May 03, 2026",preseason,Dallas Wings,Las Vegas Aces,JJ Quinerly,G,11.0,1-3,1-1,4-4,0.0,3.0,3.0,3.0,1.0,0.0,3.0,2.0,7.0,3.0,1.0,3.0,1.0,1.0,4.0,4.0,2.3333333333333335,3.0,1.0
20260503_LV_DAL,"Sunday, May 03, 2026",preseason,Dallas Wings,Las Vegas Aces,Costanza Verona,G,4.0,0-4,0-0,0-0,0.0,0.0,0.0,0.0,1.0,0.0,0.0,0.0,0.0,-3.0,0.0,4.0,0.0,0.0,0.0,0.0,0.0,,0.0
20260503_LA_POR,"Sunday, May 03, 2026",preseason,Los Angeles Sparks,Portland Fire,Nneka Ogwumike,F,20.0,5-9,2-3,5-7,2.0,2.0,4.0,5.0,1.0,0.0,0.0,2.0,17.0,21.0,5.0,9.0,2.0,3.0,5.0,7.0,1.2222222222222223,1.0,999.0
20260503_LA_POR,"Sunday, May 03, 2026",preseason,Los Angeles Sparks,Portland Fire,Dearica Hamby,F,19.0,4-5,0-0,5-6,1.0,3.0,4.0,2.0,2.0,0.0,2.0,4.0,13.0,16.0,4.0,5.0,0.0,0.0,5.0,6.0,1.0,0.5,1.0
20260503_LA_POR,"Sunday, May 03, 2026",preseason,Los Angeles Sparks,Portland Fire,Kelsey Plum,G,18.0,3-7,2-2,5-5,0.0,1.0,1.0,4.0,0.0,0.0,2.0,3.0,13.0,21.0,3.0,7.0,2.0,2.0,5.0,5.0,1.5714285714285714,1.3333333333333333,2.0
20260503_LA_POR,"Sunday, May 03, 2026",preseason,Los Angeles Sparks,Portland Fire,Ariel Atkins,G,17.0,1-4,1-2,1-2,0.0,2.0,2.0,3.0,1.0,1.0,1.0,0.0,4.0,16.0,1.0,4.0,1.0,2.0,1.0,2.0,1.0,3.0,3.0
20260503_LA_POR,"Sunday, May 03, 2026",preseason,Los Angeles Sparks,Portland Fire,Rae Burrell,G,18.0,2-5,0-2,0-0,2.0,0.0,2.0,0.0,2.0,1.0,1.0,0.0,4.0,24.0,2.0,5.0,0.0,2.0,0.0,0.0,0.0,0.0,0.0
20260503_LA_POR,"Sunday, May 03, 2026",preseason,Los Angeles Sparks,Portland Fire,Emma Cannon,F,8.0,1-2,1-2,0-0,0.0,1.0,1.0,1.0,0.0,0.0,0.0,1.0,3.0,-4.0,1.0,2.0,1.0,2.0,0.0,0.0,1.5,1.0,999.0
20260503_LA_POR,"Sunday, May 03, 2026",preseason,Los Angeles Sparks,Portland Fire,Cameron Brink,F,12.0,0-2,0-1,0-0,1.0,3.0,4.0,0.0,1.0,1.0,4.0,5.0,0.0,0.0,0.0,2.0,0.0,1.0,0.0,0.0,0.0,,0.0
20260503_LA_POR,"Sunday, May 03, 2026",preseason,Los Angeles Sparks,Portland Fire,Sania Feagin,F,10.0,2-3,0-0,4-4,2.0,1.0,3.0,0.0,1.0,0.0,1.0,1.0,8.0,-5.0,2.0,3.0,0.0,0.0,4.0,4.0,1.3333333333333333,0.0,0.0
20260503_LA_POR,"Sunday, May 03, 2026",preseason,Los Angeles Sparks,Portland Fire,Jihyun Park,F,10.0,1-3,0-2,0-0,0.0,2.0,2.0,0.0,0.0,0.0,0.0,1.0,2.0,-2.0,1.0,3.0,0.0,2.0,0.0,0.0,0.0,0.0,0.0
20260503_LA_POR,"Sunday, May 03, 2026",preseason,Los Angeles Sparks,Portland Fire,Laura Ziegler,F,10.0,0-3,0-3,0-0,1.0,0.0,1.0,0.0,0.0,1.0,1.0,3.0,0.0,-8.0,0.0,3.0,0.0,3.0,0.0,0.0,0.0,,0.0
20260503_LA_POR,"Sunday, May 03, 2026",preseason,Los Angeles Sparks,Portland Fire,Erica Wheeler,G,11.0,2-5,2-5,0-0,0.0,0.0,0.0,2.0,1.0,0.0,1.0,3.0,6.0,-5.0,2.0,5.0,2.0,5.0,0.0,0.0,1.2,1.0,2.0
20260503_LA_POR,"Sunday, May 03, 2026",preseason,Los Angeles Sparks,Portland Fire,Julie Vanloo,G,9.0,0-2,0-2,0-0,0.0,2.0,2.0,2.0,0.0,0.0,2.0,3.0,0.0,-8.0,0.0,2.0,0.0,2.0,0.0,0.0,0.0,,1.0
20260503_LA_POR,"Sunday, May 03, 2026",preseason,Los Angeles Sparks,Portland Fire,Ta'Niya Latson,G,14.0,2-5,0-2,3-6,0.0,1.0,1.0,2.0,0.0,0.0,4.0,2.0,7.0,4.0,2.0,5.0,0.0,2.0,3.0,6.0,0.6,1.0,0.5
20260503_LA_POR,"Sunday, May 03, 2026",preseason,Los Angeles Sparks,Portland Fire,Chance Gray,G,13.0,2-5,1-3,1-2,1.0,1.0,2.0,1.0,1.0,0.0,1.0,0.0,6.0,-12.0,2.0,5.0,1.0,3.0,1.0,2.0,0.8,0.5,1.0
20260503_LA_POR,"Sunday, May 03, 2026",preseason,Los Angeles Sparks,Portland Fire,Sevgi Uzun,G,10.0,1-4,0-2,0-0,0.0,2.0,2.0,0.0,0.0,0.0,0.0,0.0,2.0,-8.0,1.0,4.0,0.0,2.0,0.0,0.0,0.0,0.0,0.0
20260503_LA_POR,"Sunday, May 03, 2026",preseason,Portland Fire,Los Angeles Sparks,Bridget Carleton,F,25.0,3-8,1-5,2-4,1.0,0.0,1.0,1.0,1.0,0.0,1.0,1.0,9.0,-10.0,3.0,8.0,1.0,5.0,2.0,4.0,0.625,0.3333333333333333,1.0
20260503_LA_POR,"Sunday, May 03, 2026",preseason,Portland Fire,Los Angeles Sparks,Nyadiew Puoch,F,23.0,4-5,2-3,2-4,0.0,1.0,1.0,2.0,1.0,0.0,0.0,2.0,12.0,-12.0,4.0,5.0,2.0,3.0,2.0,4.0,1.6,0.5,999.0
20260503_LA_POR,"Sunday, May 03, 2026",preseason,Portland Fire,Los Angeles Sparks,Luisa Geiselsoder,C,21.0,2-6,0-2,3-3,0.0,6.0,6.0,0.0,0.0,1.0,4.0,5.0,7.0,-13.0,2.0,6.0,0.0,2.0,3.0,3.0,0.5,0.0,0.0
20260503_LA_POR,"Sunday, May 03, 2026",preseason,Portland Fire,Los Angeles Sparks,Haley Jones,G,21.0,4-8,0-1,0-0,0.0,3.0,3.0,2.0,2.0,0.0,4.0,5.0,8.0,-20.0,4.0,8.0,0.0,1.0,0.0,0.0,0.0,0.5,0.5
20260503_LA_POR,"Sunday, May 03, 2026",preseason,Portland Fire,Los Angeles Sparks,Carla Leite,G,22.0,4-6,1-1,2-2,0.0,1.0,1.0,3.0,1.0,0.0,4.0,4.0,11.0,-8.0,4.0,6.0,1.0,1.0,2.0,2.0,0.8333333333333334,0.75,0.75
20260503_LA_POR,"Sunday, May 03, 2026",preseason,Portland Fire,Los Angeles Sparks,Chloe Bibby,F,16.0,0-1,0-0,0-0,0.0,1.0,1.0,0.0,0.0,0.0,0.0,0.0,0.0,12.0,0.0,1.0,0.0,0.0,0.0,0.0,0.0,,0.0
20260503_LA_POR,"Sunday, May 03, 2026",preseason,Portland Fire,Los Angeles Sparks,Frieda Buhner,F,21.0,1-6,0-3,3-4,0.0,1.0,1.0,0.0,0.0,0.0,1.0,2.0,5.0,0.0,1.0,6.0,0.0,3.0,3.0,4.0,0.5,0.0,0.0
20260503_LA_POR,"Sunday, May 03, 2026",preseason,Portland Fire,Los Angeles Sparks,Serah Williams,C,19.0,3-6,0-0,6-8,3.0,5.0,8.0,1.0,2.0,1.0,3.0,4.0,12.0,3.0,3.0,6.0,0.0,0.0,6.0,8.0,1.0,0.3333333333333333,0.333
20260503_LA_POR,"Sunday, May 03, 2026",preseason,Portland Fire,Los Angeles Sparks,Maya Caldwell,G,15.0,1-3,0-2,0-0,1.0,4.0,5.0,2.0,0.0,0.0,3.0,2.0,2.0,0.0,1.0,3.0,0.0,2.0,0.0,0.0,0.0,2.0,0.667
20260503_LA_POR,"Sunday, May 03, 2026",preseason,Portland Fire,Los Angeles Sparks,Jordan Harrison,G,18.0,2-5,0-1,5-5,1.0,2.0,3.0,4.0,1.0,0.0,4.0,4.0,9.0,-2.0,2.0,5.0,0.0,1.0,5.0,5.0,1.0,2.0,1.0
20260503_LA_POR,"Sunday, May 03, 2026",preseason,Portland Fire,Los Angeles Sparks,Kamiah Smalls,F,,,,,,,,,,,,,,,,,,,,,,,
20260503_LA_POR,"Sunday, May 03, 2026",preseason,Portland Fire,Los Angeles Sparks,Emily Engstler,F,,,,,,,,,,,,,,,,,,,,,,,
20260503_LA_POR,"Sunday, May 03, 2026",preseason,Portland Fire,Los Angeles Sparks,Megan Gustafson,C,,,,,,,,,,,,,,,,,,,,,,,
20260503_LA_POR,"Sunday, May 03, 2026",preseason,Portland Fire,Los Angeles Sparks,Karlie Samuelson,G,,,,,,,,,,,,,,,,,,,,,,,
20260503_LA_POR,"Sunday, May 03, 2026",preseason,Portland Fire,Los Angeles Sparks,Sug Sutton,G,,,,,,,,,,,,,,,,,,,,,,,
20260503_LA_POR,"Sunday, May 03, 2026",preseason,Portland Fire,Los Angeles Sparks,Sarah Ashlee Barker,G,,,,,,,,,,,,,,,,,,,,,,,
20260503_LA_POR,"Sunday, May 03, 2026",preseason,Portland Fire,Los Angeles Sparks,Teja Oblak,G,,,,,,,,,,,,,,,,,,,,,,,
20260508_CON_NY,"Friday, May 08, 2026",regular_season,Connecticut Sun,New York Liberty,Diamond Miller,F,25.0,6-16,1-6,3-5,1.0,2.0,3.0,1.0,2.0,0.0,2.0,3.0,16.0,-15.0,6.0,16.0,1.0,6.0,3.0,5.0,0.375,0.16666666666666666,0.5
20260508_CON_NY,"Friday, May 08, 2026",regular_season,Connecticut Sun,New York Liberty,Aneesah Morrow,F,24.0,7-15,1-5,0-0,3.0,3.0,6.0,0.0,1.0,0.0,5.0,5.0,15.0,-15.0,7.0,15.0,1.0,5.0,0.0,0.0,0.2,0.0,0.0
20260508_CON_NY,"Friday, May 08, 2026",regular_season,Connecticut Sun,New York Liberty,Brittney Griner,C,27.0,6-11,0-1,1-1,3.0,3.0,6.0,2.0,0.0,0.0,2.0,2.0,13.0,-21.0,6.0,11.0,0.0,1.0,1.0,1.0,0.09090909090909091,0.3333333333333333,1.0
20260508_CON_NY,"Friday, May 08, 2026",regular_season,Connecticut Sun,New York Liberty,Kennedy Burke,G,24.0,2-8,0-1,0-0,2.0,1.0,3.0,3.0,0.0,1.0,0.0,4.0,4.0,-22.0,2.0,8.0,0.0,1.0,0.0,0.0,0.0,1.5,999.0
20260508_CON_NY,"Friday, May 08, 2026",regular_season,Connecticut Sun,New York Liberty,Saniya Rivers,G,26.0,2-6,0-1,1-2,0.0,2.0,2.0,6.0,0.0,1.0,4.0,2.0,5.0,-27.0,2.0,6.0,0.0,1.0,1.0,2.0,0.16666666666666666,3.0,1.5
20260508_CON_NY,"Friday, May 08, 2026",regular_season,Connecticut Sun,New York Liberty,Raegan Beers,F,11.0,0-1,0-0,1-4,0.0,2.0,2.0,0.0,0.0,0.0,0.0,2.0,1.0,-9.0,0.0,1.0,0.0,0.0,1.0,4.0,1.0,,0.0
20260508_CON_NY,"Friday, May 08, 2026",regular_season,Connecticut Sun,New York Liberty,Olivia Nelson-Ododa,C,15.0,0-2,0-0,1-2,1.0,1.0,2.0,3.0,1.0,0.0,0.0,2.0,1.0,-15.0,0.0,2.0,0.0,0.0,1.0,2.0,0.5,,999.0
20260508_CON_NY,"Friday, May 08, 2026",regular_season,Connecticut Sun,New York Liberty,Hailey Van Lith,G,14.0,4-7,1-2,0-0,0.0,1.0,1.0,4.0,1.0,0.0,2.0,2.0,9.0,-7.0,4.0,7.0,1.0,2.0,0.0,0.0,0.42857142857142855,1.0,2.0
20260508_CON_NY,"Friday, May 08, 2026",regular_season,Connecticut Sun,New York Liberty,Charlisse Leger-Walker,G,21.0,2-9,0-2,0-1,0.0,2.0,2.0,1.0,0.0,0.0,1.0,1.0,4.0,-17.0,2.0,9.0,0.0,2.0,0.0,1.0,0.0,0.5,1.0
20260508_CON_NY,"Friday, May 08, 2026",regular_season,Connecticut Sun,New York Liberty,Gianna Kneepkens,G,13.0,3-8,1-4,0-0,2.0,3.0,5.0,1.0,0.0,0.0,0.0,2.0,7.0,-7.0,3.0,8.0,1.0,4.0,0.0,0.0,0.375,0.3333333333333333,999.0
20260508_CON_NY,"Friday, May 08, 2026",regular_season,Connecticut Sun,New York Liberty,Aaliyah Edwards,F,,,,,,,,,,,,,,,,,,,,,,,
20260508_CON_NY,"Friday, May 08, 2026",regular_season,Connecticut Sun,New York Liberty,Shey Peddy,G,,,,,,,,,,,,,,,,,,,,,,,
20260508_CON_NY,"Friday, May 08, 2026",regular_season,Connecticut Sun,New York Liberty,Ashlon Jackson,G,,,,,,,,,,,,,,,,,,,,,,,
20260508_CON_NY,"Friday, May 08, 2026",regular_season,New York Liberty,Connecticut Sun,Breanna Stewart,F,28.0,10-17,0-4,11-12,1.0,9.0,10.0,2.0,1.0,3.0,4.0,3.0,31.0,21.0,10.0,17.0,0.0,4.0,11.0,12.0,0.6470588235294118,0.2,0.5
20260508_CON_NY,"Friday, May 08, 2026",regular_season,New York Liberty,Connecticut Sun,Jonquel Jones,C,25.0,3-7,1-5,3-4,0.0,5.0,5.0,1.0,2.0,1.0,2.0,5.0,10.0,10.0,3.0,7.0,1.0,5.0,3.0,4.0,0.8571428571428571,0.3333333333333333,0.5
20260508_CON_NY,"Friday, May 08, 2026",regular_season,New York Liberty,Connecticut Sun,Betnijah Laney-Hamilton,G,28.0,4-7,0-3,4-4,0.0,2.0,2.0,4.0,0.0,0.0,2.0,0.0,12.0,15.0,4.0,7.0,0.0,3.0,4.0,4.0,0.5714285714285714,1.0,2.0
20260508_CON_NY,"Friday, May 08, 2026",regular_season,New York Liberty,Connecticut Sun,Marine Johannes,G,28.0,6-13,5-9,0-0,2.0,3.0,5.0,3.0,3.0,0.0,1.0,2.0,17.0,17.0,6.0,13.0,5.0,9.0,0.0,0.0,1.1538461538461537,0.5,3.0
20260508_CON_NY,"Friday, May 08, 2026",regular_season,New York Liberty,Connecticut Sun,Pauline Astier,G,20.0,2-4,0-0,1-3,1.0,1.0,2.0,4.0,1.0,0.0,0.0,4.0,5.0,4.0,2.0,4.0,0.0,0.0,1.0,3.0,0.25,2.0,999.0
20260508_CON_NY,"Friday, May 08, 2026",regular_season,New York Liberty,Connecticut Sun,Aubrey Griffin,F,5.0,1-1,0-0,0-0,0.0,0.0,0.0,0.0,0.0,0.0,1.0,0.0,2.0,6.0,1.0,1.0,0.0,0.0,0.0,0.0,0.0,0.0,0.0
20260508_CON_NY,"Friday, May 08, 2026",regular_season,New York Liberty,Connecticut Sun,Han Xu,C,22.0,3-8,2-6,0-0,0.0,2.0,2.0,1.0,0.0,1.0,1.0,2.0,8.0,25.0,3.0,8.0,2.0,6.0,0.0,0.0,0.75,0.3333333333333333,1.0
20260508_CON_NY,"Friday, May 08, 2026",regular_season,New York Liberty,Connecticut Sun,Rebekah Gardner,G,22.0,3-6,0-1,3-4,2.0,2.0,4.0,0.0,1.0,0.0,2.0,5.0,9.0,26.0,3.0,6.0,0.0,1.0,3.0,4.0,0.5,0.0,0.0
20260508_CON_NY,"Friday, May 08, 2026",regular_season,New York Liberty,Connecticut Sun,Julie Vanloo,G,22.0,3-4,2-3,4-4,1.0,6.0,7.0,11.0,1.0,0.0,3.0,2.0,12.0,31.0,3.0,4.0,2.0,3.0,4.0,4.0,2.5,3.6666666666666665,3.667
20260508_CON_NY,"Friday, May 08, 2026",regular_season,New York Liberty,Connecticut Sun,Satou Sabally,F,,,,,,,,,,,,,,,,,,,,,,,
20260508_CON_NY,"Friday, May 08, 2026",regular_season,New York Liberty,Connecticut Sun,Rebecca Allen,G,,,,,,,,,,,,,,,,,,,,,,,
20260508_CON_NY,"Friday, May 08, 2026",regular_season,New York Liberty,Connecticut Sun,Sabrina Ionescu,G,,,,,,,,,,,,,,,,,,,,,,,
20260508_WSH_TOR,"Friday, May 08, 2026",regular_season,Washington Mystics,Toronto Tempo,Kiki Iriafen,F,28.0,5-9,0-2,2-4,4.0,12.0,16.0,2.0,0.0,1.0,2.0,5.0,12.0,13.0,5.0,9.0,0.0,2.0,2.0,4.0,0.2222222222222222,0.4,1.0
20260508_WSH_TOR,"Friday, May 08, 2026",regular_season,Washington Mystics,Toronto Tempo,Shakira Austin,C,28.0,6-13,0-1,6-10,0.0,11.0,11.0,2.0,2.0,2.0,2.0,4.0,18.0,13.0,6.0,13.0,0.0,1.0,6.0,10.0,0.46153846153846156,0.3333333333333333,1.0
20260508_WSH_TOR,"Friday, May 08, 2026",regular_season,Washington Mystics,Toronto Tempo,Sonia Citron,G,34.0,9-12,3-6,5-8,0.0,2.0,2.0,0.0,2.0,2.0,2.0,2.0,26.0,13.0,9.0,12.0,3.0,6.0,5.0,8.0,1.1666666666666667,0.0,0.0
20260508_WSH_TOR,"Friday, May 08, 2026",regular_season,Washington Mystics,Toronto Tempo,Georgia Amoore,G,20.0,2-9,2-7,0-0,0.0,3.0,3.0,3.0,2.0,0.0,5.0,1.0,6.0,16.0,2.0,9.0,2.0,7.0,0.0,0.0,0.6666666666666666,1.5,0.6
20260508_WSH_TOR,"Friday, May 08, 2026",regular_season,Washington Mystics,Toronto Tempo,Cassandre Prosper,G,19.0,1-5,0-3,0-0,1.0,0.0,1.0,2.0,1.0,0.0,1.0,6.0,2.0,4.0,1.0,5.0,0.0,3.0,0.0,0.0,0.0,2.0,2.0
20260508_WSH_TOR,"Friday, May 08, 2026",regular_season,Washington Mystics,Toronto Tempo,Angela Dugalic,F,12.0,1-4,0-2,0-0,0.0,2.0,2.0,0.0,0.0,0.0,1.0,1.0,2.0,-10.0,1.0,4.0,0.0,2.0,0.0,0.0,0.0,0.0,0.0
20260508_WSH_TOR,"Friday, May 08, 2026",regular_season,Washington Mystics,Toronto Tempo,Lauren Betts,C,12.0,0-4,0-0,0-0,3.0,2.0,5.0,1.0,0.0,0.0,0.0,1.0,0.0,-10.0,0.0,4.0,0.0,0.0,0.0,0.0,0.0,,999.0
20260508_WSH_TOR,"Friday, May 08, 2026",regular_season,Washington Mystics,Toronto Tempo,Rori Harmon,G,20.0,0-2,0-0,0-0,0.0,2.0,2.0,2.0,3.0,0.0,3.0,4.0,0.0,-13.0,0.0,2.0,0.0,0.0,0.0,0.0,0.0,,0.667
20260508_WSH_TOR,"Friday, May 08, 2026",regular_season,Washington Mystics,Toronto Tempo,Lucy Olsen,G,10.0,0-3,0-1,0-0,0.0,0.0,0.0,1.0,0.0,0.0,2.0,0.0,0.0,-7.0,0.0,3.0,0.0,1.0,0.0,0.0,0.0,,0.5
20260508_WSH_TOR,"Friday, May 08, 2026",regular_season,Washington Mystics,Toronto Tempo,Alex Wilson,G,17.0,1-3,0-2,0-0,1.0,1.0,2.0,1.0,0.0,0.0,0.0,4.0,2.0,-4.0,1.0,3.0,0.0,2.0,0.0,0.0,0.0,1.0,999.0
20260508_WSH_TOR,"Friday, May 08, 2026",regular_season,Toronto Tempo,Washington Mystics,Nyara Sabally,F,26.0,3-8,0-2,2-4,3.0,3.0,6.0,0.0,3.0,1.0,1.0,5.0,8.0,-4.0,3.0,8.0,0.0,2.0,2.0,4.0,0.25,0.0,0.0
20260508_WSH_TOR,"Friday, May 08, 2026",regular_season,Toronto Tempo,Washington Mystics,Temi Fagbenle,C,16.0,0-2,0-1,2-2,0.0,1.0,1.0,1.0,1.0,0.0,4.0,4.0,2.0,0.0,0.0,2.0,0.0,1.0,2.0,2.0,1.0,,0.25
20260508_WSH_TOR,"Friday, May 08, 2026",regular_season,Toronto Tempo,Washington Mystics,Brittney Sykes,G,28.0,4-18,0-5,6-9,0.0,3.0,3.0,2.0,3.0,0.0,2.0,4.0,14.0,-4.0,4.0,18.0,0.0,5.0,6.0,9.0,0.3333333333333333,0.5,1.0
20260508_WSH_TOR,"Friday, May 08, 2026",regular_season,Toronto Tempo,Washington Mystics,Marina Mabrey,G,30.0,6-18,3-9,12-14,0.0,7.0,7.0,2.0,1.0,0.0,4.0,3.0,27.0,-7.0,6.0,18.0,3.0,9.0,12.0,14.0,1.1666666666666667,0.3333333333333333,0.5
20260508_WSH_TOR,"Friday, May 08, 2026",regular_season,Toronto Tempo,Washington Mystics,Julie Allemand,G,30.0,1-2,1-2,0-0,0.0,3.0,3.0,2.0,1.0,0.0,0.0,1.0,3.0,-6.0,1.0,2.0,1.0,2.0,0.0,0.0,1.5,2.0,999.0
20260508_WSH_TOR,"Friday, May 08, 2026",regular_season,Toronto Tempo,Washington Mystics,Maria Conde,F,15.0,0-4,0-1,2-2,2.0,1.0,3.0,0.0,0.0,0.0,1.0,0.0,2.0,6.0,0.0,4.0,0.0,1.0,2.0,2.0,0.5,,0.0
20260508_WSH_TOR,"Friday, May 08, 2026",regular_season,Toronto Tempo,Washington Mystics,Teonni Key,F,9.0,0-1,0-1,0-2,1.0,2.0,3.0,1.0,0.0,1.0,1.0,0.0,0.0,-3.0,0.0,1.0,0.0,1.0,0.0,2.0,0.0,,1.0
20260508_WSH_TOR,"Friday, May 08, 2026",regular_season,Toronto Tempo,Washington Mystics,Laura Juskaite,F,15.0,2-6,1-2,2-2,1.0,5.0,6.0,0.0,1.0,0.0,2.0,5.0,7.0,1.0,2.0,6.0,1.0,2.0,2.0,2.0,0.8333333333333334,0.0,0.0
20260508_WSH_TOR,"Friday, May 08, 2026",regular_season,Toronto Tempo,Washington Mystics,Mariella Fasoula,C,1.0,0-0,0-0,0-0,0.0,1.0,1.0,0.0,0.0,0.0,0.0,2.0,0.0,-2.0,0.0,0.0,0.0,0.0,0.0,0.0,,,0.0
20260508_WSH_TOR,"Friday, May 08, 2026",regular_season,Toronto Tempo,Washington Mystics,Kia Nurse,G,10.0,1-1,0-0,0-0,0.0,1.0,1.0,1.0,0.0,0.0,1.0,2.0,2.0,4.0,1.0,1.0,0.0,0.0,0.0,0.0,0.0,1.0,1.0
20260508_WSH_TOR,"Friday, May 08, 2026",regular_season,Toronto Tempo,Washington Mystics,Lexi Held,G,2.0,0-0,0-0,0-0,0.0,0.0,0.0,0.0,0.0,0.0,0.0,0.0,0.0,-1.0,0.0,0.0,0.0,0.0,0.0,0.0,,,0.0
20260508_WSH_TOR,"Friday, May 08, 2026",regular_season,Toronto Tempo,Washington Mystics,Kiki Rice,G,18.0,0-3,0-2,0-0,2.0,1.0,3.0,1.0,0.0,0.0,0.0,0.0,0.0,1.0,0.0,3.0,0.0,2.0,0.0,0.0,0.0,,999.0
20260509_GS_SEA,"Saturday, May 09, 2026",regular_season,Golden State Valkyries,Seattle Storm,Kayla Thornton,F,30.0,4-9,3-6,2-2,3.0,5.0,8.0,1.0,0.0,0.0,2.0,2.0,13.0,5.0,4.0,9.0,3.0,6.0,2.0,2.0,1.2222222222222223,0.25,0.5
20260509_GS_SEA,"Saturday, May 09, 2026",regular_season,Golden State Valkyries,Seattle Storm,Gabby Williams,F,24.0,2-9,1-5,2-3,3.0,3.0,6.0,4.0,1.0,0.0,2.0,0.0,7.0,3.0,2.0,9.0,1.0,5.0,2.0,3.0,0.5555555555555556,2.0,2.0
20260509_GS_SEA,"Saturday, May 09, 2026",regular_season,Golden State Valkyries,Seattle Storm,Kiah Stokes,C,24.0,3-5,0-1,0-0,0.0,4.0,4.0,3.0,1.0,3.0,0.0,3.0,6.0,10.0,3.0,5.0,0.0,1.0,0.0,0.0,0.0,1.0,999.0
20260509_GS_SEA,"Saturday, May 09, 2026",regular_season,Golden State Valkyries,Seattle Storm,Tiffany Hayes,G,4.0,0-1,0-1,1-2,0.0,0.0,0.0,1.0,0.0,0.0,0.0,1.0,1.0,-6.0,0.0,1.0,0.0,1.0,1.0,2.0,1.0,,999.0
20260509_GS_SEA,"Saturday, May 09, 2026",regular_season,Golden State Valkyries,Seattle Storm,Veronica Burton,G,31.0,5-13,2-4,4-5,1.0,1.0,2.0,6.0,2.0,0.0,1.0,4.0,16.0,8.0,5.0,13.0,2.0,4.0,4.0,5.0,0.7692307692307693,1.2,6.0
20260509_GS_SEA,"Saturday, May 09, 2026",regular_season,Golden State Valkyries,Seattle Storm,Cecilia Zandalasini,F,7.0,3-5,1-3,1-2,0.0,2.0,2.0,1.0,1.0,0.0,0.0,0.0,8.0,8.0,3.0,5.0,1.0,3.0,1.0,2.0,0.8,0.3333333333333333,999.0
20260509_GS_SEA,"Saturday, May 09, 2026",regular_season,Golden State Valkyries,Seattle Storm,Laeticia Amihere,F,16.0,1-3,0-1,1-3,3.0,1.0,4.0,1.0,0.0,0.0,1.0,4.0,3.0,1.0,1.0,3.0,0.0,1.0,1.0,3.0,0.3333333333333333,1.0,1.0
20260509_GS_SEA,"Saturday, May 09, 2026",regular_season,Golden State Valkyries,Seattle Storm,Janelle Salaun,F,27.0,7-16,5-11,1-3,0.0,2.0,2.0,1.0,0.0,1.0,1.0,4.0,20.0,10.0,7.0,16.0,5.0,11.0,1.0,3.0,1.0,0.14285714285714285,1.0
20260509_GS_SEA,"Saturday, May 09, 2026",regular_season,Golden State Valkyries,Seattle Storm,Kaila Charles,G,17.0,1-2,1-1,0-0,3.0,3.0,6.0,2.0,0.0,1.0,2.0,5.0,3.0,18.0,1.0,2.0,1.0,1.0,0.0,0.0,1.5,2.0,1.0
20260509_GS_SEA,"Saturday, May 09, 2026",regular_season,Golden State Valkyries,Seattle Storm,Miela Sowah,G,3.0,0-1,0-1,0-0,0.0,0.0,0.0,0.0,0.0,0.0,0.0,0.0,0.0,-6.0,0.0,1.0,0.0,1.0,0.0,0.0,0.0,,0.0
20260509_GS_SEA,"Saturday, May 09, 2026",regular_season,Golden State Valkyries,Seattle Storm,Kaitlyn Chen,G,16.0,5-10,2-3,2-2,0.0,1.0,1.0,2.0,0.0,0.0,0.0,0.0,14.0,6.0,5.0,10.0,2.0,3.0,2.0,2.0,0.8,0.4,999.0
20260509_GS_SEA,"Saturday, May 09, 2026",regular_season,Golden State Valkyries,Seattle Storm,Ndjakalenga Mwenentanda,G,1.0,0-0,0-0,0-0,0.0,0.0,0.0,0.0,0.0,0.0,0.0,0.0,0.0,-2.0,0.0,0.0,0.0,0.0,0.0,0.0,,,0.0
20260509_GS_SEA,"Saturday, May 09, 2026",regular_season,Seattle Storm,Golden State Valkyries,Jordan Horston,F,15.0,0-4,0-2,0-0,0.0,4.0,4.0,0.0,0.0,1.0,1.0,1.0,0.0,-6.0,0.0,4.0,0.0,2.0,0.0,0.0,0.0,,0.0
20260509_GS_SEA,"Saturday, May 09, 2026",regular_season,Seattle Storm,Golden State Valkyries,Stefanie Dolson,C,27.0,2-3,1-2,1-2,1.0,4.0,5.0,3.0,0.0,2.0,2.0,3.0,6.0,-5.0,2.0,3.0,1.0,2.0,1.0,2.0,1.3333333333333333,1.5,1.5
20260509_GS_SEA,"Saturday, May 09, 2026",regular_season,Seattle Storm,Golden State Valkyries,Dominique Malonga,C,29.0,8-15,0-2,5-9,4.0,4.0,8.0,0.0,0.0,2.0,3.0,3.0,21.0,-4.0,8.0,15.0,0.0,2.0,5.0,9.0,0.3333333333333333,0.0,0.0
20260509_GS_SEA,"Saturday, May 09, 2026",regular_season,Seattle Storm,Golden State Valkyries,Natisha Hiedeman,G,23.0,2-7,0-4,2-3,0.0,5.0,5.0,3.0,1.0,0.0,1.0,5.0,6.0,-1.0,2.0,7.0,0.0,4.0,2.0,3.0,0.2857142857142857,1.5,3.0
20260509_GS_SEA,"Saturday, May 09, 2026",regular_season,Seattle Storm,Golden State Valkyries,Flau'jae Johnson,G,26.0,3-12,3-7,3-3,0.0,2.0,2.0,2.0,1.0,0.0,2.0,2.0,12.0,-6.0,3.0,12.0,3.0,7.0,3.0,3.0,1.0,0.6666666666666666,1.0
20260509_GS_SEA,"Saturday, May 09, 2026",regular_season,Seattle Storm,Golden State Valkyries,Mackenzie Holmes,F,11.0,1-1,0-0,0-0,3.0,3.0,6.0,0.0,0.0,0.0,0.0,2.0,2.0,-4.0,1.0,1.0,0.0,0.0,0.0,0.0,0.0,0.0,0.0
20260509_GS_SEA,"Saturday, May 09, 2026",regular_season,Seattle Storm,Golden State Valkyries,Grace VanSlooten,F,7.0,1-2,1-1,2-2,0.0,0.0,0.0,0.0,0.0,0.0,0.0,2.0,5.0,-3.0,1.0,2.0,1.0,1.0,2.0,2.0,2.5,0.0,0.0
20260509_GS_SEA,"Saturday, May 09, 2026",regular_season,Seattle Storm,Golden State Valkyries,Lexie Brown,G,22.0,0-2,0-2,0-0,1.0,1.0,2.0,3.0,0.0,0.0,4.0,1.0,0.0,-19.0,0.0,2.0,0.0,2.0,0.0,0.0,0.0,,0.75
20260509_GS_SEA,"Saturday, May 09, 2026",regular_season,Seattle Storm,Golden State Valkyries,Zia Cooke,G,23.0,5-12,2-3,3-5,3.0,4.0,7.0,2.0,1.0,0.0,1.0,1.0,15.0,3.0,5.0,12.0,2.0,3.0,3.0,5.0,0.75,0.4,2.0
20260509_GS_SEA,"Saturday, May 09, 2026",regular_season,Seattle Storm,Golden State Valkyries,Jade Melbourne,G,17.0,4-5,2-3,3-3,1.0,1.0,2.0,3.0,1.0,0.0,0.0,2.0,13.0,-10.0,4.0,5.0,2.0,3.0,3.0,3.0,1.8,0.75,999.0
20260509_GS_SEA,"Saturday, May 09, 2026",regular_season,Seattle Storm,Golden State Valkyries,Katie Lou Samuelson,F,,,,,,,,,,,,,,,,,,,,,,,
20260509_GS_SEA,"Saturday, May 09, 2026",regular_season,Seattle Storm,Golden State Valkyries,Ezi Magbegor,F,,,,,,,,,,,,,,,,,,,,,,,
20260509_GS_SEA,"Saturday, May 09, 2026",regular_season,Seattle Storm,Golden State Valkyries,Taina Mair,G,,,,,,,,,,,,,,,,,,,,,,,
20260509_DAL_IND,"Saturday, May 09, 2026",regular_season,Dallas Wings,Indiana Fever,Jessica Shepard,F,32.0,5-8,0-0,3-5,1.0,8.0,9.0,9.0,2.0,0.0,2.0,5.0,13.0,5.0,5.0,8.0,0.0,0.0,3.0,5.0,0.375,1.8,4.5
20260509_DAL_IND,"Saturday, May 09, 2026",regular_season,Dallas Wings,Indiana Fever,Alanna Smith,F,20.0,2-6,0-1,2-2,1.0,2.0,3.0,2.0,2.0,1.0,2.0,4.0,6.0,-7.0,2.0,6.0,0.0,1.0,2.0,2.0,0.3333333333333333,1.0,1.0
20260509_DAL_IND,"Saturday, May 09, 2026",regular_season,Dallas Wings,Indiana Fever,Odyssey Sims,G,26.0,8-11,2-3,2-3,0.0,2.0,2.0,2.0,2.0,0.0,4.0,5.0,20.0,-10.0,8.0,11.0,2.0,3.0,2.0,3.0,0.7272727272727273,0.25,0.5
20260509_DAL_IND,"Saturday, May 09, 2026",regular_season,Dallas Wings,Indiana Fever,Arike Ogunbowale,G,29.0,8-15,3-7,3-3,0.0,1.0,1.0,5.0,0.0,0.0,3.0,5.0,22.0,6.0,8.0,15.0,3.0,7.0,3.0,3.0,0.8,0.625,1.667
20260509_DAL_IND,"Saturday, May 09, 2026",regular_season,Dallas Wings,Indiana Fever,Paige Bueckers,G,32.0,8-10,1-3,3-6,0.0,3.0,3.0,4.0,1.0,0.0,1.0,2.0,20.0,8.0,8.0,10.0,1.0,3.0,3.0,6.0,0.6,0.5,4.0
20260509_DAL_IND,"Saturday, May 09, 2026",regular_season,Dallas Wings,Indiana Fever,Alysha Clark,F,4.0,1-1,1-1,0-0,0.0,1.0,1.0,0.0,0.0,0.0,1.0,2.0,3.0,3.0,1.0,1.0,1.0,1.0,0.0,0.0,3.0,0.0,0.0
20260509_DAL_IND,"Saturday, May 09, 2026",regular_season,Dallas Wings,Indiana Fever,Maddy Siegrist,F,18.0,3-7,1-3,0-0,0.0,3.0,3.0,1.0,0.0,0.0,0.0,3.0,7.0,4.0,3.0,7.0,1.0,3.0,0.0,0.0,0.42857142857142855,0.3333333333333333,999.0
20260509_DAL_IND,"Saturday, May 09, 2026",regular_season,Dallas Wings,Indiana Fever,Awak Kuier,F,2.0,0-0,0-0,0-0,0.0,1.0,1.0,1.0,1.0,0.0,0.0,0.0,0.0,1.0,0.0,0.0,0.0,0.0,0.0,0.0,,,999.0
20260509_DAL_IND,"Saturday, May 09, 2026",regular_season,Dallas Wings,Indiana Fever,Li Yueru,C,4.0,0-1,0-0,3-4,0.0,1.0,1.0,0.0,0.0,0.0,0.0,0.0,3.0,0.0,0.0,1.0,0.0,0.0,3.0,4.0,3.0,,0.0
20260509_DAL_IND,"Saturday, May 09, 2026",regular_season,Dallas Wings,Indiana Fever,Azzi Fudd,G,18.0,1-2,1-2,0-0,1.0,0.0,1.0,0.0,1.0,0.0,0.0,0.0,3.0,-1.0,1.0,2.0,1.0,2.0,0.0,0.0,1.5,0.0,0.0
20260509_DAL_IND,"Saturday, May 09, 2026",regular_season,Dallas Wings,Indiana Fever,Aziaha James,G,16.0,3-5,3-3,1-1,0.0,2.0,2.0,2.0,0.0,1.0,2.0,2.0,10.0,6.0,3.0,5.0,3.0,3.0,1.0,1.0,2.0,0.6666666666666666,1.0
20260509_DAL_IND,"Saturday, May 09, 2026",regular_season,Dallas Wings,Indiana Fever,Dulcy Fankam Mendjiadeu,F,,,,,,,,,,,,,,,,,,,,,,,
20260509_DAL_IND,"Saturday, May 09, 2026",regular_season,Dallas Wings,Indiana Fever,JJ Quinerly,G,,,,,,,,,,,,,,,,,,,,,,,
20260509_DAL_IND,"Saturday, May 09, 2026",regular_season,Indiana Fever,Dallas Wings,Myisha Hines-Allen,F,21.0,3-7,0-1,0-0,1.0,5.0,6.0,2.0,0.0,0.0,2.0,2.0,6.0,2.0,3.0,7.0,0.0,1.0,0.0,0.0,0.0,0.6666666666666666,1.0
20260509_DAL_IND,"Saturday, May 09, 2026",regular_season,Indiana Fever,Dallas Wings,Aliyah Boston,C,26.0,9-14,1-2,4-6,2.0,2.0,4.0,3.0,3.0,1.0,1.0,2.0,23.0,0.0,9.0,14.0,1.0,2.0,4.0,6.0,0.5,0.3333333333333333,3.0
20260509_DAL_IND,"Saturday, May 09, 2026",regular_season,Indiana Fever,Dallas Wings,Kelsey Mitchell,G,33.0,11-22,2-9,6-7,3.0,0.0,3.0,4.0,0.0,0.0,2.0,4.0,30.0,-5.0,11.0,22.0,2.0,9.0,6.0,7.0,0.5454545454545454,0.36363636363636365,2.0
20260509_DAL_IND,"Saturday, May 09, 2026",regular_season,Indiana Fever,Dallas Wings,Sophie Cunningham,G,26.0,1-2,1-1,0-0,1.0,3.0,4.0,3.0,0.0,0.0,0.0,3.0,3.0,-5.0,1.0,2.0,1.0,1.0,0.0,0.0,1.5,3.0,999.0
20260509_DAL_IND,"Saturday, May 09, 2026",regular_season,Indiana Fever,Dallas Wings,Caitlin Clark,G,31.0,7-18,2-9,4-4,0.0,5.0,5.0,7.0,0.0,0.0,5.0,4.0,20.0,2.0,7.0,18.0,2.0,9.0,4.0,4.0,0.5555555555555556,1.0,1.4
20260509_DAL_IND,"Saturday, May 09, 2026",regular_season,Indiana Fever,Dallas Wings,Makayla Timpson,F,19.0,5-6,0-0,1-2,0.0,2.0,2.0,1.0,0.0,0.0,0.0,2.0,11.0,-2.0,5.0,6.0,0.0,0.0,1.0,2.0,0.16666666666666666,0.2,999.0
20260509_DAL_IND,"Saturday, May 09, 2026",regular_season,Indiana Fever,Dallas Wings,Damiris Dantas,C,13.0,3-4,1-2,0-0,0.0,1.0,1.0,1.0,0.0,1.0,2.0,5.0,7.0,-3.0,3.0,4.0,1.0,2.0,0.0,0.0,0.75,0.3333333333333333,0.5
20260509_DAL_IND,"Saturday, May 09, 2026",regular_season,Indiana Fever,Dallas Wings,Tyasha Harris,G,4.0,0-1,0-0,0-0,0.0,0.0,0.0,0.0,0.0,0.0,0.0,0.0,0.0,2.0,0.0,1.0,0.0,0.0,0.0,0.0,0.0,,0.0
20260509_DAL_IND,"Saturday, May 09, 2026",regular_season,Indiana Fever,Dallas Wings,Lexie Hull,G,15.0,0-2,0-0,0-0,0.0,1.0,1.0,0.0,0.0,0.0,1.0,2.0,0.0,-1.0,0.0,2.0,0.0,0.0,0.0,0.0,0.0,,0.0
20260509_DAL_IND,"Saturday, May 09, 2026",regular_season,Indiana Fever,Dallas Wings,Raven Johnson,G,12.0,1-1,0-0,2-2,0.0,2.0,2.0,2.0,1.0,0.0,1.0,1.0,4.0,-5.0,1.0,1.0,0.0,0.0,2.0,2.0,2.0,2.0,2.0
20260509_DAL_IND,"Saturday, May 09, 2026",regular_season,Indiana Fever,Dallas Wings,Monique Billings,F,,,,,,,,,,,,,,,,,,,,,,,
20260509_DAL_IND,"Saturday, May 09, 2026",regular_season,Indiana Fever,Dallas Wings,Shatori Walker-Kimbrough,G,,,,,,,,,,,,,,,,,,,,,,,
20260509_PHX_LV,"Saturday, May 09, 2026",regular_season,Phoenix Mercury,Las Vegas Aces,DeWanna Bonner,F,22.0,5-7,3-4,0-0,0.0,7.0,7.0,2.0,1.0,2.0,0.0,2.0,13.0,31.0,5.0,7.0,3.0,4.0,0.0,0.0,1.2857142857142858,0.4,999.0
20260509_PHX_LV,"Saturday, May 09, 2026",regular_season,Phoenix Mercury,Las Vegas Aces,Alyssa Thomas,F,26.0,9-17,0-0,2-4,1.0,5.0,6.0,9.0,3.0,0.0,1.0,1.0,20.0,25.0,9.0,17.0,0.0,0.0,2.0,4.0,0.11764705882352941,1.0,9.0
20260509_PHX_LV,"Saturday, May 09, 2026",regular_season,Phoenix Mercury,Las Vegas Aces,Natasha Mack,F,25.0,4-5,0-0,2-2,5.0,10.0,15.0,1.0,1.0,1.0,0.0,2.0,10.0,34.0,4.0,5.0,0.0,0.0,2.0,2.0,0.4,0.25,999.0
20260509_PHX_LV,"Saturday, May 09, 2026",regular_season,Phoenix Mercury,Las Vegas Aces,Kahleah Copper,G,28.0,6-16,0-5,1-1,0.0,0.0,0.0,2.0,0.0,0.0,4.0,2.0,13.0,29.0,6.0,16.0,0.0,5.0,1.0,1.0,0.0625,0.3333333333333333,0.5
20260509_PHX_LV,"Saturday, May 09, 2026",regular_season,Phoenix Mercury,Las Vegas Aces,Jovana Nogic,G,21.0,5-8,4-5,5-5,0.0,0.0,0.0,4.0,2.0,0.0,1.0,1.0,19.0,26.0,5.0,8.0,4.0,5.0,5.0,5.0,2.125,0.8,4.0
20260509_PHX_LV,"Saturday, May 09, 2026",regular_season,Phoenix Mercury,Las Vegas Aces,Peyton Williams,F,6.0,0-1,0-0,0-0,0.0,0.0,0.0,2.0,0.0,1.0,0.0,0.0,0.0,-1.0,0.0,1.0,0.0,0.0,0.0,0.0,0.0,,999.0
20260509_PHX_LV,"Saturday, May 09, 2026",regular_season,Phoenix Mercury,Las Vegas Aces,Anneli Maley,F,6.0,0-2,0-0,1-2,0.0,2.0,2.0,0.0,0.0,0.0,0.0,1.0,1.0,-1.0,0.0,2.0,0.0,0.0,1.0,2.0,0.5,,0.0
20260509_PHX_LV,"Saturday, May 09, 2026",regular_season,Phoenix Mercury,Las Vegas Aces,Noemie Brochant,F,18.0,3-6,1-1,1-1,0.0,3.0,3.0,0.0,0.0,0.0,0.0,0.0,8.0,9.0,3.0,6.0,1.0,1.0,1.0,1.0,0.6666666666666666,0.0,0.0
20260509_PHX_LV,"Saturday, May 09, 2026",regular_season,Phoenix Mercury,Las Vegas Aces,Kyara Linskens,C,14.0,1-4,0-1,0-0,1.0,1.0,2.0,1.0,2.0,0.0,0.0,0.0,2.0,5.0,1.0,4.0,0.0,1.0,0.0,0.0,0.0,1.0,999.0
20260509_PHX_LV,"Saturday, May 09, 2026",regular_season,Phoenix Mercury,Las Vegas Aces,Kiana Williams,G,21.0,4-9,3-7,0-0,0.0,1.0,1.0,1.0,2.0,0.0,1.0,0.0,11.0,9.0,4.0,9.0,3.0,7.0,0.0,0.0,1.0,0.25,1.0
20260509_PHX_LV,"Saturday, May 09, 2026",regular_season,Phoenix Mercury,Las Vegas Aces,Quionche Carter,G,12.0,1-2,0-1,0-0,0.0,1.0,1.0,1.0,0.0,0.0,0.0,1.0,2.0,-1.0,1.0,2.0,0.0,1.0,0.0,0.0,0.0,1.0,999.0
20260509_PHX_LV,"Saturday, May 09, 2026",regular_season,Las Vegas Aces,Phoenix Mercury,Stephanie Talbot,F,19.0,1-6,0-4,0-0,0.0,2.0,2.0,0.0,0.0,0.0,1.0,0.0,2.0,-19.0,1.0,6.0,0.0,4.0,0.0,0.0,0.0,0.0,0.0
20260509_PHX_LV,"Saturday, May 09, 2026",regular_season,Las Vegas Aces,Phoenix Mercury,NaLyssa Smith,F,21.0,4-7,0-0,3-6,2.0,4.0,6.0,1.0,0.0,2.0,0.0,3.0,11.0,-16.0,4.0,7.0,0.0,0.0,3.0,6.0,0.42857142857142855,0.25,999.0
20260509_PHX_LV,"Saturday, May 09, 2026",regular_season,Las Vegas Aces,Phoenix Mercury,A'ja Wilson,C,24.0,8-15,2-3,1-2,1.0,3.0,4.0,4.0,2.0,2.0,2.0,0.0,19.0,-22.0,8.0,15.0,2.0,3.0,1.0,2.0,0.4666666666666667,0.5,2.0
20260509_PHX_LV,"Saturday, May 09, 2026",regular_season,Las Vegas Aces,Phoenix Mercury,Chelsea Gray,G,22.0,2-6,0-2,0-0,1.0,0.0,1.0,6.0,0.0,2.0,3.0,1.0,4.0,-24.0,2.0,6.0,0.0,2.0,0.0,0.0,0.0,3.0,2.0
20260509_PHX_LV,"Saturday, May 09, 2026",regular_season,Las Vegas Aces,Phoenix Mercury,Jackie Young,G,25.0,5-15,2-6,0-0,0.0,6.0,6.0,3.0,0.0,0.0,2.0,1.0,12.0,-24.0,5.0,15.0,2.0,6.0,0.0,0.0,0.4,0.6,1.5
20260509_PHX_LV,"Saturday, May 09, 2026",regular_season,Las Vegas Aces,Phoenix Mercury,Cheyenne Parker-Tyus,F,12.0,1-3,0-1,0-0,0.0,4.0,4.0,0.0,0.0,0.0,2.0,2.0,2.0,-8.0,1.0,3.0,0.0,1.0,0.0,0.0,0.0,0.0,0.0
20260509_PHX_LV,"Saturday, May 09, 2026",regular_season,Las Vegas Aces,Phoenix Mercury,Brianna Turner,F,14.0,0-0,0-0,0-0,2.0,1.0,3.0,0.0,0.0,1.0,1.0,0.0,0.0,-7.0,0.0,0.0,0.0,0.0,0.0,0.0,,,0.0
20260509_PHX_LV,"Saturday, May 09, 2026",regular_season,Las Vegas Aces,Phoenix Mercury,Kierstan Bell,F,19.0,0-4,0-1,0-0,0.0,6.0,6.0,1.0,1.0,0.0,2.0,1.0,0.0,-14.0,0.0,4.0,0.0,1.0,0.0,0.0,0.0,,0.5
20260509_PHX_LV,"Saturday, May 09, 2026",regular_season,Las Vegas Aces,Phoenix Mercury,Jewell Loyd,G,24.0,3-7,0-2,0-0,0.0,1.0,1.0,2.0,0.0,1.0,1.0,2.0,6.0,-22.0,3.0,7.0,0.0,2.0,0.0,0.0,0.0,0.6666666666666666,2.0
20260509_PHX_LV,"Saturday, May 09, 2026",regular_season,Las Vegas Aces,Phoenix Mercury,Chennedy Carter,G,19.0,5-8,0-0,0-0,0.0,2.0,2.0,2.0,2.0,0.0,3.0,5.0,10.0,-9.0,5.0,8.0,0.0,0.0,0.0,0.0,0.0,0.4,0.667
20260510_ATL_MIN,"Sunday, May 10, 2026",regular_season,Atlanta Dream,Minnesota Lynx,Naz Hillmon,F,33.0,6-10,2-5,1-2,3.0,4.0,7.0,2.0,1.0,0.0,0.0,0.0,15.0,11.0,6.0,10.0,2.0,5.0,1.0,2.0,0.7,0.3333333333333333,999.0
20260510_ATL_MIN,"Sunday, May 10, 2026",regular_season,Atlanta Dream,Minnesota Lynx,Angel Reese,F,32.0,4-11,0-0,3-6,9.0,5.0,14.0,2.0,2.0,3.0,5.0,5.0,11.0,-3.0,4.0,11.0,0.0,0.0,3.0,6.0,0.2727272727272727,0.5,0.4
20260510_ATL_MIN,"Sunday, May 10, 2026",regular_season,Atlanta Dream,Minnesota Lynx,Allisha Gray,G,33.0,7-18,1-8,9-11,2.0,6.0,8.0,3.0,2.0,1.0,4.0,2.0,24.0,13.0,7.0,18.0,1.0,8.0,9.0,11.0,0.6666666666666666,0.42857142857142855,0.75
20260510_ATL_MIN,"Sunday, May 10, 2026",regular_season,Atlanta Dream,Minnesota Lynx,Jordin Canada,G,27.0,4-7,1-3,3-4,1.0,1.0,2.0,6.0,0.0,0.0,4.0,0.0,12.0,2.0,4.0,7.0,1.0,3.0,3.0,4.0,0.8571428571428571,1.5,1.5
20260510_ATL_MIN,"Sunday, May 10, 2026",regular_season,Atlanta Dream,Minnesota Lynx,Rhyne Howard,G,38.0,4-10,3-7,4-5,1.0,5.0,6.0,5.0,3.0,1.0,3.0,4.0,15.0,5.0,4.0,10.0,3.0,7.0,4.0,5.0,1.3,1.25,1.667
20260510_ATL_MIN,"Sunday, May 10, 2026",regular_season,Atlanta Dream,Minnesota Lynx,Sika Kone,F,3.0,0-1,0-1,0-0,0.0,0.0,0.0,0.0,0.0,0.0,0.0,0.0,0.0,-6.0,0.0,1.0,0.0,1.0,0.0,0.0,0.0,,0.0
20260510_ATL_MIN,"Sunday, May 10, 2026",regular_season,Atlanta Dream,Minnesota Lynx,Madina Okot,C,10.0,3-6,0-1,2-2,2.0,2.0,4.0,0.0,1.0,0.0,1.0,2.0,8.0,2.0,3.0,6.0,0.0,1.0,2.0,2.0,0.3333333333333333,0.0,0.0
20260510_ATL_MIN,"Sunday, May 10, 2026",regular_season,Atlanta Dream,Minnesota Lynx,Te-Hina Paopao,G,21.0,3-10,0-4,0-0,1.0,4.0,5.0,4.0,0.0,1.0,3.0,5.0,6.0,-7.0,3.0,10.0,0.0,4.0,0.0,0.0,0.0,1.3333333333333333,1.333
20260510_ATL_MIN,"Sunday, May 10, 2026",regular_season,Atlanta Dream,Minnesota Lynx,Isobel Borlase,G,3.0,0-0,0-0,0-0,0.0,0.0,0.0,0.0,0.0,0.0,0.0,0.0,0.0,-12.0,0.0,0.0,0.0,0.0,0.0,0.0,,,0.0
20260510_ATL_MIN,"Sunday, May 10, 2026",regular_season,Atlanta Dream,Minnesota Lynx,Brionna Jones,F,,,,,,,,,,,,,,,,,,,,,,,
20260510_ATL_MIN,"Sunday, May 10, 2026",regular_season,Atlanta Dream,Minnesota Lynx,Aaliyah Nye,G,,,,,,,,,,,,,,,,,,,,,,,
20260510_ATL_MIN,"Sunday, May 10, 2026",regular_season,Atlanta Dream,Minnesota Lynx,Indya Nivar,G,,,,,,,,,,,,,,,,,,,,,,,
20260510_ATL_MIN,"Sunday, May 10, 2026",regular_season,Minnesota Lynx,Atlanta Dream,Natasha Howard,F,20.0,3-6,0-1,0-4,4.0,1.0,5.0,2.0,1.0,0.0,5.0,6.0,6.0,3.0,3.0,6.0,0.0,1.0,0.0,4.0,0.0,0.6666666666666666,0.4
20260510_ATL_MIN,"Sunday, May 10, 2026",regular_season,Minnesota Lynx,Atlanta Dream,Nia Coffey,F,31.0,1-4,1-3,0-0,0.0,3.0,3.0,1.0,1.0,3.0,0.0,2.0,3.0,-8.0,1.0,4.0,1.0,3.0,0.0,0.0,0.75,1.0,999.0
20260510_ATL_MIN,"Sunday, May 10, 2026",regular_season,Minnesota Lynx,Atlanta Dream,Kayla McBride,G,33.0,7-13,2-6,4-5,0.0,2.0,2.0,2.0,1.0,0.0,1.0,0.0,20.0,-6.0,7.0,13.0,2.0,6.0,4.0,5.0,0.7692307692307693,0.2857142857142857,2.0
20260510_ATL_MIN,"Sunday, May 10, 2026",regular_season,Minnesota Lynx,Atlanta Dream,Courtney Williams,G,32.0,7-18,0-4,0-0,0.0,6.0,6.0,6.0,3.0,0.0,2.0,1.0,14.0,-8.0,7.0,18.0,0.0,4.0,0.0,0.0,0.0,0.8571428571428571,3.0
20260510_ATL_MIN,"Sunday, May 10, 2026",regular_season,Minnesota Lynx,Atlanta Dream,Olivia Miles,G,34.0,6-14,1-2,8-8,0.0,3.0,3.0,8.0,2.0,2.0,3.0,3.0,21.0,0.0,6.0,14.0,1.0,2.0,8.0,8.0,0.7857142857142857,1.3333333333333333,2.667
20260510_ATL_MIN,"Sunday, May 10, 2026",regular_season,Minnesota Lynx,Atlanta Dream,Antonia Delaere,F,14.0,1-2,0-1,0-0,0.0,0.0,0.0,1.0,1.0,0.0,1.0,2.0,2.0,6.0,1.0,2.0,0.0,1.0,0.0,0.0,0.0,1.0,1.0
20260510_ATL_MIN,"Sunday, May 10, 2026",regular_season,Minnesota Lynx,Atlanta Dream,Anastasiia Olairi Kosu,F,6.0,2-4,0-0,0-0,1.0,0.0,1.0,0.0,1.0,1.0,0.0,1.0,4.0,6.0,2.0,4.0,0.0,0.0,0.0,0.0,0.0,0.0,0.0
20260510_ATL_MIN,"Sunday, May 10, 2026",regular_season,Minnesota Lynx,Atlanta Dream,Emma Cechova,F,19.0,5-5,0-0,2-4,1.0,2.0,3.0,0.0,0.0,1.0,2.0,6.0,12.0,1.0,5.0,5.0,0.0,0.0,2.0,4.0,0.4,0.0,0.0
20260510_ATL_MIN,"Sunday, May 10, 2026",regular_season,Minnesota Lynx,Atlanta Dream,Emese Hof,C,4.0,1-2,0-0,0-0,0.0,0.0,0.0,0.0,0.0,0.0,0.0,1.0,2.0,-4.0,1.0,2.0,0.0,0.0,0.0,0.0,0.0,0.0,0.0
20260510_ATL_MIN,"Sunday, May 10, 2026",regular_season,Minnesota Lynx,Atlanta Dream,Maya Caldwell,G,8.0,2-2,1-1,1-1,1.0,1.0,2.0,0.0,0.0,0.0,1.0,2.0,6.0,5.0,2.0,2.0,1.0,1.0,1.0,1.0,2.0,0.0,0.0
20260510_ATL_MIN,"Sunday, May 10, 2026",regular_season,Minnesota Lynx,Atlanta Dream,Napheesa Collier,F,,,,,,,,,,,,,,,,,,,,,,,
20260510_ATL_MIN,"Sunday, May 10, 2026",regular_season,Minnesota Lynx,Atlanta Dream,Dorka Juhasz,F,,,,,,,,,,,,,,,,,,,,,,,
20260510_ATL_MIN,"Sunday, May 10, 2026",regular_season,Minnesota Lynx,Atlanta Dream,Eliska Hamzova,G,,,,,,,,,,,,,,,,,,,,,,,
20260510_CHI_POR,"Sunday, May 10, 2026",regular_season,Chicago Sky,Portland Fire,Rickea Jackson,F,36.0,5-14,1-4,8-10,1.0,6.0,7.0,3.0,0.0,1.0,3.0,4.0,19.0,10.0,5.0,14.0,1.0,4.0,8.0,10.0,0.7857142857142857,0.6,1.0
20260510_CHI_POR,"Sunday, May 10, 2026",regular_season,Chicago Sky,Portland Fire,Kamilla Cardoso,C,25.0,8-15,0-0,6-8,8.0,6.0,14.0,1.0,0.0,1.0,2.0,3.0,22.0,3.0,8.0,15.0,0.0,0.0,6.0,8.0,0.4,0.125,0.5
20260510_CHI_POR,"Sunday, May 10, 2026",regular_season,Chicago Sky,Portland Fire,Skylar Diggins,G,33.0,8-12,2-3,3-5,2.0,9.0,11.0,7.0,1.0,2.0,2.0,2.0,21.0,10.0,8.0,12.0,2.0,3.0,3.0,5.0,0.75,0.875,3.5
20260510_CHI_POR,"Sunday, May 10, 2026",regular_season,Chicago Sky,Portland Fire,Jacy Sheldon,G,34.0,4-7,1-3,4-4,0.0,4.0,4.0,4.0,1.0,3.0,0.0,3.0,13.0,17.0,4.0,7.0,1.0,3.0,4.0,4.0,1.0,1.0,999.0
20260510_CHI_POR,"Sunday, May 10, 2026",regular_season,Chicago Sky,Portland Fire,Gabriela Jaquez,G,32.0,3-7,1-1,3-4,2.0,5.0,7.0,2.0,2.0,0.0,0.0,3.0,10.0,14.0,3.0,7.0,1.0,1.0,3.0,4.0,0.8571428571428571,0.6666666666666666,999.0
20260510_CHI_POR,"Sunday, May 10, 2026",regular_season,Chicago Sky,Portland Fire,Elizabeth Williams,C,15.0,4-5,0-0,2-3,1.0,0.0,1.0,2.0,0.0,1.0,0.0,0.0,10.0,12.0,4.0,5.0,0.0,0.0,2.0,3.0,0.4,0.5,999.0
20260510_CHI_POR,"Sunday, May 10, 2026",regular_season,Chicago Sky,Portland Fire,Rachel Banham,G,15.0,1-3,1-3,0-0,0.0,0.0,0.0,2.0,0.0,0.0,2.0,1.0,3.0,3.0,1.0,3.0,1.0,3.0,0.0,0.0,1.0,2.0,1.0
20260510_CHI_POR,"Sunday, May 10, 2026",regular_season,Chicago Sky,Portland Fire,Aicha Coulibaly,G,6.0,0-3,0-1,0-0,0.0,2.0,2.0,1.0,0.0,0.0,0.0,1.0,0.0,0.0,0.0,3.0,0.0,1.0,0.0,0.0,0.0,,999.0
20260510_CHI_POR,"Sunday, May 10, 2026",regular_season,Chicago Sky,Portland Fire,Sydney Taylor,G,4.0,0-3,0-2,0-0,0.0,0.0,0.0,0.0,0.0,0.0,0.0,0.0,0.0,6.0,0.0,3.0,0.0,2.0,0.0,0.0,0.0,,0.0
20260510_CHI_POR,"Sunday, May 10, 2026",regular_season,Portland Fire,Chicago Sky,Bridget Carleton,F,30.0,4-10,3-7,2-3,0.0,1.0,1.0,4.0,1.0,1.0,0.0,1.0,13.0,-6.0,4.0,10.0,3.0,7.0,2.0,3.0,1.1,1.0,999.0
20260510_CHI_POR,"Sunday, May 10, 2026",regular_season,Portland Fire,Chicago Sky,Emily Engstler,F,23.0,2-6,0-2,0-0,0.0,2.0,2.0,2.0,1.0,3.0,3.0,5.0,4.0,-3.0,2.0,6.0,0.0,2.0,0.0,0.0,0.0,1.0,0.667
20260510_CHI_POR,"Sunday, May 10, 2026",regular_season,Portland Fire,Chicago Sky,Nyadiew Puoch,F,17.0,2-3,1-1,0-0,1.0,0.0,1.0,2.0,3.0,0.0,0.0,0.0,5.0,-1.0,2.0,3.0,1.0,1.0,0.0,0.0,1.0,1.0,999.0
20260510_CHI_POR,"Sunday, May 10, 2026",regular_season,Portland Fire,Chicago Sky,Luisa Geiselsoder,C,25.0,2-10,1-6,3-3,1.0,6.0,7.0,3.0,0.0,2.0,0.0,3.0,8.0,-2.0,2.0,10.0,1.0,6.0,3.0,3.0,0.6,1.5,999.0
20260510_CHI_POR,"Sunday, May 10, 2026",regular_season,Portland Fire,Chicago Sky,Carla Leite,G,29.0,3-11,1-5,11-12,1.0,2.0,3.0,3.0,0.0,0.0,1.0,3.0,18.0,-2.0,3.0,11.0,1.0,5.0,11.0,12.0,1.2727272727272727,1.0,3.0
20260510_CHI_POR,"Sunday, May 10, 2026",regular_season,Portland Fire,Chicago Sky,Frieda Buhner,F,13.0,2-4,0-2,0-0,0.0,3.0,3.0,0.0,0.0,0.0,0.0,3.0,4.0,-6.0,2.0,4.0,0.0,2.0,0.0,0.0,0.0,0.0,0.0
20260510_CHI_POR,"Sunday, May 10, 2026",regular_season,Portland Fire,Chicago Sky,Megan Gustafson,C,14.0,4-6,2-4,0-2,0.0,1.0,1.0,1.0,0.0,0.0,1.0,1.0,10.0,-15.0,4.0,6.0,2.0,4.0,0.0,2.0,1.0,0.25,1.0
20260510_CHI_POR,"Sunday, May 10, 2026",regular_season,Portland Fire,Chicago Sky,Serah Williams,C,8.0,0-3,0-0,0-0,0.0,2.0,2.0,1.0,0.0,0.0,0.0,0.0,0.0,-2.0,0.0,3.0,0.0,0.0,0.0,0.0,0.0,,999.0
20260510_CHI_POR,"Sunday, May 10, 2026",regular_season,Portland Fire,Chicago Sky,Haley Jones,G,7.0,2-3,0-0,0-0,0.0,0.0,0.0,0.0,0.0,0.0,0.0,2.0,4.0,-10.0,2.0,3.0,0.0,0.0,0.0,0.0,0.0,0.0,0.0
20260510_CHI_POR,"Sunday, May 10, 2026",regular_season,Portland Fire,Chicago Sky,Sarah Ashlee Barker,G,24.0,6-9,1-2,0-0,0.0,4.0,4.0,0.0,1.0,1.0,1.0,4.0,13.0,-15.0,6.0,9.0,1.0,2.0,0.0,0.0,0.3333333333333333,0.0,0.0
20260510_CHI_POR,"Sunday, May 10, 2026",regular_season,Portland Fire,Chicago Sky,Jordan Harrison,G,11.0,2-6,0-0,0-0,0.0,0.0,0.0,4.0,0.0,0.0,2.0,2.0,4.0,-13.0,2.0,6.0,0.0,0.0,0.0,0.0,0.0,2.0,2.0
20260510_CHI_POR,"Sunday, May 10, 2026",regular_season,Portland Fire,Chicago Sky,Teja Oblak,G,,,,,,,,,,,,,,,,,,,,,,,
20260510_SEA_CON,"Sunday, May 10, 2026",regular_season,Seattle Storm,Connecticut Sun,Jordan Horston,F,15.0,1-4,0-1,2-2,1.0,2.0,3.0,1.0,1.0,1.0,3.0,0.0,4.0,-4.0,1.0,4.0,0.0,1.0,2.0,2.0,0.5,1.0,0.333
20260510_SEA_CON,"Sunday, May 10, 2026",regular_season,Seattle Storm,Connecticut Sun,Stefanie Dolson,C,21.0,1-3,0-2,4-4,1.0,3.0,4.0,0.0,0.0,0.0,1.0,5.0,6.0,11.0,1.0,3.0,0.0,2.0,4.0,4.0,1.3333333333333333,0.0,0.0
20260510_SEA_CON,"Sunday, May 10, 2026",regular_season,Seattle Storm,Connecticut Sun,Dominique Malonga,C,20.0,2-6,0-0,2-2,0.0,7.0,7.0,0.0,2.0,3.0,2.0,4.0,6.0,15.0,2.0,6.0,0.0,0.0,2.0,2.0,0.3333333333333333,0.0,0.0
20260510_SEA_CON,"Sunday, May 10, 2026",regular_season,Seattle Storm,Connecticut Sun,Natisha Hiedeman,G,26.0,5-10,0-1,1-2,0.0,2.0,2.0,3.0,1.0,0.0,4.0,2.0,11.0,-2.0,5.0,10.0,0.0,1.0,1.0,2.0,0.1,0.6,0.75
20260510_SEA_CON,"Sunday, May 10, 2026",regular_season,Seattle Storm,Connecticut Sun,Flau'jae Johnson,G,30.0,3-10,1-3,9-10,1.0,5.0,6.0,1.0,3.0,1.0,1.0,2.0,16.0,11.0,3.0,10.0,1.0,3.0,9.0,10.0,1.2,0.3333333333333333,1.0
20260510_SEA_CON,"Sunday, May 10, 2026",regular_season,Seattle Storm,Connecticut Sun,Mackenzie Holmes,F,23.0,2-6,1-3,0-0,2.0,4.0,6.0,2.0,0.0,1.0,1.0,5.0,5.0,-4.0,2.0,6.0,1.0,3.0,0.0,0.0,0.5,1.0,2.0
20260510_SEA_CON,"Sunday, May 10, 2026",regular_season,Seattle Storm,Connecticut Sun,Grace VanSlooten,F,10.0,2-2,1-1,0-0,1.0,1.0,2.0,0.0,1.0,0.0,0.0,0.0,5.0,2.0,2.0,2.0,1.0,1.0,0.0,0.0,1.5,0.0,0.0
20260510_SEA_CON,"Sunday, May 10, 2026",regular_season,Seattle Storm,Connecticut Sun,Lexie Brown,G,21.0,6-7,5-6,0-0,0.0,0.0,0.0,1.0,0.0,1.0,0.0,0.0,17.0,5.0,6.0,7.0,5.0,6.0,0.0,0.0,2.142857142857143,0.16666666666666666,999.0
20260510_SEA_CON,"Sunday, May 10, 2026",regular_season,Seattle Storm,Connecticut Sun,Zia Cooke,G,12.0,1-6,1-3,1-2,1.0,0.0,1.0,0.0,1.0,0.0,1.0,1.0,4.0,-3.0,1.0,6.0,1.0,3.0,1.0,2.0,0.6666666666666666,0.0,0.0
20260510_SEA_CON,"Sunday, May 10, 2026",regular_season,Seattle Storm,Connecticut Sun,Jade Melbourne,G,23.0,4-7,1-2,6-11,0.0,1.0,1.0,6.0,1.0,1.0,1.0,3.0,15.0,4.0,4.0,7.0,1.0,2.0,6.0,11.0,1.2857142857142858,1.5,6.0
20260510_SEA_CON,"Sunday, May 10, 2026",regular_season,Seattle Storm,Connecticut Sun,Katie Lou Samuelson,F,,,,,,,,,,,,,,,,,,,,,,,
20260510_SEA_CON,"Sunday, May 10, 2026",regular_season,Seattle Storm,Connecticut Sun,Ezi Magbegor,F,,,,,,,,,,,,,,,,,,,,,,,
20260510_SEA_CON,"Sunday, May 10, 2026",regular_season,Seattle Storm,Connecticut Sun,Taina Mair,G,,,,,,,,,,,,,,,,,,,,,,,
20260510_SEA_CON,"Sunday, May 10, 2026",regular_season,Connecticut Sun,Seattle Storm,Diamond Miller,F,27.0,3-10,2-4,5-6,1.0,4.0,5.0,1.0,1.0,0.0,2.0,6.0,13.0,-10.0,3.0,10.0,2.0,4.0,5.0,6.0,1.1,0.3333333333333333,0.5
20260510_SEA_CON,"Sunday, May 10, 2026",regular_season,Connecticut Sun,Seattle Storm,Brittney Griner,C,28.0,6-11,0-1,4-4,3.0,3.0,6.0,0.0,2.0,0.0,2.0,5.0,16.0,-9.0,6.0,11.0,0.0,1.0,4.0,4.0,0.36363636363636365,0.0,0.0
20260510_SEA_CON,"Sunday, May 10, 2026",regular_season,Connecticut Sun,Seattle Storm,Kennedy Burke,G,34.0,3-11,2-6,4-6,1.0,5.0,6.0,5.0,0.0,2.0,5.0,3.0,12.0,5.0,3.0,11.0,2.0,6.0,4.0,6.0,0.9090909090909091,1.6666666666666667,1.0
20260510_SEA_CON,"Sunday, May 10, 2026",regular_season,Connecticut Sun,Seattle Storm,Saniya Rivers,G,20.0,1-8,0-2,0-0,0.0,1.0,1.0,3.0,0.0,0.0,2.0,2.0,2.0,-22.0,1.0,8.0,0.0,2.0,0.0,0.0,0.0,3.0,1.5
20260510_SEA_CON,"Sunday, May 10, 2026",regular_season,Connecticut Sun,Seattle Storm,Charlisse Leger-Walker,G,20.0,2-6,0-2,2-2,1.0,1.0,2.0,2.0,1.0,0.0,1.0,4.0,6.0,-11.0,2.0,6.0,0.0,2.0,2.0,2.0,0.3333333333333333,1.0,2.0
20260510_SEA_CON,"Sunday, May 10, 2026",regular_season,Connecticut Sun,Seattle Storm,Aneesah Morrow,F,31.0,7-15,3-6,0-2,3.0,13.0,16.0,1.0,1.0,0.0,2.0,1.0,17.0,-1.0,7.0,15.0,3.0,6.0,0.0,2.0,0.6,0.14285714285714285,0.5
20260510_SEA_CON,"Sunday, May 10, 2026",regular_season,Connecticut Sun,Seattle Storm,Olivia Nelson-Ododa,C,12.0,2-2,0-0,1-2,0.0,1.0,1.0,1.0,1.0,1.0,1.0,2.0,5.0,2.0,2.0,2.0,0.0,0.0,1.0,2.0,0.5,0.5,1.0
20260510_SEA_CON,"Sunday, May 10, 2026",regular_season,Connecticut Sun,Seattle Storm,Hailey Van Lith,G,20.0,4-8,1-2,0-0,0.0,3.0,3.0,4.0,1.0,0.0,1.0,4.0,9.0,4.0,4.0,8.0,1.0,2.0,0.0,0.0,0.375,1.0,4.0
20260510_SEA_CON,"Sunday, May 10, 2026",regular_season,Connecticut Sun,Seattle Storm,Gianna Kneepkens,G,8.0,1-2,0-0,0-0,1.0,0.0,1.0,1.0,0.0,0.0,0.0,1.0,2.0,7.0,1.0,2.0,0.0,0.0,0.0,0.0,0.0,1.0,999.0
20260510_SEA_CON,"Sunday, May 10, 2026",regular_season,Connecticut Sun,Seattle Storm,Aaliyah Edwards,F,,,,,,,,,,,,,,,,,,,,,,,
20260510_SEA_CON,"Sunday, May 10, 2026",regular_season,Connecticut Sun,Seattle Storm,Raegan Beers,F,,,,,,,,,,,,,,,,,,,,,,,
20260510_SEA_CON,"Sunday, May 10, 2026",regular_season,Connecticut Sun,Seattle Storm,Shey Peddy,G,,,,,,,,,,,,,,,,,,,,,,,
20260510_SEA_CON,"Sunday, May 10, 2026",regular_season,Connecticut Sun,Seattle Storm,Ashlon Jackson,G,,,,,,,,,,,,,,,,,,,,,,,
20260510_NY_WSH,"Sunday, May 10, 2026",regular_season,New York Liberty,Washington Mystics,Breanna Stewart,F,39.0,9-23,1-4,4-4,1.0,8.0,9.0,4.0,2.0,2.0,4.0,5.0,23.0,9.0,9.0,23.0,1.0,4.0,4.0,4.0,0.30434782608695654,0.4444444444444444,1.0
20260510_NY_WSH,"Sunday, May 10, 2026",regular_season,New York Liberty,Washington Mystics,Jonquel Jones,C,24.0,3-8,1-2,6-7,2.0,6.0,8.0,2.0,0.0,1.0,3.0,6.0,13.0,11.0,3.0,8.0,1.0,2.0,6.0,7.0,1.125,0.6666666666666666,0.667
20260510_NY_WSH,"Sunday, May 10, 2026",regular_season,New York Liberty,Washington Mystics,Betnijah Laney-Hamilton,G,25.0,0-0,0-0,3-4,1.0,1.0,2.0,0.0,0.0,1.0,0.0,2.0,3.0,12.0,0.0,0.0,0.0,0.0,3.0,4.0,,,0.0
20260510_NY_WSH,"Sunday, May 10, 2026",regular_season,New York Liberty,Washington Mystics,Marine Johannes,G,37.0,8-15,6-13,3-5,1.0,0.0,1.0,2.0,2.0,0.0,3.0,3.0,25.0,10.0,8.0,15.0,6.0,13.0,3.0,5.0,1.4,0.25,0.667
20260510_NY_WSH,"Sunday, May 10, 2026",regular_season,New York Liberty,Washington Mystics,Pauline Astier,G,35.0,6-10,0-2,6-7,1.0,4.0,5.0,7.0,2.0,0.0,2.0,5.0,18.0,-1.0,6.0,10.0,0.0,2.0,6.0,7.0,0.6,1.1666666666666667,3.5
20260510_NY_WSH,"Sunday, May 10, 2026",regular_season,New York Liberty,Washington Mystics,Aubrey Griffin,F,0.0,0-0,0-0,0-0,0.0,0.0,0.0,0.0,0.0,0.0,0.0,0.0,0.0,0.0,0.0,0.0,0.0,0.0,0.0,0.0,,,0.0
20260510_NY_WSH,"Sunday, May 10, 2026",regular_season,New York Liberty,Washington Mystics,Han Xu,C,26.0,2-5,0-2,0-0,1.0,4.0,5.0,0.0,1.0,1.0,0.0,6.0,4.0,-11.0,2.0,5.0,0.0,2.0,0.0,0.0,0.0,0.0,0.0
20260510_NY_WSH,"Sunday, May 10, 2026",regular_season,New York Liberty,Washington Mystics,Rebekah Gardner,G,25.0,4-5,0-1,1-1,1.0,2.0,3.0,2.0,0.0,0.0,1.0,1.0,9.0,-5.0,4.0,5.0,0.0,1.0,1.0,1.0,0.2,0.5,2.0
20260510_NY_WSH,"Sunday, May 10, 2026",regular_season,New York Liberty,Washington Mystics,Julie Vanloo,G,13.0,1-3,1-3,0-0,0.0,1.0,1.0,2.0,0.0,0.0,2.0,3.0,3.0,0.0,1.0,3.0,1.0,3.0,0.0,0.0,1.0,2.0,1.0
20260510_NY_WSH,"Sunday, May 10, 2026",regular_season,New York Liberty,Washington Mystics,Satou Sabally,F,,,,,,,,,,,,,,,,,,,,,,,
20260510_NY_WSH,"Sunday, May 10, 2026",regular_season,New York Liberty,Washington Mystics,Rebecca Allen,G,,,,,,,,,,,,,,,,,,,,,,,
20260510_NY_WSH,"Sunday, May 10, 2026",regular_season,New York Liberty,Washington Mystics,Sabrina Ionescu,G,,,,,,,,,,,,,,,,,,,,,,,
20260510_NY_WSH,"Sunday, May 10, 2026",regular_season,New York Liberty,Washington Mystics,Marine Fauthoux,G,,,,,,,,,,,,,,,,,,,,,,,
20260510_NY_WSH,"Sunday, May 10, 2026",regular_season,Washington Mystics,New York Liberty,Kiki Iriafen,F,28.0,7-13,0-1,6-7,6.0,6.0,12.0,3.0,1.0,0.0,2.0,5.0,20.0,-8.0,7.0,13.0,0.0,1.0,6.0,7.0,0.46153846153846156,0.42857142857142855,1.5
20260510_NY_WSH,"Sunday, May 10, 2026",regular_season,Washington Mystics,New York Liberty,Shakira Austin,C,33.0,6-13,0-1,4-8,2.0,8.0,10.0,4.0,0.0,0.0,1.0,2.0,16.0,2.0,6.0,13.0,0.0,1.0,4.0,8.0,0.3076923076923077,0.6666666666666666,4.0
20260510_NY_WSH,"Sunday, May 10, 2026",regular_season,Washington Mystics,New York Liberty,Sonia Citron,G,36.0,4-12,0-6,9-10,3.0,2.0,5.0,2.0,2.0,0.0,2.0,2.0,17.0,-6.0,4.0,12.0,0.0,6.0,9.0,10.0,0.75,0.5,1.0
20260510_NY_WSH,"Sunday, May 10, 2026",regular_season,Washington Mystics,New York Liberty,Georgia Amoore,G,21.0,3-8,1-4,0-0,0.0,1.0,1.0,7.0,1.0,0.0,1.0,3.0,7.0,-4.0,3.0,8.0,1.0,4.0,0.0,0.0,0.375,2.3333333333333335,7.0
20260510_NY_WSH,"Sunday, May 10, 2026",regular_season,Washington Mystics,New York Liberty,Cassandre Prosper,G,28.0,4-9,0-1,0-0,3.0,0.0,3.0,0.0,1.0,0.0,0.0,6.0,8.0,-8.0,4.0,9.0,0.0,1.0,0.0,0.0,0.0,0.0,0.0
20260510_NY_WSH,"Sunday, May 10, 2026",regular_season,Washington Mystics,New York Liberty,Angela Dugalic,F,10.0,2-4,1-3,0-2,0.0,2.0,2.0,0.0,1.0,0.0,0.0,3.0,5.0,3.0,2.0,4.0,1.0,3.0,0.0,2.0,0.75,0.0,0.0
20260510_NY_WSH,"Sunday, May 10, 2026",regular_season,Washington Mystics,New York Liberty,Lauren Betts,C,18.0,3-7,0-0,1-2,1.0,1.0,2.0,1.0,0.0,1.0,0.0,1.0,7.0,-7.0,3.0,7.0,0.0,0.0,1.0,2.0,0.14285714285714285,0.3333333333333333,999.0
20260510_NY_WSH,"Sunday, May 10, 2026",regular_season,Washington Mystics,New York Liberty,Rori Harmon,G,22.0,1-3,1-3,0-0,0.0,3.0,3.0,4.0,1.0,0.0,5.0,1.0,3.0,-1.0,1.0,3.0,1.0,3.0,0.0,0.0,1.0,4.0,0.8
20260510_NY_WSH,"Sunday, May 10, 2026",regular_season,Washington Mystics,New York Liberty,Lucy Olsen,G,5.0,2-2,1-1,0-0,0.0,0.0,0.0,1.0,0.0,0.0,0.0,1.0,5.0,4.0,2.0,2.0,1.0,1.0,0.0,0.0,1.5,0.5,999.0
20260510_NY_WSH,"Sunday, May 10, 2026",regular_season,Washington Mystics,New York Liberty,Alex Wilson,G,24.0,2-9,1-6,0-0,4.0,0.0,4.0,2.0,0.0,0.0,2.0,3.0,5.0,0.0,2.0,9.0,1.0,6.0,0.0,0.0,0.3333333333333333,1.0,1.0
20260510_NY_WSH,"Sunday, May 10, 2026",regular_season,Washington Mystics,New York Liberty,Michaela Onyenwere,F,,,,,,,,,,,,,,,,,,,,,,,
20260510_NY_WSH,"Sunday, May 10, 2026",regular_season,Washington Mystics,New York Liberty,Cotie McMahon,G,,,,,,,,,,,,,,,,,,,,,,,
20260510_NY_WSH,"Sunday, May 10, 2026",regular_season,Washington Mystics,New York Liberty,Darianna Littlepage-Buggs,G,,,,,,,,,,,,,,,,,,,,,,,
20260510_NY_WSH,"Sunday, May 10, 2026",regular_season,Washington Mystics,New York Liberty,Alicia Florez Getino,G,,,,,,,,,,,,,,,,,,,,,,,
20260510_LV_LA,"Sunday, May 10, 2026",regular_season,Las Vegas Aces,Los Angeles Sparks,Stephanie Talbot,F,18.0,4-5,0-1,0-0,0.0,2.0,2.0,3.0,3.0,0.0,1.0,0.0,8.0,5.0,4.0,5.0,0.0,1.0,0.0,0.0,0.0,0.75,3.0
20260510_LV_LA,"Sunday, May 10, 2026",regular_season,Las Vegas Aces,Los Angeles Sparks,NaLyssa Smith,F,16.0,5-5,0-0,2-4,2.0,4.0,6.0,2.0,0.0,2.0,0.0,4.0,12.0,14.0,5.0,5.0,0.0,0.0,2.0,4.0,0.4,0.4,999.0
20260510_LV_LA,"Sunday, May 10, 2026",regular_season,Las Vegas Aces,Los Angeles Sparks,A'ja Wilson,C,30.0,7-14,0-2,5-6,0.0,4.0,4.0,3.0,1.0,2.0,3.0,1.0,19.0,19.0,7.0,14.0,0.0,2.0,5.0,6.0,0.35714285714285715,0.42857142857142855,1.0
20260510_LV_LA,"Sunday, May 10, 2026",regular_season,Las Vegas Aces,Los Angeles Sparks,Chelsea Gray,G,32.0,6-10,4-5,0-0,0.0,3.0,3.0,5.0,0.0,0.0,6.0,3.0,16.0,11.0,6.0,10.0,4.0,5.0,0.0,0.0,1.2,0.8333333333333334,0.833
20260510_LV_LA,"Sunday, May 10, 2026",regular_season,Las Vegas Aces,Los Angeles Sparks,Jackie Young,G,31.0,8-12,2-5,2-2,1.0,4.0,5.0,9.0,1.0,1.0,1.0,2.0,20.0,25.0,8.0,12.0,2.0,5.0,2.0,2.0,0.6666666666666666,1.125,9.0
20260510_LV_LA,"Sunday, May 10, 2026",regular_season,Las Vegas Aces,Los Angeles Sparks,Cheyenne Parker-Tyus,F,3.0,1-1,0-0,0-0,0.0,0.0,0.0,1.0,1.0,1.0,0.0,0.0,2.0,4.0,1.0,1.0,0.0,0.0,0.0,0.0,0.0,1.0,999.0
20260510_LV_LA,"Sunday, May 10, 2026",regular_season,Las Vegas Aces,Los Angeles Sparks,Brianna Turner,F,16.0,2-3,0-0,0-0,2.0,4.0,6.0,1.0,2.0,2.0,0.0,1.0,4.0,16.0,2.0,3.0,0.0,0.0,0.0,0.0,0.0,0.5,999.0
20260510_LV_LA,"Sunday, May 10, 2026",regular_season,Las Vegas Aces,Los Angeles Sparks,Kierstan Bell,F,8.0,0-1,0-1,0-0,0.0,0.0,0.0,1.0,0.0,1.0,0.0,0.0,0.0,8.0,0.0,1.0,0.0,1.0,0.0,0.0,0.0,,999.0
20260510_LV_LA,"Sunday, May 10, 2026",regular_season,Las Vegas Aces,Los Angeles Sparks,Jewell Loyd,G,26.0,1-5,0-3,0-0,0.0,4.0,4.0,3.0,1.0,1.0,1.0,2.0,2.0,5.0,1.0,5.0,0.0,3.0,0.0,0.0,0.0,3.0,3.0
20260510_LV_LA,"Sunday, May 10, 2026",regular_season,Las Vegas Aces,Los Angeles Sparks,Chennedy Carter,G,20.0,9-13,1-3,3-5,1.0,0.0,1.0,0.0,2.0,0.0,2.0,3.0,22.0,28.0,9.0,13.0,1.0,3.0,3.0,5.0,0.46153846153846156,0.0,0.0
20260510_LV_LA,"Sunday, May 10, 2026",regular_season,Los Angeles Sparks,Las Vegas Aces,Nneka Ogwumike,F,33.0,7-15,3-5,2-2,5.0,5.0,10.0,2.0,1.0,0.0,2.0,1.0,19.0,-15.0,7.0,15.0,3.0,5.0,2.0,2.0,0.7333333333333333,0.2857142857142857,1.0
20260510_LV_LA,"Sunday, May 10, 2026",regular_season,Los Angeles Sparks,Las Vegas Aces,Dearica Hamby,F,27.0,4-11,0-1,4-8,2.0,3.0,5.0,1.0,0.0,0.0,3.0,2.0,12.0,-16.0,4.0,11.0,0.0,1.0,4.0,8.0,0.36363636363636365,0.25,0.333
20260510_LV_LA,"Sunday, May 10, 2026",regular_season,Los Angeles Sparks,Las Vegas Aces,Kelsey Plum,G,35.0,10-18,4-8,3-4,1.0,3.0,4.0,2.0,0.0,0.0,3.0,3.0,27.0,-25.0,10.0,18.0,4.0,8.0,3.0,4.0,0.8333333333333334,0.2,0.667
20260510_LV_LA,"Sunday, May 10, 2026",regular_season,Los Angeles Sparks,Las Vegas Aces,Ariel Atkins,G,32.0,3-12,0-6,2-2,2.0,2.0,4.0,3.0,3.0,0.0,3.0,2.0,8.0,-6.0,3.0,12.0,0.0,6.0,2.0,2.0,0.16666666666666666,1.0,1.0
20260510_LV_LA,"Sunday, May 10, 2026",regular_season,Los Angeles Sparks,Las Vegas Aces,Rae Burrell,G,28.0,2-6,1-3,0-0,1.0,2.0,3.0,1.0,1.0,0.0,2.0,3.0,5.0,-24.0,2.0,6.0,1.0,3.0,0.0,0.0,0.5,0.5,0.5
20260510_LV_LA,"Sunday, May 10, 2026",regular_season,Los Angeles Sparks,Las Vegas Aces,Emma Cannon,F,2.0,1-1,1-1,0-0,0.0,0.0,0.0,0.0,0.0,0.0,2.0,1.0,3.0,1.0,1.0,1.0,1.0,1.0,0.0,0.0,3.0,0.0,0.0
20260510_LV_LA,"Sunday, May 10, 2026",regular_season,Los Angeles Sparks,Las Vegas Aces,Cameron Brink,F,8.0,0-0,0-0,0-0,3.0,0.0,3.0,0.0,0.0,0.0,3.0,3.0,0.0,-19.0,0.0,0.0,0.0,0.0,0.0,0.0,,,0.0
20260510_LV_LA,"Sunday, May 10, 2026",regular_season,Los Angeles Sparks,Las Vegas Aces,Sania Feagin,F,3.0,0-0,0-0,0-0,0.0,0.0,0.0,0.0,0.0,0.0,0.0,1.0,0.0,-4.0,0.0,0.0,0.0,0.0,0.0,0.0,,,0.0
20260510_LV_LA,"Sunday, May 10, 2026",regular_season,Los Angeles Sparks,Las Vegas Aces,Jihyun Park,F,2.0,0-1,0-0,0-0,0.0,0.0,0.0,0.0,0.0,0.0,0.0,0.0,0.0,1.0,0.0,1.0,0.0,0.0,0.0,0.0,0.0,,0.0
20260510_LV_LA,"Sunday, May 10, 2026",regular_season,Los Angeles Sparks,Las Vegas Aces,Erica Wheeler,G,18.0,1-11,0-6,0-0,1.0,0.0,1.0,1.0,3.0,0.0,0.0,1.0,2.0,-21.0,1.0,11.0,0.0,6.0,0.0,0.0,0.0,1.0,999.0
20260510_LV_LA,"Sunday, May 10, 2026",regular_season,Los Angeles Sparks,Las Vegas Aces,Ta'Niya Latson,G,5.0,1-1,0-0,0-0,0.0,1.0,1.0,0.0,0.0,0.0,1.0,0.0,2.0,-2.0,1.0,1.0,0.0,0.0,0.0,0.0,0.0,0.0,0.0
20260510_LV_LA,"Sunday, May 10, 2026",regular_season,Los Angeles Sparks,Las Vegas Aces,Chance Gray,G,8.0,0-2,0-1,0-0,0.0,1.0,1.0,1.0,0.0,0.0,0.0,0.0,0.0,-5.0,0.0,2.0,0.0,1.0,0.0,0.0,0.0,,999.0
20260511_PHX_GS,"Monday, May 11, 2026",regular_season,Phoenix Mercury,Golden State Valkyries,DeWanna Bonner,F,32.0,2-9,0-3,1-1,1.0,7.0,8.0,3.0,0.0,1.0,1.0,1.0,5.0,-1.0,2.0,9.0,0.0,3.0,1.0,1.0,0.1111111111111111,1.5,3.0
20260511_PHX_GS,"Monday, May 11, 2026",regular_season,Phoenix Mercury,Golden State Valkyries,Alyssa Thomas,F,38.0,5-9,0-0,9-12,1.0,8.0,9.0,11.0,0.0,0.0,6.0,5.0,19.0,-9.0,5.0,9.0,0.0,0.0,9.0,12.0,1.0,2.2,1.833
20260511_PHX_GS,"Monday, May 11, 2026",regular_season,Phoenix Mercury,Golden State Valkyries,Natasha Mack,F,29.0,4-5,1-1,2-2,1.0,1.0,2.0,1.0,0.0,1.0,1.0,3.0,11.0,-11.0,4.0,5.0,1.0,1.0,2.0,2.0,1.0,0.25,1.0
20260511_PHX_GS,"Monday, May 11, 2026",regular_season,Phoenix Mercury,Golden State Valkyries,Kahleah Copper,G,36.0,4-15,1-4,2-2,0.0,1.0,1.0,4.0,1.0,0.0,3.0,2.0,11.0,-16.0,4.0,15.0,1.0,4.0,2.0,2.0,0.3333333333333333,1.0,1.333
20260511_PHX_GS,"Monday, May 11, 2026",regular_season,Phoenix Mercury,Golden State Valkyries,Jovana Nogic,G,27.0,5-6,4-5,2-2,1.0,0.0,1.0,1.0,0.0,0.0,4.0,5.0,16.0,3.0,5.0,6.0,4.0,5.0,2.0,2.0,2.3333333333333335,0.2,0.25
20260511_PHX_GS,"Monday, May 11, 2026",regular_season,Phoenix Mercury,Golden State Valkyries,Anneli Maley,F,0.0,0-0,0-0,0-0,0.0,0.0,0.0,0.0,0.0,0.0,0.0,0.0,0.0,-2.0,0.0,0.0,0.0,0.0,0.0,0.0,,,0.0
20260511_PHX_GS,"Monday, May 11, 2026",regular_season,Phoenix Mercury,Golden State Valkyries,Noemie Brochant,F,16.0,3-5,3-5,0-0,0.0,1.0,1.0,0.0,0.0,0.0,1.0,2.0,9.0,-11.0,3.0,5.0,3.0,5.0,0.0,0.0,1.8,0.0,0.0
20260511_PHX_GS,"Monday, May 11, 2026",regular_season,Phoenix Mercury,Golden State Valkyries,Kyara Linskens,C,5.0,1-2,0-1,0-0,0.0,0.0,0.0,0.0,1.0,1.0,0.0,1.0,2.0,-6.0,1.0,2.0,0.0,1.0,0.0,0.0,0.0,0.0,0.0
20260511_PHX_GS,"Monday, May 11, 2026",regular_season,Phoenix Mercury,Golden State Valkyries,Kiana Williams,G,12.0,2-2,2-2,0-0,0.0,1.0,1.0,0.0,0.0,0.0,1.0,2.0,6.0,-14.0,2.0,2.0,2.0,2.0,0.0,0.0,3.0,0.0,0.0
20260511_PHX_GS,"Monday, May 11, 2026",regular_season,Phoenix Mercury,Golden State Valkyries,Quionche Carter,G,6.0,0-1,0-1,0-0,0.0,1.0,1.0,0.0,0.0,0.0,0.0,0.0,0.0,-13.0,0.0,1.0,0.0,1.0,0.0,0.0,0.0,,0.0
20260511_PHX_GS,"Monday, May 11, 2026",regular_season,Phoenix Mercury,Golden State Valkyries,Peyton Williams,F,,,,,,,,,,,,,,,,,,,,,,,
20260511_PHX_GS,"Monday, May 11, 2026",regular_season,Phoenix Mercury,Golden State Valkyries,Sami Whitcomb,G,,,,,,,,,,,,,,,,,,,,,,,
20260511_PHX_GS,"Monday, May 11, 2026",regular_season,Golden State Valkyries,Phoenix Mercury,Kayla Thornton,F,31.0,8-14,3-8,0-0,1.0,2.0,3.0,0.0,0.0,0.0,1.0,3.0,19.0,6.0,8.0,14.0,3.0,8.0,0.0,0.0,0.6428571428571429,0.0,0.0
20260511_PHX_GS,"Monday, May 11, 2026",regular_season,Golden State Valkyries,Phoenix Mercury,Gabby Williams,F,32.0,7-13,4-9,1-1,1.0,4.0,5.0,3.0,4.0,1.0,4.0,2.0,19.0,12.0,7.0,13.0,4.0,9.0,1.0,1.0,1.0,0.42857142857142855,0.75
20260511_PHX_GS,"Monday, May 11, 2026",regular_season,Golden State Valkyries,Phoenix Mercury,Kiah Stokes,C,13.0,0-2,0-1,1-2,0.0,3.0,3.0,0.0,1.0,0.0,0.0,3.0,1.0,-15.0,0.0,2.0,0.0,1.0,1.0,2.0,0.5,,0.0
20260511_PHX_GS,"Monday, May 11, 2026",regular_season,Golden State Valkyries,Phoenix Mercury,Kaila Charles,G,33.0,2-8,1-5,2-2,0.0,4.0,4.0,1.0,1.0,0.0,1.0,4.0,7.0,-3.0,2.0,8.0,1.0,5.0,2.0,2.0,0.625,0.5,1.0
20260511_PHX_GS,"Monday, May 11, 2026",regular_season,Golden State Valkyries,Phoenix Mercury,Veronica Burton,G,32.0,3-9,1-5,6-6,1.0,2.0,3.0,12.0,3.0,0.0,0.0,3.0,13.0,12.0,3.0,9.0,1.0,5.0,6.0,6.0,1.0,4.0,999.0
20260511_PHX_GS,"Monday, May 11, 2026",regular_season,Golden State Valkyries,Phoenix Mercury,Laeticia Amihere,F,24.0,5-7,0-0,3-4,1.0,5.0,6.0,5.0,0.0,3.0,2.0,4.0,13.0,33.0,5.0,7.0,0.0,0.0,3.0,4.0,0.42857142857142855,1.0,2.5
20260511_PHX_GS,"Monday, May 11, 2026",regular_season,Golden State Valkyries,Phoenix Mercury,Janelle Salaun,F,26.0,7-10,4-5,3-3,1.0,2.0,3.0,2.0,1.0,0.0,0.0,1.0,21.0,27.0,7.0,10.0,4.0,5.0,3.0,3.0,1.5,0.2857142857142857,999.0
20260511_PHX_GS,"Monday, May 11, 2026",regular_season,Golden State Valkyries,Phoenix Mercury,Kaitlyn Chen,G,9.0,1-4,0-0,0-0,1.0,2.0,3.0,2.0,0.0,0.0,1.0,1.0,2.0,8.0,1.0,4.0,0.0,0.0,0.0,0.0,0.0,2.0,2.0
20260511_PHX_GS,"Monday, May 11, 2026",regular_season,Golden State Valkyries,Phoenix Mercury,Miela Sowah,G,,,,,,,,,,,,,,,,,,,,,,,
20260511_PHX_GS,"Monday, May 11, 2026",regular_season,Golden State Valkyries,Phoenix Mercury,Ndjakalenga Mwenentanda,G,,,,,,,,,,,,,,,,,,,,,,,
20260513_ATL_DAL,"Wednesday, May 13, 2026",regular_season,Atlanta Dream,Dallas Wings,Naz Hillmon,F,36.0,0-5,0-3,1-2,0.0,3.0,3.0,1.0,0.0,0.0,1.0,4.0,1.0,12.0,0.0,5.0,0.0,3.0,1.0,2.0,0.2,,1.0
20260513_ATL_DAL,"Wednesday, May 13, 2026",regular_season,Atlanta Dream,Dallas Wings,Angel Reese,F,34.0,4-8,0-1,4-4,8.0,8.0,16.0,2.0,1.0,1.0,3.0,3.0,12.0,1.0,4.0,8.0,0.0,1.0,4.0,4.0,0.5,0.5,0.667
20260513_ATL_DAL,"Wednesday, May 13, 2026",regular_season,Atlanta Dream,Dallas Wings,Allisha Gray,G,34.0,9-20,4-9,4-4,0.0,4.0,4.0,0.0,0.0,1.0,0.0,2.0,26.0,9.0,9.0,20.0,4.0,9.0,4.0,4.0,0.8,0.0,0.0
20260513_ATL_DAL,"Wednesday, May 13, 2026",regular_season,Atlanta Dream,Dallas Wings,Jordin Canada,G,31.0,8-15,3-7,0-0,1.0,6.0,7.0,5.0,3.0,0.0,1.0,3.0,19.0,3.0,8.0,15.0,3.0,7.0,0.0,0.0,0.6,0.625,5.0
20260513_ATL_DAL,"Wednesday, May 13, 2026",regular_season,Atlanta Dream,Dallas Wings,Rhyne Howard,G,37.0,3-14,1-9,7-7,2.0,1.0,3.0,4.0,1.0,0.0,0.0,4.0,14.0,4.0,3.0,14.0,1.0,9.0,7.0,7.0,0.7142857142857143,1.3333333333333333,999.0
20260513_ATL_DAL,"Wednesday, May 13, 2026",regular_season,Atlanta Dream,Dallas Wings,Sika Kone,F,1.0,0-0,0-0,0-0,0.0,2.0,2.0,0.0,0.0,0.0,1.0,1.0,0.0,-3.0,0.0,0.0,0.0,0.0,0.0,0.0,,,0.0
20260513_ATL_DAL,"Wednesday, May 13, 2026",regular_season,Atlanta Dream,Dallas Wings,Madina Okot,C,9.0,0-1,0-0,0-0,0.0,5.0,5.0,0.0,0.0,0.0,1.0,0.0,0.0,0.0,0.0,1.0,0.0,0.0,0.0,0.0,0.0,,0.0
20260513_ATL_DAL,"Wednesday, May 13, 2026",regular_season,Atlanta Dream,Dallas Wings,Te-Hina Paopao,G,13.0,1-4,0-3,0-0,0.0,3.0,3.0,1.0,0.0,0.0,2.0,1.0,2.0,-4.0,1.0,4.0,0.0,3.0,0.0,0.0,0.0,1.0,0.5
20260513_ATL_DAL,"Wednesday, May 13, 2026",regular_season,Atlanta Dream,Dallas Wings,Indya Nivar,G,1.0,0-0,0-0,0-0,0.0,1.0,1.0,0.0,0.0,1.0,0.0,0.0,0.0,0.0,0.0,0.0,0.0,0.0,0.0,0.0,,,0.0
20260513_ATL_DAL,"Wednesday, May 13, 2026",regular_season,Atlanta Dream,Dallas Wings,Isobel Borlase,G,4.0,1-2,1-1,0-0,0.0,0.0,0.0,0.0,0.0,0.0,0.0,0.0,3.0,3.0,1.0,2.0,1.0,1.0,0.0,0.0,1.5,0.0,0.0
20260513_ATL_DAL,"Wednesday, May 13, 2026",regular_season,Atlanta Dream,Dallas Wings,Aaliyah Nye,G,,,,,,,,,,,,,,,,,,,,,,,
20260513_ATL_DAL,"Wednesday, May 13, 2026",regular_season,Dallas Wings,Atlanta Dream,Jessica Shepard,F,31.0,6-11,0-0,0-0,3.0,5.0,8.0,3.0,0.0,0.0,2.0,2.0,12.0,-15.0,6.0,11.0,0.0,0.0,0.0,0.0,0.0,0.5,1.5
20260513_ATL_DAL,"Wednesday, May 13, 2026",regular_season,Dallas Wings,Atlanta Dream,Alanna Smith,F,27.0,1-8,0-6,0-0,2.0,4.0,6.0,3.0,0.0,1.0,3.0,2.0,2.0,-9.0,1.0,8.0,0.0,6.0,0.0,0.0,0.0,3.0,1.0
20260513_ATL_DAL,"Wednesday, May 13, 2026",regular_season,Dallas Wings,Atlanta Dream,Odyssey Sims,G,23.0,3-8,1-3,0-0,0.0,1.0,1.0,4.0,0.0,0.0,1.0,2.0,7.0,-15.0,3.0,8.0,1.0,3.0,0.0,0.0,0.375,1.3333333333333333,4.0
20260513_ATL_DAL,"Wednesday, May 13, 2026",regular_season,Dallas Wings,Atlanta Dream,Arike Ogunbowale,G,36.0,7-15,0-4,6-7,0.0,4.0,4.0,1.0,1.0,0.0,2.0,2.0,20.0,-1.0,7.0,15.0,0.0,4.0,6.0,7.0,0.4,0.14285714285714285,0.5
20260513_ATL_DAL,"Wednesday, May 13, 2026",regular_season,Dallas Wings,Atlanta Dream,Paige Bueckers,G,32.0,5-12,2-4,3-3,0.0,2.0,2.0,3.0,0.0,1.0,0.0,2.0,15.0,-7.0,5.0,12.0,2.0,4.0,3.0,3.0,0.75,0.6,999.0
20260513_ATL_DAL,"Wednesday, May 13, 2026",regular_season,Dallas Wings,Atlanta Dream,Alysha Clark,F,14.0,1-2,0-1,0-0,0.0,4.0,4.0,0.0,0.0,0.0,0.0,2.0,2.0,5.0,1.0,2.0,0.0,1.0,0.0,0.0,0.0,0.0,0.0
20260513_ATL_DAL,"Wednesday, May 13, 2026",regular_season,Dallas Wings,Atlanta Dream,Maddy Siegrist,F,8.0,1-3,0-1,0-0,0.0,3.0,3.0,0.0,0.0,0.0,0.0,1.0,2.0,5.0,1.0,3.0,0.0,1.0,0.0,0.0,0.0,0.0,0.0
20260513_ATL_DAL,"Wednesday, May 13, 2026",regular_season,Dallas Wings,Atlanta Dream,Awak Kuier,F,15.0,2-4,1-2,1-2,1.0,3.0,4.0,1.0,0.0,1.0,0.0,0.0,6.0,9.0,2.0,4.0,1.0,2.0,1.0,2.0,1.0,0.5,999.0
20260513_ATL_DAL,"Wednesday, May 13, 2026",regular_season,Dallas Wings,Atlanta Dream,Aziaha James,G,15.0,2-10,0-5,2-2,1.0,1.0,2.0,0.0,2.0,1.0,0.0,4.0,6.0,3.0,2.0,10.0,0.0,5.0,2.0,2.0,0.2,0.0,0.0
20260513_ATL_DAL,"Wednesday, May 13, 2026",regular_season,Dallas Wings,Atlanta Dream,Li Yueru,C,,,,,,,,,,,,,,,,,,,,,,,
20260513_ATL_DAL,"Wednesday, May 13, 2026",regular_season,Dallas Wings,Atlanta Dream,JJ Quinerly,G,,,,,,,,,,,,,,,,,,,,,,,
20260513_MIN_PHX,"Wednesday, May 13, 2026",regular_season,Minnesota Lynx,Phoenix Mercury,Natasha Howard,F,29.0,6-9,0-0,2-6,4.0,7.0,11.0,2.0,1.0,0.0,4.0,4.0,14.0,8.0,6.0,9.0,0.0,0.0,2.0,6.0,0.2222222222222222,0.3333333333333333,0.5
20260513_MIN_PHX,"Wednesday, May 13, 2026",regular_season,Minnesota Lynx,Phoenix Mercury,Nia Coffey,F,21.0,5-7,3-4,0-0,1.0,9.0,10.0,0.0,0.0,1.0,1.0,6.0,13.0,3.0,5.0,7.0,3.0,4.0,0.0,0.0,1.2857142857142858,0.0,0.0
20260513_MIN_PHX,"Wednesday, May 13, 2026",regular_season,Minnesota Lynx,Phoenix Mercury,Kayla McBride,G,33.0,4-10,2-6,4-4,0.0,2.0,2.0,3.0,1.0,0.0,3.0,1.0,14.0,4.0,4.0,10.0,2.0,6.0,4.0,4.0,1.0,0.75,1.0
20260513_MIN_PHX,"Wednesday, May 13, 2026",regular_season,Minnesota Lynx,Phoenix Mercury,Courtney Williams,G,30.0,4-13,1-4,2-3,0.0,3.0,3.0,5.0,2.0,2.0,1.0,2.0,11.0,7.0,4.0,13.0,1.0,4.0,2.0,3.0,0.38461538461538464,1.25,5.0
20260513_MIN_PHX,"Wednesday, May 13, 2026",regular_season,Minnesota Lynx,Phoenix Mercury,Olivia Miles,G,26.0,5-10,0-2,3-4,0.0,6.0,6.0,7.0,0.0,0.0,2.0,4.0,13.0,6.0,5.0,10.0,0.0,2.0,3.0,4.0,0.3,1.4,3.5
20260513_MIN_PHX,"Wednesday, May 13, 2026",regular_season,Minnesota Lynx,Phoenix Mercury,Antonia Delaere,F,19.0,3-4,1-1,1-1,0.0,0.0,0.0,1.0,0.0,0.0,0.0,2.0,8.0,-1.0,3.0,4.0,1.0,1.0,1.0,1.0,1.0,0.3333333333333333,999.0
20260513_MIN_PHX,"Wednesday, May 13, 2026",regular_season,Minnesota Lynx,Phoenix Mercury,Anastasiia Olairi Kosu,F,9.0,1-2,0-0,0-0,1.0,1.0,2.0,2.0,0.0,0.0,0.0,3.0,2.0,0.0,1.0,2.0,0.0,0.0,0.0,0.0,0.0,2.0,999.0
20260513_MIN_PHX,"Wednesday, May 13, 2026",regular_season,Minnesota Lynx,Phoenix Mercury,Emma Cechova,F,22.0,4-8,0-1,3-4,3.0,3.0,6.0,0.0,1.0,1.0,2.0,4.0,11.0,-3.0,4.0,8.0,0.0,1.0,3.0,4.0,0.375,0.0,0.0
20260513_MIN_PHX,"Wednesday, May 13, 2026",regular_season,Minnesota Lynx,Phoenix Mercury,Maya Caldwell,G,8.0,0-0,0-0,0-0,0.0,2.0,2.0,0.0,0.0,0.0,0.0,1.0,0.0,0.0,0.0,0.0,0.0,0.0,0.0,0.0,,,0.0
20260513_MIN_PHX,"Wednesday, May 13, 2026",regular_season,Minnesota Lynx,Phoenix Mercury,Eliska Hamzova,G,5.0,0-1,0-1,2-2,0.0,1.0,1.0,0.0,0.0,0.0,2.0,1.0,2.0,-4.0,0.0,1.0,0.0,1.0,2.0,2.0,2.0,,0.0
20260513_MIN_PHX,"Wednesday, May 13, 2026",regular_season,Minnesota Lynx,Phoenix Mercury,Napheesa Collier,F,,,,,,,,,,,,,,,,,,,,,,,
20260513_MIN_PHX,"Wednesday, May 13, 2026",regular_season,Minnesota Lynx,Phoenix Mercury,Dorka Juhasz,F,,,,,,,,,,,,,,,,,,,,,,,
20260513_MIN_PHX,"Wednesday, May 13, 2026",regular_season,Phoenix Mercury,Minnesota Lynx,DeWanna Bonner,F,30.0,6-16,2-8,2-2,1.0,6.0,7.0,2.0,0.0,1.0,1.0,3.0,16.0,-8.0,6.0,16.0,2.0,8.0,2.0,2.0,0.5,0.3333333333333333,2.0
20260513_MIN_PHX,"Wednesday, May 13, 2026",regular_season,Phoenix Mercury,Minnesota Lynx,Alyssa Thomas,F,34.0,2-10,0-0,6-13,0.0,4.0,4.0,8.0,2.0,0.0,4.0,2.0,10.0,-9.0,2.0,10.0,0.0,0.0,6.0,13.0,0.6,4.0,2.0
20260513_MIN_PHX,"Wednesday, May 13, 2026",regular_season,Phoenix Mercury,Minnesota Lynx,Valeriane Ayayi,F,17.0,2-4,2-3,0-0,1.0,3.0,4.0,3.0,1.0,0.0,2.0,3.0,6.0,1.0,2.0,4.0,2.0,3.0,0.0,0.0,1.5,1.5,1.5
20260513_MIN_PHX,"Wednesday, May 13, 2026",regular_season,Phoenix Mercury,Minnesota Lynx,Natasha Mack,F,28.0,4-5,0-1,1-1,3.0,7.0,10.0,0.0,1.0,3.0,0.0,2.0,9.0,-5.0,4.0,5.0,0.0,1.0,1.0,1.0,0.2,0.0,0.0
20260513_MIN_PHX,"Wednesday, May 13, 2026",regular_season,Phoenix Mercury,Minnesota Lynx,Kahleah Copper,G,35.0,9-21,2-7,10-13,1.0,0.0,1.0,2.0,2.0,0.0,3.0,2.0,30.0,-1.0,9.0,21.0,2.0,7.0,10.0,13.0,0.7619047619047619,0.2222222222222222,0.667
20260513_MIN_PHX,"Wednesday, May 13, 2026",regular_season,Phoenix Mercury,Minnesota Lynx,Noemie Brochant,F,12.0,0-0,0-0,0-0,0.0,0.0,0.0,1.0,1.0,0.0,0.0,1.0,0.0,0.0,0.0,0.0,0.0,0.0,0.0,0.0,,,999.0
20260513_MIN_PHX,"Wednesday, May 13, 2026",regular_season,Phoenix Mercury,Minnesota Lynx,Kyara Linskens,C,12.0,2-3,2-3,2-2,2.0,2.0,4.0,1.0,0.0,0.0,0.0,3.0,8.0,1.0,2.0,3.0,2.0,3.0,2.0,2.0,2.6666666666666665,0.5,999.0
20260513_MIN_PHX,"Wednesday, May 13, 2026",regular_season,Phoenix Mercury,Minnesota Lynx,Jovana Nogic,G,17.0,0-6,0-2,2-2,1.0,0.0,1.0,2.0,3.0,0.0,1.0,3.0,2.0,5.0,0.0,6.0,0.0,2.0,2.0,2.0,0.3333333333333333,,2.0
20260513_MIN_PHX,"Wednesday, May 13, 2026",regular_season,Phoenix Mercury,Minnesota Lynx,Kiana Williams,G,14.0,1-6,1-5,0-0,0.0,0.0,0.0,1.0,1.0,0.0,0.0,3.0,3.0,-4.0,1.0,6.0,1.0,5.0,0.0,0.0,0.5,1.0,999.0
20260513_MIN_PHX,"Wednesday, May 13, 2026",regular_season,Phoenix Mercury,Minnesota Lynx,Anneli Maley,F,,,,,,,,,,,,,,,,,,,,,,,
20260513_MIN_PHX,"Wednesday, May 13, 2026",regular_season,Phoenix Mercury,Minnesota Lynx,Sami Whitcomb,G,,,,,,,,,,,,,,,,,,,,,,,
20260513_MIN_PHX,"Wednesday, May 13, 2026",regular_season,Phoenix Mercury,Minnesota Lynx,Quionche Carter,G,,,,,,,,,,,,,,,,,,,,,,,
20260513_NY_POR,"Wednesday, May 13, 2026",regular_season,New York Liberty,Portland Fire,Breanna Stewart,F,38.0,4-12,0-2,8-8,1.0,9.0,10.0,4.0,2.0,3.0,2.0,5.0,16.0,-2.0,4.0,12.0,0.0,2.0,8.0,8.0,0.6666666666666666,1.0,2.0
20260513_NY_POR,"Wednesday, May 13, 2026",regular_season,New York Liberty,Portland Fire,Jonquel Jones,C,34.0,6-11,3-6,2-2,1.0,6.0,7.0,3.0,1.0,0.0,4.0,3.0,17.0,-3.0,6.0,11.0,3.0,6.0,2.0,2.0,1.0,0.5,0.75
20260513_NY_POR,"Wednesday, May 13, 2026",regular_season,New York Liberty,Portland Fire,Betnijah Laney-Hamilton,G,25.0,3-7,2-6,2-2,0.0,3.0,3.0,3.0,0.0,0.0,4.0,1.0,10.0,-11.0,3.0,7.0,2.0,6.0,2.0,2.0,1.1428571428571428,1.0,0.75
20260513_NY_POR,"Wednesday, May 13, 2026",regular_season,New York Liberty,Portland Fire,Marine Johannes,G,33.0,6-11,3-7,3-3,2.0,2.0,4.0,4.0,2.0,0.0,2.0,1.0,18.0,-4.0,6.0,11.0,3.0,7.0,3.0,3.0,1.0909090909090908,0.6666666666666666,2.0
20260513_NY_POR,"Wednesday, May 13, 2026",regular_season,New York Liberty,Portland Fire,Pauline Astier,G,30.0,10-14,2-3,2-3,3.0,2.0,5.0,3.0,2.0,0.0,5.0,3.0,24.0,-2.0,10.0,14.0,2.0,3.0,2.0,3.0,0.5714285714285714,0.3,0.6
20260513_NY_POR,"Wednesday, May 13, 2026",regular_season,New York Liberty,Portland Fire,Aubrey Griffin,F,0.0,0-0,0-0,0-0,0.0,0.0,0.0,0.0,0.0,0.0,0.0,0.0,0.0,-3.0,0.0,0.0,0.0,0.0,0.0,0.0,,,0.0
20260513_NY_POR,"Wednesday, May 13, 2026",regular_season,New York Liberty,Portland Fire,Han Xu,C,6.0,0-1,0-0,0-0,0.0,0.0,0.0,0.0,0.0,0.0,0.0,0.0,0.0,1.0,0.0,1.0,0.0,0.0,0.0,0.0,0.0,,0.0
20260513_NY_POR,"Wednesday, May 13, 2026",regular_season,New York Liberty,Portland Fire,Rebekah Gardner,G,22.0,3-4,2-3,0-0,1.0,1.0,2.0,4.0,0.0,0.0,0.0,1.0,8.0,11.0,3.0,4.0,2.0,3.0,0.0,0.0,1.5,1.3333333333333333,999.0
20260513_NY_POR,"Wednesday, May 13, 2026",regular_season,New York Liberty,Portland Fire,Julie Vanloo,G,12.0,1-2,1-1,0-0,0.0,0.0,0.0,2.0,0.0,0.0,1.0,2.0,3.0,3.0,1.0,2.0,1.0,1.0,0.0,0.0,1.5,2.0,2.0
20260513_NY_POR,"Wednesday, May 13, 2026",regular_season,Portland Fire,New York Liberty,Bridget Carleton,F,33.0,9-16,5-11,3-3,0.0,1.0,1.0,0.0,4.0,0.0,0.0,2.0,26.0,12.0,9.0,16.0,5.0,11.0,3.0,3.0,1.125,0.0,0.0
20260513_NY_POR,"Wednesday, May 13, 2026",regular_season,Portland Fire,New York Liberty,Emily Engstler,F,24.0,2-3,2-3,0-0,0.0,3.0,3.0,1.0,2.0,3.0,3.0,3.0,6.0,-1.0,2.0,3.0,2.0,3.0,0.0,0.0,2.0,0.5,0.333
20260513_NY_POR,"Wednesday, May 13, 2026",regular_season,Portland Fire,New York Liberty,Nyadiew Puoch,F,22.0,0-5,0-2,0-0,2.0,1.0,3.0,0.0,0.0,0.0,1.0,4.0,0.0,2.0,0.0,5.0,0.0,2.0,0.0,0.0,0.0,,0.0
20260513_NY_POR,"Wednesday, May 13, 2026",regular_season,Portland Fire,New York Liberty,Luisa Geiselsoder,C,25.0,4-10,3-6,2-2,1.0,4.0,5.0,2.0,1.0,1.0,1.0,3.0,13.0,13.0,4.0,10.0,3.0,6.0,2.0,2.0,1.1,0.5,2.0
20260513_NY_POR,"Wednesday, May 13, 2026",regular_season,Portland Fire,New York Liberty,Carla Leite,G,26.0,8-14,0-1,5-5,1.0,3.0,4.0,6.0,1.0,0.0,2.0,1.0,21.0,14.0,8.0,14.0,0.0,1.0,5.0,5.0,0.35714285714285715,0.75,3.0
20260513_NY_POR,"Wednesday, May 13, 2026",regular_season,Portland Fire,New York Liberty,Kamiah Smalls,F,14.0,4-7,4-5,1-1,0.0,0.0,0.0,2.0,0.0,0.0,2.0,1.0,13.0,-12.0,4.0,7.0,4.0,5.0,1.0,1.0,1.8571428571428572,0.5,1.0
20260513_NY_POR,"Wednesday, May 13, 2026",regular_season,Portland Fire,New York Liberty,Frieda Buhner,F,8.0,0-0,0-0,2-2,2.0,0.0,2.0,0.0,0.0,0.0,0.0,2.0,2.0,-14.0,0.0,0.0,0.0,0.0,2.0,2.0,,,0.0
20260513_NY_POR,"Wednesday, May 13, 2026",regular_season,Portland Fire,New York Liberty,Megan Gustafson,C,15.0,2-4,0-2,2-2,1.0,0.0,1.0,0.0,0.0,0.0,1.0,2.0,6.0,-11.0,2.0,4.0,0.0,2.0,2.0,2.0,0.5,0.0,0.0
20260513_NY_POR,"Wednesday, May 13, 2026",regular_season,Portland Fire,New York Liberty,Haley Jones,G,11.0,3-4,0-1,0-0,0.0,5.0,5.0,1.0,0.0,0.0,1.0,2.0,6.0,8.0,3.0,4.0,0.0,1.0,0.0,0.0,0.0,0.3333333333333333,1.0
20260513_NY_POR,"Wednesday, May 13, 2026",regular_season,Portland Fire,New York Liberty,Sarah Ashlee Barker,G,22.0,2-5,1-2,0-0,1.0,1.0,2.0,3.0,0.0,0.0,2.0,1.0,5.0,-1.0,2.0,5.0,1.0,2.0,0.0,0.0,0.6,1.5,1.5
20260513_NY_POR,"Wednesday, May 13, 2026",regular_season,Portland Fire,New York Liberty,Serah Williams,C,,,,,,,,,,,,,,,,,,,,,,,
20260513_SEA_TOR,"Wednesday, May 13, 2026",regular_season,Seattle Storm,Toronto Tempo,Jordan Horston,F,18.0,0-0,0-0,1-2,0.0,2.0,2.0,1.0,0.0,0.0,1.0,1.0,1.0,-2.0,0.0,0.0,0.0,0.0,1.0,2.0,,,1.0
20260513_SEA_TOR,"Wednesday, May 13, 2026",regular_season,Seattle Storm,Toronto Tempo,Stefanie Dolson,C,22.0,6-8,2-3,2-2,0.0,3.0,3.0,0.0,0.0,2.0,3.0,5.0,16.0,-5.0,6.0,8.0,2.0,3.0,2.0,2.0,1.0,0.0,0.0
20260513_SEA_TOR,"Wednesday, May 13, 2026",regular_season,Seattle Storm,Toronto Tempo,Dominique Malonga,C,32.0,9-19,2-3,1-4,1.0,6.0,7.0,1.0,1.0,1.0,1.0,1.0,21.0,-10.0,9.0,19.0,2.0,3.0,1.0,4.0,0.3684210526315789,0.1111111111111111,1.0
20260513_SEA_TOR,"Wednesday, May 13, 2026",regular_season,Seattle Storm,Toronto Tempo,Natisha Hiedeman,G,22.0,2-6,1-4,0-0,0.0,0.0,0.0,5.0,0.0,0.0,2.0,3.0,5.0,-11.0,2.0,6.0,1.0,4.0,0.0,0.0,0.5,2.5,2.5
20260513_SEA_TOR,"Wednesday, May 13, 2026",regular_season,Seattle Storm,Toronto Tempo,Flau'jae Johnson,G,29.0,2-7,0-1,3-4,1.0,5.0,6.0,2.0,1.0,1.0,3.0,3.0,7.0,-13.0,2.0,7.0,0.0,1.0,3.0,4.0,0.42857142857142855,1.0,0.667
20260513_SEA_TOR,"Wednesday, May 13, 2026",regular_season,Seattle Storm,Toronto Tempo,Mackenzie Holmes,F,5.0,0-0,0-0,0-0,0.0,1.0,1.0,0.0,0.0,0.0,0.0,0.0,0.0,-9.0,0.0,0.0,0.0,0.0,0.0,0.0,,,0.0
20260513_SEA_TOR,"Wednesday, May 13, 2026",regular_season,Seattle Storm,Toronto Tempo,Grace VanSlooten,F,12.0,0-0,0-0,2-2,0.0,2.0,2.0,0.0,1.0,1.0,1.0,0.0,2.0,0.0,0.0,0.0,0.0,0.0,2.0,2.0,,,0.0
20260513_SEA_TOR,"Wednesday, May 13, 2026",regular_season,Seattle Storm,Toronto Tempo,Lexie Brown,G,16.0,0-1,0-1,0-0,0.0,3.0,3.0,1.0,0.0,0.0,3.0,3.0,0.0,-10.0,0.0,1.0,0.0,1.0,0.0,0.0,0.0,,0.333
20260513_SEA_TOR,"Wednesday, May 13, 2026",regular_season,Seattle Storm,Toronto Tempo,Zia Cooke,G,16.0,3-8,1-5,0-0,0.0,3.0,3.0,2.0,0.0,0.0,1.0,1.0,7.0,0.0,3.0,8.0,1.0,5.0,0.0,0.0,0.375,0.6666666666666666,2.0
20260513_SEA_TOR,"Wednesday, May 13, 2026",regular_season,Seattle Storm,Toronto Tempo,Jade Melbourne,G,28.0,5-9,1-3,3-3,1.0,0.0,1.0,6.0,3.0,0.0,4.0,4.0,14.0,-5.0,5.0,9.0,1.0,3.0,3.0,3.0,0.6666666666666666,1.2,1.5
20260513_SEA_TOR,"Wednesday, May 13, 2026",regular_season,Seattle Storm,Toronto Tempo,Katie Lou Samuelson,F,,,,,,,,,,,,,,,,,,,,,,,
20260513_SEA_TOR,"Wednesday, May 13, 2026",regular_season,Seattle Storm,Toronto Tempo,Ezi Magbegor,F,,,,,,,,,,,,,,,,,,,,,,,
20260513_SEA_TOR,"Wednesday, May 13, 2026",regular_season,Seattle Storm,Toronto Tempo,Awa Fam,C,,,,,,,,,,,,,,,,,,,,,,,
20260513_SEA_TOR,"Wednesday, May 13, 2026",regular_season,Seattle Storm,Toronto Tempo,Taina Mair,G,,,,,,,,,,,,,,,,,,,,,,,
20260513_SEA_TOR,"Wednesday, May 13, 2026",regular_season,Toronto Tempo,Seattle Storm,Nyara Sabally,F,26.0,2-4,0-1,4-6,2.0,3.0,5.0,3.0,2.0,2.0,2.0,2.0,8.0,8.0,2.0,4.0,0.0,1.0,4.0,6.0,1.0,1.5,1.5
20260513_SEA_TOR,"Wednesday, May 13, 2026",regular_season,Toronto Tempo,Seattle Storm,Teonni Key,F,8.0,1-1,0-0,0-0,1.0,0.0,1.0,0.0,0.0,1.0,0.0,0.0,2.0,1.0,1.0,1.0,0.0,0.0,0.0,0.0,0.0,0.0,0.0
20260513_SEA_TOR,"Wednesday, May 13, 2026",regular_season,Toronto Tempo,Seattle Storm,Brittney Sykes,G,33.0,5-14,0-2,8-9,4.0,4.0,8.0,6.0,1.0,1.0,4.0,2.0,18.0,11.0,5.0,14.0,0.0,2.0,8.0,9.0,0.5714285714285714,1.2,1.5
20260513_SEA_TOR,"Wednesday, May 13, 2026",regular_season,Toronto Tempo,Seattle Storm,Marina Mabrey,G,29.0,9-20,6-11,2-2,0.0,4.0,4.0,3.0,4.0,0.0,1.0,0.0,26.0,14.0,9.0,20.0,6.0,11.0,2.0,2.0,1.0,0.3333333333333333,3.0
20260513_SEA_TOR,"Wednesday, May 13, 2026",regular_season,Toronto Tempo,Seattle Storm,Julie Allemand,G,29.0,1-5,0-2,0-0,0.0,3.0,3.0,6.0,3.0,0.0,3.0,0.0,2.0,19.0,1.0,5.0,0.0,2.0,0.0,0.0,0.0,6.0,2.0
20260513_SEA_TOR,"Wednesday, May 13, 2026",regular_season,Toronto Tempo,Seattle Storm,Maria Conde,F,29.0,6-13,4-8,0-0,2.0,6.0,8.0,0.0,1.0,0.0,1.0,5.0,16.0,11.0,6.0,13.0,4.0,8.0,0.0,0.0,0.9230769230769231,0.0,0.0
20260513_SEA_TOR,"Wednesday, May 13, 2026",regular_season,Toronto Tempo,Seattle Storm,Nikolina Milic,F,10.0,1-1,0-0,0-0,0.0,1.0,1.0,1.0,0.0,0.0,1.0,2.0,2.0,3.0,1.0,1.0,0.0,0.0,0.0,0.0,0.0,1.0,1.0
20260513_SEA_TOR,"Wednesday, May 13, 2026",regular_season,Toronto Tempo,Seattle Storm,Laura Juskaite,F,7.0,0-1,0-1,0-0,0.0,1.0,1.0,0.0,0.0,0.0,0.0,2.0,0.0,4.0,0.0,1.0,0.0,1.0,0.0,0.0,0.0,,0.0
20260513_SEA_TOR,"Wednesday, May 13, 2026",regular_season,Toronto Tempo,Seattle Storm,Kia Nurse,G,7.0,0-1,0-1,0-0,0.0,0.0,0.0,1.0,0.0,0.0,0.0,1.0,0.0,-1.0,0.0,1.0,0.0,1.0,0.0,0.0,0.0,,999.0
20260513_SEA_TOR,"Wednesday, May 13, 2026",regular_season,Toronto Tempo,Seattle Storm,Lexi Held,G,2.0,0-0,0-0,0-0,0.0,0.0,0.0,0.0,0.0,0.0,0.0,0.0,0.0,-2.0,0.0,0.0,0.0,0.0,0.0,0.0,,,0.0
20260513_SEA_TOR,"Wednesday, May 13, 2026",regular_season,Toronto Tempo,Seattle Storm,Kiki Rice,G,21.0,5-9,1-3,1-1,0.0,2.0,2.0,1.0,0.0,0.0,0.0,3.0,12.0,-3.0,5.0,9.0,1.0,3.0,1.0,1.0,0.4444444444444444,0.2,999.0
20260513_SEA_TOR,"Wednesday, May 13, 2026",regular_season,Toronto Tempo,Seattle Storm,Mariella Fasoula,C,,,,,,,,,,,,,,,,,,,,,,,
20260514_LV_CON,"Thursday, May 14, 2026",regular_season,Las Vegas Aces,Connecticut Sun,Stephanie Talbot,F,12.0,2-2,0-0,0-0,0.0,2.0,2.0,0.0,0.0,0.0,0.0,0.0,4.0,7.0,2.0,2.0,0.0,0.0,0.0,0.0,0.0,0.0,0.0
20260514_LV_CON,"Thursday, May 14, 2026",regular_season,Las Vegas Aces,Connecticut Sun,NaLyssa Smith,F,18.0,2-4,0-0,2-4,2.0,3.0,5.0,2.0,2.0,0.0,2.0,5.0,6.0,5.0,2.0,4.0,0.0,0.0,2.0,4.0,0.5,1.0,1.0
20260514_LV_CON,"Thursday, May 14, 2026",regular_season,Las Vegas Aces,Connecticut Sun,A'ja Wilson,C,21.0,8-15,0-0,6-9,4.0,7.0,11.0,1.0,0.0,2.0,1.0,4.0,22.0,33.0,8.0,15.0,0.0,0.0,6.0,9.0,0.4,0.125,1.0
20260514_LV_CON,"Thursday, May 14, 2026",regular_season,Las Vegas Aces,Connecticut Sun,Chelsea Gray,G,26.0,3-7,1-3,0-0,0.0,6.0,6.0,6.0,1.0,1.0,2.0,1.0,7.0,29.0,3.0,7.0,1.0,3.0,0.0,0.0,0.42857142857142855,2.0,3.0
20260514_LV_CON,"Thursday, May 14, 2026",regular_season,Las Vegas Aces,Connecticut Sun,Jackie Young,G,27.0,4-10,0-2,3-3,0.0,1.0,1.0,6.0,2.0,0.0,1.0,2.0,11.0,14.0,4.0,10.0,0.0,2.0,3.0,3.0,0.3,1.5,6.0
20260514_LV_CON,"Thursday, May 14, 2026",regular_season,Las Vegas Aces,Connecticut Sun,Cheyenne Parker-Tyus,F,18.0,3-5,0-0,4-5,3.0,2.0,5.0,1.0,1.0,2.0,1.0,1.0,10.0,23.0,3.0,5.0,0.0,0.0,4.0,5.0,0.8,0.3333333333333333,1.0
20260514_LV_CON,"Thursday, May 14, 2026",regular_season,Las Vegas Aces,Connecticut Sun,Brianna Turner,F,18.0,0-0,0-0,0-0,0.0,5.0,5.0,0.0,0.0,1.0,2.0,2.0,0.0,-3.0,0.0,0.0,0.0,0.0,0.0,0.0,,,0.0
20260514_LV_CON,"Thursday, May 14, 2026",regular_season,Las Vegas Aces,Connecticut Sun,Kierstan Bell,F,9.0,0-2,0-1,0-0,0.0,1.0,1.0,0.0,0.0,0.0,0.0,0.0,0.0,-1.0,0.0,2.0,0.0,1.0,0.0,0.0,0.0,,0.0
20260514_LV_CON,"Thursday, May 14, 2026",regular_season,Las Vegas Aces,Connecticut Sun,Jewell Loyd,G,28.0,4-11,3-8,0-0,0.0,2.0,2.0,1.0,1.0,0.0,2.0,1.0,11.0,22.0,4.0,11.0,3.0,8.0,0.0,0.0,0.8181818181818182,0.25,0.5
20260514_LV_CON,"Thursday, May 14, 2026",regular_season,Las Vegas Aces,Connecticut Sun,Chennedy Carter,G,25.0,13-16,1-2,0-0,3.0,5.0,8.0,4.0,2.0,0.0,4.0,3.0,27.0,16.0,13.0,16.0,1.0,2.0,0.0,0.0,0.1875,0.3076923076923077,1.0
20260514_LV_CON,"Thursday, May 14, 2026",regular_season,Las Vegas Aces,Connecticut Sun,Janiah Barker,F,,,,,,,,,,,,,,,,,,,,,,,
20260514_LV_CON,"Thursday, May 14, 2026",regular_season,Las Vegas Aces,Connecticut Sun,Dana Evans,G,,,,,,,,,,,,,,,,,,,,,,,
20260514_LV_CON,"Thursday, May 14, 2026",regular_season,Connecticut Sun,Las Vegas Aces,Diamond Miller,F,24.0,1-9,1-3,2-2,0.0,2.0,2.0,1.0,0.0,0.0,1.0,4.0,5.0,-27.0,1.0,9.0,1.0,3.0,2.0,2.0,0.5555555555555556,1.0,1.0
20260514_LV_CON,"Thursday, May 14, 2026",regular_season,Connecticut Sun,Las Vegas Aces,Olivia Nelson-Ododa,C,22.0,5-7,0-0,4-4,0.0,6.0,6.0,3.0,1.0,0.0,2.0,4.0,14.0,-13.0,5.0,7.0,0.0,0.0,4.0,4.0,0.5714285714285714,0.6,1.5
20260514_LV_CON,"Thursday, May 14, 2026",regular_season,Connecticut Sun,Las Vegas Aces,Kennedy Burke,G,31.0,2-8,0-3,0-0,0.0,1.0,1.0,5.0,0.0,1.0,4.0,0.0,4.0,-21.0,2.0,8.0,0.0,3.0,0.0,0.0,0.0,2.5,1.25
20260514_LV_CON,"Thursday, May 14, 2026",regular_season,Connecticut Sun,Las Vegas Aces,Saniya Rivers,G,30.0,2-11,0-1,4-4,0.0,1.0,1.0,4.0,0.0,1.0,2.0,1.0,8.0,-19.0,2.0,11.0,0.0,1.0,4.0,4.0,0.36363636363636365,2.0,2.0
20260514_LV_CON,"Thursday, May 14, 2026",regular_season,Connecticut Sun,Las Vegas Aces,Charlisse Leger-Walker,G,16.0,1-2,0-0,0-0,0.0,2.0,2.0,2.0,0.0,0.0,2.0,2.0,2.0,-16.0,1.0,2.0,0.0,0.0,0.0,0.0,0.0,2.0,1.0
20260514_LV_CON,"Thursday, May 14, 2026",regular_season,Connecticut Sun,Las Vegas Aces,Aneesah Morrow,F,24.0,4-16,1-3,7-10,4.0,7.0,11.0,0.0,1.0,0.0,0.0,3.0,16.0,-23.0,4.0,16.0,1.0,3.0,7.0,10.0,0.625,0.0,0.0
20260514_LV_CON,"Thursday, May 14, 2026",regular_season,Connecticut Sun,Las Vegas Aces,Raegan Beers,F,14.0,3-8,0-0,1-2,2.0,1.0,3.0,0.0,1.0,0.0,0.0,4.0,7.0,-5.0,3.0,8.0,0.0,0.0,1.0,2.0,0.125,0.0,0.0
20260514_LV_CON,"Thursday, May 14, 2026",regular_season,Connecticut Sun,Las Vegas Aces,Hailey Van Lith,G,22.0,3-5,1-2,2-2,0.0,0.0,0.0,1.0,2.0,1.0,2.0,1.0,9.0,-14.0,3.0,5.0,1.0,2.0,2.0,2.0,1.0,0.3333333333333333,0.5
20260514_LV_CON,"Thursday, May 14, 2026",regular_season,Connecticut Sun,Las Vegas Aces,Gianna Kneepkens,G,16.0,2-4,0-1,0-0,2.0,1.0,3.0,0.0,1.0,0.0,0.0,1.0,4.0,-7.0,2.0,4.0,0.0,1.0,0.0,0.0,0.0,0.0,0.0
20260514_LV_CON,"Thursday, May 14, 2026",regular_season,Connecticut Sun,Las Vegas Aces,Aaliyah Edwards,F,,,,,,,,,,,,,,,,,,,,,,,
20260514_LV_CON,"Thursday, May 14, 2026",regular_season,Connecticut Sun,Las Vegas Aces,Brittney Griner,C,,,,,,,,,,,,,,,,,,,,,,,
20260514_LV_CON,"Thursday, May 14, 2026",regular_season,Connecticut Sun,Las Vegas Aces,Shey Peddy,G,,,,,,,,,,,,,,,,,,,,,,,
20260514_LV_CON,"Thursday, May 14, 2026",regular_season,Connecticut Sun,Las Vegas Aces,Ashlon Jackson,G,,,,,,,,,,,,,,,,,,,,,,,
20260514_CHI_GS,"Thursday, May 14, 2026",regular_season,Chicago Sky,Golden State Valkyries,Rickea Jackson,F,39.0,6-18,1-5,5-6,2.0,3.0,5.0,5.0,1.0,2.0,1.0,3.0,18.0,3.0,6.0,18.0,1.0,5.0,5.0,6.0,0.4444444444444444,0.8333333333333334,5.0
20260514_CHI_GS,"Thursday, May 14, 2026",regular_season,Chicago Sky,Golden State Valkyries,Kamilla Cardoso,C,27.0,3-10,0-0,2-5,1.0,6.0,7.0,1.0,1.0,2.0,1.0,3.0,8.0,7.0,3.0,10.0,0.0,0.0,2.0,5.0,0.2,0.3333333333333333,1.0
20260514_CHI_GS,"Thursday, May 14, 2026",regular_season,Chicago Sky,Golden State Valkyries,Skylar Diggins,G,34.0,5-16,1-4,4-6,0.0,5.0,5.0,7.0,1.0,2.0,0.0,2.0,15.0,8.0,5.0,16.0,1.0,4.0,4.0,6.0,0.4375,1.4,999.0
20260514_CHI_GS,"Thursday, May 14, 2026",regular_season,Chicago Sky,Golden State Valkyries,Jacy Sheldon,G,31.0,4-8,2-5,2-2,1.0,6.0,7.0,4.0,3.0,1.0,1.0,3.0,12.0,7.0,4.0,8.0,2.0,5.0,2.0,2.0,1.0,1.0,4.0
20260514_CHI_GS,"Thursday, May 14, 2026",regular_season,Chicago Sky,Golden State Valkyries,Gabriela Jaquez,G,26.0,3-7,1-2,0-0,0.0,5.0,5.0,2.0,0.0,0.0,1.0,2.0,7.0,10.0,3.0,7.0,1.0,2.0,0.0,0.0,0.42857142857142855,0.6666666666666666,2.0
20260514_CHI_GS,"Thursday, May 14, 2026",regular_season,Chicago Sky,Golden State Valkyries,Elizabeth Williams,C,13.0,1-2,0-0,0-2,3.0,3.0,6.0,0.0,0.0,1.0,1.0,1.0,2.0,-1.0,1.0,2.0,0.0,0.0,0.0,2.0,0.0,0.0,0.0
20260514_CHI_GS,"Thursday, May 14, 2026",regular_season,Chicago Sky,Golden State Valkyries,Natasha Cloud,G,18.0,3-7,1-3,0-0,1.0,3.0,4.0,0.0,0.0,0.0,3.0,4.0,7.0,-2.0,3.0,7.0,1.0,3.0,0.0,0.0,0.42857142857142855,0.0,0.0
20260514_CHI_GS,"Thursday, May 14, 2026",regular_season,Chicago Sky,Golden State Valkyries,Rachel Banham,G,12.0,0-1,0-1,0-0,0.0,0.0,0.0,0.0,1.0,0.0,0.0,1.0,0.0,-2.0,0.0,1.0,0.0,1.0,0.0,0.0,0.0,,0.0
20260514_CHI_GS,"Thursday, May 14, 2026",regular_season,Chicago Sky,Golden State Valkyries,Aicha Coulibaly,G,,,,,,,,,,,,,,,,,,,,,,,
20260514_CHI_GS,"Thursday, May 14, 2026",regular_season,Chicago Sky,Golden State Valkyries,Sydney Taylor,G,,,,,,,,,,,,,,,,,,,,,,,
20260514_CHI_GS,"Thursday, May 14, 2026",regular_season,Golden State Valkyries,Chicago Sky,Kayla Thornton,F,30.0,0-11,0-3,0-0,3.0,3.0,6.0,0.0,0.0,1.0,0.0,1.0,0.0,-2.0,0.0,11.0,0.0,3.0,0.0,0.0,0.0,,0.0
20260514_CHI_GS,"Thursday, May 14, 2026",regular_season,Golden State Valkyries,Chicago Sky,Gabby Williams,F,32.0,6-17,3-6,3-4,1.0,4.0,5.0,1.0,1.0,1.0,2.0,1.0,18.0,-4.0,6.0,17.0,3.0,6.0,3.0,4.0,0.7058823529411765,0.16666666666666666,0.5
20260514_CHI_GS,"Thursday, May 14, 2026",regular_season,Golden State Valkyries,Chicago Sky,Kiah Stokes,C,29.0,3-8,0-2,1-2,3.0,8.0,11.0,2.0,0.0,5.0,0.0,6.0,7.0,-2.0,3.0,8.0,0.0,2.0,1.0,2.0,0.125,0.6666666666666666,999.0
20260514_CHI_GS,"Thursday, May 14, 2026",regular_season,Golden State Valkyries,Chicago Sky,Kaila Charles,G,28.0,4-9,1-4,0-0,5.0,4.0,9.0,2.0,0.0,0.0,1.0,4.0,9.0,-4.0,4.0,9.0,1.0,4.0,0.0,0.0,0.3333333333333333,0.5,2.0
20260514_CHI_GS,"Thursday, May 14, 2026",regular_season,Golden State Valkyries,Chicago Sky,Veronica Burton,G,36.0,5-15,2-6,4-4,0.0,3.0,3.0,4.0,1.0,0.0,5.0,5.0,16.0,5.0,5.0,15.0,2.0,6.0,4.0,4.0,0.6666666666666666,0.8,0.8
20260514_CHI_GS,"Thursday, May 14, 2026",regular_season,Golden State Valkyries,Chicago Sky,Laeticia Amihere,F,11.0,1-2,0-0,1-2,0.0,1.0,1.0,1.0,1.0,2.0,1.0,0.0,3.0,-4.0,1.0,2.0,0.0,0.0,1.0,2.0,0.5,1.0,1.0
20260514_CHI_GS,"Thursday, May 14, 2026",regular_season,Golden State Valkyries,Chicago Sky,Janelle Salaun,F,17.0,1-5,1-4,3-4,0.0,1.0,1.0,0.0,0.0,0.0,0.0,1.0,6.0,-9.0,1.0,5.0,1.0,4.0,3.0,4.0,1.2,0.0,0.0
20260514_CHI_GS,"Thursday, May 14, 2026",regular_season,Golden State Valkyries,Chicago Sky,Kaitlyn Chen,G,18.0,2-8,0-1,0-0,2.0,4.0,6.0,0.0,0.0,0.0,2.0,1.0,4.0,-10.0,2.0,8.0,0.0,1.0,0.0,0.0,0.0,0.0,0.0
20260514_CHI_GS,"Thursday, May 14, 2026",regular_season,Golden State Valkyries,Chicago Sky,Ashten Prechtel,F,,,,,,,,,,,,,,,,,,,,,,,
20260514_CHI_GS,"Thursday, May 14, 2026",regular_season,Golden State Valkyries,Chicago Sky,Miela Sowah,G,,,,,,,,,,,,,,,,,,,,,,,
20260514_CHI_GS,"Thursday, May 14, 2026",regular_season,Golden State Valkyries,Chicago Sky,Ndjakalenga Mwenentanda,G,,,,,,,,,,,,,,,,,,,,,,,
20260514_IND_LA,"Thursday, May 14, 2026",regular_season,Indiana Fever,Los Angeles Sparks,Monique Billings,F,27.0,2-4,1-1,4-6,2.0,6.0,8.0,2.0,1.0,0.0,3.0,3.0,9.0,7.0,2.0,4.0,1.0,1.0,4.0,6.0,1.75,1.0,0.667
20260514_IND_LA,"Thursday, May 14, 2026",regular_season,Indiana Fever,Los Angeles Sparks,Aliyah Boston,C,23.0,0-3,0-1,4-4,3.0,4.0,7.0,2.0,0.0,2.0,2.0,6.0,4.0,9.0,0.0,3.0,0.0,1.0,4.0,4.0,1.3333333333333333,,1.0
20260514_IND_LA,"Thursday, May 14, 2026",regular_season,Indiana Fever,Los Angeles Sparks,Kelsey Mitchell,G,27.0,9-17,3-9,2-2,0.0,0.0,0.0,0.0,1.0,0.0,2.0,3.0,23.0,14.0,9.0,17.0,3.0,9.0,2.0,2.0,0.6470588235294118,0.0,0.0
20260514_IND_LA,"Thursday, May 14, 2026",regular_season,Indiana Fever,Los Angeles Sparks,Sophie Cunningham,G,27.0,5-9,2-5,0-0,1.0,6.0,7.0,1.0,1.0,0.0,0.0,0.0,12.0,14.0,5.0,9.0,2.0,5.0,0.0,0.0,0.6666666666666666,0.2,999.0
20260514_IND_LA,"Thursday, May 14, 2026",regular_season,Indiana Fever,Los Angeles Sparks,Caitlin Clark,G,31.0,9-17,1-7,5-5,0.0,4.0,4.0,9.0,2.0,1.0,6.0,2.0,24.0,5.0,9.0,17.0,1.0,7.0,5.0,5.0,0.47058823529411764,1.0,1.5
20260514_IND_LA,"Thursday, May 14, 2026",regular_season,Indiana Fever,Los Angeles Sparks,Myisha Hines-Allen,F,11.0,1-1,0-0,0-0,1.0,1.0,2.0,3.0,1.0,0.0,0.0,2.0,2.0,5.0,1.0,1.0,0.0,0.0,0.0,0.0,0.0,3.0,999.0
20260514_IND_LA,"Thursday, May 14, 2026",regular_season,Indiana Fever,Los Angeles Sparks,Makayla Timpson,F,9.0,1-2,0-0,0-0,0.0,1.0,1.0,1.0,0.0,0.0,0.0,0.0,2.0,-3.0,1.0,2.0,0.0,0.0,0.0,0.0,0.0,1.0,999.0
20260514_IND_LA,"Thursday, May 14, 2026",regular_season,Indiana Fever,Los Angeles Sparks,Damiris Dantas,C,11.0,1-4,1-4,0-0,0.0,1.0,1.0,0.0,0.0,0.0,1.0,4.0,3.0,0.0,1.0,4.0,1.0,4.0,0.0,0.0,0.75,0.0,0.0
20260514_IND_LA,"Thursday, May 14, 2026",regular_season,Indiana Fever,Los Angeles Sparks,Tyasha Harris,G,16.0,3-4,1-2,0-0,0.0,1.0,1.0,3.0,0.0,0.0,1.0,0.0,7.0,-5.0,3.0,4.0,1.0,2.0,0.0,0.0,0.75,1.0,3.0
20260514_IND_LA,"Thursday, May 14, 2026",regular_season,Indiana Fever,Los Angeles Sparks,Lexie Hull,G,13.0,0-1,0-1,1-2,0.0,1.0,1.0,0.0,1.0,0.0,1.0,3.0,1.0,-5.0,0.0,1.0,0.0,1.0,1.0,2.0,1.0,,0.0
20260514_IND_LA,"Thursday, May 14, 2026",regular_season,Indiana Fever,Los Angeles Sparks,Raven Johnson,G,5.0,0-1,0-0,0-0,1.0,0.0,1.0,2.0,0.0,0.0,0.0,1.0,0.0,4.0,0.0,1.0,0.0,0.0,0.0,0.0,0.0,,999.0
20260514_IND_LA,"Thursday, May 14, 2026",regular_season,Indiana Fever,Los Angeles Sparks,Shatori Walker-Kimbrough,G,,,,,,,,,,,,,,,,,,,,,,,
20260514_IND_LA,"Thursday, May 14, 2026",regular_season,Los Angeles Sparks,Indiana Fever,Nneka Ogwumike,F,32.0,3-5,1-2,3-4,0.0,5.0,5.0,0.0,3.0,1.0,3.0,2.0,10.0,-10.0,3.0,5.0,1.0,2.0,3.0,4.0,1.2,0.0,0.0
20260514_IND_LA,"Thursday, May 14, 2026",regular_season,Los Angeles Sparks,Indiana Fever,Dearica Hamby,F,29.0,6-8,0-1,4-5,1.0,7.0,8.0,1.0,2.0,0.0,4.0,4.0,16.0,-10.0,6.0,8.0,0.0,1.0,4.0,5.0,0.5,0.16666666666666666,0.25
20260514_IND_LA,"Thursday, May 14, 2026",regular_season,Los Angeles Sparks,Indiana Fever,Kelsey Plum,G,37.0,9-16,1-5,6-8,0.0,1.0,1.0,4.0,1.0,0.0,5.0,3.0,25.0,-10.0,9.0,16.0,1.0,5.0,6.0,8.0,0.5625,0.4444444444444444,0.8
20260514_IND_LA,"Thursday, May 14, 2026",regular_season,Los Angeles Sparks,Indiana Fever,Ariel Atkins,G,16.0,0-4,0-1,2-2,1.0,1.0,2.0,2.0,1.0,0.0,2.0,3.0,2.0,-14.0,0.0,4.0,0.0,1.0,2.0,2.0,0.5,,1.0
20260514_IND_LA,"Thursday, May 14, 2026",regular_season,Los Angeles Sparks,Indiana Fever,Rae Burrell,G,29.0,4-10,0-2,2-2,1.0,0.0,1.0,1.0,2.0,0.0,1.0,1.0,10.0,-7.0,4.0,10.0,0.0,2.0,2.0,2.0,0.2,0.25,1.0
20260514_IND_LA,"Thursday, May 14, 2026",regular_season,Los Angeles Sparks,Indiana Fever,Cameron Brink,F,19.0,4-6,0-2,3-4,1.0,4.0,5.0,1.0,1.0,3.0,3.0,3.0,11.0,2.0,4.0,6.0,0.0,2.0,3.0,4.0,0.5,0.25,0.333
20260514_IND_LA,"Thursday, May 14, 2026",regular_season,Los Angeles Sparks,Indiana Fever,Erica Wheeler,G,21.0,1-5,0-1,0-0,0.0,1.0,1.0,4.0,2.0,0.0,0.0,5.0,2.0,3.0,1.0,5.0,0.0,1.0,0.0,0.0,0.0,4.0,999.0
20260514_IND_LA,"Thursday, May 14, 2026",regular_season,Los Angeles Sparks,Indiana Fever,Ta'Niya Latson,G,2.0,0-1,0-1,0-0,0.0,0.0,0.0,0.0,0.0,0.0,1.0,0.0,0.0,2.0,0.0,1.0,0.0,1.0,0.0,0.0,0.0,,0.0
20260514_IND_LA,"Thursday, May 14, 2026",regular_season,Los Angeles Sparks,Indiana Fever,Chance Gray,G,16.0,1-2,0-0,0-0,0.0,1.0,1.0,0.0,0.0,0.0,0.0,3.0,2.0,-1.0,1.0,2.0,0.0,0.0,0.0,0.0,0.0,0.0,0.0
20260514_IND_LA,"Thursday, May 14, 2026",regular_season,Los Angeles Sparks,Indiana Fever,Emma Cannon,F,,,,,,,,,,,,,,,,,,,,,,,
20260514_IND_LA,"Thursday, May 14, 2026",regular_season,Los Angeles Sparks,Indiana Fever,Jihyun Park,F,,,,,,,,,,,,,,,,,,,,,,,
20260515_MIN_DAL,"Friday, May 15, 2026",regular_season,Minnesota Lynx,Dallas Wings,Natasha Howard,F,35.0,11-14,0-0,4-6,4.0,1.0,5.0,4.0,0.0,3.0,7.0,4.0,26.0,11.0,11.0,14.0,0.0,0.0,4.0,6.0,0.2857142857142857,0.36363636363636365,0.571
20260515_MIN_DAL,"Friday, May 15, 2026",regular_season,Minnesota Lynx,Dallas Wings,Nia Coffey,F,30.0,5-6,3-3,0-0,0.0,8.0,8.0,1.0,1.0,2.0,1.0,4.0,13.0,8.0,5.0,6.0,3.0,3.0,0.0,0.0,1.5,0.2,1.0
20260515_MIN_DAL,"Friday, May 15, 2026",regular_season,Minnesota Lynx,Dallas Wings,Kayla McBride,G,34.0,1-7,0-2,9-11,1.0,7.0,8.0,1.0,1.0,1.0,2.0,3.0,11.0,6.0,1.0,7.0,0.0,2.0,9.0,11.0,1.2857142857142858,1.0,0.5
20260515_MIN_DAL,"Friday, May 15, 2026",regular_season,Minnesota Lynx,Dallas Wings,Courtney Williams,G,31.0,9-10,3-4,0-0,0.0,5.0,5.0,3.0,2.0,0.0,1.0,3.0,21.0,3.0,9.0,10.0,3.0,4.0,0.0,0.0,0.9,0.3333333333333333,3.0
20260515_MIN_DAL,"Friday, May 15, 2026",regular_season,Minnesota Lynx,Dallas Wings,Olivia Miles,G,32.0,7-12,0-1,1-1,1.0,1.0,2.0,6.0,0.0,1.0,3.0,2.0,15.0,8.0,7.0,12.0,0.0,1.0,1.0,1.0,0.08333333333333333,0.8571428571428571,2.0
20260515_MIN_DAL,"Friday, May 15, 2026",regular_season,Minnesota Lynx,Dallas Wings,Antonia Delaere,F,13.0,0-0,0-0,0-0,0.0,1.0,1.0,1.0,0.0,0.0,1.0,0.0,0.0,-9.0,0.0,0.0,0.0,0.0,0.0,0.0,,,1.0
20260515_MIN_DAL,"Friday, May 15, 2026",regular_season,Minnesota Lynx,Dallas Wings,Anastasiia Olairi Kosu,F,5.0,1-2,0-0,0-0,0.0,0.0,0.0,1.0,0.0,0.0,0.0,1.0,2.0,-3.0,1.0,2.0,0.0,0.0,0.0,0.0,0.0,1.0,999.0
20260515_MIN_DAL,"Friday, May 15, 2026",regular_season,Minnesota Lynx,Dallas Wings,Emma Cechova,F,11.0,1-3,0-0,0-0,0.0,2.0,2.0,0.0,0.0,0.0,0.0,2.0,2.0,-8.0,1.0,3.0,0.0,0.0,0.0,0.0,0.0,0.0,0.0
20260515_MIN_DAL,"Friday, May 15, 2026",regular_season,Minnesota Lynx,Dallas Wings,Maya Caldwell,G,11.0,0-4,0-3,0-0,0.0,0.0,0.0,3.0,2.0,0.0,1.0,0.0,0.0,4.0,0.0,4.0,0.0,3.0,0.0,0.0,0.0,,3.0
20260515_MIN_DAL,"Friday, May 15, 2026",regular_season,Minnesota Lynx,Dallas Wings,Liatu King,F,,,,,,,,,,,,,,,,,,,,,,,
20260515_MIN_DAL,"Friday, May 15, 2026",regular_season,Minnesota Lynx,Dallas Wings,Eliska Hamzova,G,,,,,,,,,,,,,,,,,,,,,,,
20260515_MIN_DAL,"Friday, May 15, 2026",regular_season,Dallas Wings,Minnesota Lynx,Jessica Shepard,F,31.0,3-8,0-1,1-2,2.0,4.0,6.0,4.0,1.0,0.0,0.0,3.0,7.0,-13.0,3.0,8.0,0.0,1.0,1.0,2.0,0.125,1.3333333333333333,999.0
20260515_MIN_DAL,"Friday, May 15, 2026",regular_season,Dallas Wings,Minnesota Lynx,Alanna Smith,F,27.0,3-6,0-1,0-1,2.0,2.0,4.0,5.0,2.0,1.0,2.0,3.0,6.0,-6.0,3.0,6.0,0.0,1.0,0.0,1.0,0.0,1.6666666666666667,2.5
20260515_MIN_DAL,"Friday, May 15, 2026",regular_season,Dallas Wings,Minnesota Lynx,Odyssey Sims,G,25.0,4-8,1-2,2-2,0.0,1.0,1.0,3.0,2.0,0.0,1.0,0.0,11.0,-6.0,4.0,8.0,1.0,2.0,2.0,2.0,0.625,0.75,3.0
20260515_MIN_DAL,"Friday, May 15, 2026",regular_season,Dallas Wings,Minnesota Lynx,Arike Ogunbowale,G,30.0,2-11,1-4,1-1,3.0,1.0,4.0,1.0,0.0,0.0,1.0,3.0,6.0,-1.0,2.0,11.0,1.0,4.0,1.0,1.0,0.36363636363636365,0.5,1.0
20260515_MIN_DAL,"Friday, May 15, 2026",regular_season,Dallas Wings,Minnesota Lynx,Paige Bueckers,G,31.0,7-13,3-4,10-11,0.0,3.0,3.0,8.0,0.0,0.0,3.0,2.0,27.0,-6.0,7.0,13.0,3.0,4.0,10.0,11.0,1.4615384615384615,1.1428571428571428,2.667
20260515_MIN_DAL,"Friday, May 15, 2026",regular_season,Dallas Wings,Minnesota Lynx,Alysha Clark,F,3.0,0-0,0-0,0-0,0.0,0.0,0.0,0.0,1.0,0.0,0.0,0.0,0.0,-7.0,0.0,0.0,0.0,0.0,0.0,0.0,,,0.0
20260515_MIN_DAL,"Friday, May 15, 2026",regular_season,Dallas Wings,Minnesota Lynx,Maddy Siegrist,F,16.0,7-11,0-3,3-3,0.0,4.0,4.0,1.0,0.0,1.0,0.0,1.0,17.0,9.0,7.0,11.0,0.0,3.0,3.0,3.0,0.2727272727272727,0.14285714285714285,999.0
20260515_MIN_DAL,"Friday, May 15, 2026",regular_season,Dallas Wings,Minnesota Lynx,Awak Kuier,F,6.0,0-0,0-0,0-0,1.0,0.0,1.0,0.0,0.0,0.0,1.0,1.0,0.0,6.0,0.0,0.0,0.0,0.0,0.0,0.0,,,0.0
20260515_MIN_DAL,"Friday, May 15, 2026",regular_season,Dallas Wings,Minnesota Lynx,Azzi Fudd,G,20.0,4-7,0-2,0-0,0.0,1.0,1.0,0.0,1.0,1.0,2.0,4.0,8.0,8.0,4.0,7.0,0.0,2.0,0.0,0.0,0.0,0.0,0.0
20260515_MIN_DAL,"Friday, May 15, 2026",regular_season,Dallas Wings,Minnesota Lynx,Aziaha James,G,11.0,1-3,0-0,2-2,1.0,1.0,2.0,0.0,2.0,0.0,1.0,1.0,4.0,-4.0,1.0,3.0,0.0,0.0,2.0,2.0,0.6666666666666666,0.0,0.0
20260515_MIN_DAL,"Friday, May 15, 2026",regular_season,Dallas Wings,Minnesota Lynx,Li Yueru,C,,,,,,,,,,,,,,,,,,,,,,,
20260515_MIN_DAL,"Friday, May 15, 2026",regular_season,Dallas Wings,Minnesota Lynx,JJ Quinerly,G,,,,,,,,,,,,,,,,,,,,,,,
20260515_NY_POR,"Friday, May 15, 2026",regular_season,New York Liberty,Portland Fire,Breanna Stewart,F,28.0,8-14,1-4,5-6,1.0,6.0,7.0,1.0,0.0,0.0,2.0,3.0,22.0,20.0,8.0,14.0,1.0,4.0,5.0,6.0,0.5714285714285714,0.125,0.5
20260515_NY_POR,"Friday, May 15, 2026",regular_season,New York Liberty,Portland Fire,Jonquel Jones,C,26.0,2-4,0-0,2-2,1.0,8.0,9.0,3.0,1.0,0.0,2.0,1.0,6.0,26.0,2.0,4.0,0.0,0.0,2.0,2.0,0.5,1.5,1.5
20260515_NY_POR,"Friday, May 15, 2026",regular_season,New York Liberty,Portland Fire,Betnijah Laney-Hamilton,G,17.0,3-6,2-5,0-0,0.0,2.0,2.0,2.0,1.0,0.0,0.0,1.0,8.0,12.0,3.0,6.0,2.0,5.0,0.0,0.0,1.0,0.6666666666666666,999.0
20260515_NY_POR,"Friday, May 15, 2026",regular_season,New York Liberty,Portland Fire,Marine Johannes,G,28.0,1-7,1-7,0-0,0.0,3.0,3.0,11.0,2.0,0.0,1.0,1.0,3.0,31.0,1.0,7.0,1.0,7.0,0.0,0.0,0.42857142857142855,11.0,11.0
20260515_NY_POR,"Friday, May 15, 2026",regular_season,New York Liberty,Portland Fire,Pauline Astier,G,22.0,7-12,3-6,3-4,0.0,3.0,3.0,2.0,1.0,0.0,0.0,2.0,20.0,16.0,7.0,12.0,3.0,6.0,3.0,4.0,1.0,0.2857142857142857,999.0
20260515_NY_POR,"Friday, May 15, 2026",regular_season,New York Liberty,Portland Fire,Aubrey Griffin,F,2.0,0-0,0-0,0-0,0.0,1.0,1.0,0.0,0.0,0.0,0.0,1.0,0.0,-2.0,0.0,0.0,0.0,0.0,0.0,0.0,,,0.0
20260515_NY_POR,"Friday, May 15, 2026",regular_season,New York Liberty,Portland Fire,Alex Fowler,F,17.0,4-7,2-5,2-2,0.0,0.0,0.0,1.0,0.0,0.0,3.0,6.0,12.0,-6.0,4.0,7.0,2.0,5.0,2.0,2.0,1.1428571428571428,0.25,0.333
20260515_NY_POR,"Friday, May 15, 2026",regular_season,New York Liberty,Portland Fire,Han Xu,C,7.0,1-2,0-0,1-2,1.0,1.0,2.0,2.0,0.0,0.0,1.0,0.0,3.0,-3.0,1.0,2.0,0.0,0.0,1.0,2.0,0.5,2.0,2.0
20260515_NY_POR,"Friday, May 15, 2026",regular_season,New York Liberty,Portland Fire,Rebekah Gardner,G,20.0,4-7,2-4,4-4,1.0,4.0,5.0,5.0,0.0,0.0,1.0,1.0,14.0,5.0,4.0,7.0,2.0,4.0,4.0,4.0,1.4285714285714286,1.25,5.0
20260515_NY_POR,"Friday, May 15, 2026",regular_season,New York Liberty,Portland Fire,Julie Vanloo,G,18.0,3-5,3-5,0-0,0.0,0.0,0.0,4.0,1.0,0.0,2.0,1.0,9.0,2.0,3.0,5.0,3.0,5.0,0.0,0.0,1.8,1.3333333333333333,2.0
20260515_NY_POR,"Friday, May 15, 2026",regular_season,New York Liberty,Portland Fire,Rebecca Allen,G,14.0,1-3,1-2,0-0,0.0,0.0,0.0,1.0,1.0,0.0,0.0,2.0,3.0,-11.0,1.0,3.0,1.0,2.0,0.0,0.0,1.0,1.0,999.0
20260515_NY_POR,"Friday, May 15, 2026",regular_season,Portland Fire,New York Liberty,Bridget Carleton,F,25.0,4-11,2-6,1-1,2.0,3.0,5.0,2.0,1.0,0.0,1.0,2.0,11.0,-31.0,4.0,11.0,2.0,6.0,1.0,1.0,0.6363636363636364,0.5,2.0
20260515_NY_POR,"Friday, May 15, 2026",regular_season,Portland Fire,New York Liberty,Kamiah Smalls,F,16.0,1-3,0-2,0-0,0.0,0.0,0.0,4.0,0.0,0.0,2.0,1.0,2.0,-7.0,1.0,3.0,0.0,2.0,0.0,0.0,0.0,4.0,2.0
20260515_NY_POR,"Friday, May 15, 2026",regular_season,Portland Fire,New York Liberty,Emily Engstler,F,19.0,4-7,2-3,1-2,1.0,3.0,4.0,0.0,0.0,1.0,1.0,1.0,11.0,-9.0,4.0,7.0,2.0,3.0,1.0,2.0,1.0,0.0,0.0
20260515_NY_POR,"Friday, May 15, 2026",regular_season,Portland Fire,New York Liberty,Nyadiew Puoch,F,31.0,5-9,2-5,1-1,1.0,1.0,2.0,2.0,2.0,0.0,1.0,5.0,13.0,-5.0,5.0,9.0,2.0,5.0,1.0,1.0,0.7777777777777778,0.4,2.0
20260515_NY_POR,"Friday, May 15, 2026",regular_season,Portland Fire,New York Liberty,Luisa Geiselsoder,C,22.0,3-6,0-2,0-0,0.0,5.0,5.0,1.0,1.0,0.0,1.0,3.0,6.0,-7.0,3.0,6.0,0.0,2.0,0.0,0.0,0.0,0.3333333333333333,1.0
20260515_NY_POR,"Friday, May 15, 2026",regular_season,Portland Fire,New York Liberty,Frieda Buhner,F,14.0,0-3,0-3,0-0,0.0,0.0,0.0,0.0,0.0,0.0,2.0,2.0,0.0,0.0,0.0,3.0,0.0,3.0,0.0,0.0,0.0,,0.0
20260515_NY_POR,"Friday, May 15, 2026",regular_season,Portland Fire,New York Liberty,Megan Gustafson,C,14.0,5-6,0-1,4-4,1.0,2.0,3.0,0.0,0.0,0.0,1.0,2.0,14.0,-14.0,5.0,6.0,0.0,1.0,4.0,4.0,0.6666666666666666,0.0,0.0
20260515_NY_POR,"Friday, May 15, 2026",regular_season,Portland Fire,New York Liberty,Serah Williams,C,4.0,0-0,0-0,1-2,0.0,2.0,2.0,1.0,1.0,1.0,0.0,0.0,1.0,3.0,0.0,0.0,0.0,0.0,1.0,2.0,,,999.0
20260515_NY_POR,"Friday, May 15, 2026",regular_season,Portland Fire,New York Liberty,Sug Sutton,G,20.0,3-13,1-5,1-4,0.0,3.0,3.0,8.0,0.0,0.0,1.0,3.0,8.0,-15.0,3.0,13.0,1.0,5.0,1.0,4.0,0.3076923076923077,2.6666666666666665,8.0
20260515_NY_POR,"Friday, May 15, 2026",regular_season,Portland Fire,New York Liberty,Haley Jones,G,15.0,3-6,0-1,4-6,1.0,2.0,3.0,2.0,1.0,0.0,2.0,2.0,10.0,-6.0,3.0,6.0,0.0,1.0,4.0,6.0,0.6666666666666666,0.6666666666666666,1.0
20260515_NY_POR,"Friday, May 15, 2026",regular_season,Portland Fire,New York Liberty,Sarah Ashlee Barker,G,21.0,2-4,2-3,0-0,1.0,2.0,3.0,2.0,1.0,0.0,3.0,1.0,6.0,1.0,2.0,4.0,2.0,3.0,0.0,0.0,1.5,1.0,0.667
20260515_LV_CON,"Friday, May 15, 2026",regular_season,Las Vegas Aces,Connecticut Sun,Stephanie Talbot,F,22.0,0-0,0-0,1-2,0.0,1.0,1.0,2.0,1.0,0.0,2.0,3.0,1.0,9.0,0.0,0.0,0.0,0.0,1.0,2.0,,,1.0
20260515_LV_CON,"Friday, May 15, 2026",regular_season,Las Vegas Aces,Connecticut Sun,NaLyssa Smith,F,17.0,2-4,0-0,0-0,0.0,4.0,4.0,0.0,0.0,1.0,0.0,1.0,4.0,12.0,2.0,4.0,0.0,0.0,0.0,0.0,0.0,0.0,0.0
20260515_LV_CON,"Friday, May 15, 2026",regular_season,Las Vegas Aces,Connecticut Sun,A'ja Wilson,C,32.0,15-18,2-2,13-13,0.0,3.0,3.0,3.0,1.0,2.0,3.0,2.0,45.0,15.0,15.0,18.0,2.0,2.0,13.0,13.0,1.0555555555555556,0.2,1.0
20260515_LV_CON,"Friday, May 15, 2026",regular_season,Las Vegas Aces,Connecticut Sun,Chelsea Gray,G,31.0,4-7,3-5,1-1,0.0,7.0,7.0,10.0,1.0,0.0,5.0,1.0,12.0,5.0,4.0,7.0,3.0,5.0,1.0,1.0,1.4285714285714286,2.5,2.0
20260515_LV_CON,"Friday, May 15, 2026",regular_season,Las Vegas Aces,Connecticut Sun,Jackie Young,G,31.0,6-16,0-2,1-2,2.0,4.0,6.0,6.0,0.0,0.0,4.0,4.0,13.0,21.0,6.0,16.0,0.0,2.0,1.0,2.0,0.0625,1.0,1.5
20260515_LV_CON,"Friday, May 15, 2026",regular_season,Las Vegas Aces,Connecticut Sun,Cheyenne Parker-Tyus,F,14.0,1-1,0-0,0-0,1.0,1.0,2.0,1.0,0.0,2.0,1.0,2.0,2.0,-9.0,1.0,1.0,0.0,0.0,0.0,0.0,0.0,1.0,1.0
20260515_LV_CON,"Friday, May 15, 2026",regular_season,Las Vegas Aces,Connecticut Sun,Brianna Turner,F,3.0,0-0,0-0,0-0,0.0,0.0,0.0,0.0,0.0,0.0,0.0,0.0,0.0,-9.0,0.0,0.0,0.0,0.0,0.0,0.0,,,0.0
20260515_LV_CON,"Friday, May 15, 2026",regular_season,Las Vegas Aces,Connecticut Sun,Jewell Loyd,G,27.0,2-4,1-3,1-2,0.0,4.0,4.0,1.0,1.0,0.0,1.0,4.0,6.0,-6.0,2.0,4.0,1.0,3.0,1.0,2.0,1.0,0.5,1.0
20260515_LV_CON,"Friday, May 15, 2026",regular_season,Las Vegas Aces,Connecticut Sun,Chennedy Carter,G,22.0,5-8,0-1,8-12,0.0,1.0,1.0,1.0,2.0,1.0,1.0,1.0,18.0,-3.0,5.0,8.0,0.0,1.0,8.0,12.0,1.0,0.2,1.0
20260515_LV_CON,"Friday, May 15, 2026",regular_season,Las Vegas Aces,Connecticut Sun,Kierstan Bell,F,,,,,,,,,,,,,,,,,,,,,,,
20260515_LV_CON,"Friday, May 15, 2026",regular_season,Las Vegas Aces,Connecticut Sun,Janiah Barker,F,,,,,,,,,,,,,,,,,,,,,,,
20260515_LV_CON,"Friday, May 15, 2026",regular_season,Las Vegas Aces,Connecticut Sun,Dana Evans,G,,,,,,,,,,,,,,,,,,,,,,,
20260515_LV_CON,"Friday, May 15, 2026",regular_season,Connecticut Sun,Las Vegas Aces,Aaliyah Edwards,F,17.0,3-5,0-0,0-0,1.0,2.0,3.0,0.0,1.0,0.0,2.0,3.0,6.0,-18.0,3.0,5.0,0.0,0.0,0.0,0.0,0.0,0.0,0.0
20260515_LV_CON,"Friday, May 15, 2026",regular_season,Connecticut Sun,Las Vegas Aces,Diamond Miller,F,15.0,3-10,2-4,2-2,1.0,2.0,3.0,0.0,1.0,0.0,0.0,3.0,10.0,-6.0,3.0,10.0,2.0,4.0,2.0,2.0,0.8,0.0,0.0
20260515_LV_CON,"Friday, May 15, 2026",regular_season,Connecticut Sun,Las Vegas Aces,Kennedy Burke,G,24.0,5-12,1-5,0-0,1.0,2.0,3.0,3.0,4.0,1.0,3.0,4.0,11.0,-19.0,5.0,12.0,1.0,5.0,0.0,0.0,0.25,0.6,1.0
20260515_LV_CON,"Friday, May 15, 2026",regular_season,Connecticut Sun,Las Vegas Aces,Hailey Van Lith,G,22.0,7-11,3-4,0-0,1.0,0.0,1.0,4.0,0.0,0.0,1.0,1.0,17.0,-4.0,7.0,11.0,3.0,4.0,0.0,0.0,0.8181818181818182,0.5714285714285714,4.0
20260515_LV_CON,"Friday, May 15, 2026",regular_season,Connecticut Sun,Las Vegas Aces,Gianna Kneepkens,G,18.0,1-5,0-2,1-1,2.0,1.0,3.0,1.0,0.0,0.0,2.0,2.0,3.0,-5.0,1.0,5.0,0.0,2.0,1.0,1.0,0.2,1.0,0.5
20260515_LV_CON,"Friday, May 15, 2026",regular_season,Connecticut Sun,Las Vegas Aces,Aneesah Morrow,F,27.0,4-11,0-3,2-2,2.0,8.0,10.0,2.0,2.0,0.0,2.0,4.0,10.0,4.0,4.0,11.0,0.0,3.0,2.0,2.0,0.18181818181818182,0.5,1.0
20260515_LV_CON,"Friday, May 15, 2026",regular_season,Connecticut Sun,Las Vegas Aces,Raegan Beers,F,17.0,2-4,0-0,2-2,2.0,2.0,4.0,2.0,0.0,0.0,1.0,3.0,6.0,14.0,2.0,4.0,0.0,0.0,2.0,2.0,0.5,1.0,2.0
20260515_LV_CON,"Friday, May 15, 2026",regular_season,Connecticut Sun,Las Vegas Aces,Nell Angloma,F,14.0,3-6,0-0,1-2,1.0,0.0,1.0,1.0,0.0,0.0,1.0,2.0,7.0,4.0,3.0,6.0,0.0,0.0,1.0,2.0,0.16666666666666666,0.3333333333333333,1.0
20260515_LV_CON,"Friday, May 15, 2026",regular_season,Connecticut Sun,Las Vegas Aces,Saniya Rivers,G,28.0,5-12,2-6,2-2,0.0,3.0,3.0,7.0,2.0,1.0,1.0,3.0,14.0,-2.0,5.0,12.0,2.0,6.0,2.0,2.0,0.6666666666666666,1.4,7.0
20260515_LV_CON,"Friday, May 15, 2026",regular_season,Connecticut Sun,Las Vegas Aces,Charlisse Leger-Walker,G,18.0,3-5,1-1,3-4,0.0,1.0,1.0,4.0,1.0,0.0,0.0,0.0,10.0,-3.0,3.0,5.0,1.0,1.0,3.0,4.0,1.2,1.3333333333333333,999.0
20260515_LV_CON,"Friday, May 15, 2026",regular_season,Connecticut Sun,Las Vegas Aces,Brittney Griner,C,,,,,,,,,,,,,,,,,,,,,,,
20260515_LV_CON,"Friday, May 15, 2026",regular_season,Connecticut Sun,Las Vegas Aces,Olivia Nelson-Ododa,C,,,,,,,,,,,,,,,,,,,,,,,
20260515_WSH_IND,"Friday, May 15, 2026",regular_season,Washington Mystics,Indiana Fever,Kiki Iriafen,F,36.0,11-17,1-1,2-4,4.0,9.0,13.0,2.0,1.0,1.0,6.0,3.0,25.0,10.0,11.0,17.0,1.0,1.0,2.0,4.0,0.29411764705882354,0.18181818181818182,0.333
20260515_WSH_IND,"Friday, May 15, 2026",regular_season,Washington Mystics,Indiana Fever,Shakira Austin,C,34.0,7-11,0-0,5-6,1.0,8.0,9.0,5.0,0.0,3.0,3.0,5.0,19.0,6.0,7.0,11.0,0.0,0.0,5.0,6.0,0.45454545454545453,0.7142857142857143,1.667
20260515_WSH_IND,"Friday, May 15, 2026",regular_season,Washington Mystics,Indiana Fever,Sonia Citron,G,38.0,10-14,1-4,9-10,1.0,5.0,6.0,4.0,1.0,1.0,2.0,1.0,30.0,7.0,10.0,14.0,1.0,4.0,9.0,10.0,0.8571428571428571,0.4,2.0
20260515_WSH_IND,"Friday, May 15, 2026",regular_season,Washington Mystics,Indiana Fever,Cotie McMahon,G,30.0,5-12,2-4,1-2,0.0,5.0,5.0,2.0,0.0,0.0,1.0,4.0,13.0,-13.0,5.0,12.0,2.0,4.0,1.0,2.0,0.5833333333333334,0.4,2.0
20260515_WSH_IND,"Friday, May 15, 2026",regular_season,Washington Mystics,Indiana Fever,Georgia Amoore,G,24.0,2-3,1-2,2-2,0.0,0.0,0.0,4.0,0.0,0.0,2.0,3.0,7.0,13.0,2.0,3.0,1.0,2.0,2.0,2.0,1.6666666666666667,2.0,2.0
20260515_WSH_IND,"Friday, May 15, 2026",regular_season,Washington Mystics,Indiana Fever,Angela Dugalic,F,6.0,0-0,0-0,0-0,0.0,3.0,3.0,0.0,0.0,1.0,0.0,1.0,0.0,-7.0,0.0,0.0,0.0,0.0,0.0,0.0,,,0.0
20260515_WSH_IND,"Friday, May 15, 2026",regular_season,Washington Mystics,Indiana Fever,Lauren Betts,C,14.0,1-2,0-0,2-2,2.0,0.0,2.0,0.0,0.0,0.0,1.0,4.0,4.0,-5.0,1.0,2.0,0.0,0.0,2.0,2.0,1.0,0.0,0.0
20260515_WSH_IND,"Friday, May 15, 2026",regular_season,Washington Mystics,Indiana Fever,Rori Harmon,G,9.0,0-0,0-0,1-2,0.0,1.0,1.0,1.0,1.0,0.0,1.0,1.0,1.0,-2.0,0.0,0.0,0.0,0.0,1.0,2.0,,,1.0
20260515_WSH_IND,"Friday, May 15, 2026",regular_season,Washington Mystics,Indiana Fever,Cassandre Prosper,G,25.0,1-6,0-2,0-0,0.0,4.0,4.0,0.0,0.0,1.0,4.0,6.0,2.0,8.0,1.0,6.0,0.0,2.0,0.0,0.0,0.0,0.0,0.0
20260515_WSH_IND,"Friday, May 15, 2026",regular_season,Washington Mystics,Indiana Fever,Alex Wilson,G,9.0,1-3,1-3,0-0,0.0,1.0,1.0,0.0,0.0,1.0,0.0,0.0,3.0,-7.0,1.0,3.0,1.0,3.0,0.0,0.0,1.0,0.0,0.0
20260515_WSH_IND,"Friday, May 15, 2026",regular_season,Washington Mystics,Indiana Fever,Michaela Onyenwere,F,,,,,,,,,,,,,,,,,,,,,,,
20260515_WSH_IND,"Friday, May 15, 2026",regular_season,Washington Mystics,Indiana Fever,Lucy Olsen,G,,,,,,,,,,,,,,,,,,,,,,,
20260515_WSH_IND,"Friday, May 15, 2026",regular_season,Indiana Fever,Washington Mystics,Monique Billings,F,36.0,4-11,1-2,1-2,6.0,3.0,9.0,3.0,3.0,2.0,0.0,4.0,10.0,-9.0,4.0,11.0,1.0,2.0,1.0,2.0,0.36363636363636365,0.75,999.0
20260515_WSH_IND,"Friday, May 15, 2026",regular_season,Indiana Fever,Washington Mystics,Aliyah Boston,C,21.0,3-8,1-3,2-4,1.0,3.0,4.0,1.0,1.0,0.0,0.0,2.0,9.0,-12.0,3.0,8.0,1.0,3.0,2.0,4.0,0.625,0.3333333333333333,999.0
20260515_WSH_IND,"Friday, May 15, 2026",regular_season,Indiana Fever,Washington Mystics,Kelsey Mitchell,G,39.0,10-25,4-8,0-2,0.0,0.0,0.0,0.0,1.0,0.0,3.0,2.0,24.0,-10.0,10.0,25.0,4.0,8.0,0.0,2.0,0.48,0.0,0.0
20260515_WSH_IND,"Friday, May 15, 2026",regular_season,Indiana Fever,Washington Mystics,Sophie Cunningham,G,20.0,2-5,1-3,2-2,0.0,1.0,1.0,2.0,0.0,0.0,0.0,3.0,7.0,0.0,2.0,5.0,1.0,3.0,2.0,2.0,1.0,1.0,999.0
20260515_WSH_IND,"Friday, May 15, 2026",regular_season,Indiana Fever,Washington Mystics,Caitlin Clark,G,37.0,10-28,7-17,5-5,1.0,3.0,4.0,10.0,2.0,1.0,4.0,3.0,32.0,14.0,10.0,28.0,7.0,17.0,5.0,5.0,0.9285714285714286,1.0,2.5
20260515_WSH_IND,"Friday, May 15, 2026",regular_season,Indiana Fever,Washington Mystics,Myisha Hines-Allen,F,21.0,2-4,0-2,2-2,0.0,2.0,2.0,5.0,2.0,1.0,2.0,4.0,6.0,5.0,2.0,4.0,0.0,2.0,2.0,2.0,0.5,2.5,2.5
20260515_WSH_IND,"Friday, May 15, 2026",regular_season,Indiana Fever,Washington Mystics,Makayla Timpson,F,4.0,0-1,0-0,0-0,1.0,0.0,1.0,0.0,0.0,0.0,0.0,1.0,0.0,-1.0,0.0,1.0,0.0,0.0,0.0,0.0,0.0,,0.0
20260515_WSH_IND,"Friday, May 15, 2026",regular_season,Indiana Fever,Washington Mystics,Damiris Dantas,C,7.0,1-2,1-2,0-0,0.0,2.0,2.0,0.0,1.0,0.0,0.0,1.0,3.0,3.0,1.0,2.0,1.0,2.0,0.0,0.0,1.5,0.0,0.0
20260515_WSH_IND,"Friday, May 15, 2026",regular_season,Indiana Fever,Washington Mystics,Tyasha Harris,G,10.0,1-2,0-1,0-0,0.0,0.0,0.0,1.0,0.0,0.0,1.0,0.0,2.0,2.0,1.0,2.0,0.0,1.0,0.0,0.0,0.0,1.0,1.0
20260515_WSH_IND,"Friday, May 15, 2026",regular_season,Indiana Fever,Washington Mystics,Lexie Hull,G,26.0,3-6,2-4,1-2,1.0,3.0,4.0,1.0,3.0,0.0,1.0,5.0,9.0,8.0,3.0,6.0,2.0,4.0,1.0,2.0,1.1666666666666667,0.3333333333333333,1.0
20260515_WSH_IND,"Friday, May 15, 2026",regular_season,Indiana Fever,Washington Mystics,Raven Johnson,G,4.0,0-0,0-0,0-0,1.0,1.0,2.0,0.0,0.0,0.0,0.0,0.0,0.0,-10.0,0.0,0.0,0.0,0.0,0.0,0.0,,,0.0
20260515_WSH_IND,"Friday, May 15, 2026",regular_season,Indiana Fever,Washington Mystics,Shatori Walker-Kimbrough,G,,,,,,,,,,,,,,,,,,,,,,,
20260516_TOR_LA,"Saturday, May 16, 2026",regular_season,Toronto Tempo,Los Angeles Sparks,Nyara Sabally,F,28.0,5-10,0-1,4-4,5.0,4.0,9.0,3.0,1.0,2.0,0.0,3.0,14.0,-4.0,5.0,10.0,0.0,1.0,4.0,4.0,0.4,0.6,999.0
20260516_TOR_LA,"Saturday, May 16, 2026",regular_season,Toronto Tempo,Los Angeles Sparks,Nikolina Milic,F,5.0,0-0,0-0,0-0,0.0,0.0,0.0,0.0,0.0,0.0,2.0,1.0,0.0,-15.0,0.0,0.0,0.0,0.0,0.0,0.0,,,0.0
20260516_TOR_LA,"Saturday, May 16, 2026",regular_season,Toronto Tempo,Los Angeles Sparks,Brittney Sykes,G,35.0,7-19,2-7,11-11,0.0,4.0,4.0,7.0,4.0,0.0,3.0,4.0,27.0,-7.0,7.0,19.0,2.0,7.0,11.0,11.0,0.8947368421052632,1.0,2.333
20260516_TOR_LA,"Saturday, May 16, 2026",regular_season,Toronto Tempo,Los Angeles Sparks,Marina Mabrey,G,21.0,3-10,1-6,0-0,0.0,2.0,2.0,0.0,0.0,1.0,3.0,3.0,7.0,-21.0,3.0,10.0,1.0,6.0,0.0,0.0,0.3,0.0,0.0
20260516_TOR_LA,"Saturday, May 16, 2026",regular_season,Toronto Tempo,Los Angeles Sparks,Julie Allemand,G,21.0,2-4,1-3,0-0,0.0,1.0,1.0,4.0,2.0,0.0,1.0,1.0,5.0,-18.0,2.0,4.0,1.0,3.0,0.0,0.0,0.75,2.0,4.0
20260516_TOR_LA,"Saturday, May 16, 2026",regular_season,Toronto Tempo,Los Angeles Sparks,Maria Conde,F,20.0,2-6,2-5,0-0,2.0,2.0,4.0,0.0,1.0,0.0,2.0,0.0,6.0,0.0,2.0,6.0,2.0,5.0,0.0,0.0,1.0,0.0,0.0
20260516_TOR_LA,"Saturday, May 16, 2026",regular_season,Toronto Tempo,Los Angeles Sparks,Teonni Key,F,9.0,1-1,1-1,2-2,2.0,0.0,2.0,1.0,0.0,1.0,0.0,2.0,5.0,-1.0,1.0,1.0,1.0,1.0,2.0,2.0,5.0,1.0,999.0
20260516_TOR_LA,"Saturday, May 16, 2026",regular_season,Toronto Tempo,Los Angeles Sparks,Laura Juskaite,F,25.0,5-9,2-4,4-5,1.0,2.0,3.0,4.0,4.0,0.0,1.0,5.0,16.0,19.0,5.0,9.0,2.0,4.0,4.0,5.0,1.1111111111111112,0.8,4.0
20260516_TOR_LA,"Saturday, May 16, 2026",regular_season,Toronto Tempo,Los Angeles Sparks,Kia Nurse,G,9.0,2-4,0-2,0-0,0.0,1.0,1.0,1.0,1.0,0.0,0.0,0.0,4.0,8.0,2.0,4.0,0.0,2.0,0.0,0.0,0.0,0.5,999.0
20260516_TOR_LA,"Saturday, May 16, 2026",regular_season,Toronto Tempo,Los Angeles Sparks,Lexi Held,G,6.0,0-0,0-0,0-0,0.0,0.0,0.0,0.0,0.0,0.0,0.0,1.0,0.0,4.0,0.0,0.0,0.0,0.0,0.0,0.0,,,0.0
20260516_TOR_LA,"Saturday, May 16, 2026",regular_season,Toronto Tempo,Los Angeles Sparks,Kiki Rice,G,21.0,4-7,3-4,0-0,0.0,0.0,0.0,2.0,0.0,0.0,1.0,4.0,11.0,15.0,4.0,7.0,3.0,4.0,0.0,0.0,1.2857142857142858,0.5,2.0
20260516_TOR_LA,"Saturday, May 16, 2026",regular_season,Los Angeles Sparks,Toronto Tempo,Nneka Ogwumike,F,32.0,8-11,1-2,3-3,0.0,5.0,5.0,3.0,1.0,0.0,2.0,4.0,20.0,14.0,8.0,11.0,1.0,2.0,3.0,3.0,0.5454545454545454,0.375,1.5
20260516_TOR_LA,"Saturday, May 16, 2026",regular_season,Los Angeles Sparks,Toronto Tempo,Dearica Hamby,F,32.0,8-10,0-0,3-3,1.0,6.0,7.0,4.0,0.0,0.0,2.0,4.0,19.0,6.0,8.0,10.0,0.0,0.0,3.0,3.0,0.3,0.5,2.0
20260516_TOR_LA,"Saturday, May 16, 2026",regular_season,Los Angeles Sparks,Toronto Tempo,Erica Wheeler,G,33.0,3-5,2-4,2-2,0.0,2.0,2.0,7.0,1.0,0.0,3.0,1.0,10.0,16.0,3.0,5.0,2.0,4.0,2.0,2.0,1.6,2.3333333333333335,2.333
20260516_TOR_LA,"Saturday, May 16, 2026",regular_season,Los Angeles Sparks,Toronto Tempo,Kelsey Plum,G,33.0,10-16,4-8,3-4,0.0,0.0,0.0,9.0,3.0,0.0,2.0,3.0,27.0,8.0,10.0,16.0,4.0,8.0,3.0,4.0,0.9375,0.9,4.5
20260516_TOR_LA,"Saturday, May 16, 2026",regular_season,Los Angeles Sparks,Toronto Tempo,Rae Burrell,G,35.0,5-6,2-3,1-2,1.0,4.0,5.0,2.0,0.0,0.0,5.0,2.0,13.0,10.0,5.0,6.0,2.0,3.0,1.0,2.0,1.1666666666666667,0.4,0.4
20260516_TOR_LA,"Saturday, May 16, 2026",regular_season,Los Angeles Sparks,Toronto Tempo,Cameron Brink,F,16.0,3-6,0-1,4-6,0.0,3.0,3.0,1.0,1.0,1.0,1.0,3.0,10.0,-12.0,3.0,6.0,0.0,1.0,4.0,6.0,0.6666666666666666,0.3333333333333333,1.0
20260516_TOR_LA,"Saturday, May 16, 2026",regular_season,Los Angeles Sparks,Toronto Tempo,Kate Martin,G,6.0,0-2,0-1,0-0,0.0,1.0,1.0,0.0,0.0,0.0,0.0,1.0,0.0,-1.0,0.0,2.0,0.0,1.0,0.0,0.0,0.0,,0.0
20260516_TOR_LA,"Saturday, May 16, 2026",regular_season,Los Angeles Sparks,Toronto Tempo,Ta'Niya Latson,G,2.0,0-0,0-0,0-0,0.0,0.0,0.0,0.0,0.0,0.0,0.0,0.0,0.0,-7.0,0.0,0.0,0.0,0.0,0.0,0.0,,,0.0
20260516_TOR_LA,"Saturday, May 16, 2026",regular_season,Los Angeles Sparks,Toronto Tempo,Chance Gray,G,11.0,0-2,0-2,0-0,0.0,1.0,1.0,0.0,0.0,0.0,1.0,0.0,0.0,-14.0,0.0,2.0,0.0,2.0,0.0,0.0,0.0,,0.0
20260516_TOR_LA,"Saturday, May 16, 2026",regular_season,Los Angeles Sparks,Toronto Tempo,Emma Cannon,F,,,,,,,,,,,,,,,,,,,,,,,
20260516_TOR_LA,"Saturday, May 16, 2026",regular_season,Los Angeles Sparks,Toronto Tempo,Jihyun Park,F,,,,,,,,,,,,,,,,,,,,,,,
20260516_CHI_PHX,"Saturday, May 16, 2026",regular_season,Chicago Sky,Phoenix Mercury,Rickea Jackson,F,32.0,10-22,4-10,5-6,1.0,5.0,6.0,0.0,0.0,3.0,2.0,0.0,29.0,-21.0,10.0,22.0,4.0,10.0,5.0,6.0,0.7727272727272727,0.0,0.0
20260516_CHI_PHX,"Saturday, May 16, 2026",regular_season,Chicago Sky,Phoenix Mercury,Kamilla Cardoso,C,23.0,2-6,0-0,3-4,2.0,6.0,8.0,1.0,0.0,1.0,2.0,4.0,7.0,-2.0,2.0,6.0,0.0,0.0,3.0,4.0,0.5,0.5,0.5
20260516_CHI_PHX,"Saturday, May 16, 2026",regular_season,Chicago Sky,Phoenix Mercury,Skylar Diggins,G,12.0,0-5,0-2,0-0,1.0,1.0,2.0,3.0,1.0,0.0,0.0,3.0,0.0,-9.0,0.0,5.0,0.0,2.0,0.0,0.0,0.0,,999.0
20260516_CHI_PHX,"Saturday, May 16, 2026",regular_season,Chicago Sky,Phoenix Mercury,Jacy Sheldon,G,26.0,3-6,1-2,1-1,0.0,0.0,0.0,3.0,0.0,0.0,2.0,5.0,8.0,-7.0,3.0,6.0,1.0,2.0,1.0,1.0,0.6666666666666666,1.0,1.5
20260516_CHI_PHX,"Saturday, May 16, 2026",regular_season,Chicago Sky,Phoenix Mercury,Gabriela Jaquez,G,29.0,4-5,0-1,5-7,1.0,2.0,3.0,0.0,1.0,0.0,2.0,2.0,13.0,-5.0,4.0,5.0,0.0,1.0,5.0,7.0,1.0,0.0,0.0
20260516_CHI_PHX,"Saturday, May 16, 2026",regular_season,Chicago Sky,Phoenix Mercury,Elizabeth Williams,C,17.0,0-2,0-0,1-2,1.0,3.0,4.0,1.0,0.0,1.0,1.0,3.0,1.0,-5.0,0.0,2.0,0.0,0.0,1.0,2.0,0.5,,1.0
20260516_CHI_PHX,"Saturday, May 16, 2026",regular_season,Chicago Sky,Phoenix Mercury,Natasha Cloud,G,23.0,3-8,0-2,1-3,0.0,3.0,3.0,7.0,2.0,0.0,1.0,5.0,7.0,-11.0,3.0,8.0,0.0,2.0,1.0,3.0,0.125,2.3333333333333335,7.0
20260516_CHI_PHX,"Saturday, May 16, 2026",regular_season,Chicago Sky,Phoenix Mercury,Rachel Banham,G,16.0,2-5,1-3,0-0,0.0,0.0,0.0,1.0,0.0,1.0,1.0,3.0,5.0,0.0,2.0,5.0,1.0,3.0,0.0,0.0,0.6,0.5,1.0
20260516_CHI_PHX,"Saturday, May 16, 2026",regular_season,Chicago Sky,Phoenix Mercury,Aicha Coulibaly,G,16.0,4-6,0-1,0-0,0.0,1.0,1.0,0.0,1.0,0.0,0.0,4.0,8.0,12.0,4.0,6.0,0.0,1.0,0.0,0.0,0.0,0.0,0.0
20260516_CHI_PHX,"Saturday, May 16, 2026",regular_season,Chicago Sky,Phoenix Mercury,Sydney Taylor,G,7.0,1-3,0-1,3-3,0.0,0.0,0.0,0.0,0.0,1.0,0.0,1.0,5.0,8.0,1.0,3.0,0.0,1.0,3.0,3.0,1.0,0.0,0.0
20260516_CHI_PHX,"Saturday, May 16, 2026",regular_season,Chicago Sky,Phoenix Mercury,Azura Stevens,F,,,,,,,,,,,,,,,,,,,,,,,
20260516_CHI_PHX,"Saturday, May 16, 2026",regular_season,Chicago Sky,Phoenix Mercury,Courtney Vandersloot,G,,,,,,,,,,,,,,,,,,,,,,,
20260516_CHI_PHX,"Saturday, May 16, 2026",regular_season,Chicago Sky,Phoenix Mercury,DiJonai Carrington,G,,,,,,,,,,,,,,,,,,,,,,,
20260516_CHI_PHX,"Saturday, May 16, 2026",regular_season,Phoenix Mercury,Chicago Sky,DeWanna Bonner,F,33.0,3-7,0-2,2-2,1.0,6.0,7.0,0.0,1.0,1.0,2.0,2.0,8.0,4.0,3.0,7.0,0.0,2.0,2.0,2.0,0.2857142857142857,0.0,0.0
20260516_CHI_PHX,"Saturday, May 16, 2026",regular_season,Phoenix Mercury,Chicago Sky,Alyssa Thomas,F,33.0,5-10,0-0,7-7,2.0,9.0,11.0,6.0,0.0,1.0,4.0,4.0,17.0,21.0,5.0,10.0,0.0,0.0,7.0,7.0,0.7,1.2,1.5
20260516_CHI_PHX,"Saturday, May 16, 2026",regular_season,Phoenix Mercury,Chicago Sky,Natasha Mack,F,30.0,3-8,0-0,4-6,2.0,4.0,6.0,3.0,1.0,4.0,3.0,6.0,10.0,9.0,3.0,8.0,0.0,0.0,4.0,6.0,0.5,1.0,1.0
20260516_CHI_PHX,"Saturday, May 16, 2026",regular_season,Phoenix Mercury,Chicago Sky,Kahleah Copper,G,34.0,3-16,1-6,10-10,0.0,5.0,5.0,1.0,3.0,0.0,1.0,2.0,17.0,8.0,3.0,16.0,1.0,6.0,10.0,10.0,0.8125,0.3333333333333333,1.0
20260516_CHI_PHX,"Saturday, May 16, 2026",regular_season,Phoenix Mercury,Chicago Sky,Jovana Nogic,G,31.0,6-11,5-8,10-11,2.0,2.0,4.0,0.0,0.0,0.0,1.0,2.0,27.0,23.0,6.0,11.0,5.0,8.0,10.0,11.0,2.272727272727273,0.0,0.0
20260516_CHI_PHX,"Saturday, May 16, 2026",regular_season,Phoenix Mercury,Chicago Sky,Valeriane Ayayi,F,12.0,3-6,0-2,2-3,1.0,1.0,2.0,1.0,0.0,0.0,1.0,0.0,8.0,-8.0,3.0,6.0,0.0,2.0,2.0,3.0,0.3333333333333333,0.3333333333333333,1.0
20260516_CHI_PHX,"Saturday, May 16, 2026",regular_season,Phoenix Mercury,Chicago Sky,Noemie Brochant,F,11.0,1-1,0-0,0-0,1.0,1.0,2.0,0.0,0.0,0.0,0.0,3.0,2.0,6.0,1.0,1.0,0.0,0.0,0.0,0.0,0.0,0.0,0.0
20260516_CHI_PHX,"Saturday, May 16, 2026",regular_season,Phoenix Mercury,Chicago Sky,Kyara Linskens,C,8.0,0-2,0-2,0-0,1.0,2.0,3.0,1.0,0.0,1.0,1.0,3.0,0.0,-8.0,0.0,2.0,0.0,2.0,0.0,0.0,0.0,,1.0
20260516_CHI_PHX,"Saturday, May 16, 2026",regular_season,Phoenix Mercury,Chicago Sky,Kiana Williams,G,8.0,0-1,0-1,2-2,0.0,0.0,0.0,0.0,0.0,0.0,2.0,0.0,2.0,-15.0,0.0,1.0,0.0,1.0,2.0,2.0,2.0,,0.0
20260516_CHI_PHX,"Saturday, May 16, 2026",regular_season,Phoenix Mercury,Chicago Sky,Anneli Maley,F,,,,,,,,,,,,,,,,,,,,,,,
20260516_CHI_PHX,"Saturday, May 16, 2026",regular_season,Phoenix Mercury,Chicago Sky,Sami Whitcomb,G,,,,,,,,,,,,,,,,,,,,,,,
20260516_CHI_PHX,"Saturday, May 16, 2026",regular_season,Phoenix Mercury,Chicago Sky,Quionche Carter,G,,,,,,,,,,,,,,,,,,,,,,,
20260517_LV_ATL,"Sunday, May 17, 2026",regular_season,Las Vegas Aces,Atlanta Dream,Stephanie Talbot,F,16.0,0-1,0-0,0-0,1.0,4.0,5.0,2.0,0.0,2.0,0.0,2.0,0.0,2.0,0.0,1.0,0.0,0.0,0.0,0.0,0.0,,999.0
20260517_LV_ATL,"Sunday, May 17, 2026",regular_season,Las Vegas Aces,Atlanta Dream,NaLyssa Smith,F,20.0,6-7,0-1,1-3,3.0,3.0,6.0,1.0,0.0,0.0,2.0,5.0,13.0,6.0,6.0,7.0,0.0,1.0,1.0,3.0,0.14285714285714285,0.16666666666666666,0.5
20260517_LV_ATL,"Sunday, May 17, 2026",regular_season,Las Vegas Aces,Atlanta Dream,A'ja Wilson,C,31.0,6-12,2-2,6-7,0.0,6.0,6.0,1.0,0.0,2.0,4.0,5.0,20.0,-3.0,6.0,12.0,2.0,2.0,6.0,7.0,1.0,0.16666666666666666,0.25
20260517_LV_ATL,"Sunday, May 17, 2026",regular_season,Las Vegas Aces,Atlanta Dream,Chelsea Gray,G,33.0,8-13,5-8,0-0,0.0,5.0,5.0,6.0,1.0,1.0,3.0,0.0,21.0,4.0,8.0,13.0,5.0,8.0,0.0,0.0,1.1538461538461537,0.75,2.0
20260517_LV_ATL,"Sunday, May 17, 2026",regular_season,Las Vegas Aces,Atlanta Dream,Jackie Young,G,34.0,0-12,0-5,0-0,1.0,6.0,7.0,7.0,2.0,2.0,2.0,2.0,0.0,6.0,0.0,12.0,0.0,5.0,0.0,0.0,0.0,,3.5
20260517_LV_ATL,"Sunday, May 17, 2026",regular_season,Las Vegas Aces,Atlanta Dream,Cheyenne Parker-Tyus,F,9.0,2-5,0-1,0-0,0.0,1.0,1.0,0.0,0.0,1.0,0.0,1.0,4.0,-3.0,2.0,5.0,0.0,1.0,0.0,0.0,0.0,0.0,0.0
20260517_LV_ATL,"Sunday, May 17, 2026",regular_season,Las Vegas Aces,Atlanta Dream,Brianna Turner,F,6.0,0-0,0-0,0-0,1.0,0.0,1.0,0.0,1.0,0.0,0.0,1.0,0.0,5.0,0.0,0.0,0.0,0.0,0.0,0.0,,,0.0
20260517_LV_ATL,"Sunday, May 17, 2026",regular_season,Las Vegas Aces,Atlanta Dream,Jewell Loyd,G,29.0,2-10,2-8,1-2,0.0,5.0,5.0,1.0,1.0,0.0,0.0,4.0,7.0,-11.0,2.0,10.0,2.0,8.0,1.0,2.0,0.7,0.5,999.0
20260517_LV_ATL,"Sunday, May 17, 2026",regular_season,Las Vegas Aces,Atlanta Dream,Chennedy Carter,G,21.0,7-13,1-2,5-5,0.0,2.0,2.0,3.0,0.0,0.0,2.0,3.0,20.0,-1.0,7.0,13.0,1.0,2.0,5.0,5.0,0.6153846153846154,0.42857142857142855,1.5
20260517_LV_ATL,"Sunday, May 17, 2026",regular_season,Las Vegas Aces,Atlanta Dream,Kierstan Bell,F,,,,,,,,,,,,,,,,,,,,,,,
20260517_LV_ATL,"Sunday, May 17, 2026",regular_season,Atlanta Dream,Las Vegas Aces,Naz Hillmon,F,30.0,2-9,0-3,2-4,2.0,3.0,5.0,0.0,0.0,0.0,0.0,4.0,6.0,5.0,2.0,9.0,0.0,3.0,2.0,4.0,0.2222222222222222,0.0,0.0
20260517_LV_ATL,"Sunday, May 17, 2026",regular_season,Atlanta Dream,Las Vegas Aces,Angel Reese,F,29.0,1-8,0-1,7-8,4.0,4.0,8.0,3.0,0.0,1.0,8.0,3.0,9.0,-13.0,1.0,8.0,0.0,1.0,7.0,8.0,0.875,3.0,0.375
20260517_LV_ATL,"Sunday, May 17, 2026",regular_season,Atlanta Dream,Las Vegas Aces,Allisha Gray,G,37.0,8-18,1-5,8-11,1.0,8.0,9.0,1.0,0.0,1.0,2.0,4.0,25.0,1.0,8.0,18.0,1.0,5.0,8.0,11.0,0.6111111111111112,0.125,0.5
20260517_LV_ATL,"Sunday, May 17, 2026",regular_season,Atlanta Dream,Las Vegas Aces,Jordin Canada,G,33.0,4-8,0-2,3-3,0.0,3.0,3.0,5.0,7.0,0.0,2.0,3.0,11.0,-20.0,4.0,8.0,0.0,2.0,3.0,3.0,0.375,1.25,2.5
20260517_LV_ATL,"Sunday, May 17, 2026",regular_season,Atlanta Dream,Las Vegas Aces,Te-Hina Paopao,G,36.0,5-14,4-9,5-6,0.0,2.0,2.0,2.0,1.0,1.0,0.0,4.0,19.0,6.0,5.0,14.0,4.0,9.0,5.0,6.0,1.2142857142857142,0.4,999.0
20260517_LV_ATL,"Sunday, May 17, 2026",regular_season,Atlanta Dream,Las Vegas Aces,Sika Kone,F,3.0,0-2,0-1,0-0,0.0,0.0,0.0,0.0,0.0,0.0,0.0,1.0,0.0,-7.0,0.0,2.0,0.0,1.0,0.0,0.0,0.0,,0.0
20260517_LV_ATL,"Sunday, May 17, 2026",regular_season,Atlanta Dream,Las Vegas Aces,Madina Okot,C,16.0,7-12,0-2,0-1,2.0,9.0,11.0,1.0,0.0,1.0,1.0,4.0,14.0,18.0,7.0,12.0,0.0,2.0,0.0,1.0,0.0,0.14285714285714285,1.0
20260517_LV_ATL,"Sunday, May 17, 2026",regular_season,Atlanta Dream,Las Vegas Aces,Aaliyah Nye,G,1.0,0-0,0-0,0-0,0.0,0.0,0.0,0.0,0.0,0.0,0.0,0.0,0.0,1.0,0.0,0.0,0.0,0.0,0.0,0.0,,,0.0
20260517_LV_ATL,"Sunday, May 17, 2026",regular_season,Atlanta Dream,Las Vegas Aces,Indya Nivar,G,10.0,0-2,0-0,0-4,2.0,4.0,6.0,3.0,1.0,1.0,0.0,0.0,0.0,3.0,0.0,2.0,0.0,0.0,0.0,4.0,0.0,,999.0
20260517_LV_ATL,"Sunday, May 17, 2026",regular_season,Atlanta Dream,Las Vegas Aces,Isobel Borlase,G,4.0,0-0,0-0,0-0,0.0,1.0,1.0,0.0,0.0,0.0,0.0,0.0,0.0,1.0,0.0,0.0,0.0,0.0,0.0,0.0,,,0.0
20260517_SEA_IND,"Sunday, May 17, 2026",regular_season,Seattle Storm,Indiana Fever,Jordan Horston,F,15.0,1-5,0-1,0-0,0.0,2.0,2.0,3.0,1.0,0.0,1.0,2.0,2.0,0.0,1.0,5.0,0.0,1.0,0.0,0.0,0.0,3.0,3.0
20260517_SEA_IND,"Sunday, May 17, 2026",regular_season,Seattle Storm,Indiana Fever,Stefanie Dolson,C,30.0,3-6,0-2,0-0,0.0,5.0,5.0,2.0,2.0,1.0,0.0,3.0,6.0,-6.0,3.0,6.0,0.0,2.0,0.0,0.0,0.0,0.6666666666666666,999.0
20260517_SEA_IND,"Sunday, May 17, 2026",regular_season,Seattle Storm,Indiana Fever,Natisha Hiedeman,G,31.0,7-18,3-6,2-2,0.0,2.0,2.0,2.0,1.0,1.0,1.0,3.0,19.0,-2.0,7.0,18.0,3.0,6.0,2.0,2.0,0.6111111111111112,0.2857142857142857,2.0
20260517_SEA_IND,"Sunday, May 17, 2026",regular_season,Seattle Storm,Indiana Fever,Flau'jae Johnson,G,28.0,3-14,0-4,8-9,2.0,4.0,6.0,0.0,1.0,4.0,2.0,2.0,14.0,-2.0,3.0,14.0,0.0,4.0,8.0,9.0,0.5714285714285714,0.0,0.0
20260517_SEA_IND,"Sunday, May 17, 2026",regular_season,Seattle Storm,Indiana Fever,Jade Melbourne,G,29.0,3-7,0-2,6-6,0.0,1.0,1.0,3.0,0.0,0.0,2.0,4.0,12.0,-16.0,3.0,7.0,0.0,2.0,6.0,6.0,0.8571428571428571,1.0,1.5
20260517_SEA_IND,"Sunday, May 17, 2026",regular_season,Seattle Storm,Indiana Fever,Mackenzie Holmes,F,10.0,2-3,0-0,0-0,0.0,1.0,1.0,0.0,2.0,0.0,1.0,2.0,4.0,-5.0,2.0,3.0,0.0,0.0,0.0,0.0,0.0,0.0,0.0
20260517_SEA_IND,"Sunday, May 17, 2026",regular_season,Seattle Storm,Indiana Fever,Grace VanSlooten,F,18.0,2-4,0-1,1-4,0.0,2.0,2.0,3.0,2.0,2.0,0.0,0.0,5.0,-16.0,2.0,4.0,0.0,1.0,1.0,4.0,0.25,1.5,999.0
20260517_SEA_IND,"Sunday, May 17, 2026",regular_season,Seattle Storm,Indiana Fever,Lexie Brown,G,17.0,1-3,1-3,0-0,0.0,4.0,4.0,0.0,0.0,0.0,1.0,2.0,3.0,-5.0,1.0,3.0,1.0,3.0,0.0,0.0,1.0,0.0,0.0
20260517_SEA_IND,"Sunday, May 17, 2026",regular_season,Seattle Storm,Indiana Fever,Zia Cooke,G,22.0,3-11,2-4,5-6,1.0,0.0,1.0,4.0,0.0,0.0,0.0,4.0,13.0,-3.0,3.0,11.0,2.0,4.0,5.0,6.0,1.0,1.3333333333333333,999.0
20260517_SEA_IND,"Sunday, May 17, 2026",regular_season,Seattle Storm,Indiana Fever,Katie Lou Samuelson,F,,,,,,,,,,,,,,,,,,,,,,,
20260517_SEA_IND,"Sunday, May 17, 2026",regular_season,Seattle Storm,Indiana Fever,Ezi Magbegor,F,,,,,,,,,,,,,,,,,,,,,,,
20260517_SEA_IND,"Sunday, May 17, 2026",regular_season,Seattle Storm,Indiana Fever,Taylor Thierry,F,,,,,,,,,,,,,,,,,,,,,,,
20260517_SEA_IND,"Sunday, May 17, 2026",regular_season,Seattle Storm,Indiana Fever,Dominique Malonga,C,,,,,,,,,,,,,,,,,,,,,,,
20260517_SEA_IND,"Sunday, May 17, 2026",regular_season,Seattle Storm,Indiana Fever,Taina Mair,G,,,,,,,,,,,,,,,,,,,,,,,
20260517_SEA_IND,"Sunday, May 17, 2026",regular_season,Indiana Fever,Seattle Storm,Myisha Hines-Allen,F,27.0,3-3,0-0,2-2,2.0,4.0,6.0,4.0,1.0,0.0,1.0,3.0,8.0,16.0,3.0,3.0,0.0,0.0,2.0,2.0,0.6666666666666666,1.3333333333333333,4.0
20260517_SEA_IND,"Sunday, May 17, 2026",regular_season,Indiana Fever,Seattle Storm,Monique Billings,F,20.0,2-5,0-1,0-0,1.0,4.0,5.0,1.0,1.0,0.0,1.0,1.0,4.0,-1.0,2.0,5.0,0.0,1.0,0.0,0.0,0.0,0.5,1.0
20260517_SEA_IND,"Sunday, May 17, 2026",regular_season,Indiana Fever,Seattle Storm,Kelsey Mitchell,G,28.0,8-18,1-5,0-0,0.0,0.0,0.0,2.0,1.0,0.0,0.0,3.0,17.0,21.0,8.0,18.0,1.0,5.0,0.0,0.0,0.16666666666666666,0.25,999.0
20260517_SEA_IND,"Sunday, May 17, 2026",regular_season,Indiana Fever,Seattle Storm,Lexie Hull,G,19.0,3-8,0-3,3-3,0.0,4.0,4.0,2.0,0.0,0.0,1.0,4.0,9.0,9.0,3.0,8.0,0.0,3.0,3.0,3.0,0.375,0.6666666666666666,2.0
20260517_SEA_IND,"Sunday, May 17, 2026",regular_season,Indiana Fever,Seattle Storm,Caitlin Clark,G,24.0,5-10,2-4,9-9,0.0,7.0,7.0,10.0,0.0,2.0,5.0,3.0,21.0,6.0,5.0,10.0,2.0,4.0,9.0,9.0,1.5,2.0,2.0
20260517_SEA_IND,"Sunday, May 17, 2026",regular_season,Indiana Fever,Seattle Storm,Makayla Timpson,F,18.0,3-7,0-0,0-0,3.0,3.0,6.0,1.0,1.0,0.0,1.0,3.0,6.0,5.0,3.0,7.0,0.0,0.0,0.0,0.0,0.0,0.3333333333333333,1.0
20260517_SEA_IND,"Sunday, May 17, 2026",regular_season,Indiana Fever,Seattle Storm,Damiris Dantas,C,6.0,1-1,1-1,0-0,0.0,0.0,0.0,0.0,0.0,1.0,0.0,1.0,3.0,12.0,1.0,1.0,1.0,1.0,0.0,0.0,3.0,0.0,0.0
20260517_SEA_IND,"Sunday, May 17, 2026",regular_season,Indiana Fever,Seattle Storm,Shatori Walker-Kimbrough,G,3.0,0-1,0-0,0-0,0.0,0.0,0.0,0.0,0.0,0.0,1.0,0.0,0.0,-9.0,0.0,1.0,0.0,0.0,0.0,0.0,0.0,,0.0
20260517_SEA_IND,"Sunday, May 17, 2026",regular_season,Indiana Fever,Seattle Storm,Sophie Cunningham,G,25.0,5-9,1-5,6-6,0.0,3.0,3.0,0.0,1.0,1.0,3.0,2.0,17.0,4.0,5.0,9.0,1.0,5.0,6.0,6.0,1.0,0.0,0.0
20260517_SEA_IND,"Sunday, May 17, 2026",regular_season,Indiana Fever,Seattle Storm,Tyasha Harris,G,13.0,1-4,0-1,2-2,0.0,4.0,4.0,1.0,0.0,1.0,1.0,1.0,4.0,-8.0,1.0,4.0,0.0,1.0,2.0,2.0,0.5,1.0,1.0
20260517_SEA_IND,"Sunday, May 17, 2026",regular_season,Indiana Fever,Seattle Storm,Raven Johnson,G,17.0,0-1,0-1,0-0,1.0,2.0,3.0,1.0,0.0,1.0,3.0,2.0,0.0,0.0,0.0,1.0,0.0,1.0,0.0,0.0,0.0,,0.333
20260517_SEA_IND,"Sunday, May 17, 2026",regular_season,Indiana Fever,Seattle Storm,Aliyah Boston,C,,,,,,,,,,,,,,,,,,,,,,,
20260517_CHI_MIN,"Sunday, May 17, 2026",regular_season,Chicago Sky,Minnesota Lynx,Rickea Jackson,F,11.0,3-6,0-2,0-0,0.0,1.0,1.0,0.0,0.0,1.0,2.0,0.0,6.0,-7.0,3.0,6.0,0.0,2.0,0.0,0.0,0.0,0.0,0.0
20260517_CHI_MIN,"Sunday, May 17, 2026",regular_season,Chicago Sky,Minnesota Lynx,Kamilla Cardoso,C,26.0,5-8,0-0,1-3,4.0,8.0,12.0,4.0,0.0,3.0,1.0,3.0,11.0,12.0,5.0,8.0,0.0,0.0,1.0,3.0,0.125,0.8,4.0
20260517_CHI_MIN,"Sunday, May 17, 2026",regular_season,Chicago Sky,Minnesota Lynx,Natasha Cloud,G,32.0,5-9,1-3,0-2,0.0,6.0,6.0,7.0,0.0,0.0,4.0,4.0,11.0,13.0,5.0,9.0,1.0,3.0,0.0,2.0,0.3333333333333333,1.4,1.75
20260517_CHI_MIN,"Sunday, May 17, 2026",regular_season,Chicago Sky,Minnesota Lynx,Jacy Sheldon,G,32.0,3-7,1-3,3-3,0.0,1.0,1.0,2.0,4.0,0.0,1.0,1.0,10.0,9.0,3.0,7.0,1.0,3.0,3.0,3.0,0.8571428571428571,0.6666666666666666,2.0
20260517_CHI_MIN,"Sunday, May 17, 2026",regular_season,Chicago Sky,Minnesota Lynx,Gabriela Jaquez,G,32.0,6-11,1-2,7-7,1.0,7.0,8.0,1.0,1.0,0.0,2.0,2.0,20.0,5.0,6.0,11.0,1.0,2.0,7.0,7.0,0.9090909090909091,0.16666666666666666,0.5
20260517_CHI_MIN,"Sunday, May 17, 2026",regular_season,Chicago Sky,Minnesota Lynx,Elizabeth Williams,C,14.0,1-3,0-0,0-0,2.0,6.0,8.0,0.0,0.0,0.0,2.0,1.0,2.0,-5.0,1.0,3.0,0.0,0.0,0.0,0.0,0.0,0.0,0.0
20260517_CHI_MIN,"Sunday, May 17, 2026",regular_season,Chicago Sky,Minnesota Lynx,Rachel Banham,G,23.0,5-12,2-6,1-2,0.0,1.0,1.0,0.0,0.0,0.0,1.0,1.0,13.0,7.0,5.0,12.0,2.0,6.0,1.0,2.0,0.5833333333333334,0.0,0.0
20260517_CHI_MIN,"Sunday, May 17, 2026",regular_season,Chicago Sky,Minnesota Lynx,Aicha Coulibaly,G,21.0,1-8,0-1,6-6,1.0,0.0,1.0,1.0,2.0,0.0,0.0,2.0,8.0,5.0,1.0,8.0,0.0,1.0,6.0,6.0,0.75,1.0,999.0
20260517_CHI_MIN,"Sunday, May 17, 2026",regular_season,Chicago Sky,Minnesota Lynx,Sydney Taylor,G,10.0,1-3,1-3,2-2,1.0,0.0,1.0,2.0,0.0,0.0,1.0,2.0,5.0,-4.0,1.0,3.0,1.0,3.0,2.0,2.0,1.6666666666666667,2.0,2.0
20260517_CHI_MIN,"Sunday, May 17, 2026",regular_season,Chicago Sky,Minnesota Lynx,Azura Stevens,F,,,,,,,,,,,,,,,,,,,,,,,
20260517_CHI_MIN,"Sunday, May 17, 2026",regular_season,Chicago Sky,Minnesota Lynx,Courtney Vandersloot,G,,,,,,,,,,,,,,,,,,,,,,,
20260517_CHI_MIN,"Sunday, May 17, 2026",regular_season,Chicago Sky,Minnesota Lynx,Skylar Diggins,G,,,,,,,,,,,,,,,,,,,,,,,
20260517_CHI_MIN,"Sunday, May 17, 2026",regular_season,Chicago Sky,Minnesota Lynx,DiJonai Carrington,G,,,,,,,,,,,,,,,,,,,,,,,
20260517_CHI_MIN,"Sunday, May 17, 2026",regular_season,Minnesota Lynx,Chicago Sky,Natasha Howard,F,29.0,8-15,0-1,1-4,3.0,6.0,9.0,7.0,2.0,0.0,4.0,3.0,17.0,3.0,8.0,15.0,0.0,1.0,1.0,4.0,0.06666666666666667,0.875,1.75
20260517_CHI_MIN,"Sunday, May 17, 2026",regular_season,Minnesota Lynx,Chicago Sky,Nia Coffey,F,25.0,1-4,0-3,0-0,0.0,3.0,3.0,2.0,0.0,0.0,1.0,5.0,2.0,-1.0,1.0,4.0,0.0,3.0,0.0,0.0,0.0,2.0,2.0
20260517_CHI_MIN,"Sunday, May 17, 2026",regular_season,Minnesota Lynx,Chicago Sky,Kayla McBride,G,40.0,8-17,2-6,2-2,2.0,5.0,7.0,1.0,4.0,1.0,2.0,4.0,20.0,-7.0,8.0,17.0,2.0,6.0,2.0,2.0,0.47058823529411764,0.125,0.5
20260517_CHI_MIN,"Sunday, May 17, 2026",regular_season,Minnesota Lynx,Chicago Sky,Courtney Williams,G,30.0,7-19,3-6,0-0,1.0,4.0,5.0,3.0,0.0,0.0,2.0,1.0,17.0,-10.0,7.0,19.0,3.0,6.0,0.0,0.0,0.47368421052631576,0.42857142857142855,1.5
20260517_CHI_MIN,"Sunday, May 17, 2026",regular_season,Minnesota Lynx,Chicago Sky,Olivia Miles,G,35.0,4-10,1-4,4-4,1.0,5.0,6.0,2.0,4.0,1.0,4.0,4.0,13.0,1.0,4.0,10.0,1.0,4.0,4.0,4.0,0.7,0.5,0.5
20260517_CHI_MIN,"Sunday, May 17, 2026",regular_season,Minnesota Lynx,Chicago Sky,Antonia Delaere,F,6.0,0-0,0-0,0-0,0.0,0.0,0.0,1.0,0.0,0.0,0.0,1.0,0.0,-9.0,0.0,0.0,0.0,0.0,0.0,0.0,,,999.0
20260517_CHI_MIN,"Sunday, May 17, 2026",regular_season,Minnesota Lynx,Chicago Sky,Anastasiia Olairi Kosu,F,6.0,1-1,0-0,0-0,0.0,0.0,0.0,0.0,0.0,0.0,0.0,1.0,2.0,0.0,1.0,1.0,0.0,0.0,0.0,0.0,0.0,0.0,0.0
20260517_CHI_MIN,"Sunday, May 17, 2026",regular_season,Minnesota Lynx,Chicago Sky,Emese Hof,C,11.0,1-3,0-0,1-2,1.0,2.0,3.0,2.0,0.0,0.0,2.0,2.0,3.0,-10.0,1.0,3.0,0.0,0.0,1.0,2.0,0.3333333333333333,2.0,1.0
20260517_CHI_MIN,"Sunday, May 17, 2026",regular_season,Minnesota Lynx,Chicago Sky,Maya Caldwell,G,16.0,2-4,1-2,0-0,0.0,2.0,2.0,2.0,0.0,1.0,0.0,0.0,5.0,-5.0,2.0,4.0,1.0,2.0,0.0,0.0,0.75,1.0,999.0
20260517_CHI_MIN,"Sunday, May 17, 2026",regular_season,Minnesota Lynx,Chicago Sky,Eliska Hamzova,G,2.0,0-0,0-0,0-0,0.0,0.0,0.0,0.0,0.0,0.0,0.0,0.0,0.0,3.0,0.0,0.0,0.0,0.0,0.0,0.0,,,0.0
20260517_CHI_MIN,"Sunday, May 17, 2026",regular_season,Minnesota Lynx,Chicago Sky,Napheesa Collier,F,,,,,,,,,,,,,,,,,,,,,,,
20260517_CHI_MIN,"Sunday, May 17, 2026",regular_season,Minnesota Lynx,Chicago Sky,Dorka Juhasz,F,,,,,,,,,,,,,,,,,,,,,,,
20260517_CHI_MIN,"Sunday, May 17, 2026",regular_season,Minnesota Lynx,Chicago Sky,Emma Cechova,F,,,,,,,,,,,,,,,,,,,,,,,
20260517_TOR_LA,"Sunday, May 17, 2026",regular_season,Toronto Tempo,Los Angeles Sparks,Nyara Sabally,F,20.0,3-4,0-0,1-1,2.0,2.0,4.0,4.0,1.0,1.0,2.0,1.0,7.0,10.0,3.0,4.0,0.0,0.0,1.0,1.0,0.25,1.3333333333333333,2.0
20260517_TOR_LA,"Sunday, May 17, 2026",regular_season,Toronto Tempo,Los Angeles Sparks,Laura Juskaite,F,21.0,3-5,0-1,1-2,2.0,3.0,5.0,1.0,2.0,0.0,2.0,4.0,7.0,1.0,3.0,5.0,0.0,1.0,1.0,2.0,0.2,0.3333333333333333,0.5
20260517_TOR_LA,"Sunday, May 17, 2026",regular_season,Toronto Tempo,Los Angeles Sparks,Brittney Sykes,G,38.0,10-21,3-8,15-15,0.0,1.0,1.0,3.0,3.0,1.0,3.0,3.0,38.0,7.0,10.0,21.0,3.0,8.0,15.0,15.0,1.1428571428571428,0.3,1.0
20260517_TOR_LA,"Sunday, May 17, 2026",regular_season,Toronto Tempo,Los Angeles Sparks,Marina Mabrey,G,26.0,2-7,2-4,8-8,1.0,2.0,3.0,4.0,1.0,0.0,3.0,5.0,14.0,2.0,2.0,7.0,2.0,4.0,8.0,8.0,2.0,2.0,1.333
20260517_TOR_LA,"Sunday, May 17, 2026",regular_season,Toronto Tempo,Los Angeles Sparks,Kiki Rice,G,35.0,5-8,1-3,8-10,1.0,4.0,5.0,2.0,0.0,0.0,0.0,5.0,19.0,5.0,5.0,8.0,1.0,3.0,8.0,10.0,1.375,0.4,999.0
20260517_TOR_LA,"Sunday, May 17, 2026",regular_season,Toronto Tempo,Los Angeles Sparks,Maria Conde,F,23.0,2-6,1-4,0-0,0.0,0.0,0.0,3.0,0.0,0.0,1.0,3.0,5.0,5.0,2.0,6.0,1.0,4.0,0.0,0.0,0.5,1.5,3.0
20260517_TOR_LA,"Sunday, May 17, 2026",regular_season,Toronto Tempo,Los Angeles Sparks,Teonni Key,F,20.0,2-6,0-1,2-2,3.0,4.0,7.0,0.0,1.0,1.0,0.0,5.0,6.0,0.0,2.0,6.0,0.0,1.0,2.0,2.0,0.3333333333333333,0.0,0.0
20260517_TOR_LA,"Sunday, May 17, 2026",regular_season,Toronto Tempo,Los Angeles Sparks,Kia Nurse,G,12.0,2-4,2-3,4-4,0.0,0.0,0.0,0.0,0.0,0.0,1.0,1.0,10.0,15.0,2.0,4.0,2.0,3.0,4.0,4.0,2.5,0.0,0.0
20260517_TOR_LA,"Sunday, May 17, 2026",regular_season,Toronto Tempo,Los Angeles Sparks,Lexi Held,G,5.0,0-0,0-0,0-0,0.0,0.0,0.0,0.0,0.0,0.0,0.0,0.0,0.0,5.0,0.0,0.0,0.0,0.0,0.0,0.0,,,0.0
20260517_TOR_LA,"Sunday, May 17, 2026",regular_season,Toronto Tempo,Los Angeles Sparks,Mariella Fasoula,C,,,,,,,,,,,,,,,,,,,,,,,
20260517_TOR_LA,"Sunday, May 17, 2026",regular_season,Los Angeles Sparks,Toronto Tempo,Nneka Ogwumike,F,31.0,6-10,2-3,3-4,0.0,7.0,7.0,3.0,0.0,0.0,2.0,2.0,17.0,-10.0,6.0,10.0,2.0,3.0,3.0,4.0,0.9,0.5,1.5
20260517_TOR_LA,"Sunday, May 17, 2026",regular_season,Los Angeles Sparks,Toronto Tempo,Dearica Hamby,F,31.0,7-11,1-2,6-8,4.0,5.0,9.0,3.0,3.0,0.0,1.0,3.0,21.0,-1.0,7.0,11.0,1.0,2.0,6.0,8.0,0.8181818181818182,0.42857142857142855,3.0
20260517_TOR_LA,"Sunday, May 17, 2026",regular_season,Los Angeles Sparks,Toronto Tempo,Erica Wheeler,G,30.0,1-9,0-3,2-3,1.0,1.0,2.0,7.0,1.0,1.0,3.0,5.0,4.0,-4.0,1.0,9.0,0.0,3.0,2.0,3.0,0.2222222222222222,7.0,2.333
20260517_TOR_LA,"Sunday, May 17, 2026",regular_season,Los Angeles Sparks,Toronto Tempo,Kelsey Plum,G,36.0,9-14,1-3,9-11,0.0,1.0,1.0,7.0,1.0,0.0,3.0,5.0,28.0,-6.0,9.0,14.0,1.0,3.0,9.0,11.0,0.8571428571428571,0.7777777777777778,2.333
20260517_TOR_LA,"Sunday, May 17, 2026",regular_season,Los Angeles Sparks,Toronto Tempo,Rae Burrell,G,18.0,0-2,0-1,2-2,2.0,1.0,3.0,2.0,0.0,0.0,1.0,6.0,2.0,-2.0,0.0,2.0,0.0,1.0,2.0,2.0,1.0,,2.0
20260517_TOR_LA,"Sunday, May 17, 2026",regular_season,Los Angeles Sparks,Toronto Tempo,Cameron Brink,F,18.0,3-4,0-1,1-2,1.0,1.0,2.0,2.0,0.0,2.0,1.0,6.0,7.0,-9.0,3.0,4.0,0.0,1.0,1.0,2.0,0.25,0.6666666666666666,2.0
20260517_TOR_LA,"Sunday, May 17, 2026",regular_season,Los Angeles Sparks,Toronto Tempo,Jihyun Park,F,8.0,1-3,0-2,0-0,1.0,0.0,1.0,2.0,0.0,0.0,0.0,3.0,2.0,-12.0,1.0,3.0,0.0,2.0,0.0,0.0,0.0,2.0,999.0
20260517_TOR_LA,"Sunday, May 17, 2026",regular_season,Los Angeles Sparks,Toronto Tempo,Kate Martin,G,18.0,4-7,3-6,0-0,0.0,0.0,0.0,0.0,1.0,0.0,1.0,0.0,11.0,9.0,4.0,7.0,3.0,6.0,0.0,0.0,1.2857142857142858,0.0,0.0
20260517_TOR_LA,"Sunday, May 17, 2026",regular_season,Los Angeles Sparks,Toronto Tempo,Chance Gray,G,10.0,2-4,0-2,0-0,0.0,1.0,1.0,0.0,0.0,0.0,1.0,2.0,4.0,-15.0,2.0,4.0,0.0,2.0,0.0,0.0,0.0,0.0,0.0
20260517_TOR_LA,"Sunday, May 17, 2026",regular_season,Los Angeles Sparks,Toronto Tempo,Emma Cannon,F,,,,,,,,,,,,,,,,,,,,,,,
20260517_TOR_LA,"Sunday, May 17, 2026",regular_season,Los Angeles Sparks,Toronto Tempo,Ta'Niya Latson,G,,,,,,,,,,,,,,,,,,,,,,,
20260519_WSH_DAL,"Tuesday, May 19, 2026",regular_season,Washington Mystics,Dallas Wings,Kiki Iriafen,F,26.0,2-6,1-1,4-6,2.0,8.0,10.0,2.0,1.0,0.0,2.0,2.0,9.0,-12.0,2.0,6.0,1.0,1.0,4.0,6.0,1.1666666666666667,1.0,1.0
20260519_WSH_DAL,"Tuesday, May 19, 2026",regular_season,Washington Mystics,Dallas Wings,Shakira Austin,C,26.0,5-10,0-0,2-2,0.0,4.0,4.0,1.0,1.0,0.0,4.0,0.0,12.0,-15.0,5.0,10.0,0.0,0.0,2.0,2.0,0.2,0.2,0.25
20260519_WSH_DAL,"Tuesday, May 19, 2026",regular_season,Washington Mystics,Dallas Wings,Sonia Citron,G,26.0,3-6,1-2,0-0,0.0,1.0,1.0,1.0,1.0,0.0,5.0,3.0,7.0,-4.0,3.0,6.0,1.0,2.0,0.0,0.0,0.5,0.3333333333333333,0.2
20260519_WSH_DAL,"Tuesday, May 19, 2026",regular_season,Washington Mystics,Dallas Wings,Cotie McMahon,G,21.0,2-3,1-2,2-2,0.0,1.0,1.0,1.0,0.0,0.0,4.0,3.0,7.0,-23.0,2.0,3.0,1.0,2.0,2.0,2.0,1.6666666666666667,0.5,0.25
20260519_WSH_DAL,"Tuesday, May 19, 2026",regular_season,Washington Mystics,Dallas Wings,Georgia Amoore,G,24.0,1-6,1-4,0-0,0.0,1.0,1.0,3.0,0.0,0.0,2.0,1.0,3.0,-18.0,1.0,6.0,1.0,4.0,0.0,0.0,0.5,3.0,1.5
20260519_WSH_DAL,"Tuesday, May 19, 2026",regular_season,Washington Mystics,Dallas Wings,Angela Dugalic,F,13.0,1-2,0-0,0-0,0.0,3.0,3.0,1.0,0.0,1.0,0.0,1.0,2.0,-12.0,1.0,2.0,0.0,0.0,0.0,0.0,0.0,1.0,999.0
20260519_WSH_DAL,"Tuesday, May 19, 2026",regular_season,Washington Mystics,Dallas Wings,Lauren Betts,C,15.0,5-7,0-0,1-1,0.0,3.0,3.0,0.0,0.0,0.0,0.0,1.0,11.0,-7.0,5.0,7.0,0.0,0.0,1.0,1.0,0.14285714285714285,0.0,0.0
20260519_WSH_DAL,"Tuesday, May 19, 2026",regular_season,Washington Mystics,Dallas Wings,Rori Harmon,G,5.0,0-2,0-1,2-2,0.0,1.0,1.0,2.0,0.0,0.0,1.0,2.0,2.0,-2.0,0.0,2.0,0.0,1.0,2.0,2.0,1.0,,2.0
20260519_WSH_DAL,"Tuesday, May 19, 2026",regular_season,Washington Mystics,Dallas Wings,Lucy Olsen,G,10.0,3-3,0-0,2-2,0.0,0.0,0.0,2.0,0.0,0.0,0.0,2.0,8.0,1.0,3.0,3.0,0.0,0.0,2.0,2.0,0.6666666666666666,0.6666666666666666,999.0
20260519_WSH_DAL,"Tuesday, May 19, 2026",regular_season,Washington Mystics,Dallas Wings,Cassandre Prosper,G,25.0,2-4,1-2,1-2,0.0,0.0,0.0,3.0,0.0,0.0,0.0,2.0,6.0,-14.0,2.0,4.0,1.0,2.0,1.0,2.0,1.0,1.5,999.0
20260519_WSH_DAL,"Tuesday, May 19, 2026",regular_season,Washington Mystics,Dallas Wings,Alex Wilson,G,8.0,0-0,0-0,2-3,0.0,0.0,0.0,0.0,0.0,0.0,0.0,0.0,2.0,-9.0,0.0,0.0,0.0,0.0,2.0,3.0,,,0.0
20260519_WSH_DAL,"Tuesday, May 19, 2026",regular_season,Dallas Wings,Washington Mystics,Jessica Shepard,F,27.0,4-7,0-0,4-5,4.0,12.0,16.0,6.0,0.0,0.0,0.0,1.0,12.0,18.0,4.0,7.0,0.0,0.0,4.0,5.0,0.5714285714285714,1.5,999.0
20260519_WSH_DAL,"Tuesday, May 19, 2026",regular_season,Dallas Wings,Washington Mystics,Alanna Smith,F,7.0,1-3,1-1,0-0,1.0,0.0,1.0,1.0,2.0,0.0,2.0,4.0,3.0,-1.0,1.0,3.0,1.0,1.0,0.0,0.0,1.0,1.0,0.5
20260519_WSH_DAL,"Tuesday, May 19, 2026",regular_season,Dallas Wings,Washington Mystics,Odyssey Sims,G,16.0,0-3,0-1,0-0,0.0,0.0,0.0,4.0,0.0,0.0,4.0,4.0,0.0,5.0,0.0,3.0,0.0,1.0,0.0,0.0,0.0,,1.0
20260519_WSH_DAL,"Tuesday, May 19, 2026",regular_season,Dallas Wings,Washington Mystics,Arike Ogunbowale,G,33.0,4-10,2-5,6-6,0.0,0.0,0.0,3.0,3.0,0.0,0.0,0.0,16.0,21.0,4.0,10.0,2.0,5.0,6.0,6.0,1.2,0.75,999.0
20260519_WSH_DAL,"Tuesday, May 19, 2026",regular_season,Dallas Wings,Washington Mystics,Paige Bueckers,G,33.0,7-12,4-5,0-0,0.0,3.0,3.0,7.0,0.0,0.0,1.0,3.0,18.0,21.0,7.0,12.0,4.0,5.0,0.0,0.0,1.0,1.0,7.0
20260519_WSH_DAL,"Tuesday, May 19, 2026",regular_season,Dallas Wings,Washington Mystics,Alysha Clark,F,7.0,1-2,1-2,0-0,1.0,0.0,1.0,0.0,0.0,0.0,0.0,0.0,3.0,0.0,1.0,2.0,1.0,2.0,0.0,0.0,1.5,0.0,0.0
20260519_WSH_DAL,"Tuesday, May 19, 2026",regular_season,Dallas Wings,Washington Mystics,Maddy Siegrist,F,20.0,4-9,2-4,0-0,0.0,0.0,0.0,2.0,0.0,0.0,0.0,3.0,10.0,19.0,4.0,9.0,2.0,4.0,0.0,0.0,0.6666666666666666,0.5,999.0
20260519_WSH_DAL,"Tuesday, May 19, 2026",regular_season,Dallas Wings,Washington Mystics,Awak Kuier,F,20.0,4-6,0-2,1-1,1.0,2.0,3.0,4.0,3.0,1.0,0.0,1.0,9.0,11.0,4.0,6.0,0.0,2.0,1.0,1.0,0.16666666666666666,1.0,999.0
20260519_WSH_DAL,"Tuesday, May 19, 2026",regular_season,Dallas Wings,Washington Mystics,Li Yueru,C,5.0,0-3,0-1,1-2,3.0,0.0,3.0,0.0,0.0,0.0,0.0,0.0,1.0,-1.0,0.0,3.0,0.0,1.0,1.0,2.0,0.3333333333333333,,0.0
20260519_WSH_DAL,"Tuesday, May 19, 2026",regular_season,Dallas Wings,Washington Mystics,Azzi Fudd,G,24.0,6-9,0-1,0-0,1.0,1.0,2.0,3.0,1.0,0.0,1.0,2.0,12.0,20.0,6.0,9.0,0.0,1.0,0.0,0.0,0.0,0.5,3.0
20260519_WSH_DAL,"Tuesday, May 19, 2026",regular_season,Dallas Wings,Washington Mystics,Aziaha James,G,7.0,2-6,1-2,3-3,0.0,2.0,2.0,0.0,1.0,0.0,0.0,2.0,8.0,2.0,2.0,6.0,1.0,2.0,3.0,3.0,1.0,0.0,0.0
20260519_WSH_DAL,"Tuesday, May 19, 2026",regular_season,Dallas Wings,Washington Mystics,JJ Quinerly,G,,,,,,,,,,,,,,,,,,,,,,,
20260519_CON_POR,"Tuesday, May 19, 2026",regular_season,Connecticut Sun,Portland Fire,Aaliyah Edwards,F,17.0,5-6,0-0,2-3,1.0,1.0,2.0,0.0,2.0,1.0,2.0,1.0,12.0,-10.0,5.0,6.0,0.0,0.0,2.0,3.0,0.3333333333333333,0.0,0.0
20260519_CON_POR,"Tuesday, May 19, 2026",regular_season,Connecticut Sun,Portland Fire,Diamond Miller,F,13.0,1-2,1-2,0-0,0.0,0.0,0.0,1.0,0.0,0.0,0.0,4.0,3.0,3.0,1.0,2.0,1.0,2.0,0.0,0.0,1.5,1.0,999.0
20260519_CON_POR,"Tuesday, May 19, 2026",regular_season,Connecticut Sun,Portland Fire,Brittney Griner,C,27.0,6-12,0-0,4-7,3.0,2.0,5.0,4.0,0.0,2.0,2.0,2.0,16.0,9.0,6.0,12.0,0.0,0.0,4.0,7.0,0.3333333333333333,0.6666666666666666,2.0
20260519_CON_POR,"Tuesday, May 19, 2026",regular_season,Connecticut Sun,Portland Fire,Kennedy Burke,G,21.0,0-5,0-3,0-0,0.0,6.0,6.0,3.0,2.0,1.0,1.0,2.0,0.0,-1.0,0.0,5.0,0.0,3.0,0.0,0.0,0.0,,3.0
20260519_CON_POR,"Tuesday, May 19, 2026",regular_season,Connecticut Sun,Portland Fire,Hailey Van Lith,G,25.0,5-9,1-3,1-2,0.0,1.0,1.0,3.0,0.0,1.0,2.0,4.0,12.0,7.0,5.0,9.0,1.0,3.0,1.0,2.0,0.4444444444444444,0.6,1.5
20260519_CON_POR,"Tuesday, May 19, 2026",regular_season,Connecticut Sun,Portland Fire,Aneesah Morrow,F,34.0,5-10,1-4,1-2,3.0,9.0,12.0,4.0,1.0,1.0,4.0,1.0,12.0,1.0,5.0,10.0,1.0,4.0,1.0,2.0,0.4,0.8,1.0
20260519_CON_POR,"Tuesday, May 19, 2026",regular_season,Connecticut Sun,Portland Fire,Raegan Beers,F,5.0,2-2,0-0,0-0,2.0,0.0,2.0,0.0,0.0,0.0,1.0,1.0,4.0,-2.0,2.0,2.0,0.0,0.0,0.0,0.0,0.0,0.0,0.0
20260519_CON_POR,"Tuesday, May 19, 2026",regular_season,Connecticut Sun,Portland Fire,Nell Angloma,F,3.0,0-0,0-0,1-2,0.0,0.0,0.0,0.0,0.0,0.0,0.0,2.0,1.0,-2.0,0.0,0.0,0.0,0.0,1.0,2.0,,,0.0
20260519_CON_POR,"Tuesday, May 19, 2026",regular_season,Connecticut Sun,Portland Fire,Saniya Rivers,G,28.0,4-8,0-3,1-2,1.0,2.0,3.0,6.0,4.0,0.0,1.0,3.0,9.0,0.0,4.0,8.0,0.0,3.0,1.0,2.0,0.125,1.5,6.0
20260519_CON_POR,"Tuesday, May 19, 2026",regular_season,Connecticut Sun,Portland Fire,Charlisse Leger-Walker,G,23.0,3-7,3-4,1-2,0.0,1.0,1.0,2.0,0.0,0.0,4.0,4.0,10.0,-4.0,3.0,7.0,3.0,4.0,1.0,2.0,1.4285714285714286,0.6666666666666666,0.5
20260519_CON_POR,"Tuesday, May 19, 2026",regular_season,Connecticut Sun,Portland Fire,Gianna Kneepkens,G,4.0,1-2,1-1,0-0,0.0,0.0,0.0,0.0,0.0,0.0,0.0,1.0,3.0,-6.0,1.0,2.0,1.0,1.0,0.0,0.0,1.5,0.0,0.0
20260519_CON_POR,"Tuesday, May 19, 2026",regular_season,Connecticut Sun,Portland Fire,Ashlon Jackson,G,,,,,,,,,,,,,,,,,,,,,,,
20260519_CON_POR,"Tuesday, May 19, 2026",regular_season,Portland Fire,Connecticut Sun,Bridget Carleton,F,33.0,5-12,2-7,6-6,0.0,5.0,5.0,3.0,3.0,1.0,2.0,2.0,18.0,9.0,5.0,12.0,2.0,7.0,6.0,6.0,1.0,0.6,1.5
20260519_CON_POR,"Tuesday, May 19, 2026",regular_season,Portland Fire,Connecticut Sun,Emily Engstler,F,28.0,4-7,2-3,5-5,1.0,2.0,3.0,2.0,2.0,1.0,2.0,3.0,15.0,6.0,4.0,7.0,2.0,3.0,5.0,5.0,1.5714285714285714,0.5,1.0
20260519_CON_POR,"Tuesday, May 19, 2026",regular_season,Portland Fire,Connecticut Sun,Nyadiew Puoch,F,21.0,4-8,0-2,2-2,1.0,3.0,4.0,0.0,1.0,0.0,1.0,2.0,10.0,-7.0,4.0,8.0,0.0,2.0,2.0,2.0,0.25,0.0,0.0
20260519_CON_POR,"Tuesday, May 19, 2026",regular_season,Portland Fire,Connecticut Sun,Luisa Geiselsoder,C,25.0,1-5,0-2,0-0,0.0,2.0,2.0,4.0,0.0,0.0,2.0,4.0,2.0,19.0,1.0,5.0,0.0,2.0,0.0,0.0,0.0,4.0,2.0
20260519_CON_POR,"Tuesday, May 19, 2026",regular_season,Portland Fire,Connecticut Sun,Sug Sutton,G,25.0,4-10,1-2,3-4,1.0,0.0,1.0,5.0,1.0,0.0,2.0,1.0,12.0,10.0,4.0,10.0,1.0,2.0,3.0,4.0,0.6,1.25,2.5
20260519_CON_POR,"Tuesday, May 19, 2026",regular_season,Portland Fire,Connecticut Sun,Megan Gustafson,C,8.0,1-2,0-1,1-1,0.0,2.0,2.0,1.0,0.0,0.0,0.0,1.0,3.0,-7.0,1.0,2.0,0.0,1.0,1.0,1.0,0.5,1.0,999.0
20260519_CON_POR,"Tuesday, May 19, 2026",regular_season,Portland Fire,Connecticut Sun,Serah Williams,C,12.0,1-1,0-0,1-4,1.0,4.0,5.0,0.0,0.0,1.0,0.0,3.0,3.0,-14.0,1.0,1.0,0.0,0.0,1.0,4.0,1.0,0.0,0.0
20260519_CON_POR,"Tuesday, May 19, 2026",regular_season,Portland Fire,Connecticut Sun,Holly Winterburn,G,15.0,1-4,0-2,0-0,0.0,1.0,1.0,4.0,1.0,0.0,1.0,2.0,2.0,-8.0,1.0,4.0,0.0,2.0,0.0,0.0,0.0,4.0,4.0
20260519_CON_POR,"Tuesday, May 19, 2026",regular_season,Portland Fire,Connecticut Sun,Haley Jones,G,12.0,0-0,0-0,0-0,0.0,0.0,0.0,1.0,1.0,0.0,3.0,1.0,0.0,-8.0,0.0,0.0,0.0,0.0,0.0,0.0,,,0.333
20260519_CON_POR,"Tuesday, May 19, 2026",regular_season,Portland Fire,Connecticut Sun,Sarah Ashlee Barker,G,21.0,7-13,2-3,2-4,3.0,1.0,4.0,3.0,2.0,0.0,2.0,4.0,18.0,5.0,7.0,13.0,2.0,3.0,2.0,4.0,0.6153846153846154,0.42857142857142855,1.5
20260519_CON_POR,"Tuesday, May 19, 2026",regular_season,Portland Fire,Connecticut Sun,Frieda Buhner,F,,,,,,,,,,,,,,,,,,,,,,,
20260520_TOR_PHX,"Wednesday, May 20, 2026",regular_season,Toronto Tempo,Phoenix Mercury,Maria Conde,F,33.0,1-9,0-4,0-0,1.0,3.0,4.0,2.0,0.0,1.0,1.0,3.0,2.0,1.0,1.0,9.0,0.0,4.0,0.0,0.0,0.0,2.0,2.0
20260520_TOR_PHX,"Wednesday, May 20, 2026",regular_season,Toronto Tempo,Phoenix Mercury,Laura Juskaite,F,23.0,3-5,2-3,2-2,1.0,4.0,5.0,0.0,0.0,0.0,2.0,5.0,10.0,9.0,3.0,5.0,2.0,3.0,2.0,2.0,1.6,0.0,0.0
20260520_TOR_PHX,"Wednesday, May 20, 2026",regular_season,Toronto Tempo,Phoenix Mercury,Brittney Sykes,G,35.0,10-19,4-8,7-8,2.0,5.0,7.0,6.0,0.0,0.0,0.0,3.0,31.0,2.0,10.0,19.0,4.0,8.0,7.0,8.0,1.0,0.6,999.0
20260520_TOR_PHX,"Wednesday, May 20, 2026",regular_season,Toronto Tempo,Phoenix Mercury,Marina Mabrey,G,32.0,11-23,6-14,2-2,0.0,5.0,5.0,3.0,1.0,1.0,2.0,2.0,30.0,7.0,11.0,23.0,6.0,14.0,2.0,2.0,0.8695652173913043,0.2727272727272727,1.5
20260520_TOR_PHX,"Wednesday, May 20, 2026",regular_season,Toronto Tempo,Phoenix Mercury,Kiki Rice,G,34.0,5-7,2-2,3-5,2.0,5.0,7.0,3.0,2.0,0.0,2.0,5.0,15.0,13.0,5.0,7.0,2.0,2.0,3.0,5.0,1.2857142857142858,0.6,1.5
20260520_TOR_PHX,"Wednesday, May 20, 2026",regular_season,Toronto Tempo,Phoenix Mercury,Teonni Key,F,11.0,1-3,1-3,0-0,0.0,2.0,2.0,0.0,1.0,0.0,2.0,3.0,3.0,5.0,1.0,3.0,1.0,3.0,0.0,0.0,1.0,0.0,0.0
20260520_TOR_PHX,"Wednesday, May 20, 2026",regular_season,Toronto Tempo,Phoenix Mercury,Nikolina Milic,F,10.0,2-4,0-0,0-0,1.0,1.0,2.0,0.0,0.0,0.0,1.0,1.0,4.0,-2.0,2.0,4.0,0.0,0.0,0.0,0.0,0.0,0.0,0.0
20260520_TOR_PHX,"Wednesday, May 20, 2026",regular_season,Toronto Tempo,Phoenix Mercury,Kia Nurse,G,13.0,0-2,0-2,0-0,1.0,1.0,2.0,0.0,0.0,0.0,0.0,3.0,0.0,4.0,0.0,2.0,0.0,2.0,0.0,0.0,0.0,,0.0
20260520_TOR_PHX,"Wednesday, May 20, 2026",regular_season,Toronto Tempo,Phoenix Mercury,Lexi Held,G,9.0,1-2,0-0,1-1,0.0,1.0,1.0,1.0,0.0,0.0,1.0,1.0,3.0,1.0,1.0,2.0,0.0,0.0,1.0,1.0,0.5,1.0,1.0
20260520_TOR_PHX,"Wednesday, May 20, 2026",regular_season,Toronto Tempo,Phoenix Mercury,Isabelle Harrison,F,,,,,,,,,,,,,,,,,,,,,,,
20260520_TOR_PHX,"Wednesday, May 20, 2026",regular_season,Toronto Tempo,Phoenix Mercury,Nyara Sabally,F,,,,,,,,,,,,,,,,,,,,,,,
20260520_TOR_PHX,"Wednesday, May 20, 2026",regular_season,Toronto Tempo,Phoenix Mercury,Temi Fagbenle,C,,,,,,,,,,,,,,,,,,,,,,,
20260520_TOR_PHX,"Wednesday, May 20, 2026",regular_season,Toronto Tempo,Phoenix Mercury,Mariella Fasoula,C,,,,,,,,,,,,,,,,,,,,,,,
20260520_TOR_PHX,"Wednesday, May 20, 2026",regular_season,Toronto Tempo,Phoenix Mercury,Julie Allemand,G,,,,,,,,,,,,,,,,,,,,,,,
20260520_TOR_PHX,"Wednesday, May 20, 2026",regular_season,Phoenix Mercury,Toronto Tempo,DeWanna Bonner,F,30.0,4-11,0-4,5-5,0.0,4.0,4.0,1.0,1.0,0.0,1.0,2.0,13.0,-9.0,4.0,11.0,0.0,4.0,5.0,5.0,0.45454545454545453,0.25,1.0
20260520_TOR_PHX,"Wednesday, May 20, 2026",regular_season,Phoenix Mercury,Toronto Tempo,Alyssa Thomas,F,35.0,6-7,0-0,5-6,3.0,3.0,6.0,8.0,3.0,0.0,2.0,3.0,17.0,-2.0,6.0,7.0,0.0,0.0,5.0,6.0,0.7142857142857143,1.3333333333333333,4.0
20260520_TOR_PHX,"Wednesday, May 20, 2026",regular_season,Phoenix Mercury,Toronto Tempo,Natasha Mack,F,18.0,6-7,0-0,0-0,2.0,8.0,10.0,3.0,0.0,0.0,0.0,1.0,12.0,4.0,6.0,7.0,0.0,0.0,0.0,0.0,0.0,0.5,999.0
20260520_TOR_PHX,"Wednesday, May 20, 2026",regular_season,Phoenix Mercury,Toronto Tempo,Kahleah Copper,G,35.0,7-18,0-4,4-6,0.0,3.0,3.0,4.0,0.0,0.0,4.0,1.0,18.0,-14.0,7.0,18.0,0.0,4.0,4.0,6.0,0.2222222222222222,0.5714285714285714,1.0
20260520_TOR_PHX,"Wednesday, May 20, 2026",regular_season,Phoenix Mercury,Toronto Tempo,Jovana Nogic,G,29.0,4-15,2-9,3-3,0.0,0.0,0.0,3.0,0.0,0.0,2.0,4.0,13.0,-19.0,4.0,15.0,2.0,9.0,3.0,3.0,0.6,0.75,1.5
20260520_TOR_PHX,"Wednesday, May 20, 2026",regular_season,Phoenix Mercury,Toronto Tempo,Valeriane Ayayi,F,12.0,0-1,0-0,3-6,0.0,3.0,3.0,1.0,2.0,0.0,0.0,3.0,3.0,-1.0,0.0,1.0,0.0,0.0,3.0,6.0,3.0,,999.0
20260520_TOR_PHX,"Wednesday, May 20, 2026",regular_season,Phoenix Mercury,Toronto Tempo,Noemie Brochant,F,25.0,2-4,1-2,0-0,1.0,3.0,4.0,0.0,0.0,1.0,0.0,1.0,5.0,-7.0,2.0,4.0,1.0,2.0,0.0,0.0,0.75,0.0,0.0
20260520_TOR_PHX,"Wednesday, May 20, 2026",regular_season,Phoenix Mercury,Toronto Tempo,Kyara Linskens,C,3.0,0-1,0-0,2-2,2.0,0.0,2.0,0.0,0.0,0.0,0.0,1.0,2.0,-5.0,0.0,1.0,0.0,0.0,2.0,2.0,2.0,,0.0
20260520_TOR_PHX,"Wednesday, May 20, 2026",regular_season,Phoenix Mercury,Toronto Tempo,Kiana Williams,G,12.0,3-6,1-3,0-0,0.0,0.0,0.0,0.0,0.0,0.0,0.0,1.0,7.0,13.0,3.0,6.0,1.0,3.0,0.0,0.0,0.5,0.0,0.0
20260520_TOR_PHX,"Wednesday, May 20, 2026",regular_season,Phoenix Mercury,Toronto Tempo,Sami Whitcomb,G,,,,,,,,,,,,,,,,,,,,,,,
20260520_TOR_PHX,"Wednesday, May 20, 2026",regular_season,Phoenix Mercury,Toronto Tempo,Quionche Carter,G,,,,,,,,,,,,,,,,,,,,,,,
20260520_POR_IND,"Wednesday, May 20, 2026",regular_season,Portland Fire,Indiana Fever,Bridget Carleton,F,25.0,6-13,2-6,2-2,0.0,3.0,3.0,0.0,3.0,0.0,0.0,3.0,16.0,-21.0,6.0,13.0,2.0,6.0,2.0,2.0,0.6153846153846154,0.0,0.0
20260520_POR_IND,"Wednesday, May 20, 2026",regular_season,Portland Fire,Indiana Fever,Emily Engstler,F,21.0,2-10,1-3,0-0,0.0,2.0,2.0,0.0,0.0,0.0,1.0,2.0,5.0,-27.0,2.0,10.0,1.0,3.0,0.0,0.0,0.3,0.0,0.0
20260520_POR_IND,"Wednesday, May 20, 2026",regular_season,Portland Fire,Indiana Fever,Nyadiew Puoch,F,20.0,0-1,0-0,0-0,1.0,0.0,1.0,0.0,0.0,1.0,1.0,2.0,0.0,-21.0,0.0,1.0,0.0,0.0,0.0,0.0,0.0,,0.0
20260520_POR_IND,"Wednesday, May 20, 2026",regular_season,Portland Fire,Indiana Fever,Luisa Geiselsoder,C,22.0,1-3,0-1,2-2,0.0,1.0,1.0,1.0,0.0,0.0,2.0,5.0,4.0,-16.0,1.0,3.0,0.0,1.0,2.0,2.0,0.6666666666666666,1.0,0.5
20260520_POR_IND,"Wednesday, May 20, 2026",regular_season,Portland Fire,Indiana Fever,Sug Sutton,G,24.0,6-8,0-1,2-2,0.0,1.0,1.0,4.0,1.0,0.0,3.0,1.0,14.0,-9.0,6.0,8.0,0.0,1.0,2.0,2.0,0.25,0.6666666666666666,1.333
20260520_POR_IND,"Wednesday, May 20, 2026",regular_season,Portland Fire,Indiana Fever,Megan Gustafson,C,18.0,2-5,0-2,0-0,1.0,5.0,6.0,0.0,1.0,2.0,0.0,4.0,4.0,-1.0,2.0,5.0,0.0,2.0,0.0,0.0,0.0,0.0,0.0
20260520_POR_IND,"Wednesday, May 20, 2026",regular_season,Portland Fire,Indiana Fever,Serah Williams,C,17.0,3-5,0-0,0-1,0.0,2.0,2.0,0.0,1.0,0.0,0.0,1.0,6.0,10.0,3.0,5.0,0.0,0.0,0.0,1.0,0.0,0.0,0.0
20260520_POR_IND,"Wednesday, May 20, 2026",regular_season,Portland Fire,Indiana Fever,Holly Winterburn,G,8.0,1-2,0-1,2-2,0.0,2.0,2.0,1.0,0.0,0.0,1.0,2.0,4.0,4.0,1.0,2.0,0.0,1.0,2.0,2.0,1.0,1.0,1.0
20260520_POR_IND,"Wednesday, May 20, 2026",regular_season,Portland Fire,Indiana Fever,Haley Jones,G,13.0,2-4,0-1,2-2,1.0,2.0,3.0,1.0,0.0,0.0,0.0,2.0,6.0,6.0,2.0,4.0,0.0,1.0,2.0,2.0,0.5,0.5,999.0
20260520_POR_IND,"Wednesday, May 20, 2026",regular_season,Portland Fire,Indiana Fever,Sarah Ashlee Barker,G,19.0,2-8,0-1,4-4,0.0,6.0,6.0,1.0,1.0,0.0,0.0,1.0,8.0,0.0,2.0,8.0,0.0,1.0,4.0,4.0,0.5,0.5,999.0
20260520_POR_IND,"Wednesday, May 20, 2026",regular_season,Portland Fire,Indiana Fever,Carla Leite,G,14.0,2-3,0-0,2-2,0.0,1.0,1.0,1.0,1.0,0.0,4.0,3.0,6.0,-10.0,2.0,3.0,0.0,0.0,2.0,2.0,0.6666666666666666,0.5,0.25
20260520_POR_IND,"Wednesday, May 20, 2026",regular_season,Portland Fire,Indiana Fever,Kamiah Smalls,F,,,,,,,,,,,,,,,,,,,,,,,
20260520_POR_IND,"Wednesday, May 20, 2026",regular_season,Portland Fire,Indiana Fever,Karlie Samuelson,G,,,,,,,,,,,,,,,,,,,,,,,
20260520_POR_IND,"Wednesday, May 20, 2026",regular_season,Indiana Fever,Portland Fire,Monique Billings,F,21.0,2-7,0-1,5-5,1.0,3.0,4.0,1.0,1.0,1.0,1.0,0.0,9.0,1.0,2.0,7.0,0.0,1.0,5.0,5.0,0.7142857142857143,0.5,1.0
20260520_POR_IND,"Wednesday, May 20, 2026",regular_season,Indiana Fever,Portland Fire,Aliyah Boston,C,21.0,8-11,2-4,6-6,0.0,8.0,8.0,3.0,2.0,1.0,5.0,2.0,24.0,22.0,8.0,11.0,2.0,4.0,6.0,6.0,1.0909090909090908,0.375,0.6
20260520_POR_IND,"Wednesday, May 20, 2026",regular_season,Indiana Fever,Portland Fire,Kelsey Mitchell,G,28.0,6-11,2-3,7-9,1.0,1.0,2.0,4.0,0.0,0.0,2.0,4.0,21.0,25.0,6.0,11.0,2.0,3.0,7.0,9.0,1.1818181818181819,0.6666666666666666,2.0
20260520_POR_IND,"Wednesday, May 20, 2026",regular_season,Indiana Fever,Portland Fire,Tyasha Harris,G,29.0,0-6,0-4,0-0,0.0,1.0,1.0,7.0,2.0,0.0,0.0,4.0,0.0,17.0,0.0,6.0,0.0,4.0,0.0,0.0,0.0,,999.0
20260520_POR_IND,"Wednesday, May 20, 2026",regular_season,Indiana Fever,Portland Fire,Lexie Hull,G,22.0,4-4,4-4,4-4,0.0,8.0,8.0,1.0,0.0,1.0,1.0,2.0,16.0,25.0,4.0,4.0,4.0,4.0,4.0,4.0,4.0,0.25,1.0
20260520_POR_IND,"Wednesday, May 20, 2026",regular_season,Indiana Fever,Portland Fire,Myisha Hines-Allen,F,18.0,3-5,0-0,1-1,1.0,2.0,3.0,3.0,1.0,1.0,2.0,2.0,7.0,-2.0,3.0,5.0,0.0,0.0,1.0,1.0,0.2,1.0,1.5
20260520_POR_IND,"Wednesday, May 20, 2026",regular_season,Indiana Fever,Portland Fire,Makayla Timpson,F,20.0,1-1,0-0,0-2,2.0,3.0,5.0,0.0,0.0,0.0,0.0,2.0,2.0,11.0,1.0,1.0,0.0,0.0,0.0,2.0,0.0,0.0,0.0
20260520_POR_IND,"Wednesday, May 20, 2026",regular_season,Indiana Fever,Portland Fire,Shatori Walker-Kimbrough,G,3.0,0-0,0-0,0-0,0.0,0.0,0.0,0.0,0.0,0.0,0.0,0.0,0.0,-5.0,0.0,0.0,0.0,0.0,0.0,0.0,,,0.0
20260520_POR_IND,"Wednesday, May 20, 2026",regular_season,Indiana Fever,Portland Fire,Sophie Cunningham,G,15.0,1-5,0-4,0-0,0.0,2.0,2.0,1.0,0.0,0.0,0.0,1.0,2.0,-1.0,1.0,5.0,0.0,4.0,0.0,0.0,0.0,1.0,999.0
20260520_POR_IND,"Wednesday, May 20, 2026",regular_season,Indiana Fever,Portland Fire,Raven Johnson,G,22.0,3-12,1-8,2-2,0.0,3.0,3.0,1.0,0.0,1.0,3.0,4.0,9.0,-8.0,3.0,12.0,1.0,8.0,2.0,2.0,0.4166666666666667,0.3333333333333333,0.333
20260520_POR_IND,"Wednesday, May 20, 2026",regular_season,Indiana Fever,Portland Fire,Damiris Dantas,C,,,,,,,,,,,,,,,,,,,,,,,
20260520_POR_IND,"Wednesday, May 20, 2026",regular_season,Indiana Fever,Portland Fire,Caitlin Clark,G,,,,,,,,,,,,,,,,,,,,,,,
20260521_DAL_CHI,"Thursday, May 21, 2026",regular_season,Dallas Wings,Chicago Sky,Jessica Shepard,F,31.0,6-7,0-1,6-9,1.0,9.0,10.0,12.0,0.0,0.0,1.0,3.0,18.0,10.0,6.0,7.0,0.0,1.0,6.0,9.0,0.8571428571428571,2.0,12.0
20260521_DAL_CHI,"Thursday, May 21, 2026",regular_season,Dallas Wings,Chicago Sky,Alanna Smith,F,16.0,3-6,1-3,0-0,2.0,4.0,6.0,0.0,1.0,1.0,0.0,5.0,7.0,3.0,3.0,6.0,1.0,3.0,0.0,0.0,0.5,0.0,0.0
20260521_DAL_CHI,"Thursday, May 21, 2026",regular_season,Dallas Wings,Chicago Sky,Odyssey Sims,G,19.0,2-6,0-1,0-0,0.0,0.0,0.0,3.0,1.0,0.0,0.0,0.0,4.0,9.0,2.0,6.0,0.0,1.0,0.0,0.0,0.0,1.5,999.0
20260521_DAL_CHI,"Thursday, May 21, 2026",regular_season,Dallas Wings,Chicago Sky,Arike Ogunbowale,G,32.0,7-16,4-6,5-5,0.0,2.0,2.0,5.0,0.0,0.0,1.0,2.0,23.0,7.0,7.0,16.0,4.0,6.0,5.0,5.0,1.0625,0.7142857142857143,5.0
20260521_DAL_CHI,"Thursday, May 21, 2026",regular_season,Dallas Wings,Chicago Sky,Paige Bueckers,G,33.0,11-19,1-3,1-1,0.0,3.0,3.0,4.0,0.0,0.0,3.0,3.0,24.0,5.0,11.0,19.0,1.0,3.0,1.0,1.0,0.21052631578947367,0.36363636363636365,1.333
20260521_DAL_CHI,"Thursday, May 21, 2026",regular_season,Dallas Wings,Chicago Sky,Maddy Siegrist,F,7.0,0-1,0-1,0-0,0.0,1.0,1.0,0.0,1.0,0.0,0.0,0.0,0.0,-6.0,0.0,1.0,0.0,1.0,0.0,0.0,0.0,,0.0
20260521_DAL_CHI,"Thursday, May 21, 2026",regular_season,Dallas Wings,Chicago Sky,Awak Kuier,F,5.0,0-2,0-1,0-0,0.0,1.0,1.0,0.0,0.0,0.0,0.0,1.0,0.0,-3.0,0.0,2.0,0.0,1.0,0.0,0.0,0.0,,0.0
20260521_DAL_CHI,"Thursday, May 21, 2026",regular_season,Dallas Wings,Chicago Sky,Li Yueru,C,20.0,1-4,1-3,4-6,4.0,5.0,9.0,3.0,1.0,0.0,1.0,3.0,7.0,18.0,1.0,4.0,1.0,3.0,4.0,6.0,1.75,3.0,3.0
20260521_DAL_CHI,"Thursday, May 21, 2026",regular_season,Dallas Wings,Chicago Sky,Azzi Fudd,G,28.0,4-6,2-2,2-2,0.0,0.0,0.0,1.0,0.0,0.0,1.0,1.0,12.0,6.0,4.0,6.0,2.0,2.0,2.0,2.0,1.3333333333333333,0.25,1.0
20260521_DAL_CHI,"Thursday, May 21, 2026",regular_season,Dallas Wings,Chicago Sky,Aziaha James,G,8.0,2-5,0-0,0-0,2.0,2.0,4.0,0.0,1.0,0.0,1.0,2.0,4.0,1.0,2.0,5.0,0.0,0.0,0.0,0.0,0.0,0.0,0.0
20260521_DAL_CHI,"Thursday, May 21, 2026",regular_season,Dallas Wings,Chicago Sky,Alysha Clark,F,,,,,,,,,,,,,,,,,,,,,,,
20260521_DAL_CHI,"Thursday, May 21, 2026",regular_season,Dallas Wings,Chicago Sky,JJ Quinerly,G,,,,,,,,,,,,,,,,,,,,,,,
20260521_DAL_CHI,"Thursday, May 21, 2026",regular_season,Chicago Sky,Dallas Wings,Kamilla Cardoso,C,33.0,10-14,0-0,4-6,4.0,7.0,11.0,5.0,0.0,1.0,0.0,2.0,24.0,-12.0,10.0,14.0,0.0,0.0,4.0,6.0,0.2857142857142857,0.5,999.0
20260521_DAL_CHI,"Thursday, May 21, 2026",regular_season,Chicago Sky,Dallas Wings,Skylar Diggins,G,34.0,6-14,2-6,1-2,0.0,1.0,1.0,4.0,1.0,1.0,2.0,3.0,15.0,-12.0,6.0,14.0,2.0,6.0,1.0,2.0,0.5,0.6666666666666666,2.0
20260521_DAL_CHI,"Thursday, May 21, 2026",regular_season,Chicago Sky,Dallas Wings,Natasha Cloud,G,35.0,6-12,1-5,8-8,0.0,8.0,8.0,5.0,1.0,1.0,4.0,4.0,21.0,-7.0,6.0,12.0,1.0,5.0,8.0,8.0,0.9166666666666666,0.8333333333333334,1.25
20260521_DAL_CHI,"Thursday, May 21, 2026",regular_season,Chicago Sky,Dallas Wings,Jacy Sheldon,G,21.0,1-4,0-2,0-0,0.0,0.0,0.0,1.0,0.0,0.0,0.0,2.0,2.0,3.0,1.0,4.0,0.0,2.0,0.0,0.0,0.0,1.0,999.0
20260521_DAL_CHI,"Thursday, May 21, 2026",regular_season,Chicago Sky,Dallas Wings,Gabriela Jaquez,G,28.0,4-11,0-2,4-4,1.0,4.0,5.0,2.0,1.0,0.0,1.0,4.0,12.0,-8.0,4.0,11.0,0.0,2.0,4.0,4.0,0.36363636363636365,0.5,2.0
20260521_DAL_CHI,"Thursday, May 21, 2026",regular_season,Chicago Sky,Dallas Wings,Elizabeth Williams,C,18.0,2-4,0-0,1-2,1.0,2.0,3.0,1.0,1.0,2.0,1.0,2.0,5.0,-6.0,2.0,4.0,0.0,0.0,1.0,2.0,0.25,0.5,1.0
20260521_DAL_CHI,"Thursday, May 21, 2026",regular_season,Chicago Sky,Dallas Wings,Rachel Banham,G,15.0,3-8,2-6,2-2,0.0,0.0,0.0,1.0,0.0,0.0,1.0,3.0,10.0,-6.0,3.0,8.0,2.0,6.0,2.0,2.0,1.0,0.3333333333333333,1.0
20260521_DAL_CHI,"Thursday, May 21, 2026",regular_season,Chicago Sky,Dallas Wings,Aicha Coulibaly,G,16.0,0-0,0-0,0-0,0.0,2.0,2.0,1.0,0.0,0.0,0.0,3.0,0.0,-2.0,0.0,0.0,0.0,0.0,0.0,0.0,,,999.0
20260521_DAL_CHI,"Thursday, May 21, 2026",regular_season,Chicago Sky,Dallas Wings,Azura Stevens,F,,,,,,,,,,,,,,,,,,,,,,,
20260521_DAL_CHI,"Thursday, May 21, 2026",regular_season,Chicago Sky,Dallas Wings,Rickea Jackson,F,,,,,,,,,,,,,,,,,,,,,,,
20260521_DAL_CHI,"Thursday, May 21, 2026",regular_season,Chicago Sky,Dallas Wings,Courtney Vandersloot,G,,,,,,,,,,,,,,,,,,,,,,,
20260521_DAL_CHI,"Thursday, May 21, 2026",regular_season,Chicago Sky,Dallas Wings,DiJonai Carrington,G,,,,,,,,,,,,,,,,,,,,,,,
20260521_DAL_CHI,"Thursday, May 21, 2026",regular_season,Chicago Sky,Dallas Wings,Sydney Taylor,G,,,,,,,,,,,,,,,,,,,,,,,
20260521_CON_SEA,"Thursday, May 21, 2026",regular_season,Connecticut Sun,Seattle Storm,Aaliyah Edwards,F,27.0,5-12,0-2,2-2,2.0,2.0,4.0,3.0,1.0,0.0,4.0,4.0,12.0,-2.0,5.0,12.0,0.0,2.0,2.0,2.0,0.16666666666666666,0.6,0.75
20260521_CON_SEA,"Thursday, May 21, 2026",regular_season,Connecticut Sun,Seattle Storm,Diamond Miller,F,15.0,1-6,0-3,0-0,1.0,1.0,2.0,0.0,0.0,1.0,0.0,0.0,2.0,-8.0,1.0,6.0,0.0,3.0,0.0,0.0,0.0,0.0,0.0
20260521_CON_SEA,"Thursday, May 21, 2026",regular_season,Connecticut Sun,Seattle Storm,Aneesah Morrow,F,7.0,1-1,0-0,0-0,1.0,2.0,3.0,0.0,0.0,0.0,2.0,1.0,2.0,-10.0,1.0,1.0,0.0,0.0,0.0,0.0,0.0,0.0,0.0
20260521_CON_SEA,"Thursday, May 21, 2026",regular_season,Connecticut Sun,Seattle Storm,Hailey Van Lith,G,12.0,0-4,0-1,0-0,0.0,0.0,0.0,1.0,0.0,0.0,0.0,0.0,0.0,-2.0,0.0,4.0,0.0,1.0,0.0,0.0,0.0,,999.0
20260521_CON_SEA,"Thursday, May 21, 2026",regular_season,Connecticut Sun,Seattle Storm,Gianna Kneepkens,G,4.0,0-2,0-1,2-2,0.0,1.0,1.0,0.0,0.0,0.0,0.0,0.0,2.0,-1.0,0.0,2.0,0.0,1.0,2.0,2.0,1.0,,0.0
20260521_CON_SEA,"Thursday, May 21, 2026",regular_season,Connecticut Sun,Seattle Storm,Raegan Beers,F,27.0,4-8,1-1,1-3,4.0,4.0,8.0,2.0,2.0,0.0,2.0,4.0,10.0,12.0,4.0,8.0,1.0,1.0,1.0,3.0,0.5,0.5,1.0
20260521_CON_SEA,"Thursday, May 21, 2026",regular_season,Connecticut Sun,Seattle Storm,Nell Angloma,F,29.0,7-12,0-0,1-4,1.0,6.0,7.0,0.0,3.0,1.0,1.0,3.0,15.0,8.0,7.0,12.0,0.0,0.0,1.0,4.0,0.08333333333333333,0.0,0.0
20260521_CON_SEA,"Thursday, May 21, 2026",regular_season,Connecticut Sun,Seattle Storm,Kennedy Burke,G,23.0,5-8,3-5,2-3,1.0,5.0,6.0,1.0,0.0,1.0,0.0,2.0,15.0,3.0,5.0,8.0,3.0,5.0,2.0,3.0,1.375,0.2,999.0
20260521_CON_SEA,"Thursday, May 21, 2026",regular_season,Connecticut Sun,Seattle Storm,Saniya Rivers,G,13.0,1-1,0-0,0-0,1.0,3.0,4.0,3.0,1.0,0.0,1.0,1.0,2.0,19.0,1.0,1.0,0.0,0.0,0.0,0.0,0.0,3.0,3.0
20260521_CON_SEA,"Thursday, May 21, 2026",regular_season,Connecticut Sun,Seattle Storm,Charlisse Leger-Walker,G,28.0,6-15,1-6,3-3,0.0,2.0,2.0,3.0,1.0,0.0,1.0,2.0,16.0,4.0,6.0,15.0,1.0,6.0,3.0,3.0,0.4,0.5,3.0
20260521_CON_SEA,"Thursday, May 21, 2026",regular_season,Connecticut Sun,Seattle Storm,Ashlon Jackson,G,15.0,2-3,0-1,0-0,0.0,1.0,1.0,1.0,2.0,0.0,0.0,2.0,4.0,-13.0,2.0,3.0,0.0,1.0,0.0,0.0,0.0,0.5,999.0
20260521_CON_SEA,"Thursday, May 21, 2026",regular_season,Connecticut Sun,Seattle Storm,Brittney Griner,C,,,,,,,,,,,,,,,,,,,,,,,
20260521_CON_SEA,"Thursday, May 21, 2026",regular_season,Connecticut Sun,Seattle Storm,Olivia Nelson-Ododa,C,,,,,,,,,,,,,,,,,,,,,,,
20260521_CON_SEA,"Thursday, May 21, 2026",regular_season,Seattle Storm,Connecticut Sun,Jordan Horston,F,17.0,0-2,0-1,0-0,1.0,2.0,3.0,0.0,2.0,0.0,1.0,1.0,0.0,5.0,0.0,2.0,0.0,1.0,0.0,0.0,0.0,,0.0
20260521_CON_SEA,"Thursday, May 21, 2026",regular_season,Seattle Storm,Connecticut Sun,Stefanie Dolson,C,28.0,0-4,0-2,3-4,1.0,2.0,3.0,2.0,0.0,2.0,2.0,2.0,3.0,4.0,0.0,4.0,0.0,2.0,3.0,4.0,0.75,,1.0
20260521_CON_SEA,"Thursday, May 21, 2026",regular_season,Seattle Storm,Connecticut Sun,Natisha Hiedeman,G,30.0,8-18,3-9,1-1,0.0,1.0,1.0,5.0,1.0,0.0,1.0,1.0,20.0,3.0,8.0,18.0,3.0,9.0,1.0,1.0,0.5555555555555556,0.625,5.0
20260521_CON_SEA,"Thursday, May 21, 2026",regular_season,Seattle Storm,Connecticut Sun,Flau'jae Johnson,G,16.0,2-6,0-2,1-2,0.0,3.0,3.0,0.0,1.0,1.0,0.0,0.0,5.0,0.0,2.0,6.0,0.0,2.0,1.0,2.0,0.16666666666666666,0.0,0.0
20260521_CON_SEA,"Thursday, May 21, 2026",regular_season,Seattle Storm,Connecticut Sun,Jade Melbourne,G,30.0,1-4,0-1,9-10,0.0,2.0,2.0,3.0,0.0,1.0,5.0,1.0,11.0,-7.0,1.0,4.0,0.0,1.0,9.0,10.0,2.25,3.0,0.6
20260521_CON_SEA,"Thursday, May 21, 2026",regular_season,Seattle Storm,Connecticut Sun,Mackenzie Holmes,F,26.0,6-8,1-1,5-5,1.0,5.0,6.0,1.0,1.0,2.0,0.0,2.0,18.0,-11.0,6.0,8.0,1.0,1.0,5.0,5.0,1.0,0.16666666666666666,999.0
20260521_CON_SEA,"Thursday, May 21, 2026",regular_season,Seattle Storm,Connecticut Sun,Taylor Thierry,F,9.0,2-4,2-3,0-0,1.0,1.0,2.0,0.0,0.0,0.0,0.0,5.0,6.0,-4.0,2.0,4.0,2.0,3.0,0.0,0.0,1.5,0.0,0.0
20260521_CON_SEA,"Thursday, May 21, 2026",regular_season,Seattle Storm,Connecticut Sun,Lexie Brown,G,22.0,2-6,0-1,1-1,0.0,2.0,2.0,2.0,2.0,0.0,0.0,3.0,5.0,0.0,2.0,6.0,0.0,1.0,1.0,1.0,0.16666666666666666,1.0,999.0
20260521_CON_SEA,"Thursday, May 21, 2026",regular_season,Seattle Storm,Connecticut Sun,Zia Cooke,G,19.0,4-10,0-3,2-2,1.0,3.0,4.0,1.0,1.0,0.0,5.0,0.0,10.0,1.0,4.0,10.0,0.0,3.0,2.0,2.0,0.2,0.25,0.2
20260521_CON_SEA,"Thursday, May 21, 2026",regular_season,Seattle Storm,Connecticut Sun,Taina Mair,G,3.0,0-1,0-0,0-0,0.0,0.0,0.0,1.0,0.0,0.0,0.0,0.0,0.0,-1.0,0.0,1.0,0.0,0.0,0.0,0.0,0.0,,999.0
20260521_CON_SEA,"Thursday, May 21, 2026",regular_season,Seattle Storm,Connecticut Sun,Katie Lou Samuelson,F,,,,,,,,,,,,,,,,,,,,,,,
20260521_CON_SEA,"Thursday, May 21, 2026",regular_season,Seattle Storm,Connecticut Sun,Ezi Magbegor,F,,,,,,,,,,,,,,,,,,,,,,,
20260521_CON_SEA,"Thursday, May 21, 2026",regular_season,Seattle Storm,Connecticut Sun,Dominique Malonga,C,,,,,,,,,,,,,,,,,,,,,,,
20260522_GS_NY,"Friday, May 22, 2026",regular_season,Golden State Valkyries,New York Liberty,Kayla Thornton,F,28.0,5-9,0-2,1-2,2.0,3.0,5.0,1.0,1.0,2.0,0.0,3.0,11.0,16.0,5.0,9.0,0.0,2.0,1.0,2.0,0.1111111111111111,0.2,999.0
20260522_GS_NY,"Friday, May 22, 2026",regular_season,Golden State Valkyries,New York Liberty,Gabby Williams,F,21.0,4-11,4-6,4-6,0.0,2.0,2.0,2.0,0.0,0.0,0.0,3.0,16.0,15.0,4.0,11.0,4.0,6.0,4.0,6.0,1.4545454545454546,0.5,999.0
20260522_GS_NY,"Friday, May 22, 2026",regular_season,Golden State Valkyries,New York Liberty,Kiah Stokes,C,26.0,2-3,2-3,0-0,0.0,3.0,3.0,3.0,1.0,1.0,0.0,2.0,6.0,6.0,2.0,3.0,2.0,3.0,0.0,0.0,2.0,1.5,999.0
20260522_GS_NY,"Friday, May 22, 2026",regular_season,Golden State Valkyries,New York Liberty,Kaila Charles,G,24.0,5-10,1-5,2-3,2.0,5.0,7.0,1.0,0.0,0.0,1.0,1.0,13.0,22.0,5.0,10.0,1.0,5.0,2.0,3.0,0.5,0.2,1.0
20260522_GS_NY,"Friday, May 22, 2026",regular_season,Golden State Valkyries,New York Liberty,Veronica Burton,G,27.0,5-14,3-6,0-1,1.0,3.0,4.0,7.0,0.0,0.0,1.0,2.0,13.0,25.0,5.0,14.0,3.0,6.0,0.0,1.0,0.6428571428571429,1.4,7.0
20260522_GS_NY,"Friday, May 22, 2026",regular_season,Golden State Valkyries,New York Liberty,Laeticia Amihere,F,13.0,2-3,0-0,1-2,1.0,7.0,8.0,0.0,1.0,0.0,1.0,1.0,5.0,9.0,2.0,3.0,0.0,0.0,1.0,2.0,0.3333333333333333,0.0,0.0
20260522_GS_NY,"Friday, May 22, 2026",regular_season,Golden State Valkyries,New York Liberty,Janelle Salaun,F,26.0,3-11,2-7,4-5,3.0,3.0,6.0,1.0,2.0,0.0,1.0,2.0,12.0,5.0,3.0,11.0,2.0,7.0,4.0,5.0,0.9090909090909091,0.3333333333333333,1.0
20260522_GS_NY,"Friday, May 22, 2026",regular_season,Golden State Valkyries,New York Liberty,Tiffany Hayes,G,14.0,2-7,1-4,4-4,0.0,1.0,1.0,2.0,0.0,0.0,0.0,1.0,9.0,3.0,2.0,7.0,1.0,4.0,4.0,4.0,1.0,1.0,999.0
20260522_GS_NY,"Friday, May 22, 2026",regular_season,Golden State Valkyries,New York Liberty,Miela Sowah,G,3.0,0-1,0-1,0-0,0.0,0.0,0.0,0.0,0.0,0.0,0.0,1.0,0.0,-4.0,0.0,1.0,0.0,1.0,0.0,0.0,0.0,,0.0
20260522_GS_NY,"Friday, May 22, 2026",regular_season,Golden State Valkyries,New York Liberty,Kaitlyn Chen,G,15.0,0-2,0-1,2-2,0.0,0.0,0.0,1.0,0.0,0.0,1.0,1.0,2.0,-9.0,0.0,2.0,0.0,1.0,2.0,2.0,1.0,,1.0
20260522_GS_NY,"Friday, May 22, 2026",regular_season,Golden State Valkyries,New York Liberty,Ndjakalenga Mwenentanda,G,1.0,0-0,0-0,0-0,0.0,0.0,0.0,0.0,0.0,0.0,0.0,0.0,0.0,-3.0,0.0,0.0,0.0,0.0,0.0,0.0,,,0.0
20260522_GS_NY,"Friday, May 22, 2026",regular_season,Golden State Valkyries,New York Liberty,Ashten Prechtel,F,,,,,,,,,,,,,,,,,,,,,,,
20260522_GS_NY,"Friday, May 22, 2026",regular_season,New York Liberty,Golden State Valkyries,Breanna Stewart,F,30.0,7-13,0-1,4-6,2.0,7.0,9.0,2.0,0.0,1.0,1.0,2.0,18.0,-14.0,7.0,13.0,0.0,1.0,4.0,6.0,0.3076923076923077,0.2857142857142857,2.0
20260522_GS_NY,"Friday, May 22, 2026",regular_season,New York Liberty,Golden State Valkyries,Satou Sabally,F,16.0,2-8,1-3,0-0,0.0,4.0,4.0,2.0,0.0,1.0,2.0,3.0,5.0,-4.0,2.0,8.0,1.0,3.0,0.0,0.0,0.375,1.0,1.0
20260522_GS_NY,"Friday, May 22, 2026",regular_season,New York Liberty,Golden State Valkyries,Jonquel Jones,C,28.0,6-12,1-3,3-4,2.0,6.0,8.0,3.0,0.0,1.0,2.0,1.0,16.0,-14.0,6.0,12.0,1.0,3.0,3.0,4.0,0.5,0.5,1.5
20260522_GS_NY,"Friday, May 22, 2026",regular_season,New York Liberty,Golden State Valkyries,Marine Johannes,G,26.0,0-5,0-5,0-0,1.0,2.0,3.0,1.0,1.0,0.0,2.0,1.0,0.0,-7.0,0.0,5.0,0.0,5.0,0.0,0.0,0.0,,0.5
20260522_GS_NY,"Friday, May 22, 2026",regular_season,New York Liberty,Golden State Valkyries,Pauline Astier,G,25.0,3-5,1-1,0-0,0.0,5.0,5.0,2.0,0.0,0.0,0.0,4.0,7.0,-12.0,3.0,5.0,1.0,1.0,0.0,0.0,0.6,0.6666666666666666,999.0
20260522_GS_NY,"Friday, May 22, 2026",regular_season,New York Liberty,Golden State Valkyries,Alex Fowler,F,15.0,0-3,0-2,0-0,0.0,0.0,0.0,0.0,1.0,0.0,0.0,4.0,0.0,-6.0,0.0,3.0,0.0,2.0,0.0,0.0,0.0,,0.0
20260522_GS_NY,"Friday, May 22, 2026",regular_season,New York Liberty,Golden State Valkyries,Han Xu,C,7.0,2-3,1-2,0-0,0.0,0.0,0.0,0.0,0.0,0.0,0.0,0.0,5.0,3.0,2.0,3.0,1.0,2.0,0.0,0.0,1.0,0.0,0.0
20260522_GS_NY,"Friday, May 22, 2026",regular_season,New York Liberty,Golden State Valkyries,Rebekah Gardner,G,19.0,4-5,1-2,3-4,0.0,2.0,2.0,0.0,0.0,1.0,1.0,1.0,12.0,-10.0,4.0,5.0,1.0,2.0,3.0,4.0,1.2,0.0,0.0
20260522_GS_NY,"Friday, May 22, 2026",regular_season,New York Liberty,Golden State Valkyries,Julie Vanloo,G,16.0,1-3,0-2,0-0,0.0,2.0,2.0,8.0,0.0,0.0,4.0,3.0,2.0,-4.0,1.0,3.0,0.0,2.0,0.0,0.0,0.0,8.0,2.0
20260522_GS_NY,"Friday, May 22, 2026",regular_season,New York Liberty,Golden State Valkyries,Rebecca Allen,G,17.0,1-5,1-3,2-2,1.0,3.0,4.0,2.0,0.0,0.0,2.0,3.0,5.0,-17.0,1.0,5.0,1.0,3.0,2.0,2.0,1.0,2.0,1.0
20260522_TOR_MIN,"Friday, May 22, 2026",regular_season,Toronto Tempo,Minnesota Lynx,Maria Conde,F,20.0,1-6,1-4,0-0,0.0,1.0,1.0,1.0,0.0,0.0,1.0,3.0,3.0,-20.0,1.0,6.0,1.0,4.0,0.0,0.0,0.5,1.0,1.0
20260522_TOR_MIN,"Friday, May 22, 2026",regular_season,Toronto Tempo,Minnesota Lynx,Laura Juskaite,F,26.0,2-7,1-6,2-2,2.0,1.0,3.0,2.0,0.0,0.0,3.0,5.0,7.0,-22.0,2.0,7.0,1.0,6.0,2.0,2.0,0.7142857142857143,1.0,0.667
20260522_TOR_MIN,"Friday, May 22, 2026",regular_season,Toronto Tempo,Minnesota Lynx,Brittney Sykes,G,20.0,2-7,1-4,1-1,1.0,2.0,3.0,4.0,0.0,0.0,1.0,2.0,6.0,-14.0,2.0,7.0,1.0,4.0,1.0,1.0,0.5714285714285714,2.0,4.0
20260522_TOR_MIN,"Friday, May 22, 2026",regular_season,Toronto Tempo,Minnesota Lynx,Marina Mabrey,G,19.0,1-9,0-8,1-1,1.0,1.0,2.0,1.0,2.0,0.0,4.0,2.0,3.0,-21.0,1.0,9.0,0.0,8.0,1.0,1.0,0.1111111111111111,1.0,0.25
20260522_TOR_MIN,"Friday, May 22, 2026",regular_season,Toronto Tempo,Minnesota Lynx,Kiki Rice,G,23.0,3-7,2-3,3-4,1.0,5.0,6.0,4.0,0.0,0.0,0.0,1.0,11.0,-12.0,3.0,7.0,2.0,3.0,3.0,4.0,1.2857142857142858,1.3333333333333333,999.0
20260522_TOR_MIN,"Friday, May 22, 2026",regular_season,Toronto Tempo,Minnesota Lynx,Teonni Key,F,16.0,2-5,0-1,0-0,2.0,1.0,3.0,0.0,1.0,1.0,1.0,1.0,4.0,-12.0,2.0,5.0,0.0,1.0,0.0,0.0,0.0,0.0,0.0
20260522_TOR_MIN,"Friday, May 22, 2026",regular_season,Toronto Tempo,Minnesota Lynx,Nikolina Milic,F,14.0,4-6,0-1,0-0,0.0,1.0,1.0,1.0,0.0,0.0,0.0,2.0,8.0,-11.0,4.0,6.0,0.0,1.0,0.0,0.0,0.0,0.25,999.0
20260522_TOR_MIN,"Friday, May 22, 2026",regular_season,Toronto Tempo,Minnesota Lynx,Mariella Fasoula,C,11.0,2-5,0-0,0-0,1.0,0.0,1.0,1.0,1.0,2.0,1.0,3.0,4.0,-2.0,2.0,5.0,0.0,0.0,0.0,0.0,0.0,0.5,1.0
20260522_TOR_MIN,"Friday, May 22, 2026",regular_season,Toronto Tempo,Minnesota Lynx,Kia Nurse,G,27.0,6-13,6-11,5-6,1.0,3.0,4.0,2.0,1.0,0.0,1.0,1.0,23.0,-15.0,6.0,13.0,6.0,11.0,5.0,6.0,1.7692307692307692,0.3333333333333333,2.0
20260522_TOR_MIN,"Friday, May 22, 2026",regular_season,Toronto Tempo,Minnesota Lynx,Lexi Held,G,23.0,1-6,1-3,0-0,0.0,1.0,1.0,3.0,0.0,0.0,1.0,3.0,3.0,-11.0,1.0,6.0,1.0,3.0,0.0,0.0,0.5,3.0,3.0
20260522_TOR_MIN,"Friday, May 22, 2026",regular_season,Toronto Tempo,Minnesota Lynx,Isabelle Harrison,F,,,,,,,,,,,,,,,,,,,,,,,
20260522_TOR_MIN,"Friday, May 22, 2026",regular_season,Toronto Tempo,Minnesota Lynx,Nyara Sabally,F,,,,,,,,,,,,,,,,,,,,,,,
20260522_TOR_MIN,"Friday, May 22, 2026",regular_season,Toronto Tempo,Minnesota Lynx,Temi Fagbenle,C,,,,,,,,,,,,,,,,,,,,,,,
20260522_TOR_MIN,"Friday, May 22, 2026",regular_season,Toronto Tempo,Minnesota Lynx,Julie Allemand,G,,,,,,,,,,,,,,,,,,,,,,,
20260522_TOR_MIN,"Friday, May 22, 2026",regular_season,Minnesota Lynx,Toronto Tempo,Natasha Howard,F,22.0,5-7,0-0,3-4,4.0,2.0,6.0,3.0,0.0,0.0,4.0,3.0,13.0,20.0,5.0,7.0,0.0,0.0,3.0,4.0,0.42857142857142855,0.6,0.75
20260522_TOR_MIN,"Friday, May 22, 2026",regular_season,Minnesota Lynx,Toronto Tempo,Nia Coffey,F,25.0,4-4,0-0,0-0,1.0,2.0,3.0,2.0,1.0,0.0,1.0,1.0,8.0,11.0,4.0,4.0,0.0,0.0,0.0,0.0,0.0,0.5,2.0
20260522_TOR_MIN,"Friday, May 22, 2026",regular_season,Minnesota Lynx,Toronto Tempo,Kayla McBride,G,23.0,5-8,1-3,2-3,1.0,3.0,4.0,2.0,1.0,0.0,1.0,1.0,13.0,19.0,5.0,8.0,1.0,3.0,2.0,3.0,0.625,0.4,2.0
20260522_TOR_MIN,"Friday, May 22, 2026",regular_season,Minnesota Lynx,Toronto Tempo,Courtney Williams,G,29.0,6-15,3-8,0-0,0.0,8.0,8.0,3.0,0.0,0.0,0.0,2.0,15.0,18.0,6.0,15.0,3.0,8.0,0.0,0.0,0.6,0.5,999.0
20260522_TOR_MIN,"Friday, May 22, 2026",regular_season,Minnesota Lynx,Toronto Tempo,Olivia Miles,G,23.0,6-10,0-1,2-2,0.0,4.0,4.0,5.0,1.0,1.0,2.0,0.0,14.0,22.0,6.0,10.0,0.0,1.0,2.0,2.0,0.2,0.8333333333333334,2.5
20260522_TOR_MIN,"Friday, May 22, 2026",regular_season,Minnesota Lynx,Toronto Tempo,Liatu King,F,19.0,3-5,1-2,2-4,2.0,5.0,7.0,0.0,1.0,0.0,1.0,0.0,9.0,9.0,3.0,5.0,1.0,2.0,2.0,4.0,1.0,0.0,0.0
20260522_TOR_MIN,"Friday, May 22, 2026",regular_season,Minnesota Lynx,Toronto Tempo,Antonia Delaere,F,18.0,1-3,1-3,0-0,1.0,0.0,1.0,4.0,0.0,0.0,1.0,3.0,3.0,10.0,1.0,3.0,1.0,3.0,0.0,0.0,1.0,4.0,4.0
20260522_TOR_MIN,"Friday, May 22, 2026",regular_season,Minnesota Lynx,Toronto Tempo,Anastasiia Olairi Kosu,F,14.0,2-4,0-0,1-2,2.0,2.0,4.0,0.0,2.0,1.0,2.0,1.0,5.0,16.0,2.0,4.0,0.0,0.0,1.0,2.0,0.25,0.0,0.0
20260522_TOR_MIN,"Friday, May 22, 2026",regular_season,Minnesota Lynx,Toronto Tempo,Maya Caldwell,G,22.0,6-12,4-7,0-0,2.0,1.0,3.0,3.0,1.0,1.0,0.0,3.0,16.0,11.0,6.0,12.0,4.0,7.0,0.0,0.0,1.0,0.5,999.0
20260522_TOR_MIN,"Friday, May 22, 2026",regular_season,Minnesota Lynx,Toronto Tempo,Eliska Hamzova,G,5.0,0-1,0-0,4-6,2.0,4.0,6.0,2.0,0.0,0.0,2.0,0.0,4.0,4.0,0.0,1.0,0.0,0.0,4.0,6.0,4.0,,1.0
20260522_TOR_MIN,"Friday, May 22, 2026",regular_season,Minnesota Lynx,Toronto Tempo,Napheesa Collier,F,,,,,,,,,,,,,,,,,,,,,,,
20260522_TOR_MIN,"Friday, May 22, 2026",regular_season,Minnesota Lynx,Toronto Tempo,Dorka Juhasz,F,,,,,,,,,,,,,,,,,,,,,,,
20260522_TOR_MIN,"Friday, May 22, 2026",regular_season,Minnesota Lynx,Toronto Tempo,Emma Cechova,F,,,,,,,,,,,,,,,,,,,,,,,
20260522_LA_PHX,"Friday, May 22, 2026",regular_season,Los Angeles Sparks,Phoenix Mercury,Nneka Ogwumike,F,31.0,5-11,2-2,0-0,1.0,5.0,6.0,2.0,1.0,0.0,1.0,0.0,12.0,6.0,5.0,11.0,2.0,2.0,0.0,0.0,0.5454545454545454,0.4,2.0
20260522_LA_PHX,"Friday, May 22, 2026",regular_season,Los Angeles Sparks,Phoenix Mercury,Dearica Hamby,F,30.0,7-11,2-3,11-11,5.0,10.0,15.0,3.0,1.0,0.0,0.0,3.0,27.0,13.0,7.0,11.0,2.0,3.0,11.0,11.0,1.5454545454545454,0.42857142857142855,999.0
20260522_LA_PHX,"Friday, May 22, 2026",regular_season,Los Angeles Sparks,Phoenix Mercury,Erica Wheeler,G,26.0,2-4,1-2,0-0,0.0,1.0,1.0,4.0,0.0,0.0,2.0,5.0,5.0,-3.0,2.0,4.0,1.0,2.0,0.0,0.0,0.75,2.0,2.0
20260522_LA_PHX,"Friday, May 22, 2026",regular_season,Los Angeles Sparks,Phoenix Mercury,Kelsey Plum,G,34.0,6-14,4-10,0-0,0.0,1.0,1.0,7.0,1.0,0.0,4.0,2.0,16.0,14.0,6.0,14.0,4.0,10.0,0.0,0.0,0.8571428571428571,1.1666666666666667,1.75
20260522_LA_PHX,"Friday, May 22, 2026",regular_season,Los Angeles Sparks,Phoenix Mercury,Ariel Atkins,G,24.0,4-8,3-7,0-1,0.0,1.0,1.0,2.0,3.0,1.0,2.0,5.0,11.0,2.0,4.0,8.0,3.0,7.0,0.0,1.0,1.125,0.5,1.0
20260522_LA_PHX,"Friday, May 22, 2026",regular_season,Los Angeles Sparks,Phoenix Mercury,Cameron Brink,F,19.0,3-6,1-2,5-6,1.0,4.0,5.0,1.0,1.0,3.0,6.0,4.0,12.0,-1.0,3.0,6.0,1.0,2.0,5.0,6.0,1.3333333333333333,0.3333333333333333,0.167
20260522_LA_PHX,"Friday, May 22, 2026",regular_season,Los Angeles Sparks,Phoenix Mercury,Jihyun Park,F,11.0,0-0,0-0,2-2,0.0,1.0,1.0,1.0,1.0,0.0,0.0,3.0,2.0,9.0,0.0,0.0,0.0,0.0,2.0,2.0,,,999.0
20260522_LA_PHX,"Friday, May 22, 2026",regular_season,Los Angeles Sparks,Phoenix Mercury,Rae Burrell,G,22.0,4-9,2-5,2-2,0.0,1.0,1.0,2.0,0.0,0.0,2.0,2.0,12.0,8.0,4.0,9.0,2.0,5.0,2.0,2.0,0.8888888888888888,0.5,1.0
20260522_LA_PHX,"Friday, May 22, 2026",regular_season,Los Angeles Sparks,Phoenix Mercury,Kate Martin,G,1.0,0-0,0-0,0-0,0.0,0.0,0.0,0.0,0.0,0.0,0.0,0.0,0.0,0.0,0.0,0.0,0.0,0.0,0.0,0.0,,,0.0
20260522_LA_PHX,"Friday, May 22, 2026",regular_season,Los Angeles Sparks,Phoenix Mercury,Chance Gray,G,2.0,0-1,0-1,0-0,0.0,0.0,0.0,1.0,0.0,0.0,0.0,1.0,0.0,-3.0,0.0,1.0,0.0,1.0,0.0,0.0,0.0,,999.0
20260522_LA_PHX,"Friday, May 22, 2026",regular_season,Los Angeles Sparks,Phoenix Mercury,Emma Cannon,F,,,,,,,,,,,,,,,,,,,,,,,
20260522_LA_PHX,"Friday, May 22, 2026",regular_season,Los Angeles Sparks,Phoenix Mercury,Sania Feagin,F,,,,,,,,,,,,,,,,,,,,,,,
20260522_LA_PHX,"Friday, May 22, 2026",regular_season,Los Angeles Sparks,Phoenix Mercury,Ta'Niya Latson,G,,,,,,,,,,,,,,,,,,,,,,,
20260522_LA_PHX,"Friday, May 22, 2026",regular_season,Phoenix Mercury,Los Angeles Sparks,DeWanna Bonner,F,30.0,3-7,1-5,2-2,2.0,3.0,5.0,1.0,3.0,1.0,1.0,1.0,9.0,-1.0,3.0,7.0,1.0,5.0,2.0,2.0,0.7142857142857143,0.3333333333333333,1.0
20260522_LA_PHX,"Friday, May 22, 2026",regular_season,Phoenix Mercury,Los Angeles Sparks,Alyssa Thomas,F,35.0,7-13,0-0,9-11,2.0,5.0,7.0,7.0,2.0,0.0,3.0,2.0,23.0,-5.0,7.0,13.0,0.0,0.0,9.0,11.0,0.6923076923076923,1.0,2.333
20260522_LA_PHX,"Friday, May 22, 2026",regular_season,Phoenix Mercury,Los Angeles Sparks,Natasha Mack,F,28.0,4-6,0-0,2-3,6.0,3.0,9.0,2.0,2.0,0.0,1.0,4.0,10.0,3.0,4.0,6.0,0.0,0.0,2.0,3.0,0.3333333333333333,0.5,2.0
20260522_LA_PHX,"Friday, May 22, 2026",regular_season,Phoenix Mercury,Los Angeles Sparks,Kahleah Copper,G,36.0,7-20,1-7,7-10,0.0,5.0,5.0,2.0,0.0,0.0,4.0,2.0,22.0,-14.0,7.0,20.0,1.0,7.0,7.0,10.0,0.5,0.2857142857142857,0.5
20260522_LA_PHX,"Friday, May 22, 2026",regular_season,Phoenix Mercury,Los Angeles Sparks,Jovana Nogic,G,30.0,5-11,3-6,2-3,0.0,1.0,1.0,3.0,1.0,0.0,1.0,5.0,15.0,-5.0,5.0,11.0,3.0,6.0,2.0,3.0,1.0,0.6,3.0
20260522_LA_PHX,"Friday, May 22, 2026",regular_season,Phoenix Mercury,Los Angeles Sparks,Valeriane Ayayi,F,6.0,0-2,0-0,0-0,0.0,2.0,2.0,0.0,0.0,0.0,0.0,2.0,0.0,-1.0,0.0,2.0,0.0,0.0,0.0,0.0,0.0,,0.0
20260522_LA_PHX,"Friday, May 22, 2026",regular_season,Phoenix Mercury,Los Angeles Sparks,Marta Suarez,F,9.0,2-4,2-4,0-0,0.0,1.0,1.0,0.0,1.0,0.0,0.0,6.0,6.0,-13.0,2.0,4.0,2.0,4.0,0.0,0.0,1.5,0.0,0.0
20260522_LA_PHX,"Friday, May 22, 2026",regular_season,Phoenix Mercury,Los Angeles Sparks,Noemie Brochant,F,15.0,0-4,0-2,0-0,1.0,2.0,3.0,1.0,0.0,1.0,2.0,1.0,0.0,-4.0,0.0,4.0,0.0,2.0,0.0,0.0,0.0,,0.5
20260522_LA_PHX,"Friday, May 22, 2026",regular_season,Phoenix Mercury,Los Angeles Sparks,Kiana Williams,G,11.0,1-2,1-1,0-0,0.0,0.0,0.0,1.0,0.0,0.0,1.0,1.0,3.0,-2.0,1.0,2.0,1.0,1.0,0.0,0.0,1.5,1.0,1.0
20260522_LA_PHX,"Friday, May 22, 2026",regular_season,Phoenix Mercury,Los Angeles Sparks,Quionche Carter,G,0.0,0-0,0-0,0-0,0.0,0.0,0.0,0.0,0.0,0.0,0.0,0.0,0.0,-3.0,0.0,0.0,0.0,0.0,0.0,0.0,,,0.0
20260522_LA_PHX,"Friday, May 22, 2026",regular_season,Phoenix Mercury,Los Angeles Sparks,Kyara Linskens,C,,,,,,,,,,,,,,,,,,,,,,,
20260522_LA_PHX,"Friday, May 22, 2026",regular_season,Phoenix Mercury,Los Angeles Sparks,Sami Whitcomb,G,,,,,,,,,,,,,,,,,,,,,,,
20260522_DAL_ATL,"Friday, May 22, 2026",regular_season,Dallas Wings,Atlanta Dream,Jessica Shepard,F,31.0,5-11,0-1,0-0,6.0,5.0,11.0,2.0,0.0,0.0,3.0,3.0,10.0,-26.0,5.0,11.0,0.0,1.0,0.0,0.0,0.0,0.4,0.667
20260522_DAL_ATL,"Friday, May 22, 2026",regular_season,Dallas Wings,Atlanta Dream,Alanna Smith,F,10.0,1-3,0-2,0-0,2.0,0.0,2.0,0.0,0.0,0.0,0.0,2.0,2.0,-13.0,1.0,3.0,0.0,2.0,0.0,0.0,0.0,0.0,0.0
20260522_DAL_ATL,"Friday, May 22, 2026",regular_season,Dallas Wings,Atlanta Dream,Odyssey Sims,G,21.0,5-6,1-2,3-3,0.0,1.0,1.0,5.0,2.0,0.0,1.0,2.0,14.0,4.0,5.0,6.0,1.0,2.0,3.0,3.0,1.0,1.0,5.0
20260522_DAL_ATL,"Friday, May 22, 2026",regular_season,Dallas Wings,Atlanta Dream,Arike Ogunbowale,G,25.0,1-11,0-5,0-0,0.0,0.0,0.0,1.0,0.0,1.0,2.0,2.0,2.0,-27.0,1.0,11.0,0.0,5.0,0.0,0.0,0.0,1.0,0.5
20260522_DAL_ATL,"Friday, May 22, 2026",regular_season,Dallas Wings,Atlanta Dream,Paige Bueckers,G,31.0,3-13,1-6,0-2,0.0,1.0,1.0,7.0,2.0,0.0,3.0,4.0,7.0,-25.0,3.0,13.0,1.0,6.0,0.0,2.0,0.23076923076923078,2.3333333333333335,2.333
20260522_DAL_ATL,"Friday, May 22, 2026",regular_season,Dallas Wings,Atlanta Dream,Alysha Clark,F,4.0,0-1,0-1,0-0,0.0,0.0,0.0,0.0,0.0,1.0,1.0,0.0,0.0,0.0,0.0,1.0,0.0,1.0,0.0,0.0,0.0,,0.0
20260522_DAL_ATL,"Friday, May 22, 2026",regular_season,Dallas Wings,Atlanta Dream,Maddy Siegrist,F,17.0,2-8,1-1,0-0,2.0,0.0,2.0,1.0,0.0,1.0,0.0,1.0,5.0,-4.0,2.0,8.0,1.0,1.0,0.0,0.0,0.375,0.5,999.0
20260522_DAL_ATL,"Friday, May 22, 2026",regular_season,Dallas Wings,Atlanta Dream,Awak Kuier,F,17.0,6-6,2-2,2-5,0.0,4.0,4.0,0.0,1.0,1.0,3.0,0.0,16.0,8.0,6.0,6.0,2.0,2.0,2.0,5.0,1.3333333333333333,0.0,0.0
20260522_DAL_ATL,"Friday, May 22, 2026",regular_season,Dallas Wings,Atlanta Dream,Li Yueru,C,5.0,0-0,0-0,0-0,0.0,0.0,0.0,0.0,0.0,0.0,0.0,0.0,0.0,1.0,0.0,0.0,0.0,0.0,0.0,0.0,,,0.0
20260522_DAL_ATL,"Friday, May 22, 2026",regular_season,Dallas Wings,Atlanta Dream,Azzi Fudd,G,21.0,3-9,1-4,0-0,0.0,1.0,1.0,0.0,1.0,3.0,0.0,1.0,7.0,-1.0,3.0,9.0,1.0,4.0,0.0,0.0,0.3333333333333333,0.0,0.0
20260522_DAL_ATL,"Friday, May 22, 2026",regular_season,Dallas Wings,Atlanta Dream,Aziaha James,G,18.0,2-6,1-4,1-2,0.0,4.0,4.0,5.0,3.0,1.0,1.0,3.0,6.0,-2.0,2.0,6.0,1.0,4.0,1.0,2.0,0.6666666666666666,2.5,5.0
20260522_DAL_ATL,"Friday, May 22, 2026",regular_season,Dallas Wings,Atlanta Dream,JJ Quinerly,G,,,,,,,,,,,,,,,,,,,,,,,
20260522_DAL_ATL,"Friday, May 22, 2026",regular_season,Atlanta Dream,Dallas Wings,Naz Hillmon,F,36.0,3-6,0-3,0-0,0.0,3.0,3.0,2.0,0.0,0.0,4.0,2.0,6.0,13.0,3.0,6.0,0.0,3.0,0.0,0.0,0.0,0.6666666666666666,0.5
20260522_DAL_ATL,"Friday, May 22, 2026",regular_season,Atlanta Dream,Dallas Wings,Angel Reese,F,32.0,7-11,0-0,1-2,3.0,6.0,9.0,2.0,0.0,0.0,5.0,3.0,15.0,12.0,7.0,11.0,0.0,0.0,1.0,2.0,0.09090909090909091,0.2857142857142857,0.4
20260522_DAL_ATL,"Friday, May 22, 2026",regular_season,Atlanta Dream,Dallas Wings,Allisha Gray,G,34.0,7-14,0-3,2-2,1.0,3.0,4.0,1.0,1.0,1.0,1.0,1.0,16.0,12.0,7.0,14.0,0.0,3.0,2.0,2.0,0.14285714285714285,0.14285714285714285,1.0
20260522_DAL_ATL,"Friday, May 22, 2026",regular_season,Atlanta Dream,Dallas Wings,Jordin Canada,G,30.0,4-9,1-2,0-0,1.0,4.0,5.0,6.0,1.0,0.0,1.0,2.0,9.0,13.0,4.0,9.0,1.0,2.0,0.0,0.0,0.3333333333333333,1.5,6.0
20260522_DAL_ATL,"Friday, May 22, 2026",regular_season,Atlanta Dream,Dallas Wings,Rhyne Howard,G,35.0,7-12,2-3,9-9,0.0,4.0,4.0,8.0,4.0,2.0,2.0,1.0,25.0,18.0,7.0,12.0,2.0,3.0,9.0,9.0,1.25,1.1428571428571428,4.0
20260522_DAL_ATL,"Friday, May 22, 2026",regular_season,Atlanta Dream,Dallas Wings,Sika Kone,F,4.0,1-2,0-0,0-0,0.0,1.0,1.0,0.0,0.0,0.0,0.0,0.0,2.0,9.0,1.0,2.0,0.0,0.0,0.0,0.0,0.0,0.0,0.0
20260522_DAL_ATL,"Friday, May 22, 2026",regular_season,Atlanta Dream,Dallas Wings,Madina Okot,C,8.0,0-0,0-0,0-0,0.0,5.0,5.0,0.0,0.0,1.0,2.0,0.0,0.0,0.0,0.0,0.0,0.0,0.0,0.0,0.0,,,0.0
20260522_DAL_ATL,"Friday, May 22, 2026",regular_season,Atlanta Dream,Dallas Wings,Te-Hina Paopao,G,13.0,3-4,3-3,0-0,0.0,2.0,2.0,2.0,0.0,0.0,2.0,0.0,9.0,4.0,3.0,4.0,3.0,3.0,0.0,0.0,2.25,0.6666666666666666,1.0
20260522_DAL_ATL,"Friday, May 22, 2026",regular_season,Atlanta Dream,Dallas Wings,Aaliyah Nye,G,1.0,0-0,0-0,0-0,0.0,0.0,0.0,0.0,0.0,0.0,0.0,0.0,0.0,0.0,0.0,0.0,0.0,0.0,0.0,0.0,,,0.0
20260522_DAL_ATL,"Friday, May 22, 2026",regular_season,Atlanta Dream,Dallas Wings,Indya Nivar,G,5.0,1-3,0-1,0-0,0.0,1.0,1.0,1.0,0.0,0.0,0.0,2.0,2.0,0.0,1.0,3.0,0.0,1.0,0.0,0.0,0.0,1.0,999.0
20260522_DAL_ATL,"Friday, May 22, 2026",regular_season,Atlanta Dream,Dallas Wings,Isobel Borlase,G,2.0,1-1,0-0,0-0,0.0,1.0,1.0,0.0,0.0,0.0,0.0,1.0,2.0,4.0,1.0,1.0,0.0,0.0,0.0,0.0,0.0,0.0,0.0
20260522_DAL_ATL,"Friday, May 22, 2026",regular_season,Atlanta Dream,Dallas Wings,Brionna Jones,F,,,,,,,,,,,,,,,,,,,,,,,
20260522_GS_IND,"Friday, May 22, 2026",regular_season,Golden State Valkyries,Indiana Fever,Kayla Thornton,F,27.0,3-5,1-2,3-3,0.0,2.0,2.0,0.0,1.0,0.0,1.0,3.0,10.0,-9.0,3.0,5.0,1.0,2.0,3.0,3.0,1.2,0.0,0.0
20260522_GS_IND,"Friday, May 22, 2026",regular_season,Golden State Valkyries,Indiana Fever,Gabby Williams,F,22.0,2-8,0-3,2-2,0.0,0.0,0.0,3.0,4.0,0.0,3.0,0.0,6.0,-6.0,2.0,8.0,0.0,3.0,2.0,2.0,0.25,1.5,1.0
20260522_GS_IND,"Friday, May 22, 2026",regular_season,Golden State Valkyries,Indiana Fever,Kiah Stokes,C,23.0,1-4,0-1,0-0,3.0,4.0,7.0,1.0,1.0,1.0,1.0,3.0,2.0,-1.0,1.0,4.0,0.0,1.0,0.0,0.0,0.0,1.0,1.0
20260522_GS_IND,"Friday, May 22, 2026",regular_season,Golden State Valkyries,Indiana Fever,Kaila Charles,G,23.0,0-6,0-3,4-4,2.0,5.0,7.0,1.0,0.0,0.0,2.0,4.0,4.0,-9.0,0.0,6.0,0.0,3.0,4.0,4.0,0.6666666666666666,,0.5
20260522_GS_IND,"Friday, May 22, 2026",regular_season,Golden State Valkyries,Indiana Fever,Veronica Burton,G,29.0,4-12,2-5,7-8,0.0,3.0,3.0,3.0,0.0,2.0,3.0,5.0,17.0,-6.0,4.0,12.0,2.0,5.0,7.0,8.0,1.0833333333333333,0.75,1.0
20260522_GS_IND,"Friday, May 22, 2026",regular_season,Golden State Valkyries,Indiana Fever,Laeticia Amihere,F,11.0,1-3,0-0,0-2,4.0,0.0,4.0,1.0,0.0,0.0,1.0,3.0,2.0,0.0,1.0,3.0,0.0,0.0,0.0,2.0,0.0,1.0,1.0
20260522_GS_IND,"Friday, May 22, 2026",regular_season,Golden State Valkyries,Indiana Fever,Janelle Salaun,F,21.0,1-8,0-4,2-2,1.0,1.0,2.0,0.0,1.0,0.0,0.0,1.0,4.0,-6.0,1.0,8.0,0.0,4.0,2.0,2.0,0.25,0.0,0.0
20260522_GS_IND,"Friday, May 22, 2026",regular_season,Golden State Valkyries,Indiana Fever,Tiffany Hayes,G,26.0,7-13,2-2,3-3,0.0,2.0,2.0,2.0,1.0,0.0,2.0,3.0,19.0,0.0,7.0,13.0,2.0,2.0,3.0,3.0,0.6923076923076923,0.2857142857142857,1.0
20260522_GS_IND,"Friday, May 22, 2026",regular_season,Golden State Valkyries,Indiana Fever,Kaitlyn Chen,G,19.0,7-11,2-2,2-3,0.0,1.0,1.0,0.0,1.0,0.0,1.0,2.0,18.0,-3.0,7.0,11.0,2.0,2.0,2.0,3.0,0.7272727272727273,0.0,0.0
20260522_GS_IND,"Friday, May 22, 2026",regular_season,Golden State Valkyries,Indiana Fever,Cecilia Zandalasini,F,,,,,,,,,,,,,,,,,,,,,,,
20260522_GS_IND,"Friday, May 22, 2026",regular_season,Golden State Valkyries,Indiana Fever,Ndjakalenga Mwenentanda,G,,,,,,,,,,,,,,,,,,,,,,,
20260522_GS_IND,"Friday, May 22, 2026",regular_season,Golden State Valkyries,Indiana Fever,Juste Jocyte,G,,,,,,,,,,,,,,,,,,,,,,,
20260522_GS_IND,"Friday, May 22, 2026",regular_season,Indiana Fever,Golden State Valkyries,Monique Billings,F,11.0,1-2,0-0,0-0,1.0,2.0,3.0,0.0,1.0,0.0,1.0,2.0,2.0,3.0,1.0,2.0,0.0,0.0,0.0,0.0,0.0,0.0,0.0
20260522_GS_IND,"Friday, May 22, 2026",regular_season,Indiana Fever,Golden State Valkyries,Aliyah Boston,C,29.0,8-15,1-3,3-4,4.0,12.0,16.0,3.0,2.0,0.0,2.0,3.0,20.0,15.0,8.0,15.0,1.0,3.0,3.0,4.0,0.4,0.375,1.5
20260522_GS_IND,"Friday, May 22, 2026",regular_season,Indiana Fever,Golden State Valkyries,Kelsey Mitchell,G,31.0,4-10,0-3,11-11,0.0,0.0,0.0,3.0,0.0,0.0,1.0,1.0,19.0,6.0,4.0,10.0,0.0,3.0,11.0,11.0,1.1,0.75,3.0
20260522_GS_IND,"Friday, May 22, 2026",regular_season,Indiana Fever,Golden State Valkyries,Lexie Hull,G,24.0,2-5,2-4,1-4,1.0,3.0,4.0,2.0,0.0,0.0,1.0,4.0,7.0,10.0,2.0,5.0,2.0,4.0,1.0,4.0,1.4,1.0,2.0
20260522_GS_IND,"Friday, May 22, 2026",regular_season,Indiana Fever,Golden State Valkyries,Caitlin Clark,G,32.0,7-15,4-9,4-5,0.0,2.0,2.0,9.0,1.0,1.0,6.0,5.0,22.0,7.0,7.0,15.0,4.0,9.0,4.0,5.0,1.0666666666666667,1.2857142857142858,1.5
20260522_GS_IND,"Friday, May 22, 2026",regular_season,Indiana Fever,Golden State Valkyries,Myisha Hines-Allen,F,13.0,0-2,0-0,2-2,0.0,2.0,2.0,2.0,1.0,1.0,3.0,2.0,2.0,0.0,0.0,2.0,0.0,0.0,2.0,2.0,1.0,,0.667
20260522_GS_IND,"Friday, May 22, 2026",regular_season,Indiana Fever,Golden State Valkyries,Makayla Timpson,F,12.0,0-1,0-0,0-0,2.0,3.0,5.0,0.0,1.0,0.0,0.0,0.0,0.0,-3.0,0.0,1.0,0.0,0.0,0.0,0.0,0.0,,0.0
20260522_GS_IND,"Friday, May 22, 2026",regular_season,Indiana Fever,Golden State Valkyries,Grace VanSlooten,F,2.0,0-0,0-0,0-0,0.0,0.0,0.0,0.0,0.0,0.0,0.0,0.0,0.0,-2.0,0.0,0.0,0.0,0.0,0.0,0.0,,,0.0
20260522_GS_IND,"Friday, May 22, 2026",regular_season,Indiana Fever,Golden State Valkyries,Sophie Cunningham,G,28.0,4-8,2-5,1-3,0.0,0.0,0.0,1.0,1.0,0.0,1.0,4.0,11.0,0.0,4.0,8.0,2.0,5.0,1.0,3.0,0.875,0.25,1.0
20260522_GS_IND,"Friday, May 22, 2026",regular_season,Indiana Fever,Golden State Valkyries,Tyasha Harris,G,2.0,0-0,0-0,0-0,0.0,0.0,0.0,0.0,0.0,0.0,1.0,1.0,0.0,-1.0,0.0,0.0,0.0,0.0,0.0,0.0,,,0.0
20260522_GS_IND,"Friday, May 22, 2026",regular_season,Indiana Fever,Golden State Valkyries,Raven Johnson,G,15.0,3-5,1-2,0-0,0.0,2.0,2.0,2.0,0.0,0.0,2.0,4.0,7.0,5.0,3.0,5.0,1.0,2.0,0.0,0.0,0.6,0.6666666666666666,1.0
20260522_GS_IND,"Friday, May 22, 2026",regular_season,Indiana Fever,Golden State Valkyries,Damiris Dantas,C,,,,,,,,,,,,,,,,,,,,,,,
20260523_CON_SEA,"Saturday, May 23, 2026",regular_season,Connecticut Sun,Seattle Storm,Aaliyah Edwards,F,24.0,5-11,0-0,0-0,2.0,5.0,7.0,2.0,2.0,1.0,1.0,3.0,10.0,-3.0,5.0,11.0,0.0,0.0,0.0,0.0,0.0,0.4,2.0
20260523_CON_SEA,"Saturday, May 23, 2026",regular_season,Connecticut Sun,Seattle Storm,Diamond Miller,F,23.0,3-6,0-1,7-8,0.0,3.0,3.0,2.0,2.0,0.0,3.0,2.0,13.0,-6.0,3.0,6.0,0.0,1.0,7.0,8.0,1.1666666666666667,0.6666666666666666,0.667
20260523_CON_SEA,"Saturday, May 23, 2026",regular_season,Connecticut Sun,Seattle Storm,Kennedy Burke,G,25.0,3-9,1-5,0-1,2.0,1.0,3.0,1.0,1.0,1.0,2.0,2.0,7.0,-1.0,3.0,9.0,1.0,5.0,0.0,1.0,0.3333333333333333,0.3333333333333333,0.5
20260523_CON_SEA,"Saturday, May 23, 2026",regular_season,Connecticut Sun,Seattle Storm,Charlisse Leger-Walker,G,30.0,2-9,1-3,0-0,1.0,2.0,3.0,5.0,2.0,0.0,0.0,1.0,5.0,-6.0,2.0,9.0,1.0,3.0,0.0,0.0,0.3333333333333333,2.5,999.0
20260523_CON_SEA,"Saturday, May 23, 2026",regular_season,Connecticut Sun,Seattle Storm,Gianna Kneepkens,G,11.0,2-5,0-3,0-0,0.0,1.0,1.0,0.0,0.0,0.0,0.0,3.0,4.0,3.0,2.0,5.0,0.0,3.0,0.0,0.0,0.0,0.0,0.0
20260523_CON_SEA,"Saturday, May 23, 2026",regular_season,Connecticut Sun,Seattle Storm,Aneesah Morrow,F,18.0,3-5,1-1,0-1,1.0,5.0,6.0,0.0,0.0,0.0,2.0,2.0,7.0,-25.0,3.0,5.0,1.0,1.0,0.0,1.0,0.6,0.0,0.0
20260523_CON_SEA,"Saturday, May 23, 2026",regular_season,Connecticut Sun,Seattle Storm,Raegan Beers,F,14.0,2-4,0-1,0-0,1.0,3.0,4.0,1.0,1.0,0.0,1.0,2.0,4.0,-5.0,2.0,4.0,0.0,1.0,0.0,0.0,0.0,0.5,1.0
20260523_CON_SEA,"Saturday, May 23, 2026",regular_season,Connecticut Sun,Seattle Storm,Nell Angloma,F,14.0,0-1,0-0,2-2,1.0,2.0,3.0,1.0,0.0,0.0,0.0,3.0,2.0,-3.0,0.0,1.0,0.0,0.0,2.0,2.0,2.0,,999.0
20260523_CON_SEA,"Saturday, May 23, 2026",regular_season,Connecticut Sun,Seattle Storm,Hailey Van Lith,G,10.0,2-5,1-1,0-0,0.0,0.0,0.0,1.0,0.0,0.0,1.0,0.0,5.0,-12.0,2.0,5.0,1.0,1.0,0.0,0.0,0.6,0.5,1.0
20260523_CON_SEA,"Saturday, May 23, 2026",regular_season,Connecticut Sun,Seattle Storm,Saniya Rivers,G,21.0,1-6,0-1,0-2,0.0,2.0,2.0,2.0,1.0,1.0,2.0,0.0,2.0,-17.0,1.0,6.0,0.0,1.0,0.0,2.0,0.0,2.0,1.0
20260523_CON_SEA,"Saturday, May 23, 2026",regular_season,Connecticut Sun,Seattle Storm,Ashlon Jackson,G,9.0,0-1,0-1,0-0,0.0,1.0,1.0,0.0,0.0,0.0,0.0,0.0,0.0,-15.0,0.0,1.0,0.0,1.0,0.0,0.0,0.0,,0.0
20260523_CON_SEA,"Saturday, May 23, 2026",regular_season,Connecticut Sun,Seattle Storm,Brittney Griner,C,,,,,,,,,,,,,,,,,,,,,,,
20260523_CON_SEA,"Saturday, May 23, 2026",regular_season,Connecticut Sun,Seattle Storm,Olivia Nelson-Ododa,C,,,,,,,,,,,,,,,,,,,,,,,
20260523_CON_SEA,"Saturday, May 23, 2026",regular_season,Seattle Storm,Connecticut Sun,Jordan Horston,F,22.0,4-9,0-2,0-0,0.0,4.0,4.0,0.0,3.0,0.0,1.0,2.0,8.0,18.0,4.0,9.0,0.0,2.0,0.0,0.0,0.0,0.0,0.0
20260523_CON_SEA,"Saturday, May 23, 2026",regular_season,Seattle Storm,Connecticut Sun,Stefanie Dolson,C,25.0,2-3,1-1,0-0,0.0,4.0,4.0,4.0,1.0,0.0,1.0,3.0,5.0,24.0,2.0,3.0,1.0,1.0,0.0,0.0,1.0,2.0,4.0
20260523_CON_SEA,"Saturday, May 23, 2026",regular_season,Seattle Storm,Connecticut Sun,Natisha Hiedeman,G,27.0,4-10,1-4,2-2,0.0,2.0,2.0,6.0,0.0,0.0,1.0,2.0,11.0,12.0,4.0,10.0,1.0,4.0,2.0,2.0,0.5,1.5,6.0
20260523_CON_SEA,"Saturday, May 23, 2026",regular_season,Seattle Storm,Connecticut Sun,Flau'jae Johnson,G,31.0,7-12,3-6,0-0,0.0,7.0,7.0,5.0,0.0,3.0,5.0,2.0,17.0,18.0,7.0,12.0,3.0,6.0,0.0,0.0,0.75,0.7142857142857143,1.0
20260523_CON_SEA,"Saturday, May 23, 2026",regular_season,Seattle Storm,Connecticut Sun,Jade Melbourne,G,20.0,2-5,0-0,0-1,0.0,3.0,3.0,4.0,2.0,0.0,1.0,2.0,4.0,4.0,2.0,5.0,0.0,0.0,0.0,1.0,0.0,2.0,4.0
20260523_CON_SEA,"Saturday, May 23, 2026",regular_season,Seattle Storm,Connecticut Sun,Joyner Holmes,F,15.0,1-4,0-1,0-0,1.0,4.0,5.0,1.0,0.0,3.0,2.0,1.0,2.0,-2.0,1.0,4.0,0.0,1.0,0.0,0.0,0.0,1.0,0.5
20260523_CON_SEA,"Saturday, May 23, 2026",regular_season,Seattle Storm,Connecticut Sun,Mackenzie Holmes,F,18.0,0-2,0-0,2-4,2.0,4.0,6.0,1.0,0.0,1.0,1.0,4.0,2.0,-4.0,0.0,2.0,0.0,0.0,2.0,4.0,1.0,,1.0
20260523_CON_SEA,"Saturday, May 23, 2026",regular_season,Seattle Storm,Connecticut Sun,Taylor Thierry,F,4.0,0-0,0-0,0-0,1.0,0.0,1.0,0.0,0.0,0.0,0.0,0.0,0.0,-1.0,0.0,0.0,0.0,0.0,0.0,0.0,,,0.0
20260523_CON_SEA,"Saturday, May 23, 2026",regular_season,Seattle Storm,Connecticut Sun,Lexie Brown,G,13.0,1-1,1-1,0-0,0.0,1.0,1.0,0.0,0.0,0.0,1.0,1.0,3.0,3.0,1.0,1.0,1.0,1.0,0.0,0.0,3.0,0.0,0.0
20260523_CON_SEA,"Saturday, May 23, 2026",regular_season,Seattle Storm,Connecticut Sun,Zia Cooke,G,24.0,7-14,2-6,9-10,2.0,3.0,5.0,1.0,1.0,0.0,2.0,1.0,25.0,18.0,7.0,14.0,2.0,6.0,9.0,10.0,1.0714285714285714,0.14285714285714285,0.5
20260523_CON_SEA,"Saturday, May 23, 2026",regular_season,Seattle Storm,Connecticut Sun,Katie Lou Samuelson,F,,,,,,,,,,,,,,,,,,,,,,,
20260523_CON_SEA,"Saturday, May 23, 2026",regular_season,Seattle Storm,Connecticut Sun,Ezi Magbegor,F,,,,,,,,,,,,,,,,,,,,,,,
20260523_CON_SEA,"Saturday, May 23, 2026",regular_season,Seattle Storm,Connecticut Sun,Dominique Malonga,C,,,,,,,,,,,,,,,,,,,,,,,
20260523_CON_SEA,"Saturday, May 23, 2026",regular_season,Seattle Storm,Connecticut Sun,Awa Fam,C,,,,,,,,,,,,,,,,,,,,,,,
20260523_MIN_CHI,"Saturday, May 23, 2026",regular_season,Minnesota Lynx,Chicago Sky,Natasha Howard,F,33.0,11-15,0-0,4-5,5.0,9.0,14.0,5.0,0.0,0.0,3.0,5.0,26.0,16.0,11.0,15.0,0.0,0.0,4.0,5.0,0.26666666666666666,0.45454545454545453,1.667
20260523_MIN_CHI,"Saturday, May 23, 2026",regular_season,Minnesota Lynx,Chicago Sky,Nia Coffey,F,25.0,3-11,1-7,1-1,2.0,5.0,7.0,0.0,0.0,2.0,4.0,3.0,8.0,7.0,3.0,11.0,1.0,7.0,1.0,1.0,0.36363636363636365,0.0,0.0
20260523_MIN_CHI,"Saturday, May 23, 2026",regular_season,Minnesota Lynx,Chicago Sky,Kayla McBride,G,35.0,4-9,2-4,3-3,0.0,6.0,6.0,4.0,1.0,0.0,0.0,1.0,13.0,11.0,4.0,9.0,2.0,4.0,3.0,3.0,1.0,1.0,999.0
20260523_MIN_CHI,"Saturday, May 23, 2026",regular_season,Minnesota Lynx,Chicago Sky,Courtney Williams,G,33.0,8-18,0-1,1-1,2.0,6.0,8.0,3.0,3.0,2.0,2.0,3.0,17.0,12.0,8.0,18.0,0.0,1.0,1.0,1.0,0.05555555555555555,0.375,1.5
20260523_MIN_CHI,"Saturday, May 23, 2026",regular_season,Minnesota Lynx,Chicago Sky,Olivia Miles,G,33.0,4-14,0-2,6-7,1.0,8.0,9.0,5.0,2.0,0.0,5.0,3.0,14.0,8.0,4.0,14.0,0.0,2.0,6.0,7.0,0.42857142857142855,1.25,1.0
20260523_MIN_CHI,"Saturday, May 23, 2026",regular_season,Minnesota Lynx,Chicago Sky,Liatu King,F,10.0,0-1,0-0,0-2,1.0,3.0,4.0,0.0,1.0,3.0,2.0,3.0,0.0,-6.0,0.0,1.0,0.0,0.0,0.0,2.0,0.0,,0.0
20260523_MIN_CHI,"Saturday, May 23, 2026",regular_season,Minnesota Lynx,Chicago Sky,Antonia Delaere,F,11.0,1-3,1-1,0-0,0.0,1.0,1.0,0.0,0.0,0.0,0.0,0.0,3.0,6.0,1.0,3.0,1.0,1.0,0.0,0.0,1.0,0.0,0.0
20260523_MIN_CHI,"Saturday, May 23, 2026",regular_season,Minnesota Lynx,Chicago Sky,Emese Hof,C,6.0,1-1,0-0,0-0,1.0,1.0,2.0,0.0,0.0,0.0,2.0,3.0,2.0,-4.0,1.0,1.0,0.0,0.0,0.0,0.0,0.0,0.0,0.0
20260523_MIN_CHI,"Saturday, May 23, 2026",regular_season,Minnesota Lynx,Chicago Sky,Maya Caldwell,G,13.0,0-2,0-1,2-2,1.0,2.0,3.0,2.0,0.0,0.0,1.0,3.0,2.0,0.0,0.0,2.0,0.0,1.0,2.0,2.0,1.0,,2.0
20260523_MIN_CHI,"Saturday, May 23, 2026",regular_season,Minnesota Lynx,Chicago Sky,Napheesa Collier,F,,,,,,,,,,,,,,,,,,,,,,,
20260523_MIN_CHI,"Saturday, May 23, 2026",regular_season,Minnesota Lynx,Chicago Sky,Dorka Juhasz,F,,,,,,,,,,,,,,,,,,,,,,,
20260523_MIN_CHI,"Saturday, May 23, 2026",regular_season,Minnesota Lynx,Chicago Sky,Anastasiia Olairi Kosu,F,,,,,,,,,,,,,,,,,,,,,,,
20260523_MIN_CHI,"Saturday, May 23, 2026",regular_season,Minnesota Lynx,Chicago Sky,Emma Cechova,F,,,,,,,,,,,,,,,,,,,,,,,
20260523_MIN_CHI,"Saturday, May 23, 2026",regular_season,Minnesota Lynx,Chicago Sky,Eliska Hamzova,G,,,,,,,,,,,,,,,,,,,,,,,
20260523_MIN_CHI,"Saturday, May 23, 2026",regular_season,Chicago Sky,Minnesota Lynx,Kamilla Cardoso,C,23.0,4-6,0-0,9-9,2.0,5.0,7.0,0.0,1.0,0.0,1.0,4.0,17.0,-10.0,4.0,6.0,0.0,0.0,9.0,9.0,1.5,0.0,0.0
20260523_MIN_CHI,"Saturday, May 23, 2026",regular_season,Chicago Sky,Minnesota Lynx,Skylar Diggins,G,32.0,4-12,0-1,5-7,2.0,4.0,6.0,6.0,1.0,0.0,3.0,3.0,13.0,-13.0,4.0,12.0,0.0,1.0,5.0,7.0,0.4166666666666667,1.5,2.0
20260523_MIN_CHI,"Saturday, May 23, 2026",regular_season,Chicago Sky,Minnesota Lynx,Natasha Cloud,G,32.0,2-6,0-2,2-3,0.0,2.0,2.0,1.0,1.0,1.0,3.0,3.0,6.0,-7.0,2.0,6.0,0.0,2.0,2.0,3.0,0.3333333333333333,0.5,0.333
20260523_MIN_CHI,"Saturday, May 23, 2026",regular_season,Chicago Sky,Minnesota Lynx,Jacy Sheldon,G,19.0,2-6,1-4,0-0,0.0,1.0,1.0,1.0,2.0,0.0,0.0,3.0,5.0,-9.0,2.0,6.0,1.0,4.0,0.0,0.0,0.5,0.5,999.0
20260523_MIN_CHI,"Saturday, May 23, 2026",regular_season,Chicago Sky,Minnesota Lynx,Gabriela Jaquez,G,23.0,1-8,1-4,4-4,0.0,4.0,4.0,0.0,2.0,0.0,1.0,3.0,7.0,-5.0,1.0,8.0,1.0,4.0,4.0,4.0,0.875,0.0,0.0
20260523_MIN_CHI,"Saturday, May 23, 2026",regular_season,Chicago Sky,Minnesota Lynx,Azura Stevens,F,16.0,3-10,0-3,0-0,0.0,3.0,3.0,1.0,1.0,1.0,2.0,1.0,6.0,-5.0,3.0,10.0,0.0,3.0,0.0,0.0,0.0,0.3333333333333333,0.5
20260523_MIN_CHI,"Saturday, May 23, 2026",regular_season,Chicago Sky,Minnesota Lynx,Elizabeth Williams,C,18.0,2-7,0-0,0-2,2.0,1.0,3.0,1.0,1.0,0.0,0.0,1.0,4.0,1.0,2.0,7.0,0.0,0.0,0.0,2.0,0.0,0.5,999.0
20260523_MIN_CHI,"Saturday, May 23, 2026",regular_season,Chicago Sky,Minnesota Lynx,Rachel Banham,G,17.0,2-6,2-6,0-0,0.0,0.0,0.0,3.0,1.0,0.0,0.0,0.0,6.0,1.0,2.0,6.0,2.0,6.0,0.0,0.0,1.0,1.5,999.0
20260523_MIN_CHI,"Saturday, May 23, 2026",regular_season,Chicago Sky,Minnesota Lynx,Sydney Taylor,G,20.0,3-12,2-9,3-5,1.0,1.0,2.0,1.0,1.0,0.0,1.0,4.0,11.0,-3.0,3.0,12.0,2.0,9.0,3.0,5.0,0.75,0.3333333333333333,1.0
20260523_MIN_CHI,"Saturday, May 23, 2026",regular_season,Chicago Sky,Minnesota Lynx,Rickea Jackson,F,,,,,,,,,,,,,,,,,,,,,,,
20260523_MIN_CHI,"Saturday, May 23, 2026",regular_season,Chicago Sky,Minnesota Lynx,Courtney Vandersloot,G,,,,,,,,,,,,,,,,,,,,,,,
20260523_MIN_CHI,"Saturday, May 23, 2026",regular_season,Chicago Sky,Minnesota Lynx,DiJonai Carrington,G,,,,,,,,,,,,,,,,,,,,,,,
20260523_POR_TOR,"Saturday, May 23, 2026",regular_season,Portland Fire,Toronto Tempo,Bridget Carleton,F,28.0,5-10,4-8,1-2,0.0,2.0,2.0,3.0,2.0,0.0,2.0,5.0,15.0,25.0,5.0,10.0,4.0,8.0,1.0,2.0,1.3,0.6,1.5
20260523_POR_TOR,"Saturday, May 23, 2026",regular_season,Portland Fire,Toronto Tempo,Emily Engstler,F,22.0,5-8,1-3,5-5,1.0,6.0,7.0,0.0,2.0,4.0,3.0,4.0,16.0,15.0,5.0,8.0,1.0,3.0,5.0,5.0,1.0,0.0,0.0
20260523_POR_TOR,"Saturday, May 23, 2026",regular_season,Portland Fire,Toronto Tempo,Nyadiew Puoch,F,24.0,2-8,1-3,0-0,2.0,1.0,3.0,1.0,1.0,0.0,2.0,2.0,5.0,9.0,2.0,8.0,1.0,3.0,0.0,0.0,0.375,0.5,0.5
20260523_POR_TOR,"Saturday, May 23, 2026",regular_season,Portland Fire,Toronto Tempo,Luisa Geiselsoder,C,20.0,3-7,0-2,0-0,1.0,4.0,5.0,0.0,0.0,1.0,1.0,1.0,6.0,20.0,3.0,7.0,0.0,2.0,0.0,0.0,0.0,0.0,0.0
20260523_POR_TOR,"Saturday, May 23, 2026",regular_season,Portland Fire,Toronto Tempo,Carla Leite,G,22.0,4-11,0-0,7-7,1.0,2.0,3.0,9.0,0.0,0.0,4.0,1.0,15.0,15.0,4.0,11.0,0.0,0.0,7.0,7.0,0.6363636363636364,2.25,2.25
20260523_POR_TOR,"Saturday, May 23, 2026",regular_season,Portland Fire,Toronto Tempo,Frieda Buhner,F,13.0,1-2,1-2,2-2,1.0,1.0,2.0,1.0,0.0,0.0,0.0,0.0,5.0,-3.0,1.0,2.0,1.0,2.0,2.0,2.0,2.5,1.0,999.0
20260523_POR_TOR,"Saturday, May 23, 2026",regular_season,Portland Fire,Toronto Tempo,Megan Gustafson,C,20.0,6-8,2-3,0-0,2.0,2.0,4.0,0.0,0.0,1.0,0.0,3.0,14.0,-1.0,6.0,8.0,2.0,3.0,0.0,0.0,0.75,0.0,0.0
20260523_POR_TOR,"Saturday, May 23, 2026",regular_season,Portland Fire,Toronto Tempo,Serah Williams,C,14.0,3-6,0-0,2-2,1.0,2.0,3.0,0.0,2.0,1.0,0.0,2.0,8.0,-2.0,3.0,6.0,0.0,0.0,2.0,2.0,0.3333333333333333,0.0,0.0
20260523_POR_TOR,"Saturday, May 23, 2026",regular_season,Portland Fire,Toronto Tempo,Holly Winterburn,G,1.0,0-0,0-0,0-0,0.0,0.0,0.0,0.0,0.0,0.0,0.0,0.0,0.0,-3.0,0.0,0.0,0.0,0.0,0.0,0.0,,,0.0
20260523_POR_TOR,"Saturday, May 23, 2026",regular_season,Portland Fire,Toronto Tempo,Sarah Ashlee Barker,G,19.0,5-6,1-1,1-3,1.0,2.0,3.0,1.0,0.0,0.0,0.0,2.0,12.0,13.0,5.0,6.0,1.0,1.0,1.0,3.0,0.6666666666666666,0.2,999.0
20260523_POR_TOR,"Saturday, May 23, 2026",regular_season,Portland Fire,Toronto Tempo,Teja Oblak,G,17.0,1-4,1-1,0-0,0.0,1.0,1.0,9.0,0.0,0.0,2.0,2.0,3.0,7.0,1.0,4.0,1.0,1.0,0.0,0.0,0.75,9.0,4.5
20260523_POR_TOR,"Saturday, May 23, 2026",regular_season,Portland Fire,Toronto Tempo,Karlie Samuelson,G,,,,,,,,,,,,,,,,,,,,,,,
20260523_POR_TOR,"Saturday, May 23, 2026",regular_season,Toronto Tempo,Portland Fire,Nyara Sabally,F,23.0,4-6,1-1,0-0,1.0,2.0,3.0,0.0,0.0,1.0,0.0,1.0,9.0,-12.0,4.0,6.0,1.0,1.0,0.0,0.0,0.5,0.0,0.0
20260523_POR_TOR,"Saturday, May 23, 2026",regular_season,Toronto Tempo,Portland Fire,Laura Juskaite,F,20.0,1-3,0-1,1-1,0.0,2.0,2.0,1.0,0.0,0.0,1.0,3.0,3.0,-5.0,1.0,3.0,0.0,1.0,1.0,1.0,0.3333333333333333,1.0,1.0
20260523_POR_TOR,"Saturday, May 23, 2026",regular_season,Toronto Tempo,Portland Fire,Brittney Sykes,G,34.0,3-9,0-2,4-4,0.0,0.0,0.0,5.0,1.0,0.0,7.0,3.0,10.0,-23.0,3.0,9.0,0.0,2.0,4.0,4.0,0.4444444444444444,1.6666666666666667,0.714
20260523_POR_TOR,"Saturday, May 23, 2026",regular_season,Toronto Tempo,Portland Fire,Marina Mabrey,G,28.0,7-15,3-8,2-3,3.0,2.0,5.0,8.0,0.0,1.0,4.0,4.0,19.0,-17.0,7.0,15.0,3.0,8.0,2.0,3.0,0.7333333333333333,1.1428571428571428,2.0
20260523_POR_TOR,"Saturday, May 23, 2026",regular_season,Toronto Tempo,Portland Fire,Kiki Rice,G,30.0,8-11,0-1,3-4,2.0,3.0,5.0,3.0,2.0,1.0,1.0,2.0,19.0,-17.0,8.0,11.0,0.0,1.0,3.0,4.0,0.2727272727272727,0.375,3.0
20260523_POR_TOR,"Saturday, May 23, 2026",regular_season,Toronto Tempo,Portland Fire,Maria Conde,F,23.0,3-9,1-5,1-2,2.0,3.0,5.0,1.0,0.0,0.0,1.0,2.0,8.0,-21.0,3.0,9.0,1.0,5.0,1.0,2.0,0.4444444444444444,0.3333333333333333,1.0
20260523_POR_TOR,"Saturday, May 23, 2026",regular_season,Toronto Tempo,Portland Fire,Teonni Key,F,11.0,2-2,0-0,0-0,1.0,1.0,2.0,0.0,0.0,1.0,1.0,2.0,4.0,-6.0,2.0,2.0,0.0,0.0,0.0,0.0,0.0,0.0,0.0
20260523_POR_TOR,"Saturday, May 23, 2026",regular_season,Toronto Tempo,Portland Fire,Nikolina Milic,F,8.0,0-2,0-1,1-2,0.0,2.0,2.0,0.0,0.0,0.0,1.0,1.0,1.0,1.0,0.0,2.0,0.0,1.0,1.0,2.0,0.5,,0.0
20260523_POR_TOR,"Saturday, May 23, 2026",regular_season,Toronto Tempo,Portland Fire,Mariella Fasoula,C,3.0,0-0,0-0,0-0,0.0,1.0,1.0,0.0,0.0,0.0,1.0,0.0,0.0,2.0,0.0,0.0,0.0,0.0,0.0,0.0,,,0.0
20260523_POR_TOR,"Saturday, May 23, 2026",regular_season,Toronto Tempo,Portland Fire,Kia Nurse,G,12.0,1-7,0-5,2-2,0.0,2.0,2.0,0.0,0.0,0.0,0.0,1.0,4.0,-3.0,1.0,7.0,0.0,5.0,2.0,2.0,0.2857142857142857,0.0,0.0
20260523_POR_TOR,"Saturday, May 23, 2026",regular_season,Toronto Tempo,Portland Fire,Lexi Held,G,8.0,1-2,1-1,0-0,1.0,1.0,2.0,1.0,0.0,0.0,0.0,2.0,3.0,6.0,1.0,2.0,1.0,1.0,0.0,0.0,1.5,1.0,999.0
20260523_POR_TOR,"Saturday, May 23, 2026",regular_season,Toronto Tempo,Portland Fire,Isabelle Harrison,F,,,,,,,,,,,,,,,,,,,,,,,
20260523_POR_TOR,"Saturday, May 23, 2026",regular_season,Toronto Tempo,Portland Fire,Temi Fagbenle,C,,,,,,,,,,,,,,,,,,,,,,,
20260523_POR_TOR,"Saturday, May 23, 2026",regular_season,Toronto Tempo,Portland Fire,Julie Allemand,G,,,,,,,,,,,,,,,,,,,,,,,
20260524_LA_LV,"Sunday, May 24, 2026",regular_season,Los Angeles Sparks,Las Vegas Aces,Dearica Hamby,F,36.0,6-12,1-2,3-4,0.0,5.0,5.0,4.0,1.0,0.0,3.0,6.0,16.0,0.0,6.0,12.0,1.0,2.0,3.0,4.0,0.5,0.6666666666666666,1.333
20260524_LA_LV,"Sunday, May 24, 2026",regular_season,Los Angeles Sparks,Las Vegas Aces,Cameron Brink,F,24.0,7-11,2-5,0-1,4.0,4.0,8.0,0.0,1.0,1.0,6.0,6.0,16.0,8.0,7.0,11.0,2.0,5.0,0.0,1.0,0.5454545454545454,0.0,0.0
20260524_LA_LV,"Sunday, May 24, 2026",regular_season,Los Angeles Sparks,Las Vegas Aces,Erica Wheeler,G,34.0,4-7,2-3,0-0,0.0,7.0,7.0,6.0,2.0,0.0,2.0,2.0,10.0,15.0,4.0,7.0,2.0,3.0,0.0,0.0,0.8571428571428571,1.5,3.0
20260524_LA_LV,"Sunday, May 24, 2026",regular_season,Los Angeles Sparks,Las Vegas Aces,Kelsey Plum,G,37.0,12-17,6-7,8-8,0.0,4.0,4.0,9.0,1.0,0.0,3.0,4.0,38.0,11.0,12.0,17.0,6.0,7.0,8.0,8.0,1.5294117647058822,0.75,3.0
20260524_LA_LV,"Sunday, May 24, 2026",regular_season,Los Angeles Sparks,Las Vegas Aces,Ariel Atkins,G,30.0,5-12,1-5,0-0,0.0,3.0,3.0,3.0,1.0,0.0,2.0,1.0,11.0,-5.0,5.0,12.0,1.0,5.0,0.0,0.0,0.25,0.6,1.5
20260524_LA_LV,"Sunday, May 24, 2026",regular_season,Los Angeles Sparks,Las Vegas Aces,Emma Cannon,F,1.0,0-0,0-0,0-0,0.0,0.0,0.0,0.0,0.0,0.0,0.0,1.0,0.0,1.0,0.0,0.0,0.0,0.0,0.0,0.0,,,0.0
20260524_LA_LV,"Sunday, May 24, 2026",regular_season,Los Angeles Sparks,Las Vegas Aces,Jihyun Park,F,7.0,0-1,0-1,0-0,0.0,1.0,1.0,1.0,1.0,0.0,0.0,2.0,0.0,0.0,0.0,1.0,0.0,1.0,0.0,0.0,0.0,,999.0
20260524_LA_LV,"Sunday, May 24, 2026",regular_season,Los Angeles Sparks,Las Vegas Aces,Rae Burrell,G,25.0,3-7,2-6,2-2,0.0,2.0,2.0,2.0,1.0,0.0,1.0,1.0,10.0,-9.0,3.0,7.0,2.0,6.0,2.0,2.0,1.1428571428571428,0.6666666666666666,2.0
20260524_LA_LV,"Sunday, May 24, 2026",regular_season,Los Angeles Sparks,Las Vegas Aces,Kate Martin,G,6.0,0-0,0-0,0-0,0.0,0.0,0.0,1.0,0.0,0.0,0.0,1.0,0.0,9.0,0.0,0.0,0.0,0.0,0.0,0.0,,,999.0
20260524_LA_LV,"Sunday, May 24, 2026",regular_season,Los Angeles Sparks,Las Vegas Aces,Ta'Niya Latson,G,,,,,,,,,,,,,,,,,,,,,,,
20260524_LA_LV,"Sunday, May 24, 2026",regular_season,Los Angeles Sparks,Las Vegas Aces,Chance Gray,G,,,,,,,,,,,,,,,,,,,,,,,
20260524_LA_LV,"Sunday, May 24, 2026",regular_season,Las Vegas Aces,Los Angeles Sparks,Stephanie Talbot,F,16.0,1-2,0-1,0-0,2.0,1.0,3.0,1.0,0.0,0.0,0.0,2.0,2.0,-23.0,1.0,2.0,0.0,1.0,0.0,0.0,0.0,1.0,999.0
20260524_LA_LV,"Sunday, May 24, 2026",regular_season,Las Vegas Aces,Los Angeles Sparks,NaLyssa Smith,F,28.0,8-12,1-2,5-7,6.0,3.0,9.0,1.0,2.0,1.0,1.0,1.0,22.0,-1.0,8.0,12.0,1.0,2.0,5.0,7.0,0.6666666666666666,0.125,1.0
20260524_LA_LV,"Sunday, May 24, 2026",regular_season,Las Vegas Aces,Los Angeles Sparks,A'ja Wilson,C,35.0,8-20,2-4,6-6,2.0,13.0,15.0,4.0,2.0,4.0,3.0,1.0,24.0,-3.0,8.0,20.0,2.0,4.0,6.0,6.0,0.6,0.5,1.333
20260524_LA_LV,"Sunday, May 24, 2026",regular_season,Las Vegas Aces,Los Angeles Sparks,Chelsea Gray,G,37.0,6-14,0-5,0-0,0.0,2.0,2.0,7.0,1.0,2.0,3.0,3.0,12.0,-7.0,6.0,14.0,0.0,5.0,0.0,0.0,0.0,1.1666666666666667,2.333
20260524_LA_LV,"Sunday, May 24, 2026",regular_season,Las Vegas Aces,Los Angeles Sparks,Jackie Young,G,19.0,0-2,0-2,0-0,1.0,2.0,3.0,2.0,0.0,1.0,3.0,5.0,0.0,-9.0,0.0,2.0,0.0,2.0,0.0,0.0,0.0,,0.667
20260524_LA_LV,"Sunday, May 24, 2026",regular_season,Las Vegas Aces,Los Angeles Sparks,Brianna Turner,F,8.0,0-0,0-0,2-2,0.0,1.0,1.0,1.0,0.0,0.0,0.0,2.0,2.0,-2.0,0.0,0.0,0.0,0.0,2.0,2.0,,,999.0
20260524_LA_LV,"Sunday, May 24, 2026",regular_season,Las Vegas Aces,Los Angeles Sparks,Jewell Loyd,G,29.0,3-13,3-11,1-2,0.0,0.0,0.0,2.0,0.0,0.0,1.0,3.0,10.0,0.0,3.0,13.0,3.0,11.0,1.0,2.0,0.7692307692307693,0.6666666666666666,2.0
20260524_LA_LV,"Sunday, May 24, 2026",regular_season,Las Vegas Aces,Los Angeles Sparks,Chennedy Carter,G,26.0,8-13,4-4,3-4,2.0,1.0,3.0,3.0,1.0,1.0,3.0,3.0,23.0,15.0,8.0,13.0,4.0,4.0,3.0,4.0,1.1538461538461537,0.375,1.0
20260524_LA_LV,"Sunday, May 24, 2026",regular_season,Las Vegas Aces,Los Angeles Sparks,Cheyenne Parker-Tyus,F,,,,,,,,,,,,,,,,,,,,,,,
20260524_LA_LV,"Sunday, May 24, 2026",regular_season,Las Vegas Aces,Los Angeles Sparks,Kierstan Bell,F,,,,,,,,,,,,,,,,,,,,,,,
20260524_LA_LV,"Sunday, May 24, 2026",regular_season,Las Vegas Aces,Los Angeles Sparks,Janiah Barker,F,,,,,,,,,,,,,,,,,,,,,,,
20260524_PHX_ATL,"Sunday, May 24, 2026",regular_season,Phoenix Mercury,Atlanta Dream,Alyssa Thomas,F,36.0,9-13,0-0,2-2,1.0,11.0,12.0,7.0,2.0,0.0,4.0,2.0,20.0,-1.0,9.0,13.0,0.0,0.0,2.0,2.0,0.15384615384615385,0.7777777777777778,1.75
20260524_PHX_ATL,"Sunday, May 24, 2026",regular_season,Phoenix Mercury,Atlanta Dream,Natasha Mack,F,16.0,3-5,0-0,0-0,4.0,3.0,7.0,1.0,0.0,2.0,1.0,4.0,6.0,4.0,3.0,5.0,0.0,0.0,0.0,0.0,0.0,0.3333333333333333,1.0
20260524_PHX_ATL,"Sunday, May 24, 2026",regular_season,Phoenix Mercury,Atlanta Dream,Noemie Brochant,F,31.0,3-7,0-2,0-0,2.0,3.0,5.0,2.0,2.0,1.0,1.0,2.0,6.0,0.0,3.0,7.0,0.0,2.0,0.0,0.0,0.0,0.6666666666666666,2.0
20260524_PHX_ATL,"Sunday, May 24, 2026",regular_season,Phoenix Mercury,Atlanta Dream,Kahleah Copper,G,30.0,6-16,1-6,7-8,1.0,2.0,3.0,1.0,0.0,0.0,3.0,3.0,20.0,-8.0,6.0,16.0,1.0,6.0,7.0,8.0,0.625,0.16666666666666666,0.333
20260524_PHX_ATL,"Sunday, May 24, 2026",regular_season,Phoenix Mercury,Atlanta Dream,Jovana Nogic,G,21.0,3-9,2-4,3-3,0.0,0.0,0.0,1.0,0.0,0.0,4.0,4.0,11.0,-2.0,3.0,9.0,2.0,4.0,3.0,3.0,1.0,0.3333333333333333,0.25
20260524_PHX_ATL,"Sunday, May 24, 2026",regular_season,Phoenix Mercury,Atlanta Dream,DeWanna Bonner,F,24.0,2-7,0-3,0-0,1.0,2.0,3.0,1.0,2.0,0.0,0.0,0.0,4.0,-7.0,2.0,7.0,0.0,3.0,0.0,0.0,0.0,0.5,999.0
20260524_PHX_ATL,"Sunday, May 24, 2026",regular_season,Phoenix Mercury,Atlanta Dream,Marta Suarez,F,10.0,0-0,0-0,0-0,0.0,3.0,3.0,0.0,0.0,0.0,0.0,0.0,0.0,-2.0,0.0,0.0,0.0,0.0,0.0,0.0,,,0.0
20260524_PHX_ATL,"Sunday, May 24, 2026",regular_season,Phoenix Mercury,Atlanta Dream,Kyara Linskens,C,12.0,3-4,1-2,3-3,0.0,2.0,2.0,0.0,1.0,2.0,1.0,1.0,10.0,5.0,3.0,4.0,1.0,2.0,3.0,3.0,1.5,0.0,0.0
20260524_PHX_ATL,"Sunday, May 24, 2026",regular_season,Phoenix Mercury,Atlanta Dream,Kiana Williams,G,20.0,0-5,0-4,3-3,0.0,1.0,1.0,1.0,1.0,1.0,1.0,3.0,3.0,1.0,0.0,5.0,0.0,4.0,3.0,3.0,0.6,,1.0
20260524_PHX_ATL,"Sunday, May 24, 2026",regular_season,Phoenix Mercury,Atlanta Dream,Valeriane Ayayi,F,,,,,,,,,,,,,,,,,,,,,,,
20260524_PHX_ATL,"Sunday, May 24, 2026",regular_season,Phoenix Mercury,Atlanta Dream,Sami Whitcomb,G,,,,,,,,,,,,,,,,,,,,,,,
20260524_PHX_ATL,"Sunday, May 24, 2026",regular_season,Phoenix Mercury,Atlanta Dream,Quionche Carter,G,,,,,,,,,,,,,,,,,,,,,,,
20260524_PHX_ATL,"Sunday, May 24, 2026",regular_season,Phoenix Mercury,Atlanta Dream,Monique Akoa Makani,G,,,,,,,,,,,,,,,,,,,,,,,
20260524_PHX_ATL,"Sunday, May 24, 2026",regular_season,Atlanta Dream,Phoenix Mercury,Naz Hillmon,F,23.0,2-2,0-0,0-1,2.0,2.0,4.0,0.0,0.0,0.0,1.0,0.0,4.0,-1.0,2.0,2.0,0.0,0.0,0.0,1.0,0.0,0.0,0.0
20260524_PHX_ATL,"Sunday, May 24, 2026",regular_season,Atlanta Dream,Phoenix Mercury,Angel Reese,F,32.0,6-16,0-1,5-10,5.0,5.0,10.0,4.0,4.0,1.0,3.0,4.0,17.0,4.0,6.0,16.0,0.0,1.0,5.0,10.0,0.3125,0.6666666666666666,1.333
20260524_PHX_ATL,"Sunday, May 24, 2026",regular_season,Atlanta Dream,Phoenix Mercury,Allisha Gray,G,36.0,7-15,2-5,2-3,0.0,1.0,1.0,0.0,1.0,0.0,3.0,1.0,18.0,7.0,7.0,15.0,2.0,5.0,2.0,3.0,0.5333333333333333,0.0,0.0
20260524_PHX_ATL,"Sunday, May 24, 2026",regular_season,Atlanta Dream,Phoenix Mercury,Jordin Canada,G,31.0,4-8,0-2,3-5,0.0,7.0,7.0,14.0,3.0,1.0,1.0,4.0,11.0,12.0,4.0,8.0,0.0,2.0,3.0,5.0,0.375,3.5,14.0
20260524_PHX_ATL,"Sunday, May 24, 2026",regular_season,Atlanta Dream,Phoenix Mercury,Rhyne Howard,G,34.0,7-15,6-12,1-2,3.0,5.0,8.0,0.0,1.0,0.0,2.0,3.0,21.0,2.0,7.0,15.0,6.0,12.0,1.0,2.0,1.2666666666666666,0.0,0.0
20260524_PHX_ATL,"Sunday, May 24, 2026",regular_season,Atlanta Dream,Phoenix Mercury,Sika Kone,F,6.0,0-1,0-0,0-0,0.0,0.0,0.0,0.0,0.0,0.0,0.0,0.0,0.0,-11.0,0.0,1.0,0.0,0.0,0.0,0.0,0.0,,0.0
20260524_PHX_ATL,"Sunday, May 24, 2026",regular_season,Atlanta Dream,Phoenix Mercury,Madina Okot,C,7.0,0-2,0-0,0-0,1.0,1.0,2.0,0.0,0.0,0.0,4.0,3.0,0.0,-6.0,0.0,2.0,0.0,0.0,0.0,0.0,0.0,,0.0
20260524_PHX_ATL,"Sunday, May 24, 2026",regular_season,Atlanta Dream,Phoenix Mercury,Te-Hina Paopao,G,14.0,1-1,1-1,0-0,0.0,1.0,1.0,2.0,0.0,0.0,0.0,1.0,3.0,-4.0,1.0,1.0,1.0,1.0,0.0,0.0,3.0,2.0,999.0
20260524_PHX_ATL,"Sunday, May 24, 2026",regular_season,Atlanta Dream,Phoenix Mercury,Aaliyah Nye,G,0.0,0-0,0-0,0-0,0.0,0.0,0.0,0.0,0.0,0.0,0.0,0.0,0.0,0.0,0.0,0.0,0.0,0.0,0.0,0.0,,,0.0
20260524_PHX_ATL,"Sunday, May 24, 2026",regular_season,Atlanta Dream,Phoenix Mercury,Indya Nivar,G,2.0,1-1,1-1,0-0,0.0,1.0,1.0,0.0,0.0,0.0,0.0,0.0,3.0,0.0,1.0,1.0,1.0,1.0,0.0,0.0,3.0,0.0,0.0
20260524_PHX_ATL,"Sunday, May 24, 2026",regular_season,Atlanta Dream,Phoenix Mercury,Isobel Borlase,G,16.0,2-7,1-4,0-0,1.0,3.0,4.0,2.0,0.0,1.0,0.0,0.0,5.0,7.0,2.0,7.0,1.0,4.0,0.0,0.0,0.42857142857142855,1.0,999.0
20260524_PHX_ATL,"Sunday, May 24, 2026",regular_season,Atlanta Dream,Phoenix Mercury,Brionna Jones,F,,,,,,,,,,,,,,,,,,,,,,,
20260524_DAL_NY,"Sunday, May 24, 2026",regular_season,Dallas Wings,New York Liberty,Jessica Shepard,F,33.0,5-9,0-1,0-1,2.0,9.0,11.0,6.0,0.0,0.0,1.0,3.0,10.0,21.0,5.0,9.0,0.0,1.0,0.0,1.0,0.0,1.2,6.0
20260524_DAL_NY,"Sunday, May 24, 2026",regular_season,Dallas Wings,New York Liberty,Alanna Smith,F,15.0,0-1,0-1,0-0,0.0,2.0,2.0,3.0,1.0,0.0,0.0,3.0,0.0,-9.0,0.0,1.0,0.0,1.0,0.0,0.0,0.0,,999.0
20260524_DAL_NY,"Sunday, May 24, 2026",regular_season,Dallas Wings,New York Liberty,Odyssey Sims,G,8.0,0-0,0-0,0-0,0.0,0.0,0.0,2.0,0.0,0.0,0.0,0.0,0.0,3.0,0.0,0.0,0.0,0.0,0.0,0.0,,,999.0
20260524_DAL_NY,"Sunday, May 24, 2026",regular_season,Dallas Wings,New York Liberty,Arike Ogunbowale,G,38.0,5-20,5-13,4-6,0.0,4.0,4.0,5.0,1.0,0.0,3.0,2.0,19.0,18.0,5.0,20.0,5.0,13.0,4.0,6.0,0.95,1.0,1.667
20260524_DAL_NY,"Sunday, May 24, 2026",regular_season,Dallas Wings,New York Liberty,Paige Bueckers,G,36.0,7-13,2-4,8-8,2.0,4.0,6.0,2.0,0.0,0.0,1.0,4.0,24.0,8.0,7.0,13.0,2.0,4.0,8.0,8.0,1.0769230769230769,0.2857142857142857,2.0
20260524_DAL_NY,"Sunday, May 24, 2026",regular_season,Dallas Wings,New York Liberty,Maddy Siegrist,F,6.0,1-1,0-0,0-0,0.0,1.0,1.0,0.0,1.0,1.0,1.0,1.0,2.0,2.0,1.0,1.0,0.0,0.0,0.0,0.0,0.0,0.0,0.0
20260524_DAL_NY,"Sunday, May 24, 2026",regular_season,Dallas Wings,New York Liberty,Awak Kuier,F,24.0,2-3,2-3,4-4,1.0,5.0,6.0,1.0,0.0,2.0,1.0,0.0,10.0,17.0,2.0,3.0,2.0,3.0,4.0,4.0,3.3333333333333335,0.5,1.0
20260524_DAL_NY,"Sunday, May 24, 2026",regular_season,Dallas Wings,New York Liberty,Li Yueru,C,3.0,0-1,0-1,0-0,0.0,1.0,1.0,0.0,0.0,0.0,0.0,0.0,0.0,-4.0,0.0,1.0,0.0,1.0,0.0,0.0,0.0,,0.0
20260524_DAL_NY,"Sunday, May 24, 2026",regular_season,Dallas Wings,New York Liberty,Azzi Fudd,G,32.0,9-15,6-12,0-0,0.0,2.0,2.0,3.0,3.0,2.0,1.0,3.0,24.0,22.0,9.0,15.0,6.0,12.0,0.0,0.0,1.2,0.3333333333333333,3.0
20260524_DAL_NY,"Sunday, May 24, 2026",regular_season,Dallas Wings,New York Liberty,Aziaha James,G,4.0,1-2,0-0,0-0,1.0,0.0,1.0,0.0,0.0,0.0,0.0,0.0,2.0,-3.0,1.0,2.0,0.0,0.0,0.0,0.0,0.0,0.0,0.0
20260524_DAL_NY,"Sunday, May 24, 2026",regular_season,Dallas Wings,New York Liberty,Alysha Clark,F,,,,,,,,,,,,,,,,,,,,,,,
20260524_DAL_NY,"Sunday, May 24, 2026",regular_season,Dallas Wings,New York Liberty,Dulcy Fankam Mendjiadeu,F,,,,,,,,,,,,,,,,,,,,,,,
20260524_DAL_NY,"Sunday, May 24, 2026",regular_season,Dallas Wings,New York Liberty,JJ Quinerly,G,,,,,,,,,,,,,,,,,,,,,,,
20260524_DAL_NY,"Sunday, May 24, 2026",regular_season,Dallas Wings,New York Liberty,Costanza Verona,G,,,,,,,,,,,,,,,,,,,,,,,
20260524_DAL_NY,"Sunday, May 24, 2026",regular_season,New York Liberty,Dallas Wings,Breanna Stewart,F,34.0,7-18,0-2,0-0,4.0,7.0,11.0,3.0,1.0,0.0,2.0,1.0,14.0,-17.0,7.0,18.0,0.0,2.0,0.0,0.0,0.0,0.42857142857142855,1.5
20260524_DAL_NY,"Sunday, May 24, 2026",regular_season,New York Liberty,Dallas Wings,Satou Sabally,F,25.0,6-14,3-6,5-5,1.0,1.0,2.0,2.0,0.0,0.0,1.0,4.0,20.0,-17.0,6.0,14.0,3.0,6.0,5.0,5.0,1.0,0.3333333333333333,2.0
20260524_DAL_NY,"Sunday, May 24, 2026",regular_season,New York Liberty,Dallas Wings,Jonquel Jones,C,29.0,5-11,0-3,4-5,2.0,5.0,7.0,2.0,1.0,0.0,1.0,3.0,14.0,-7.0,5.0,11.0,0.0,3.0,4.0,5.0,0.36363636363636365,0.4,2.0
20260524_DAL_NY,"Sunday, May 24, 2026",regular_season,New York Liberty,Dallas Wings,Marine Johannes,G,22.0,0-3,0-3,0-0,1.0,2.0,3.0,5.0,0.0,0.0,1.0,3.0,0.0,-1.0,0.0,3.0,0.0,3.0,0.0,0.0,0.0,,5.0
20260524_DAL_NY,"Sunday, May 24, 2026",regular_season,New York Liberty,Dallas Wings,Sabrina Ionescu,G,31.0,4-15,2-5,1-2,0.0,5.0,5.0,7.0,0.0,0.0,1.0,2.0,11.0,-13.0,4.0,15.0,2.0,5.0,1.0,2.0,0.4666666666666667,1.75,7.0
20260524_DAL_NY,"Sunday, May 24, 2026",regular_season,New York Liberty,Dallas Wings,Anneli Maley,F,11.0,0-2,0-2,0-0,2.0,1.0,3.0,0.0,1.0,0.0,0.0,4.0,0.0,4.0,0.0,2.0,0.0,2.0,0.0,0.0,0.0,,0.0
20260524_DAL_NY,"Sunday, May 24, 2026",regular_season,New York Liberty,Dallas Wings,Raquel Carrera,F,1.0,0-0,0-0,0-0,0.0,0.0,0.0,1.0,0.0,0.0,0.0,0.0,0.0,0.0,0.0,0.0,0.0,0.0,0.0,0.0,,,999.0
20260524_DAL_NY,"Sunday, May 24, 2026",regular_season,New York Liberty,Dallas Wings,Han Xu,C,12.0,2-4,2-3,0-0,0.0,2.0,2.0,0.0,0.0,0.0,0.0,0.0,6.0,-5.0,2.0,4.0,2.0,3.0,0.0,0.0,1.5,0.0,0.0
20260524_DAL_NY,"Sunday, May 24, 2026",regular_season,New York Liberty,Dallas Wings,Rebekah Gardner,G,16.0,2-2,0-0,0-0,0.0,1.0,1.0,0.0,0.0,0.0,1.0,0.0,4.0,-8.0,2.0,2.0,0.0,0.0,0.0,0.0,0.0,0.0,0.0
20260524_DAL_NY,"Sunday, May 24, 2026",regular_season,New York Liberty,Dallas Wings,Pauline Astier,G,18.0,2-3,1-2,2-2,0.0,0.0,0.0,1.0,1.0,0.0,2.0,1.0,7.0,-11.0,2.0,3.0,1.0,2.0,2.0,2.0,1.6666666666666667,0.5,0.5
20260524_DAL_NY,"Sunday, May 24, 2026",regular_season,New York Liberty,Dallas Wings,Rebecca Allen,G,,,,,,,,,,,,,,,,,,,,,,,
20260524_WSH_SEA,"Sunday, May 24, 2026",regular_season,Washington Mystics,Seattle Storm,Michaela Onyenwere,F,17.0,1-3,0-1,4-4,0.0,0.0,0.0,0.0,1.0,0.0,2.0,4.0,6.0,6.0,1.0,3.0,0.0,1.0,4.0,4.0,1.3333333333333333,0.0,0.0
20260524_WSH_SEA,"Sunday, May 24, 2026",regular_season,Washington Mystics,Seattle Storm,Kiki Iriafen,F,26.0,4-8,1-1,4-6,1.0,3.0,4.0,0.0,2.0,1.0,0.0,2.0,13.0,-10.0,4.0,8.0,1.0,1.0,4.0,6.0,0.875,0.0,0.0
20260524_WSH_SEA,"Sunday, May 24, 2026",regular_season,Washington Mystics,Seattle Storm,Shakira Austin,C,29.0,4-7,1-2,3-3,0.0,4.0,4.0,0.0,2.0,2.0,1.0,3.0,12.0,-10.0,4.0,7.0,1.0,2.0,3.0,3.0,0.8571428571428571,0.0,0.0
20260524_WSH_SEA,"Sunday, May 24, 2026",regular_season,Washington Mystics,Seattle Storm,Sonia Citron,G,32.0,3-6,0-2,10-11,1.0,4.0,5.0,2.0,2.0,0.0,2.0,2.0,16.0,-8.0,3.0,6.0,0.0,2.0,10.0,11.0,1.6666666666666667,0.6666666666666666,1.0
20260524_WSH_SEA,"Sunday, May 24, 2026",regular_season,Washington Mystics,Seattle Storm,Georgia Amoore,G,26.0,2-9,1-7,8-8,0.0,2.0,2.0,6.0,0.0,2.0,4.0,6.0,13.0,-13.0,2.0,9.0,1.0,7.0,8.0,8.0,1.2222222222222223,3.0,1.5
20260524_WSH_SEA,"Sunday, May 24, 2026",regular_season,Washington Mystics,Seattle Storm,Angela Dugalic,F,12.0,5-6,1-1,2-3,1.0,2.0,3.0,1.0,1.0,0.0,0.0,0.0,13.0,3.0,5.0,6.0,1.0,1.0,2.0,3.0,0.8333333333333334,0.2,999.0
20260524_WSH_SEA,"Sunday, May 24, 2026",regular_season,Washington Mystics,Seattle Storm,Lauren Betts,C,13.0,2-4,0-0,2-4,1.0,2.0,3.0,0.0,0.0,0.0,2.0,2.0,6.0,-7.0,2.0,4.0,0.0,0.0,2.0,4.0,0.5,0.0,0.0
20260524_WSH_SEA,"Sunday, May 24, 2026",regular_season,Washington Mystics,Seattle Storm,Rori Harmon,G,3.0,1-2,0-1,0-0,0.0,1.0,1.0,0.0,0.0,0.0,1.0,1.0,2.0,-2.0,1.0,2.0,0.0,1.0,0.0,0.0,0.0,0.0,0.0
20260524_WSH_SEA,"Sunday, May 24, 2026",regular_season,Washington Mystics,Seattle Storm,Lucy Olsen,G,4.0,0-1,0-1,0-0,0.0,2.0,2.0,2.0,0.0,0.0,0.0,0.0,0.0,-3.0,0.0,1.0,0.0,1.0,0.0,0.0,0.0,,999.0
20260524_WSH_SEA,"Sunday, May 24, 2026",regular_season,Washington Mystics,Seattle Storm,Cotie McMahon,G,16.0,0-3,0-1,2-2,2.0,0.0,2.0,1.0,1.0,0.0,0.0,4.0,2.0,-8.0,0.0,3.0,0.0,1.0,2.0,2.0,0.6666666666666666,,999.0
20260524_WSH_SEA,"Sunday, May 24, 2026",regular_season,Washington Mystics,Seattle Storm,Cassandre Prosper,G,22.0,1-8,0-3,0-0,0.0,0.0,0.0,2.0,0.0,0.0,1.0,2.0,2.0,-8.0,1.0,8.0,0.0,3.0,0.0,0.0,0.0,2.0,2.0
20260524_WSH_SEA,"Sunday, May 24, 2026",regular_season,Washington Mystics,Seattle Storm,Alex Wilson,G,,,,,,,,,,,,,,,,,,,,,,,
20260524_WSH_SEA,"Sunday, May 24, 2026",regular_season,Seattle Storm,Washington Mystics,Jordan Horston,F,20.0,2-4,1-3,0-0,0.0,3.0,3.0,1.0,1.0,0.0,1.0,3.0,5.0,6.0,2.0,4.0,1.0,3.0,0.0,0.0,0.75,0.5,1.0
20260524_WSH_SEA,"Sunday, May 24, 2026",regular_season,Seattle Storm,Washington Mystics,Stefanie Dolson,C,26.0,3-3,2-2,8-8,0.0,3.0,3.0,2.0,0.0,2.0,1.0,5.0,16.0,16.0,3.0,3.0,2.0,2.0,8.0,8.0,4.666666666666667,0.6666666666666666,2.0
20260524_WSH_SEA,"Sunday, May 24, 2026",regular_season,Seattle Storm,Washington Mystics,Natisha Hiedeman,G,28.0,7-12,4-6,6-6,0.0,1.0,1.0,5.0,0.0,0.0,2.0,3.0,24.0,4.0,7.0,12.0,4.0,6.0,6.0,6.0,1.5,0.7142857142857143,2.5
20260524_WSH_SEA,"Sunday, May 24, 2026",regular_season,Seattle Storm,Washington Mystics,Flau'jae Johnson,G,25.0,4-14,2-7,7-7,1.0,5.0,6.0,1.0,1.0,1.0,2.0,4.0,17.0,4.0,4.0,14.0,2.0,7.0,7.0,7.0,0.9285714285714286,0.25,0.5
20260524_WSH_SEA,"Sunday, May 24, 2026",regular_season,Seattle Storm,Washington Mystics,Jade Melbourne,G,25.0,0-6,0-2,3-4,1.0,1.0,2.0,6.0,2.0,0.0,2.0,4.0,3.0,6.0,0.0,6.0,0.0,2.0,3.0,4.0,0.5,,3.0
20260524_WSH_SEA,"Sunday, May 24, 2026",regular_season,Seattle Storm,Washington Mystics,Katie Lou Samuelson,F,18.0,1-2,1-2,0-0,0.0,2.0,2.0,2.0,0.0,0.0,1.0,0.0,3.0,12.0,1.0,2.0,1.0,2.0,0.0,0.0,1.5,2.0,2.0
20260524_WSH_SEA,"Sunday, May 24, 2026",regular_season,Seattle Storm,Washington Mystics,Mackenzie Holmes,F,14.0,1-2,0-0,0-0,1.0,3.0,4.0,0.0,3.0,0.0,0.0,3.0,2.0,-4.0,1.0,2.0,0.0,0.0,0.0,0.0,0.0,0.0,0.0
20260524_WSH_SEA,"Sunday, May 24, 2026",regular_season,Seattle Storm,Washington Mystics,Awa Fam,C,20.0,4-7,0-1,2-2,0.0,2.0,2.0,0.0,1.0,0.0,2.0,4.0,10.0,6.0,4.0,7.0,0.0,1.0,2.0,2.0,0.2857142857142857,0.0,0.0
20260524_WSH_SEA,"Sunday, May 24, 2026",regular_season,Seattle Storm,Washington Mystics,Lexie Brown,G,8.0,1-1,1-1,4-5,0.0,0.0,0.0,1.0,2.0,0.0,0.0,1.0,7.0,-3.0,1.0,1.0,1.0,1.0,4.0,5.0,7.0,1.0,999.0
20260524_WSH_SEA,"Sunday, May 24, 2026",regular_season,Seattle Storm,Washington Mystics,Zia Cooke,G,17.0,3-8,2-4,2-2,0.0,1.0,1.0,2.0,0.0,0.0,3.0,1.0,10.0,13.0,3.0,8.0,2.0,4.0,2.0,2.0,1.0,0.6666666666666666,0.667
20260524_WSH_SEA,"Sunday, May 24, 2026",regular_season,Seattle Storm,Washington Mystics,Joyner Holmes,F,,,,,,,,,,,,,,,,,,,,,,,
20260524_WSH_SEA,"Sunday, May 24, 2026",regular_season,Seattle Storm,Washington Mystics,Ezi Magbegor,F,,,,,,,,,,,,,,,,,,,,,,,
20260524_WSH_SEA,"Sunday, May 24, 2026",regular_season,Seattle Storm,Washington Mystics,Dominique Malonga,C,,,,,,,,,,,,,,,,,,,,,,,
20260526_POR_NY,"Tuesday, May 26, 2026",regular_season,Portland Fire,New York Liberty,Bridget Carleton,F,30.0,2-9,1-6,5-5,0.0,3.0,3.0,2.0,2.0,0.0,1.0,3.0,10.0,10.0,2.0,9.0,1.0,6.0,5.0,5.0,0.8888888888888888,1.0,2.0
20260526_POR_NY,"Tuesday, May 26, 2026",regular_season,Portland Fire,New York Liberty,Emily Engstler,F,28.0,3-6,1-3,1-2,1.0,4.0,5.0,2.0,4.0,4.0,1.0,2.0,8.0,10.0,3.0,6.0,1.0,3.0,1.0,2.0,0.6666666666666666,0.6666666666666666,2.0
20260526_POR_NY,"Tuesday, May 26, 2026",regular_season,Portland Fire,New York Liberty,Nyadiew Puoch,F,20.0,2-7,0-2,1-1,1.0,2.0,3.0,2.0,1.0,0.0,0.0,2.0,5.0,3.0,2.0,7.0,0.0,2.0,1.0,1.0,0.14285714285714285,1.0,999.0
20260526_POR_NY,"Tuesday, May 26, 2026",regular_season,Portland Fire,New York Liberty,Luisa Geiselsoder,C,22.0,2-9,2-4,0-0,0.0,5.0,5.0,2.0,2.0,0.0,0.0,3.0,6.0,11.0,2.0,9.0,2.0,4.0,0.0,0.0,0.6666666666666666,1.0,999.0
20260526_POR_NY,"Tuesday, May 26, 2026",regular_season,Portland Fire,New York Liberty,Carla Leite,G,22.0,8-14,1-2,1-2,0.0,0.0,0.0,2.0,1.0,0.0,4.0,1.0,18.0,9.0,8.0,14.0,1.0,2.0,1.0,2.0,0.2857142857142857,0.25,0.5
20260526_POR_NY,"Tuesday, May 26, 2026",regular_season,Portland Fire,New York Liberty,Megan Gustafson,C,18.0,5-8,1-2,0-0,0.0,1.0,1.0,0.0,0.0,0.0,0.0,4.0,11.0,-4.0,5.0,8.0,1.0,2.0,0.0,0.0,0.375,0.0,0.0
20260526_POR_NY,"Tuesday, May 26, 2026",regular_season,Portland Fire,New York Liberty,Serah Williams,C,11.0,1-5,0-0,2-4,2.0,1.0,3.0,0.0,0.0,1.0,0.0,2.0,4.0,-4.0,1.0,5.0,0.0,0.0,2.0,4.0,0.4,0.0,0.0
20260526_POR_NY,"Tuesday, May 26, 2026",regular_season,Portland Fire,New York Liberty,Karlie Samuelson,G,13.0,1-4,0-3,0-0,0.0,1.0,1.0,1.0,0.0,1.0,0.0,0.0,2.0,-4.0,1.0,4.0,0.0,3.0,0.0,0.0,0.0,1.0,999.0
20260526_POR_NY,"Tuesday, May 26, 2026",regular_season,Portland Fire,New York Liberty,Sarah Ashlee Barker,G,18.0,3-5,1-2,0-0,2.0,3.0,5.0,3.0,1.0,0.0,2.0,2.0,7.0,6.0,3.0,5.0,1.0,2.0,0.0,0.0,0.6,1.0,1.5
20260526_POR_NY,"Tuesday, May 26, 2026",regular_season,Portland Fire,New York Liberty,Teja Oblak,G,18.0,4-8,2-2,0-0,2.0,1.0,3.0,4.0,1.0,0.0,4.0,3.0,10.0,-2.0,4.0,8.0,2.0,2.0,0.0,0.0,0.75,1.0,1.0
20260526_POR_NY,"Tuesday, May 26, 2026",regular_season,Portland Fire,New York Liberty,Frieda Buhner,F,,,,,,,,,,,,,,,,,,,,,,,
20260526_POR_NY,"Tuesday, May 26, 2026",regular_season,Portland Fire,New York Liberty,Holly Winterburn,G,,,,,,,,,,,,,,,,,,,,,,,
20260526_POR_NY,"Tuesday, May 26, 2026",regular_season,Portland Fire,New York Liberty,Jordan Harrison,G,,,,,,,,,,,,,,,,,,,,,,,
20260526_POR_NY,"Tuesday, May 26, 2026",regular_season,New York Liberty,Portland Fire,Breanna Stewart,F,33.0,4-11,2-3,15-17,0.0,7.0,7.0,0.0,3.0,1.0,3.0,3.0,25.0,-4.0,4.0,11.0,2.0,3.0,15.0,17.0,1.9090909090909092,0.0,0.0
20260526_POR_NY,"Tuesday, May 26, 2026",regular_season,New York Liberty,Portland Fire,Satou Sabally,F,4.0,0-1,0-1,2-2,0.0,0.0,0.0,0.0,0.0,0.0,1.0,2.0,2.0,-7.0,0.0,1.0,0.0,1.0,2.0,2.0,2.0,,0.0
20260526_POR_NY,"Tuesday, May 26, 2026",regular_season,New York Liberty,Portland Fire,Jonquel Jones,C,32.0,3-11,1-5,5-5,3.0,8.0,11.0,4.0,0.0,4.0,3.0,5.0,12.0,-9.0,3.0,11.0,1.0,5.0,5.0,5.0,0.7272727272727273,1.3333333333333333,1.333
20260526_POR_NY,"Tuesday, May 26, 2026",regular_season,New York Liberty,Portland Fire,Marine Johannes,G,32.0,6-12,5-9,0-0,0.0,2.0,2.0,6.0,0.0,1.0,6.0,0.0,17.0,-2.0,6.0,12.0,5.0,9.0,0.0,0.0,1.25,1.0,1.0
20260526_POR_NY,"Tuesday, May 26, 2026",regular_season,New York Liberty,Portland Fire,Pauline Astier,G,32.0,2-4,0-1,0-0,0.0,3.0,3.0,3.0,0.0,0.0,3.0,5.0,4.0,-14.0,2.0,4.0,0.0,1.0,0.0,0.0,0.0,1.5,1.0
20260526_POR_NY,"Tuesday, May 26, 2026",regular_season,New York Liberty,Portland Fire,Anneli Maley,F,11.0,0-0,0-0,0-0,0.0,0.0,0.0,0.0,2.0,0.0,0.0,1.0,0.0,-3.0,0.0,0.0,0.0,0.0,0.0,0.0,,,0.0
20260526_POR_NY,"Tuesday, May 26, 2026",regular_season,New York Liberty,Portland Fire,Han Xu,C,16.0,4-5,0-1,0-0,1.0,0.0,1.0,2.0,2.0,1.0,0.0,0.0,8.0,3.0,4.0,5.0,0.0,1.0,0.0,0.0,0.0,0.5,999.0
20260526_POR_NY,"Tuesday, May 26, 2026",regular_season,New York Liberty,Portland Fire,Rebekah Gardner,G,17.0,2-4,0-0,0-0,0.0,0.0,0.0,1.0,0.0,0.0,3.0,1.0,4.0,6.0,2.0,4.0,0.0,0.0,0.0,0.0,0.0,0.5,0.333
20260526_POR_NY,"Tuesday, May 26, 2026",regular_season,New York Liberty,Portland Fire,Rebecca Allen,G,24.0,0-4,0-4,2-2,0.0,3.0,3.0,1.0,1.0,1.0,0.0,3.0,2.0,-5.0,0.0,4.0,0.0,4.0,2.0,2.0,0.5,,999.0
20260526_POR_NY,"Tuesday, May 26, 2026",regular_season,New York Liberty,Portland Fire,Raquel Carrera,F,,,,,,,,,,,,,,,,,,,,,,,
20260526_CON_GS,"Tuesday, May 26, 2026",regular_season,Connecticut Sun,Golden State Valkyries,Aaliyah Edwards,F,21.0,3-8,0-1,2-2,1.0,4.0,5.0,0.0,1.0,1.0,3.0,2.0,8.0,-17.0,3.0,8.0,0.0,1.0,2.0,2.0,0.25,0.0,0.0
20260526_CON_GS,"Tuesday, May 26, 2026",regular_season,Connecticut Sun,Golden State Valkyries,Diamond Miller,F,17.0,0-3,0-2,4-4,0.0,1.0,1.0,0.0,1.0,0.0,3.0,2.0,4.0,-15.0,0.0,3.0,0.0,2.0,4.0,4.0,1.3333333333333333,,0.0
20260526_CON_GS,"Tuesday, May 26, 2026",regular_season,Connecticut Sun,Golden State Valkyries,Kennedy Burke,G,20.0,1-3,0-1,1-2,0.0,2.0,2.0,0.0,2.0,0.0,2.0,0.0,3.0,-14.0,1.0,3.0,0.0,1.0,1.0,2.0,0.3333333333333333,0.0,0.0
20260526_CON_GS,"Tuesday, May 26, 2026",regular_season,Connecticut Sun,Golden State Valkyries,Charlisse Leger-Walker,G,19.0,3-5,2-3,1-2,0.0,2.0,2.0,2.0,1.0,0.0,2.0,4.0,9.0,-16.0,3.0,5.0,2.0,3.0,1.0,2.0,1.4,0.6666666666666666,1.0
20260526_CON_GS,"Tuesday, May 26, 2026",regular_season,Connecticut Sun,Golden State Valkyries,Gianna Kneepkens,G,12.0,2-2,0-0,2-2,1.0,0.0,1.0,1.0,1.0,0.0,0.0,2.0,6.0,-12.0,2.0,2.0,0.0,0.0,2.0,2.0,1.0,0.5,999.0
20260526_CON_GS,"Tuesday, May 26, 2026",regular_season,Connecticut Sun,Golden State Valkyries,Aneesah Morrow,F,23.0,4-8,1-3,2-4,3.0,7.0,10.0,2.0,0.0,0.0,1.0,1.0,11.0,-16.0,4.0,8.0,1.0,3.0,2.0,4.0,0.625,0.5,2.0
20260526_CON_GS,"Tuesday, May 26, 2026",regular_season,Connecticut Sun,Golden State Valkyries,Raegan Beers,F,7.0,1-1,0-0,1-1,0.0,3.0,3.0,0.0,1.0,0.0,1.0,3.0,3.0,1.0,1.0,1.0,0.0,0.0,1.0,1.0,1.0,0.0,0.0
20260526_CON_GS,"Tuesday, May 26, 2026",regular_season,Connecticut Sun,Golden State Valkyries,Nell Angloma,F,14.0,2-4,1-2,1-2,1.0,0.0,1.0,0.0,0.0,0.0,2.0,2.0,6.0,-8.0,2.0,4.0,1.0,2.0,1.0,2.0,1.0,0.0,0.0
20260526_CON_GS,"Tuesday, May 26, 2026",regular_season,Connecticut Sun,Golden State Valkyries,Olivia Nelson-Ododa,C,12.0,2-5,0-0,3-4,1.0,0.0,1.0,5.0,0.0,2.0,2.0,6.0,7.0,-11.0,2.0,5.0,0.0,0.0,3.0,4.0,0.6,2.5,2.5
20260526_CON_GS,"Tuesday, May 26, 2026",regular_season,Connecticut Sun,Golden State Valkyries,Hailey Van Lith,G,20.0,2-7,0-0,1-1,0.0,2.0,2.0,2.0,1.0,0.0,0.0,0.0,5.0,-9.0,2.0,7.0,0.0,0.0,1.0,1.0,0.14285714285714285,1.0,999.0
20260526_CON_GS,"Tuesday, May 26, 2026",regular_season,Connecticut Sun,Golden State Valkyries,Saniya Rivers,G,22.0,0-8,0-3,2-2,1.0,2.0,3.0,0.0,1.0,1.0,2.0,4.0,2.0,-16.0,0.0,8.0,0.0,3.0,2.0,2.0,0.25,,0.0
20260526_CON_GS,"Tuesday, May 26, 2026",regular_season,Connecticut Sun,Golden State Valkyries,Ashlon Jackson,G,14.0,2-3,2-3,0-2,0.0,1.0,1.0,1.0,1.0,0.0,0.0,0.0,6.0,-2.0,2.0,3.0,2.0,3.0,0.0,2.0,2.0,0.5,999.0
20260526_CON_GS,"Tuesday, May 26, 2026",regular_season,Connecticut Sun,Golden State Valkyries,Brittney Griner,C,,,,,,,,,,,,,,,,,,,,,,,
20260526_CON_GS,"Tuesday, May 26, 2026",regular_season,Golden State Valkyries,Connecticut Sun,Kayla Thornton,F,16.0,1-6,1-4,2-2,1.0,7.0,8.0,2.0,3.0,0.0,2.0,3.0,5.0,26.0,1.0,6.0,1.0,4.0,2.0,2.0,0.8333333333333334,2.0,1.0
20260526_CON_GS,"Tuesday, May 26, 2026",regular_season,Golden State Valkyries,Connecticut Sun,Gabby Williams,F,18.0,6-10,3-5,0-0,0.0,2.0,2.0,1.0,0.0,0.0,0.0,0.0,15.0,21.0,6.0,10.0,3.0,5.0,0.0,0.0,0.9,0.16666666666666666,999.0
20260526_CON_GS,"Tuesday, May 26, 2026",regular_season,Golden State Valkyries,Connecticut Sun,Kiah Stokes,C,13.0,0-2,0-0,1-2,0.0,1.0,1.0,1.0,1.0,0.0,0.0,4.0,1.0,16.0,0.0,2.0,0.0,0.0,1.0,2.0,0.5,,999.0
20260526_CON_GS,"Tuesday, May 26, 2026",regular_season,Golden State Valkyries,Connecticut Sun,Kaila Charles,G,21.0,5-8,2-2,0-1,2.0,5.0,7.0,0.0,2.0,0.0,2.0,0.0,12.0,27.0,5.0,8.0,2.0,2.0,0.0,1.0,0.75,0.0,0.0
20260526_CON_GS,"Tuesday, May 26, 2026",regular_season,Golden State Valkyries,Connecticut Sun,Veronica Burton,G,17.0,4-6,2-2,1-1,1.0,1.0,2.0,6.0,0.0,0.0,0.0,3.0,11.0,17.0,4.0,6.0,2.0,2.0,1.0,1.0,1.1666666666666667,1.5,999.0
20260526_CON_GS,"Tuesday, May 26, 2026",regular_season,Golden State Valkyries,Connecticut Sun,Cecilia Zandalasini,F,14.0,2-5,2-4,0-1,0.0,1.0,1.0,1.0,0.0,0.0,2.0,1.0,6.0,2.0,2.0,5.0,2.0,4.0,0.0,1.0,1.2,0.5,0.5
20260526_CON_GS,"Tuesday, May 26, 2026",regular_season,Golden State Valkyries,Connecticut Sun,Laeticia Amihere,F,19.0,3-5,0-0,3-5,2.0,2.0,4.0,3.0,0.0,2.0,0.0,1.0,9.0,4.0,3.0,5.0,0.0,0.0,3.0,5.0,0.6,1.0,999.0
20260526_CON_GS,"Tuesday, May 26, 2026",regular_season,Golden State Valkyries,Connecticut Sun,Ashten Prechtel,F,5.0,2-3,1-2,0-0,1.0,0.0,1.0,0.0,0.0,0.0,1.0,0.0,5.0,-2.0,2.0,3.0,1.0,2.0,0.0,0.0,1.0,0.0,0.0
20260526_CON_GS,"Tuesday, May 26, 2026",regular_season,Golden State Valkyries,Connecticut Sun,Janelle Salaun,F,26.0,3-13,1-9,2-4,1.0,3.0,4.0,2.0,1.0,0.0,3.0,5.0,9.0,10.0,3.0,13.0,1.0,9.0,2.0,4.0,0.38461538461538464,0.6666666666666666,0.667
20260526_CON_GS,"Tuesday, May 26, 2026",regular_season,Golden State Valkyries,Connecticut Sun,Tiffany Hayes,G,17.0,3-7,0-2,3-3,0.0,2.0,2.0,3.0,0.0,0.0,0.0,2.0,9.0,6.0,3.0,7.0,0.0,2.0,3.0,3.0,0.42857142857142855,1.0,999.0
20260526_CON_GS,"Tuesday, May 26, 2026",regular_season,Golden State Valkyries,Connecticut Sun,Kaitlyn Chen,G,23.0,3-5,0-1,4-4,2.0,0.0,2.0,2.0,0.0,0.0,1.0,3.0,10.0,10.0,3.0,5.0,0.0,1.0,4.0,4.0,0.8,0.6666666666666666,2.0
20260526_CON_GS,"Tuesday, May 26, 2026",regular_season,Golden State Valkyries,Connecticut Sun,Ndjakalenga Mwenentanda,G,6.0,0-1,0-1,0-0,1.0,0.0,1.0,1.0,0.0,0.0,0.0,1.0,0.0,0.0,0.0,1.0,0.0,1.0,0.0,0.0,0.0,,999.0
20260526_CON_GS,"Tuesday, May 26, 2026",regular_season,Golden State Valkyries,Connecticut Sun,Juste Jocyte,G,5.0,2-2,1-1,0-0,0.0,0.0,0.0,2.0,0.0,0.0,1.0,2.0,5.0,-2.0,2.0,2.0,1.0,1.0,0.0,0.0,1.5,1.0,2.0
20260527_PHX_NY,"Wednesday, May 27, 2026",regular_season,Phoenix Mercury,New York Liberty,Alyssa Thomas,F,32.0,4-9,0-0,1-3,3.0,4.0,7.0,9.0,3.0,0.0,4.0,4.0,9.0,-13.0,4.0,9.0,0.0,0.0,1.0,3.0,0.1111111111111111,2.25,2.25
20260527_PHX_NY,"Wednesday, May 27, 2026",regular_season,Phoenix Mercury,New York Liberty,Natasha Mack,F,28.0,6-7,0-0,2-2,1.0,5.0,6.0,1.0,0.0,2.0,1.0,1.0,14.0,-5.0,6.0,7.0,0.0,0.0,2.0,2.0,0.2857142857142857,0.16666666666666666,1.0
20260527_PHX_NY,"Wednesday, May 27, 2026",regular_season,Phoenix Mercury,New York Liberty,Noemie Brochant,F,19.0,1-4,1-4,0-0,0.0,2.0,2.0,1.0,1.0,1.0,0.0,2.0,3.0,-1.0,1.0,4.0,1.0,4.0,0.0,0.0,0.75,1.0,999.0
20260527_PHX_NY,"Wednesday, May 27, 2026",regular_season,Phoenix Mercury,New York Liberty,Kahleah Copper,G,36.0,6-18,2-9,5-6,0.0,2.0,2.0,2.0,1.0,0.0,2.0,3.0,19.0,-13.0,6.0,18.0,2.0,9.0,5.0,6.0,0.6111111111111112,0.3333333333333333,1.0
20260527_PHX_NY,"Wednesday, May 27, 2026",regular_season,Phoenix Mercury,New York Liberty,Monique Akoa Makani,G,19.0,2-5,2-4,3-4,0.0,2.0,2.0,4.0,2.0,0.0,3.0,2.0,9.0,9.0,2.0,5.0,2.0,4.0,3.0,4.0,1.8,2.0,1.333
20260527_PHX_NY,"Wednesday, May 27, 2026",regular_season,Phoenix Mercury,New York Liberty,DeWanna Bonner,F,24.0,1-5,0-4,0-0,1.0,4.0,5.0,0.0,0.0,0.0,1.0,5.0,2.0,-11.0,1.0,5.0,0.0,4.0,0.0,0.0,0.0,0.0,0.0
20260527_PHX_NY,"Wednesday, May 27, 2026",regular_season,Phoenix Mercury,New York Liberty,Valeriane Ayayi,F,9.0,0-1,0-0,3-4,0.0,0.0,0.0,0.0,0.0,0.0,1.0,2.0,3.0,-7.0,0.0,1.0,0.0,0.0,3.0,4.0,3.0,,0.0
20260527_PHX_NY,"Wednesday, May 27, 2026",regular_season,Phoenix Mercury,New York Liberty,Kyara Linskens,C,12.0,1-3,1-2,0-2,1.0,5.0,6.0,1.0,0.0,2.0,2.0,2.0,3.0,-5.0,1.0,3.0,1.0,2.0,0.0,2.0,1.0,1.0,0.5
20260527_PHX_NY,"Wednesday, May 27, 2026",regular_season,Phoenix Mercury,New York Liberty,Jovana Nogic,G,14.0,3-5,3-5,0-1,1.0,1.0,2.0,1.0,0.0,0.0,2.0,0.0,9.0,-4.0,3.0,5.0,3.0,5.0,0.0,1.0,1.8,0.3333333333333333,0.5
20260527_PHX_NY,"Wednesday, May 27, 2026",regular_season,Phoenix Mercury,New York Liberty,Kiana Williams,G,7.0,1-2,1-2,0-0,0.0,0.0,0.0,0.0,0.0,0.0,0.0,0.0,3.0,0.0,1.0,2.0,1.0,2.0,0.0,0.0,1.5,0.0,0.0
20260527_PHX_NY,"Wednesday, May 27, 2026",regular_season,Phoenix Mercury,New York Liberty,Marta Suarez,F,,,,,,,,,,,,,,,,,,,,,,,
20260527_PHX_NY,"Wednesday, May 27, 2026",regular_season,Phoenix Mercury,New York Liberty,Quionche Carter,G,,,,,,,,,,,,,,,,,,,,,,,
20260527_PHX_NY,"Wednesday, May 27, 2026",regular_season,New York Liberty,Phoenix Mercury,Breanna Stewart,F,34.0,4-10,0-3,3-3,0.0,6.0,6.0,2.0,1.0,0.0,4.0,2.0,11.0,10.0,4.0,10.0,0.0,3.0,3.0,3.0,0.3,0.5,0.5
20260527_PHX_NY,"Wednesday, May 27, 2026",regular_season,New York Liberty,Phoenix Mercury,Leonie Fiebich,F,33.0,3-4,2-3,1-1,0.0,0.0,0.0,1.0,2.0,0.0,3.0,3.0,9.0,5.0,3.0,4.0,2.0,3.0,1.0,1.0,1.75,0.3333333333333333,0.333
20260527_PHX_NY,"Wednesday, May 27, 2026",regular_season,New York Liberty,Phoenix Mercury,Jonquel Jones,C,31.0,5-16,3-7,4-4,3.0,9.0,12.0,4.0,1.0,0.0,0.0,0.0,17.0,15.0,5.0,16.0,3.0,7.0,4.0,4.0,0.8125,0.8,999.0
20260527_PHX_NY,"Wednesday, May 27, 2026",regular_season,New York Liberty,Phoenix Mercury,Marine Johannes,G,24.0,7-11,7-9,0-0,0.0,3.0,3.0,5.0,2.0,0.0,1.0,4.0,21.0,-1.0,7.0,11.0,7.0,9.0,0.0,0.0,1.9090909090909092,0.7142857142857143,5.0
20260527_PHX_NY,"Wednesday, May 27, 2026",regular_season,New York Liberty,Phoenix Mercury,Pauline Astier,G,23.0,3-7,0-1,1-1,2.0,2.0,4.0,4.0,0.0,2.0,2.0,2.0,7.0,2.0,3.0,7.0,0.0,1.0,1.0,1.0,0.14285714285714285,1.3333333333333333,2.0
20260527_PHX_NY,"Wednesday, May 27, 2026",regular_season,New York Liberty,Phoenix Mercury,Raquel Carrera,F,1.0,0-0,0-0,0-0,0.0,0.0,0.0,0.0,0.0,0.0,0.0,1.0,0.0,-5.0,0.0,0.0,0.0,0.0,0.0,0.0,,,0.0
20260527_PHX_NY,"Wednesday, May 27, 2026",regular_season,New York Liberty,Phoenix Mercury,Han Xu,C,11.0,3-6,1-2,1-1,1.0,2.0,3.0,0.0,1.0,0.0,0.0,1.0,8.0,-5.0,3.0,6.0,1.0,2.0,1.0,1.0,0.6666666666666666,0.0,0.0
20260527_PHX_NY,"Wednesday, May 27, 2026",regular_season,New York Liberty,Phoenix Mercury,Rebekah Gardner,G,18.0,1-3,0-1,0-0,0.0,2.0,2.0,1.0,1.0,0.0,0.0,3.0,2.0,6.0,1.0,3.0,0.0,1.0,0.0,0.0,0.0,1.0,999.0
20260527_PHX_NY,"Wednesday, May 27, 2026",regular_season,New York Liberty,Phoenix Mercury,Betnijah Laney-Hamilton,G,13.0,2-5,1-1,2-2,0.0,0.0,0.0,2.0,1.0,0.0,0.0,3.0,7.0,15.0,2.0,5.0,1.0,1.0,2.0,2.0,1.0,1.0,999.0
20260527_PHX_NY,"Wednesday, May 27, 2026",regular_season,New York Liberty,Phoenix Mercury,Rebecca Allen,G,13.0,0-5,0-3,2-2,0.0,2.0,2.0,0.0,0.0,0.0,1.0,1.0,2.0,8.0,0.0,5.0,0.0,3.0,2.0,2.0,0.4,,0.0
20260528_TOR_CHI,"Thursday, May 28, 2026",regular_season,Toronto Tempo,Chicago Sky,Nyara Sabally,F,28.0,11-14,3-4,4-6,2.0,4.0,6.0,2.0,2.0,2.0,2.0,4.0,29.0,2.0,11.0,14.0,3.0,4.0,4.0,6.0,0.9285714285714286,0.18181818181818182,1.0
20260528_TOR_CHI,"Thursday, May 28, 2026",regular_season,Toronto Tempo,Chicago Sky,Laura Juskaite,F,22.0,3-4,1-1,0-0,0.0,2.0,2.0,2.0,0.0,1.0,1.0,5.0,7.0,8.0,3.0,4.0,1.0,1.0,0.0,0.0,0.75,0.6666666666666666,2.0
20260528_TOR_CHI,"Thursday, May 28, 2026",regular_season,Toronto Tempo,Chicago Sky,Brittney Sykes,G,35.0,6-14,1-4,7-8,1.0,5.0,6.0,2.0,0.0,1.0,0.0,0.0,20.0,3.0,6.0,14.0,1.0,4.0,7.0,8.0,0.7142857142857143,0.3333333333333333,999.0
20260528_TOR_CHI,"Thursday, May 28, 2026",regular_season,Toronto Tempo,Chicago Sky,Marina Mabrey,G,28.0,9-13,3-7,3-4,2.0,2.0,4.0,7.0,1.0,0.0,2.0,5.0,24.0,9.0,9.0,13.0,3.0,7.0,3.0,4.0,0.9230769230769231,0.7777777777777778,3.5
20260528_TOR_CHI,"Thursday, May 28, 2026",regular_season,Toronto Tempo,Chicago Sky,Kiki Rice,G,34.0,3-7,0-2,8-9,1.0,7.0,8.0,7.0,2.0,0.0,3.0,4.0,14.0,11.0,3.0,7.0,0.0,2.0,8.0,9.0,1.1428571428571428,2.3333333333333335,2.333
20260528_TOR_CHI,"Thursday, May 28, 2026",regular_season,Toronto Tempo,Chicago Sky,Maria Conde,F,21.0,4-9,3-6,1-1,1.0,3.0,4.0,0.0,0.0,0.0,1.0,3.0,12.0,-7.0,4.0,9.0,3.0,6.0,1.0,1.0,1.1111111111111112,0.0,0.0
20260528_TOR_CHI,"Thursday, May 28, 2026",regular_season,Toronto Tempo,Chicago Sky,Teonni Key,F,10.0,1-2,1-1,0-0,0.0,1.0,1.0,0.0,0.0,0.0,2.0,3.0,3.0,4.0,1.0,2.0,1.0,1.0,0.0,0.0,1.5,0.0,0.0
20260528_TOR_CHI,"Thursday, May 28, 2026",regular_season,Toronto Tempo,Chicago Sky,Nikolina Milic,F,8.0,0-2,0-0,2-2,1.0,2.0,3.0,0.0,0.0,0.0,0.0,0.0,2.0,2.0,0.0,2.0,0.0,0.0,2.0,2.0,1.0,,0.0
20260528_TOR_CHI,"Thursday, May 28, 2026",regular_season,Toronto Tempo,Chicago Sky,Kia Nurse,G,8.0,0-1,0-1,0-0,0.0,1.0,1.0,0.0,0.0,0.0,0.0,1.0,0.0,2.0,0.0,1.0,0.0,1.0,0.0,0.0,0.0,,0.0
20260528_TOR_CHI,"Thursday, May 28, 2026",regular_season,Toronto Tempo,Chicago Sky,Lexi Held,G,6.0,0-0,0-0,0-0,2.0,0.0,2.0,2.0,1.0,0.0,2.0,0.0,0.0,1.0,0.0,0.0,0.0,0.0,0.0,0.0,,,1.0
20260528_TOR_CHI,"Thursday, May 28, 2026",regular_season,Toronto Tempo,Chicago Sky,Isabelle Harrison,F,,,,,,,,,,,,,,,,,,,,,,,
20260528_TOR_CHI,"Thursday, May 28, 2026",regular_season,Toronto Tempo,Chicago Sky,Temi Fagbenle,C,,,,,,,,,,,,,,,,,,,,,,,
20260528_TOR_CHI,"Thursday, May 28, 2026",regular_season,Toronto Tempo,Chicago Sky,Julie Allemand,G,,,,,,,,,,,,,,,,,,,,,,,
20260528_TOR_CHI,"Thursday, May 28, 2026",regular_season,Chicago Sky,Toronto Tempo,Azura Stevens,F,15.0,3-7,1-4,3-3,0.0,0.0,0.0,3.0,1.0,0.0,0.0,2.0,10.0,-1.0,3.0,7.0,1.0,4.0,3.0,3.0,0.8571428571428571,1.0,999.0
20260528_TOR_CHI,"Thursday, May 28, 2026",regular_season,Chicago Sky,Toronto Tempo,Kamilla Cardoso,C,22.0,1-5,0-0,0-0,2.0,3.0,5.0,3.0,0.0,0.0,1.0,2.0,2.0,-1.0,1.0,5.0,0.0,0.0,0.0,0.0,0.0,3.0,3.0
20260528_TOR_CHI,"Thursday, May 28, 2026",regular_season,Chicago Sky,Toronto Tempo,Skylar Diggins,G,36.0,8-16,1-6,6-7,0.0,2.0,2.0,9.0,1.0,2.0,0.0,2.0,23.0,-3.0,8.0,16.0,1.0,6.0,6.0,7.0,0.5625,1.125,999.0
20260528_TOR_CHI,"Thursday, May 28, 2026",regular_season,Chicago Sky,Toronto Tempo,Natasha Cloud,G,31.0,7-8,2-3,2-2,1.0,4.0,5.0,9.0,1.0,0.0,3.0,5.0,18.0,0.0,7.0,8.0,2.0,3.0,2.0,2.0,1.0,1.2857142857142858,3.0
20260528_TOR_CHI,"Thursday, May 28, 2026",regular_season,Chicago Sky,Toronto Tempo,Jacy Sheldon,G,19.0,2-6,0-3,0-0,0.0,0.0,0.0,0.0,0.0,0.0,0.0,4.0,4.0,-7.0,2.0,6.0,0.0,3.0,0.0,0.0,0.0,0.0,0.0
20260528_TOR_CHI,"Thursday, May 28, 2026",regular_season,Chicago Sky,Toronto Tempo,Elizabeth Williams,C,23.0,4-6,0-0,3-6,4.0,5.0,9.0,3.0,1.0,1.0,2.0,2.0,11.0,-8.0,4.0,6.0,0.0,0.0,3.0,6.0,0.5,0.75,1.5
20260528_TOR_CHI,"Thursday, May 28, 2026",regular_season,Chicago Sky,Toronto Tempo,Rachel Banham,G,13.0,0-1,0-1,0-0,0.0,1.0,1.0,1.0,0.0,0.0,2.0,3.0,0.0,-6.0,0.0,1.0,0.0,1.0,0.0,0.0,0.0,,0.5
20260528_TOR_CHI,"Thursday, May 28, 2026",regular_season,Chicago Sky,Toronto Tempo,Aicha Coulibaly,G,18.0,2-4,0-2,5-5,1.0,2.0,3.0,1.0,2.0,0.0,1.0,3.0,9.0,-5.0,2.0,4.0,0.0,2.0,5.0,5.0,1.25,0.5,1.0
20260528_TOR_CHI,"Thursday, May 28, 2026",regular_season,Chicago Sky,Toronto Tempo,Sydney Taylor,G,23.0,9-22,3-12,6-6,1.0,1.0,2.0,2.0,1.0,0.0,0.0,1.0,27.0,-4.0,9.0,22.0,3.0,12.0,6.0,6.0,0.6818181818181818,0.2222222222222222,999.0
20260528_TOR_CHI,"Thursday, May 28, 2026",regular_season,Chicago Sky,Toronto Tempo,Rickea Jackson,F,,,,,,,,,,,,,,,,,,,,,,,
20260528_TOR_CHI,"Thursday, May 28, 2026",regular_season,Chicago Sky,Toronto Tempo,Courtney Vandersloot,G,,,,,,,,,,,,,,,,,,,,,,,
20260528_TOR_CHI,"Thursday, May 28, 2026",regular_season,Chicago Sky,Toronto Tempo,DiJonai Carrington,G,,,,,,,,,,,,,,,,,,,,,,,
20260528_TOR_CHI,"Thursday, May 28, 2026",regular_season,Chicago Sky,Toronto Tempo,Saylor Poffenbarger,G,,,,,,,,,,,,,,,,,,,,,,,
20260528_TOR_CHI,"Thursday, May 28, 2026",regular_season,Chicago Sky,Toronto Tempo,Gabriela Jaquez,G,,,,,,,,,,,,,,,,,,,,,,,
20260528_ATL_MIN,"Thursday, May 28, 2026",regular_season,Atlanta Dream,Minnesota Lynx,Naz Hillmon,F,32.0,7-14,1-5,0-0,2.0,6.0,8.0,1.0,1.0,0.0,3.0,1.0,15.0,-18.0,7.0,14.0,1.0,5.0,0.0,0.0,0.21428571428571427,0.14285714285714285,0.333
20260528_ATL_MIN,"Thursday, May 28, 2026",regular_season,Atlanta Dream,Minnesota Lynx,Angel Reese,F,27.0,3-8,0-2,4-4,4.0,4.0,8.0,5.0,1.0,0.0,2.0,2.0,10.0,-16.0,3.0,8.0,0.0,2.0,4.0,4.0,0.5,1.6666666666666667,2.5
20260528_ATL_MIN,"Thursday, May 28, 2026",regular_season,Atlanta Dream,Minnesota Lynx,Allisha Gray,G,31.0,7-11,5-8,2-2,0.0,0.0,0.0,3.0,1.0,0.0,3.0,4.0,21.0,-15.0,7.0,11.0,5.0,8.0,2.0,2.0,1.5454545454545454,0.42857142857142855,1.0
20260528_ATL_MIN,"Thursday, May 28, 2026",regular_season,Atlanta Dream,Minnesota Lynx,Jordin Canada,G,29.0,2-6,1-3,4-4,0.0,1.0,1.0,5.0,0.0,0.0,4.0,0.0,9.0,-18.0,2.0,6.0,1.0,3.0,4.0,4.0,1.1666666666666667,2.5,1.25
20260528_ATL_MIN,"Thursday, May 28, 2026",regular_season,Atlanta Dream,Minnesota Lynx,Rhyne Howard,G,36.0,4-14,2-8,0-0,0.0,2.0,2.0,4.0,1.0,2.0,2.0,2.0,10.0,-12.0,4.0,14.0,2.0,8.0,0.0,0.0,0.42857142857142855,1.0,2.0
20260528_ATL_MIN,"Thursday, May 28, 2026",regular_season,Atlanta Dream,Minnesota Lynx,Sika Kone,F,9.0,2-4,1-3,0-0,1.0,2.0,3.0,0.0,0.0,0.0,0.0,1.0,5.0,8.0,2.0,4.0,1.0,3.0,0.0,0.0,0.75,0.0,0.0
20260528_ATL_MIN,"Thursday, May 28, 2026",regular_season,Atlanta Dream,Minnesota Lynx,Madina Okot,C,5.0,1-1,0-0,2-4,1.0,0.0,1.0,0.0,0.0,0.0,1.0,0.0,4.0,-5.0,1.0,1.0,0.0,0.0,2.0,4.0,2.0,0.0,0.0
20260528_ATL_MIN,"Thursday, May 28, 2026",regular_season,Atlanta Dream,Minnesota Lynx,Te-Hina Paopao,G,11.0,1-1,1-1,0-0,0.0,0.0,0.0,1.0,0.0,0.0,0.0,0.0,3.0,3.0,1.0,1.0,1.0,1.0,0.0,0.0,3.0,1.0,999.0
20260528_ATL_MIN,"Thursday, May 28, 2026",regular_season,Atlanta Dream,Minnesota Lynx,Aaliyah Nye,G,2.0,0-0,0-0,0-0,0.0,0.0,0.0,0.0,0.0,0.0,0.0,0.0,0.0,0.0,0.0,0.0,0.0,0.0,0.0,0.0,,,0.0
20260528_ATL_MIN,"Thursday, May 28, 2026",regular_season,Atlanta Dream,Minnesota Lynx,Indya Nivar,G,5.0,0-2,0-0,0-2,1.0,2.0,3.0,1.0,1.0,0.0,1.0,0.0,0.0,4.0,0.0,2.0,0.0,0.0,0.0,2.0,0.0,,1.0
20260528_ATL_MIN,"Thursday, May 28, 2026",regular_season,Atlanta Dream,Minnesota Lynx,Isobel Borlase,G,13.0,2-4,0-1,0-0,1.0,0.0,1.0,3.0,0.0,0.0,0.0,0.0,4.0,-6.0,2.0,4.0,0.0,1.0,0.0,0.0,0.0,1.5,999.0
20260528_ATL_MIN,"Thursday, May 28, 2026",regular_season,Atlanta Dream,Minnesota Lynx,Brionna Jones,F,,,,,,,,,,,,,,,,,,,,,,,
20260528_ATL_MIN,"Thursday, May 28, 2026",regular_season,Minnesota Lynx,Atlanta Dream,Natasha Howard,F,33.0,11-16,0-0,0-0,3.0,5.0,8.0,5.0,2.0,2.0,3.0,4.0,22.0,18.0,11.0,16.0,0.0,0.0,0.0,0.0,0.0,0.45454545454545453,1.667
20260528_ATL_MIN,"Thursday, May 28, 2026",regular_season,Minnesota Lynx,Atlanta Dream,Nia Coffey,F,31.0,6-10,2-5,0-0,0.0,5.0,5.0,3.0,1.0,0.0,0.0,2.0,14.0,16.0,6.0,10.0,2.0,5.0,0.0,0.0,0.6,0.5,999.0
20260528_ATL_MIN,"Thursday, May 28, 2026",regular_season,Minnesota Lynx,Atlanta Dream,Kayla McBride,G,34.0,4-10,1-4,3-3,0.0,2.0,2.0,1.0,3.0,0.0,2.0,1.0,12.0,20.0,4.0,10.0,1.0,4.0,3.0,3.0,0.6,0.25,0.5
20260528_ATL_MIN,"Thursday, May 28, 2026",regular_season,Minnesota Lynx,Atlanta Dream,Courtney Williams,G,33.0,10-15,3-5,2-2,1.0,2.0,3.0,7.0,1.0,0.0,4.0,1.0,25.0,10.0,10.0,15.0,3.0,5.0,2.0,2.0,0.7333333333333333,0.7,1.75
20260528_ATL_MIN,"Thursday, May 28, 2026",regular_season,Minnesota Lynx,Atlanta Dream,Olivia Miles,G,34.0,6-10,0-2,4-5,1.0,4.0,5.0,8.0,1.0,0.0,3.0,4.0,16.0,21.0,6.0,10.0,0.0,2.0,4.0,5.0,0.4,1.3333333333333333,2.667
20260528_ATL_MIN,"Thursday, May 28, 2026",regular_season,Minnesota Lynx,Atlanta Dream,Liatu King,F,9.0,1-1,1-1,0-0,0.0,1.0,1.0,0.0,0.0,0.0,0.0,1.0,3.0,-1.0,1.0,1.0,1.0,1.0,0.0,0.0,3.0,0.0,0.0
20260528_ATL_MIN,"Thursday, May 28, 2026",regular_season,Minnesota Lynx,Atlanta Dream,Antonia Delaere,F,6.0,0-1,0-1,0-0,0.0,0.0,0.0,0.0,1.0,0.0,0.0,0.0,0.0,-2.0,0.0,1.0,0.0,1.0,0.0,0.0,0.0,,0.0
20260528_ATL_MIN,"Thursday, May 28, 2026",regular_season,Minnesota Lynx,Atlanta Dream,Anastasiia Olairi Kosu,F,7.0,1-1,0-0,0-0,0.0,0.0,0.0,1.0,0.0,0.0,1.0,2.0,2.0,-3.0,1.0,1.0,0.0,0.0,0.0,0.0,0.0,1.0,1.0
20260528_ATL_MIN,"Thursday, May 28, 2026",regular_season,Minnesota Lynx,Atlanta Dream,Maya Caldwell,G,14.0,1-3,0-1,0-0,0.0,0.0,0.0,1.0,1.0,0.0,1.0,1.0,2.0,-4.0,1.0,3.0,0.0,1.0,0.0,0.0,0.0,1.0,1.0
20260528_ATL_MIN,"Thursday, May 28, 2026",regular_season,Minnesota Lynx,Atlanta Dream,Napheesa Collier,F,,,,,,,,,,,,,,,,,,,,,,,
20260528_ATL_MIN,"Thursday, May 28, 2026",regular_season,Minnesota Lynx,Atlanta Dream,Dorka Juhasz,F,,,,,,,,,,,,,,,,,,,,,,,
20260528_ATL_MIN,"Thursday, May 28, 2026",regular_season,Minnesota Lynx,Atlanta Dream,Emma Cechova,F,,,,,,,,,,,,,,,,,,,,,,,
20260528_CON_POR,"Thursday, May 28, 2026",regular_season,Connecticut Sun,Portland Fire,Aaliyah Edwards,F,5.0,0-0,0-0,0-2,2.0,0.0,2.0,0.0,0.0,0.0,0.0,0.0,0.0,-7.0,0.0,0.0,0.0,0.0,0.0,2.0,,,0.0
20260528_CON_POR,"Thursday, May 28, 2026",regular_season,Connecticut Sun,Portland Fire,Diamond Miller,F,20.0,2-6,0-2,1-2,0.0,0.0,0.0,1.0,2.0,0.0,1.0,4.0,5.0,-9.0,2.0,6.0,0.0,2.0,1.0,2.0,0.16666666666666666,0.5,1.0
20260528_CON_POR,"Thursday, May 28, 2026",regular_season,Connecticut Sun,Portland Fire,Aneesah Morrow,F,29.0,6-19,1-7,0-0,8.0,5.0,13.0,1.0,1.0,2.0,2.0,3.0,13.0,-6.0,6.0,19.0,1.0,7.0,0.0,0.0,0.15789473684210525,0.16666666666666666,0.5
20260528_CON_POR,"Thursday, May 28, 2026",regular_season,Connecticut Sun,Portland Fire,Saniya Rivers,G,23.0,3-11,0-3,1-2,1.0,0.0,1.0,2.0,0.0,0.0,3.0,0.0,7.0,-10.0,3.0,11.0,0.0,3.0,1.0,2.0,0.09090909090909091,0.6666666666666666,0.667
20260528_CON_POR,"Thursday, May 28, 2026",regular_season,Connecticut Sun,Portland Fire,Charlisse Leger-Walker,G,27.0,3-7,0-3,5-9,0.0,2.0,2.0,3.0,0.0,0.0,2.0,4.0,11.0,-14.0,3.0,7.0,0.0,3.0,5.0,9.0,0.7142857142857143,1.0,1.5
20260528_CON_POR,"Thursday, May 28, 2026",regular_season,Connecticut Sun,Portland Fire,Raegan Beers,F,14.0,2-2,0-0,0-0,0.0,4.0,4.0,2.0,0.0,0.0,0.0,2.0,4.0,-6.0,2.0,2.0,0.0,0.0,0.0,0.0,0.0,1.0,999.0
20260528_CON_POR,"Thursday, May 28, 2026",regular_season,Connecticut Sun,Portland Fire,Nell Angloma,F,4.0,0-0,0-0,0-0,0.0,0.0,0.0,0.0,0.0,0.0,0.0,2.0,0.0,1.0,0.0,0.0,0.0,0.0,0.0,0.0,,,0.0
20260528_CON_POR,"Thursday, May 28, 2026",regular_season,Connecticut Sun,Portland Fire,Olivia Nelson-Ododa,C,21.0,2-3,0-0,0-2,3.0,1.0,4.0,4.0,2.0,0.0,0.0,1.0,4.0,3.0,2.0,3.0,0.0,0.0,0.0,2.0,0.0,2.0,999.0
20260528_CON_POR,"Thursday, May 28, 2026",regular_season,Connecticut Sun,Portland Fire,Kennedy Burke,G,18.0,2-5,0-1,2-2,0.0,2.0,2.0,1.0,1.0,0.0,4.0,2.0,6.0,0.0,2.0,5.0,0.0,1.0,2.0,2.0,0.4,0.5,0.25
20260528_CON_POR,"Thursday, May 28, 2026",regular_season,Connecticut Sun,Portland Fire,Hailey Van Lith,G,13.0,3-5,0-2,1-1,0.0,2.0,2.0,0.0,0.0,1.0,2.0,3.0,7.0,4.0,3.0,5.0,0.0,2.0,1.0,1.0,0.2,0.0,0.0
20260528_CON_POR,"Thursday, May 28, 2026",regular_season,Connecticut Sun,Portland Fire,Gianna Kneepkens,G,9.0,1-2,0-1,2-2,0.0,1.0,1.0,0.0,0.0,0.0,0.0,1.0,4.0,-2.0,1.0,2.0,0.0,1.0,2.0,2.0,1.0,0.0,0.0
20260528_CON_POR,"Thursday, May 28, 2026",regular_season,Connecticut Sun,Portland Fire,Ashlon Jackson,G,17.0,0-2,0-2,0-0,0.0,2.0,2.0,3.0,3.0,0.0,3.0,0.0,0.0,-4.0,0.0,2.0,0.0,2.0,0.0,0.0,0.0,,1.0
20260528_CON_POR,"Thursday, May 28, 2026",regular_season,Connecticut Sun,Portland Fire,Brittney Griner,C,,,,,,,,,,,,,,,,,,,,,,,
20260528_CON_POR,"Thursday, May 28, 2026",regular_season,Portland Fire,Connecticut Sun,Bridget Carleton,F,29.0,5-10,2-5,1-1,2.0,5.0,7.0,3.0,1.0,0.0,2.0,1.0,13.0,0.0,5.0,10.0,2.0,5.0,1.0,1.0,0.7,0.6,1.5
20260528_CON_POR,"Thursday, May 28, 2026",regular_season,Portland Fire,Connecticut Sun,Emily Engstler,F,19.0,2-5,0-3,0-0,0.0,1.0,1.0,2.0,0.0,2.0,2.0,1.0,4.0,-7.0,2.0,5.0,0.0,3.0,0.0,0.0,0.0,1.0,1.0
20260528_CON_POR,"Thursday, May 28, 2026",regular_season,Portland Fire,Connecticut Sun,Nyadiew Puoch,F,18.0,1-3,0-2,0-4,0.0,0.0,0.0,0.0,1.0,0.0,2.0,3.0,2.0,-5.0,1.0,3.0,0.0,2.0,0.0,4.0,0.0,0.0,0.0
20260528_CON_POR,"Thursday, May 28, 2026",regular_season,Portland Fire,Connecticut Sun,Luisa Geiselsoder,C,19.0,1-4,1-3,0-0,1.0,0.0,1.0,2.0,2.0,0.0,1.0,2.0,3.0,-4.0,1.0,4.0,1.0,3.0,0.0,0.0,0.75,2.0,2.0
20260528_CON_POR,"Thursday, May 28, 2026",regular_season,Portland Fire,Connecticut Sun,Carla Leite,G,23.0,4-10,2-3,10-10,0.0,0.0,0.0,3.0,1.0,0.0,4.0,3.0,20.0,-1.0,4.0,10.0,2.0,3.0,10.0,10.0,1.6,0.75,0.75
20260528_CON_POR,"Thursday, May 28, 2026",regular_season,Portland Fire,Connecticut Sun,Frieda Buhner,F,13.0,4-5,1-1,0-0,0.0,1.0,1.0,0.0,0.0,0.0,0.0,0.0,9.0,13.0,4.0,5.0,1.0,1.0,0.0,0.0,0.6,0.0,0.0
20260528_CON_POR,"Thursday, May 28, 2026",regular_season,Portland Fire,Connecticut Sun,Megan Gustafson,C,18.0,3-6,1-2,3-4,1.0,3.0,4.0,2.0,0.0,0.0,0.0,3.0,10.0,15.0,3.0,6.0,1.0,2.0,3.0,4.0,1.0,0.6666666666666666,999.0
20260528_CON_POR,"Thursday, May 28, 2026",regular_season,Portland Fire,Connecticut Sun,Serah Williams,C,11.0,0-0,0-0,1-2,0.0,1.0,1.0,0.0,0.0,0.0,1.0,1.0,1.0,3.0,0.0,0.0,0.0,0.0,1.0,2.0,,,0.0
20260528_CON_POR,"Thursday, May 28, 2026",regular_season,Portland Fire,Connecticut Sun,Karlie Samuelson,G,12.0,0-2,0-2,0-0,0.0,0.0,0.0,1.0,1.0,0.0,0.0,1.0,0.0,6.0,0.0,2.0,0.0,2.0,0.0,0.0,0.0,,999.0
20260528_CON_POR,"Thursday, May 28, 2026",regular_season,Portland Fire,Connecticut Sun,Sarah Ashlee Barker,G,22.0,2-4,0-1,0-0,2.0,9.0,11.0,1.0,3.0,1.0,4.0,4.0,4.0,19.0,2.0,4.0,0.0,1.0,0.0,0.0,0.0,0.5,0.25
20260528_CON_POR,"Thursday, May 28, 2026",regular_season,Portland Fire,Connecticut Sun,Teja Oblak,G,17.0,2-3,0-0,1-3,0.0,0.0,0.0,2.0,1.0,0.0,3.0,2.0,5.0,11.0,2.0,3.0,0.0,0.0,1.0,3.0,0.3333333333333333,1.0,0.667
20260528_CON_POR,"Thursday, May 28, 2026",regular_season,Portland Fire,Connecticut Sun,Holly Winterburn,G,,,,,,,,,,,,,,,,,,,,,,,
20260528_WSH_SEA,"Thursday, May 28, 2026",regular_season,Washington Mystics,Seattle Storm,Michaela Onyenwere,F,22.0,5-10,3-7,1-2,2.0,0.0,2.0,2.0,0.0,0.0,2.0,2.0,14.0,2.0,5.0,10.0,3.0,7.0,1.0,2.0,1.0,0.4,1.0
20260528_WSH_SEA,"Thursday, May 28, 2026",regular_season,Washington Mystics,Seattle Storm,Kiki Iriafen,F,24.0,5-7,0-1,3-3,2.0,7.0,9.0,0.0,0.0,0.0,1.0,5.0,13.0,15.0,5.0,7.0,0.0,1.0,3.0,3.0,0.42857142857142855,0.0,0.0
20260528_WSH_SEA,"Thursday, May 28, 2026",regular_season,Washington Mystics,Seattle Storm,Shakira Austin,C,29.0,6-13,1-2,5-5,2.0,11.0,13.0,5.0,0.0,1.0,2.0,0.0,18.0,10.0,6.0,13.0,1.0,2.0,5.0,5.0,0.6153846153846154,0.8333333333333334,2.5
20260528_WSH_SEA,"Thursday, May 28, 2026",regular_season,Washington Mystics,Seattle Storm,Sonia Citron,G,30.0,3-12,1-2,0-0,2.0,2.0,4.0,3.0,1.0,0.0,1.0,1.0,7.0,14.0,3.0,12.0,1.0,2.0,0.0,0.0,0.25,1.0,3.0
20260528_WSH_SEA,"Thursday, May 28, 2026",regular_season,Washington Mystics,Seattle Storm,Georgia Amoore,G,27.0,2-3,1-1,2-2,0.0,0.0,0.0,2.0,0.0,0.0,2.0,3.0,7.0,7.0,2.0,3.0,1.0,1.0,2.0,2.0,1.6666666666666667,1.0,1.0
20260528_WSH_SEA,"Thursday, May 28, 2026",regular_season,Washington Mystics,Seattle Storm,Angela Dugalic,F,16.0,1-6,0-3,0-0,2.0,1.0,3.0,2.0,1.0,0.0,1.0,1.0,2.0,-1.0,1.0,6.0,0.0,3.0,0.0,0.0,0.0,2.0,2.0
20260528_WSH_SEA,"Thursday, May 28, 2026",regular_season,Washington Mystics,Seattle Storm,Lauren Betts,C,11.0,1-2,0-0,4-4,0.0,3.0,3.0,0.0,0.0,0.0,0.0,1.0,6.0,4.0,1.0,2.0,0.0,0.0,4.0,4.0,2.0,0.0,0.0
20260528_WSH_SEA,"Thursday, May 28, 2026",regular_season,Washington Mystics,Seattle Storm,Cotie McMahon,G,8.0,0-1,0-1,0-0,0.0,0.0,0.0,2.0,0.0,1.0,1.0,1.0,0.0,7.0,0.0,1.0,0.0,1.0,0.0,0.0,0.0,,2.0
20260528_WSH_SEA,"Thursday, May 28, 2026",regular_season,Washington Mystics,Seattle Storm,Cassandre Prosper,G,10.0,1-3,0-1,0-0,1.0,0.0,1.0,0.0,0.0,0.0,1.0,4.0,2.0,5.0,1.0,3.0,0.0,1.0,0.0,0.0,0.0,0.0,0.0
20260528_WSH_SEA,"Thursday, May 28, 2026",regular_season,Washington Mystics,Seattle Storm,Alicia Florez Getino,G,23.0,4-9,1-3,0-0,2.0,3.0,5.0,3.0,2.0,0.0,1.0,4.0,9.0,7.0,4.0,9.0,1.0,3.0,0.0,0.0,0.3333333333333333,0.75,3.0
20260528_WSH_SEA,"Thursday, May 28, 2026",regular_season,Washington Mystics,Seattle Storm,Rori Harmon,G,,,,,,,,,,,,,,,,,,,,,,,
20260528_WSH_SEA,"Thursday, May 28, 2026",regular_season,Washington Mystics,Seattle Storm,Lucy Olsen,G,,,,,,,,,,,,,,,,,,,,,,,
20260528_WSH_SEA,"Thursday, May 28, 2026",regular_season,Washington Mystics,Seattle Storm,Alex Wilson,G,,,,,,,,,,,,,,,,,,,,,,,
20260528_WSH_SEA,"Thursday, May 28, 2026",regular_season,Seattle Storm,Washington Mystics,Jordan Horston,F,19.0,1-5,0-1,2-2,1.0,4.0,5.0,3.0,0.0,1.0,1.0,3.0,4.0,-8.0,1.0,5.0,0.0,1.0,2.0,2.0,0.4,3.0,3.0
20260528_WSH_SEA,"Thursday, May 28, 2026",regular_season,Seattle Storm,Washington Mystics,Stefanie Dolson,C,20.0,0-3,0-2,0-0,1.0,2.0,3.0,1.0,1.0,0.0,0.0,2.0,0.0,-20.0,0.0,3.0,0.0,2.0,0.0,0.0,0.0,,999.0
20260528_WSH_SEA,"Thursday, May 28, 2026",regular_season,Seattle Storm,Washington Mystics,Natisha Hiedeman,G,28.0,2-9,1-5,3-3,0.0,2.0,2.0,1.0,1.0,0.0,3.0,1.0,8.0,-14.0,2.0,9.0,1.0,5.0,3.0,3.0,0.6666666666666666,0.5,0.333
20260528_WSH_SEA,"Thursday, May 28, 2026",regular_season,Seattle Storm,Washington Mystics,Flau'jae Johnson,G,29.0,3-13,0-4,2-2,1.0,1.0,2.0,2.0,0.0,2.0,0.0,3.0,8.0,-11.0,3.0,13.0,0.0,4.0,2.0,2.0,0.15384615384615385,0.6666666666666666,999.0
20260528_WSH_SEA,"Thursday, May 28, 2026",regular_season,Seattle Storm,Washington Mystics,Jade Melbourne,G,23.0,6-8,0-0,3-4,1.0,2.0,3.0,3.0,1.0,0.0,1.0,2.0,15.0,5.0,6.0,8.0,0.0,0.0,3.0,4.0,0.375,0.5,3.0
20260528_WSH_SEA,"Thursday, May 28, 2026",regular_season,Seattle Storm,Washington Mystics,Katie Lou Samuelson,F,15.0,2-3,1-2,3-4,0.0,1.0,1.0,0.0,2.0,0.0,0.0,1.0,8.0,-7.0,2.0,3.0,1.0,2.0,3.0,4.0,2.0,0.0,0.0
20260528_WSH_SEA,"Thursday, May 28, 2026",regular_season,Seattle Storm,Washington Mystics,Mackenzie Holmes,F,20.0,3-4,2-2,0-0,4.0,6.0,10.0,1.0,2.0,0.0,4.0,3.0,8.0,6.0,3.0,4.0,2.0,2.0,0.0,0.0,1.5,0.3333333333333333,0.25
20260528_WSH_SEA,"Thursday, May 28, 2026",regular_season,Seattle Storm,Washington Mystics,Awa Fam,C,17.0,2-5,0-1,2-4,4.0,1.0,5.0,0.0,0.0,0.0,1.0,4.0,6.0,-2.0,2.0,5.0,0.0,1.0,2.0,4.0,0.4,0.0,0.0
20260528_WSH_SEA,"Thursday, May 28, 2026",regular_season,Seattle Storm,Washington Mystics,Lexie Brown,G,11.0,1-3,1-3,0-0,0.0,0.0,0.0,1.0,0.0,0.0,0.0,0.0,3.0,-7.0,1.0,3.0,1.0,3.0,0.0,0.0,1.0,1.0,999.0
20260528_WSH_SEA,"Thursday, May 28, 2026",regular_season,Seattle Storm,Washington Mystics,Zia Cooke,G,18.0,2-10,0-3,0-0,0.0,0.0,0.0,2.0,0.0,0.0,1.0,2.0,4.0,-12.0,2.0,10.0,0.0,3.0,0.0,0.0,0.0,1.0,2.0
20260528_WSH_SEA,"Thursday, May 28, 2026",regular_season,Seattle Storm,Washington Mystics,Joyner Holmes,F,,,,,,,,,,,,,,,,,,,,,,,
20260528_WSH_SEA,"Thursday, May 28, 2026",regular_season,Seattle Storm,Washington Mystics,Ezi Magbegor,F,,,,,,,,,,,,,,,,,,,,,,,
20260528_WSH_SEA,"Thursday, May 28, 2026",regular_season,Seattle Storm,Washington Mystics,Dominique Malonga,C,,,,,,,,,,,,,,,,,,,,,,,
20260529_LV_DAL,"Friday, May 29, 2026",regular_season,Las Vegas Aces,Dallas Wings,Stephanie Talbot,F,7.0,1-1,0-0,0-0,1.0,2.0,3.0,1.0,0.0,0.0,1.0,0.0,2.0,-3.0,1.0,1.0,0.0,0.0,0.0,0.0,0.0,1.0,1.0
20260529_LV_DAL,"Friday, May 29, 2026",regular_season,Las Vegas Aces,Dallas Wings,NaLyssa Smith,F,27.0,4-5,0-0,1-4,4.0,8.0,12.0,0.0,0.0,1.0,1.0,3.0,9.0,-11.0,4.0,5.0,0.0,0.0,1.0,4.0,0.2,0.0,0.0
20260529_LV_DAL,"Friday, May 29, 2026",regular_season,Las Vegas Aces,Dallas Wings,A'ja Wilson,C,35.0,10-24,1-1,0-1,1.0,6.0,7.0,3.0,1.0,0.0,2.0,0.0,21.0,-12.0,10.0,24.0,1.0,1.0,0.0,1.0,0.125,0.3,1.5
20260529_LV_DAL,"Friday, May 29, 2026",regular_season,Las Vegas Aces,Dallas Wings,Chelsea Gray,G,34.0,2-10,1-4,3-3,0.0,3.0,3.0,8.0,1.0,1.0,1.0,3.0,8.0,-2.0,2.0,10.0,1.0,4.0,3.0,3.0,0.6,4.0,8.0
20260529_LV_DAL,"Friday, May 29, 2026",regular_season,Las Vegas Aces,Dallas Wings,Jackie Young,G,33.0,7-20,1-5,0-0,1.0,2.0,3.0,7.0,1.0,0.0,0.0,2.0,15.0,-15.0,7.0,20.0,1.0,5.0,0.0,0.0,0.15,1.0,999.0
20260529_LV_DAL,"Friday, May 29, 2026",regular_season,Las Vegas Aces,Dallas Wings,Cheyenne Parker-Tyus,F,8.0,3-5,1-1,2-2,1.0,1.0,2.0,0.0,0.0,0.0,0.0,3.0,9.0,7.0,3.0,5.0,1.0,1.0,2.0,2.0,1.0,0.0,0.0
20260529_LV_DAL,"Friday, May 29, 2026",regular_season,Las Vegas Aces,Dallas Wings,Kierstan Bell,F,9.0,0-0,0-0,0-0,0.0,0.0,0.0,1.0,1.0,0.0,0.0,1.0,0.0,-1.0,0.0,0.0,0.0,0.0,0.0,0.0,,,999.0
20260529_LV_DAL,"Friday, May 29, 2026",regular_season,Las Vegas Aces,Dallas Wings,Jewell Loyd,G,28.0,3-6,2-5,1-2,0.0,2.0,2.0,1.0,0.0,1.0,0.0,1.0,9.0,-6.0,3.0,6.0,2.0,5.0,1.0,2.0,1.1666666666666667,0.3333333333333333,999.0
20260529_LV_DAL,"Friday, May 29, 2026",regular_season,Las Vegas Aces,Dallas Wings,Chennedy Carter,G,19.0,6-11,2-4,0-0,0.0,1.0,1.0,0.0,1.0,0.0,0.0,2.0,14.0,3.0,6.0,11.0,2.0,4.0,0.0,0.0,0.5454545454545454,0.0,0.0
20260529_LV_DAL,"Friday, May 29, 2026",regular_season,Las Vegas Aces,Dallas Wings,Brianna Turner,F,,,,,,,,,,,,,,,,,,,,,,,
20260529_LV_DAL,"Friday, May 29, 2026",regular_season,Las Vegas Aces,Dallas Wings,Janiah Barker,F,,,,,,,,,,,,,,,,,,,,,,,
20260529_LV_DAL,"Friday, May 29, 2026",regular_season,Dallas Wings,Las Vegas Aces,Jessica Shepard,F,38.0,8-13,0-1,6-6,4.0,16.0,20.0,10.0,0.0,0.0,2.0,3.0,22.0,13.0,8.0,13.0,0.0,1.0,6.0,6.0,0.46153846153846156,1.25,5.0
20260529_LV_DAL,"Friday, May 29, 2026",regular_season,Dallas Wings,Las Vegas Aces,Maddy Siegrist,F,17.0,3-7,2-3,0-0,2.0,5.0,7.0,1.0,0.0,0.0,0.0,2.0,8.0,-1.0,3.0,7.0,2.0,3.0,0.0,0.0,0.8571428571428571,0.3333333333333333,999.0
20260529_LV_DAL,"Friday, May 29, 2026",regular_season,Dallas Wings,Las Vegas Aces,Arike Ogunbowale,G,18.0,0-4,0-1,1-1,0.0,0.0,0.0,2.0,0.0,0.0,1.0,2.0,1.0,-5.0,0.0,4.0,0.0,1.0,1.0,1.0,0.25,,2.0
20260529_LV_DAL,"Friday, May 29, 2026",regular_season,Dallas Wings,Las Vegas Aces,Paige Bueckers,G,38.0,8-18,2-6,2-3,1.0,2.0,3.0,6.0,0.0,2.0,3.0,2.0,20.0,15.0,8.0,18.0,2.0,6.0,2.0,3.0,0.4444444444444444,0.75,2.0
20260529_LV_DAL,"Friday, May 29, 2026",regular_season,Dallas Wings,Las Vegas Aces,Azzi Fudd,G,38.0,9-15,3-5,1-2,1.0,2.0,3.0,2.0,1.0,1.0,0.0,1.0,22.0,15.0,9.0,15.0,3.0,5.0,1.0,2.0,0.6666666666666666,0.2222222222222222,999.0
20260529_LV_DAL,"Friday, May 29, 2026",regular_season,Dallas Wings,Las Vegas Aces,Alysha Clark,F,18.0,1-2,1-2,3-4,0.0,0.0,0.0,1.0,0.0,0.0,1.0,4.0,6.0,11.0,1.0,2.0,1.0,2.0,3.0,4.0,3.0,1.0,1.0
20260529_LV_DAL,"Friday, May 29, 2026",regular_season,Dallas Wings,Las Vegas Aces,Awak Kuier,F,21.0,3-5,2-3,4-4,0.0,4.0,4.0,0.0,0.0,2.0,1.0,1.0,12.0,7.0,3.0,5.0,2.0,3.0,4.0,4.0,2.0,0.0,0.0
20260529_LV_DAL,"Friday, May 29, 2026",regular_season,Dallas Wings,Las Vegas Aces,Odyssey Sims,G,6.0,0-0,0-0,2-2,0.0,1.0,1.0,0.0,0.0,0.0,2.0,0.0,2.0,-7.0,0.0,0.0,0.0,0.0,2.0,2.0,,,0.0
20260529_LV_DAL,"Friday, May 29, 2026",regular_season,Dallas Wings,Las Vegas Aces,Aziaha James,G,6.0,1-3,0-1,0-0,0.0,1.0,1.0,1.0,0.0,0.0,0.0,1.0,2.0,-8.0,1.0,3.0,0.0,1.0,0.0,0.0,0.0,1.0,999.0
20260529_LV_DAL,"Friday, May 29, 2026",regular_season,Dallas Wings,Las Vegas Aces,Dulcy Fankam Mendjiadeu,F,,,,,,,,,,,,,,,,,,,,,,,
20260529_LV_DAL,"Friday, May 29, 2026",regular_season,Dallas Wings,Las Vegas Aces,Li Yueru,C,,,,,,,,,,,,,,,,,,,,,,,
20260529_LV_DAL,"Friday, May 29, 2026",regular_season,Dallas Wings,Las Vegas Aces,JJ Quinerly,G,,,,,,,,,,,,,,,,,,,,,,,
20260529_IND_GS,"Friday, May 29, 2026",regular_season,Indiana Fever,Golden State Valkyries,Monique Billings,F,19.0,1-2,0-1,2-2,2.0,3.0,5.0,2.0,0.0,1.0,0.0,2.0,4.0,-7.0,1.0,2.0,0.0,1.0,2.0,2.0,1.0,2.0,999.0
20260529_IND_GS,"Friday, May 29, 2026",regular_season,Indiana Fever,Golden State Valkyries,Aliyah Boston,C,22.0,4-11,1-3,4-4,2.0,4.0,6.0,4.0,0.0,0.0,2.0,4.0,13.0,-2.0,4.0,11.0,1.0,3.0,4.0,4.0,0.6363636363636364,1.0,2.0
20260529_IND_GS,"Friday, May 29, 2026",regular_season,Indiana Fever,Golden State Valkyries,Kelsey Mitchell,G,30.0,5-13,2-5,2-3,0.0,1.0,1.0,3.0,0.0,0.0,1.0,5.0,14.0,-6.0,5.0,13.0,2.0,5.0,2.0,3.0,0.6153846153846154,0.6,3.0
20260529_IND_GS,"Friday, May 29, 2026",regular_season,Indiana Fever,Golden State Valkyries,Lexie Hull,G,23.0,2-7,1-3,0-0,1.0,5.0,6.0,0.0,1.0,0.0,1.0,3.0,5.0,2.0,2.0,7.0,1.0,3.0,0.0,0.0,0.42857142857142855,0.0,0.0
20260529_IND_GS,"Friday, May 29, 2026",regular_season,Indiana Fever,Golden State Valkyries,Caitlin Clark,G,29.0,3-12,2-6,8-8,0.0,4.0,4.0,6.0,3.0,1.0,5.0,4.0,16.0,-2.0,3.0,12.0,2.0,6.0,8.0,8.0,1.1666666666666667,2.0,1.2
20260529_IND_GS,"Friday, May 29, 2026",regular_season,Indiana Fever,Golden State Valkyries,Myisha Hines-Allen,F,16.0,1-4,0-0,0-0,0.0,1.0,1.0,1.0,0.0,1.0,0.0,1.0,2.0,-2.0,1.0,4.0,0.0,0.0,0.0,0.0,0.0,1.0,999.0
20260529_IND_GS,"Friday, May 29, 2026",regular_season,Indiana Fever,Golden State Valkyries,Makayla Timpson,F,15.0,3-3,0-0,1-2,2.0,3.0,5.0,2.0,1.0,1.0,0.0,3.0,7.0,2.0,3.0,3.0,0.0,0.0,1.0,2.0,0.3333333333333333,0.6666666666666666,999.0
20260529_IND_GS,"Friday, May 29, 2026",regular_season,Indiana Fever,Golden State Valkyries,Sophie Cunningham,G,25.0,4-11,1-7,2-2,0.0,2.0,2.0,2.0,2.0,0.0,1.0,2.0,11.0,1.0,4.0,11.0,1.0,7.0,2.0,2.0,0.45454545454545453,0.5,2.0
20260529_IND_GS,"Friday, May 29, 2026",regular_season,Indiana Fever,Golden State Valkyries,Raven Johnson,G,21.0,7-10,2-3,0-0,0.0,4.0,4.0,2.0,0.0,1.0,1.0,1.0,16.0,4.0,7.0,10.0,2.0,3.0,0.0,0.0,0.6,0.2857142857142857,2.0
20260529_IND_GS,"Friday, May 29, 2026",regular_season,Indiana Fever,Golden State Valkyries,Grace VanSlooten,F,,,,,,,,,,,,,,,,,,,,,,,
20260529_IND_GS,"Friday, May 29, 2026",regular_season,Indiana Fever,Golden State Valkyries,Damiris Dantas,C,,,,,,,,,,,,,,,,,,,,,,,
20260529_IND_GS,"Friday, May 29, 2026",regular_season,Indiana Fever,Golden State Valkyries,Tyasha Harris,G,,,,,,,,,,,,,,,,,,,,,,,
20260529_IND_GS,"Friday, May 29, 2026",regular_season,Golden State Valkyries,Indiana Fever,Kayla Thornton,F,18.0,0-2,0-2,0-0,0.0,3.0,3.0,0.0,0.0,0.0,1.0,2.0,0.0,0.0,0.0,2.0,0.0,2.0,0.0,0.0,0.0,,0.0
20260529_IND_GS,"Friday, May 29, 2026",regular_season,Golden State Valkyries,Indiana Fever,Gabby Williams,F,28.0,6-14,0-4,7-10,1.0,5.0,6.0,6.0,3.0,0.0,1.0,1.0,19.0,-2.0,6.0,14.0,0.0,4.0,7.0,10.0,0.5,1.0,6.0
20260529_IND_GS,"Friday, May 29, 2026",regular_season,Golden State Valkyries,Indiana Fever,Kiah Stokes,C,26.0,2-4,0-0,0-0,1.0,3.0,4.0,2.0,0.0,4.0,2.0,1.0,4.0,-2.0,2.0,4.0,0.0,0.0,0.0,0.0,0.0,1.0,1.0
20260529_IND_GS,"Friday, May 29, 2026",regular_season,Golden State Valkyries,Indiana Fever,Kaila Charles,G,15.0,3-5,1-2,0-0,1.0,3.0,4.0,1.0,0.0,0.0,1.0,1.0,7.0,-8.0,3.0,5.0,1.0,2.0,0.0,0.0,0.6,0.3333333333333333,1.0
20260529_IND_GS,"Friday, May 29, 2026",regular_season,Golden State Valkyries,Indiana Fever,Veronica Burton,G,29.0,7-13,1-3,10-12,2.0,4.0,6.0,3.0,1.0,5.0,1.0,5.0,25.0,-2.0,7.0,13.0,1.0,3.0,10.0,12.0,1.0,0.42857142857142855,3.0
20260529_IND_GS,"Friday, May 29, 2026",regular_season,Golden State Valkyries,Indiana Fever,Cecilia Zandalasini,F,14.0,3-8,2-3,0-0,0.0,0.0,0.0,3.0,0.0,0.0,1.0,1.0,8.0,2.0,3.0,8.0,2.0,3.0,0.0,0.0,0.75,1.0,3.0
20260529_IND_GS,"Friday, May 29, 2026",regular_season,Golden State Valkyries,Indiana Fever,Laeticia Amihere,F,14.0,1-5,0-0,1-2,2.0,3.0,5.0,1.0,0.0,1.0,1.0,3.0,3.0,4.0,1.0,5.0,0.0,0.0,1.0,2.0,0.2,1.0,1.0
20260529_IND_GS,"Friday, May 29, 2026",regular_season,Golden State Valkyries,Indiana Fever,Janelle Salaun,F,24.0,7-12,3-5,2-4,1.0,6.0,7.0,3.0,1.0,0.0,0.0,2.0,19.0,1.0,7.0,12.0,3.0,5.0,2.0,4.0,0.9166666666666666,0.42857142857142855,999.0
20260529_IND_GS,"Friday, May 29, 2026",regular_season,Golden State Valkyries,Indiana Fever,Tiffany Hayes,G,5.0,0-0,0-0,0-0,0.0,1.0,1.0,0.0,0.0,0.0,1.0,3.0,0.0,6.0,0.0,0.0,0.0,0.0,0.0,0.0,,,0.0
20260529_IND_GS,"Friday, May 29, 2026",regular_season,Golden State Valkyries,Indiana Fever,Kaitlyn Chen,G,11.0,1-1,0-0,0-0,0.0,1.0,1.0,3.0,0.0,0.0,0.0,1.0,2.0,4.0,1.0,1.0,0.0,0.0,0.0,0.0,0.0,3.0,999.0
20260529_IND_GS,"Friday, May 29, 2026",regular_season,Golden State Valkyries,Indiana Fever,Juste Jocyte,G,16.0,1-4,1-2,0-0,0.0,0.0,0.0,2.0,0.0,1.0,2.0,1.0,3.0,7.0,1.0,4.0,1.0,2.0,0.0,0.0,0.75,2.0,1.0
20260529_IND_GS,"Friday, May 29, 2026",regular_season,Golden State Valkyries,Indiana Fever,Ashten Prechtel,F,,,,,,,,,,,,,,,,,,,,,,,
20260529_IND_GS,"Friday, May 29, 2026",regular_season,Golden State Valkyries,Indiana Fever,Ndjakalenga Mwenentanda,G,,,,,,,,,,,,,,,,,,,,,,,
20260529_PHX_NY,"Friday, May 29, 2026",regular_season,Phoenix Mercury,New York Liberty,Alyssa Thomas,F,36.0,5-14,0-0,5-6,1.0,2.0,3.0,8.0,3.0,1.0,3.0,3.0,15.0,-8.0,5.0,14.0,0.0,0.0,5.0,6.0,0.35714285714285715,1.6,2.667
20260529_PHX_NY,"Friday, May 29, 2026",regular_season,Phoenix Mercury,New York Liberty,Natasha Mack,F,28.0,3-5,0-0,0-0,2.0,7.0,9.0,0.0,5.0,1.0,1.0,1.0,6.0,-11.0,3.0,5.0,0.0,0.0,0.0,0.0,0.0,0.0,0.0
20260529_PHX_NY,"Friday, May 29, 2026",regular_season,Phoenix Mercury,New York Liberty,Noemie Brochant,F,21.0,0-4,0-4,2-2,0.0,1.0,1.0,0.0,1.0,0.0,0.0,2.0,2.0,-5.0,0.0,4.0,0.0,4.0,2.0,2.0,0.5,,0.0
20260529_PHX_NY,"Friday, May 29, 2026",regular_season,Phoenix Mercury,New York Liberty,Kahleah Copper,G,37.0,4-16,1-8,7-8,0.0,3.0,3.0,1.0,0.0,1.0,3.0,3.0,16.0,-4.0,4.0,16.0,1.0,8.0,7.0,8.0,0.625,0.25,0.333
20260529_PHX_NY,"Friday, May 29, 2026",regular_season,Phoenix Mercury,New York Liberty,Monique Akoa Makani,G,29.0,5-8,3-4,0-0,0.0,3.0,3.0,3.0,1.0,0.0,0.0,6.0,13.0,-9.0,5.0,8.0,3.0,4.0,0.0,0.0,1.125,0.6,999.0
20260529_PHX_NY,"Friday, May 29, 2026",regular_season,Phoenix Mercury,New York Liberty,DeWanna Bonner,F,22.0,0-3,0-2,4-4,0.0,3.0,3.0,0.0,0.0,0.0,0.0,2.0,4.0,-5.0,0.0,3.0,0.0,2.0,4.0,4.0,1.3333333333333333,,0.0
20260529_PHX_NY,"Friday, May 29, 2026",regular_season,Phoenix Mercury,New York Liberty,Valeriane Ayayi,F,3.0,0-1,0-0,0-0,0.0,1.0,1.0,1.0,0.0,0.0,1.0,0.0,0.0,3.0,0.0,1.0,0.0,0.0,0.0,0.0,0.0,,1.0
20260529_PHX_NY,"Friday, May 29, 2026",regular_season,Phoenix Mercury,New York Liberty,Kyara Linskens,C,12.0,2-4,0-1,0-0,0.0,0.0,0.0,1.0,1.0,0.0,0.0,1.0,4.0,4.0,2.0,4.0,0.0,1.0,0.0,0.0,0.0,0.5,999.0
20260529_PHX_NY,"Friday, May 29, 2026",regular_season,Phoenix Mercury,New York Liberty,Jovana Nogic,G,12.0,2-7,2-5,2-2,0.0,0.0,0.0,0.0,0.0,0.0,1.0,2.0,8.0,0.0,2.0,7.0,2.0,5.0,2.0,2.0,1.1428571428571428,0.0,0.0
20260529_PHX_NY,"Friday, May 29, 2026",regular_season,Phoenix Mercury,New York Liberty,Sami Whitcomb,G,,,,,,,,,,,,,,,,,,,,,,,
20260529_PHX_NY,"Friday, May 29, 2026",regular_season,Phoenix Mercury,New York Liberty,Kiana Williams,G,,,,,,,,,,,,,,,,,,,,,,,
20260529_PHX_NY,"Friday, May 29, 2026",regular_season,Phoenix Mercury,New York Liberty,Quionche Carter,G,,,,,,,,,,,,,,,,,,,,,,,
20260529_PHX_NY,"Friday, May 29, 2026",regular_season,New York Liberty,Phoenix Mercury,Breanna Stewart,F,29.0,4-11,1-4,0-0,2.0,6.0,8.0,4.0,1.0,0.0,2.0,0.0,9.0,4.0,4.0,11.0,1.0,4.0,0.0,0.0,0.2727272727272727,1.0,2.0
20260529_PHX_NY,"Friday, May 29, 2026",regular_season,New York Liberty,Phoenix Mercury,Leonie Fiebich,F,30.0,1-6,0-2,1-1,1.0,1.0,2.0,1.0,1.0,0.0,4.0,1.0,3.0,2.0,1.0,6.0,0.0,2.0,1.0,1.0,0.16666666666666666,1.0,0.25
20260529_PHX_NY,"Friday, May 29, 2026",regular_season,New York Liberty,Phoenix Mercury,Jonquel Jones,C,31.0,2-9,1-4,4-4,3.0,6.0,9.0,2.0,1.0,2.0,2.0,4.0,9.0,8.0,2.0,9.0,1.0,4.0,4.0,4.0,0.7777777777777778,1.0,1.0
20260529_PHX_NY,"Friday, May 29, 2026",regular_season,New York Liberty,Phoenix Mercury,Marine Johannes,G,19.0,2-5,2-5,0-0,0.0,2.0,2.0,1.0,0.0,0.0,2.0,4.0,6.0,-6.0,2.0,5.0,2.0,5.0,0.0,0.0,1.2,0.5,0.5
20260529_PHX_NY,"Friday, May 29, 2026",regular_season,New York Liberty,Phoenix Mercury,Pauline Astier,G,31.0,6-8,1-1,3-4,0.0,6.0,6.0,6.0,0.0,1.0,2.0,5.0,16.0,10.0,6.0,8.0,1.0,1.0,3.0,4.0,0.75,1.0,3.0
20260529_PHX_NY,"Friday, May 29, 2026",regular_season,New York Liberty,Phoenix Mercury,Satou Sabally,F,10.0,1-3,0-1,2-2,0.0,3.0,3.0,1.0,0.0,0.0,1.0,2.0,4.0,5.0,1.0,3.0,0.0,1.0,2.0,2.0,0.6666666666666666,1.0,1.0
20260529_PHX_NY,"Friday, May 29, 2026",regular_season,New York Liberty,Phoenix Mercury,Han Xu,C,17.0,4-7,1-2,0-0,1.0,5.0,6.0,1.0,0.0,1.0,1.0,1.0,9.0,5.0,4.0,7.0,1.0,2.0,0.0,0.0,0.42857142857142855,0.25,1.0
20260529_PHX_NY,"Friday, May 29, 2026",regular_season,New York Liberty,Phoenix Mercury,Rebekah Gardner,G,15.0,3-5,0-1,0-0,0.0,1.0,1.0,0.0,0.0,1.0,0.0,2.0,6.0,3.0,3.0,5.0,0.0,1.0,0.0,0.0,0.0,0.0,0.0
20260529_PHX_NY,"Friday, May 29, 2026",regular_season,New York Liberty,Phoenix Mercury,Betnijah Laney-Hamilton,G,15.0,3-6,2-5,5-6,0.0,3.0,3.0,2.0,2.0,0.0,1.0,1.0,13.0,2.0,3.0,6.0,2.0,5.0,5.0,6.0,1.8333333333333333,0.6666666666666666,2.0
20260529_PHX_NY,"Friday, May 29, 2026",regular_season,New York Liberty,Phoenix Mercury,Rebecca Allen,G,3.0,0-0,0-0,0-0,0.0,0.0,0.0,0.0,0.0,0.0,1.0,1.0,0.0,2.0,0.0,0.0,0.0,0.0,0.0,0.0,,,0.0
20260529_PHX_NY,"Friday, May 29, 2026",regular_season,New York Liberty,Phoenix Mercury,Raquel Carrera,F,,,,,,,,,,,,,,,,,,,,,,,
20260529_LA_WSH,"Friday, May 29, 2026",regular_season,Los Angeles Sparks,Washington Mystics,Nneka Ogwumike,F,33.0,8-17,1-3,3-5,2.0,9.0,11.0,2.0,1.0,1.0,1.0,3.0,20.0,4.0,8.0,17.0,1.0,3.0,3.0,5.0,0.35294117647058826,0.25,2.0
20260529_LA_WSH,"Friday, May 29, 2026",regular_season,Los Angeles Sparks,Washington Mystics,Dearica Hamby,F,30.0,4-9,0-2,6-8,2.0,5.0,7.0,9.0,4.0,0.0,1.0,2.0,14.0,0.0,4.0,9.0,0.0,2.0,6.0,8.0,0.6666666666666666,2.25,9.0
20260529_LA_WSH,"Friday, May 29, 2026",regular_season,Los Angeles Sparks,Washington Mystics,Erica Wheeler,G,35.0,8-16,1-4,4-4,1.0,1.0,2.0,8.0,1.0,0.0,4.0,1.0,21.0,8.0,8.0,16.0,1.0,4.0,4.0,4.0,0.4375,1.0,2.0
20260529_LA_WSH,"Friday, May 29, 2026",regular_season,Los Angeles Sparks,Washington Mystics,Ariel Atkins,G,29.0,4-5,0-0,0-0,1.0,1.0,2.0,2.0,0.0,0.0,2.0,6.0,8.0,-2.0,4.0,5.0,0.0,0.0,0.0,0.0,0.0,0.5,1.0
20260529_LA_WSH,"Friday, May 29, 2026",regular_season,Los Angeles Sparks,Washington Mystics,Rae Burrell,G,32.0,2-8,0-5,0-1,0.0,2.0,2.0,1.0,0.0,0.0,1.0,4.0,4.0,-5.0,2.0,8.0,0.0,5.0,0.0,1.0,0.0,0.5,1.0
20260529_LA_WSH,"Friday, May 29, 2026",regular_season,Los Angeles Sparks,Washington Mystics,Cameron Brink,F,17.0,5-7,2-3,4-4,1.0,1.0,2.0,1.0,1.0,1.0,2.0,4.0,16.0,6.0,5.0,7.0,2.0,3.0,4.0,4.0,1.4285714285714286,0.2,0.5
20260529_LA_WSH,"Friday, May 29, 2026",regular_season,Los Angeles Sparks,Washington Mystics,Jihyun Park,F,6.0,0-0,0-0,0-2,0.0,0.0,0.0,0.0,1.0,0.0,1.0,0.0,0.0,5.0,0.0,0.0,0.0,0.0,0.0,2.0,,,0.0
20260529_LA_WSH,"Friday, May 29, 2026",regular_season,Los Angeles Sparks,Washington Mystics,Ta'Niya Latson,G,5.0,0-1,0-0,3-4,0.0,0.0,0.0,0.0,0.0,0.0,1.0,2.0,3.0,-3.0,0.0,1.0,0.0,0.0,3.0,4.0,3.0,,0.0
20260529_LA_WSH,"Friday, May 29, 2026",regular_season,Los Angeles Sparks,Washington Mystics,Chance Gray,G,13.0,2-3,2-3,0-0,2.0,1.0,3.0,0.0,0.0,0.0,1.0,2.0,6.0,12.0,2.0,3.0,2.0,3.0,0.0,0.0,2.0,0.0,0.0
20260529_LA_WSH,"Friday, May 29, 2026",regular_season,Los Angeles Sparks,Washington Mystics,Emma Cannon,F,,,,,,,,,,,,,,,,,,,,,,,
20260529_LA_WSH,"Friday, May 29, 2026",regular_season,Washington Mystics,Los Angeles Sparks,Michaela Onyenwere,F,24.0,1-5,1-4,1-4,3.0,0.0,3.0,3.0,0.0,0.0,2.0,3.0,4.0,2.0,1.0,5.0,1.0,4.0,1.0,4.0,0.8,3.0,1.5
20260529_LA_WSH,"Friday, May 29, 2026",regular_season,Washington Mystics,Los Angeles Sparks,Kiki Iriafen,F,27.0,6-10,0-1,1-2,1.0,8.0,9.0,1.0,0.0,0.0,0.0,4.0,13.0,2.0,6.0,10.0,0.0,1.0,1.0,2.0,0.1,0.16666666666666666,999.0
20260529_LA_WSH,"Friday, May 29, 2026",regular_season,Washington Mystics,Los Angeles Sparks,Shakira Austin,C,25.0,8-10,0-0,9-9,1.0,9.0,10.0,3.0,0.0,0.0,4.0,4.0,25.0,2.0,8.0,10.0,0.0,0.0,9.0,9.0,0.9,0.375,0.75
20260529_LA_WSH,"Friday, May 29, 2026",regular_season,Washington Mystics,Los Angeles Sparks,Sonia Citron,G,37.0,7-10,2-4,5-6,0.0,1.0,1.0,8.0,1.0,1.0,4.0,2.0,21.0,-1.0,7.0,10.0,2.0,4.0,5.0,6.0,1.1,1.1428571428571428,2.0
20260529_LA_WSH,"Friday, May 29, 2026",regular_season,Washington Mystics,Los Angeles Sparks,Georgia Amoore,G,23.0,0-7,0-6,1-2,0.0,1.0,1.0,3.0,0.0,0.0,3.0,4.0,1.0,-12.0,0.0,7.0,0.0,6.0,1.0,2.0,0.14285714285714285,,1.0
20260529_LA_WSH,"Friday, May 29, 2026",regular_season,Washington Mystics,Los Angeles Sparks,Angela Dugalic,F,17.0,3-3,0-0,0-0,1.0,4.0,5.0,1.0,3.0,1.0,1.0,3.0,6.0,-12.0,3.0,3.0,0.0,0.0,0.0,0.0,0.0,0.3333333333333333,1.0
20260529_LA_WSH,"Friday, May 29, 2026",regular_season,Washington Mystics,Los Angeles Sparks,Lauren Betts,C,10.0,1-3,0-0,0-0,0.0,1.0,1.0,0.0,0.0,2.0,0.0,0.0,2.0,-2.0,1.0,3.0,0.0,0.0,0.0,0.0,0.0,0.0,0.0
20260529_LA_WSH,"Friday, May 29, 2026",regular_season,Washington Mystics,Los Angeles Sparks,Cotie McMahon,G,5.0,2-2,1-1,0-2,0.0,0.0,0.0,0.0,0.0,0.0,0.0,2.0,5.0,-2.0,2.0,2.0,1.0,1.0,0.0,2.0,1.5,0.0,0.0
20260529_LA_WSH,"Friday, May 29, 2026",regular_season,Washington Mystics,Los Angeles Sparks,Cassandre Prosper,G,6.0,2-2,1-1,0-0,0.0,0.0,0.0,0.0,0.0,0.0,1.0,2.0,5.0,3.0,2.0,2.0,1.0,1.0,0.0,0.0,1.5,0.0,0.0
20260529_LA_WSH,"Friday, May 29, 2026",regular_season,Washington Mystics,Los Angeles Sparks,Alicia Florez Getino,G,25.0,1-9,0-5,3-4,1.0,0.0,1.0,7.0,0.0,0.0,0.0,3.0,5.0,-5.0,1.0,9.0,0.0,5.0,3.0,4.0,0.3333333333333333,7.0,999.0
20260529_LA_WSH,"Friday, May 29, 2026",regular_season,Washington Mystics,Los Angeles Sparks,Rori Harmon,G,,,,,,,,,,,,,,,,,,,,,,,
20260529_LA_WSH,"Friday, May 29, 2026",regular_season,Washington Mystics,Los Angeles Sparks,Lucy Olsen,G,,,,,,,,,,,,,,,,,,,,,,,
20260529_LA_WSH,"Friday, May 29, 2026",regular_season,Washington Mystics,Los Angeles Sparks,Alex Wilson,G,,,,,,,,,,,,,,,,,,,,,,,
20260529_MIN_CHI,"Friday, May 29, 2026",regular_season,Minnesota Lynx,Chicago Sky,Natasha Howard,F,29.0,6-11,0-1,2-2,2.0,5.0,7.0,3.0,4.0,1.0,3.0,3.0,14.0,10.0,6.0,11.0,0.0,1.0,2.0,2.0,0.18181818181818182,0.5,1.0
20260529_MIN_CHI,"Friday, May 29, 2026",regular_season,Minnesota Lynx,Chicago Sky,Nia Coffey,F,26.0,7-12,6-9,0-0,1.0,7.0,8.0,2.0,1.0,1.0,1.0,0.0,20.0,20.0,7.0,12.0,6.0,9.0,0.0,0.0,1.5,0.2857142857142857,2.0
20260529_MIN_CHI,"Friday, May 29, 2026",regular_season,Minnesota Lynx,Chicago Sky,Kayla McBride,G,31.0,3-13,1-7,2-4,1.0,4.0,5.0,2.0,3.0,1.0,1.0,2.0,9.0,16.0,3.0,13.0,1.0,7.0,2.0,4.0,0.38461538461538464,0.6666666666666666,2.0
20260529_MIN_CHI,"Friday, May 29, 2026",regular_season,Minnesota Lynx,Chicago Sky,Courtney Williams,G,29.0,5-10,0-1,0-0,0.0,4.0,4.0,5.0,1.0,0.0,2.0,4.0,10.0,9.0,5.0,10.0,0.0,1.0,0.0,0.0,0.0,1.0,2.5
20260529_MIN_CHI,"Friday, May 29, 2026",regular_season,Minnesota Lynx,Chicago Sky,Olivia Miles,G,32.0,4-10,0-4,9-10,0.0,6.0,6.0,6.0,2.0,0.0,4.0,2.0,17.0,20.0,4.0,10.0,0.0,4.0,9.0,10.0,0.9,1.5,1.5
20260529_MIN_CHI,"Friday, May 29, 2026",regular_season,Minnesota Lynx,Chicago Sky,Liatu King,F,10.0,1-4,0-2,0-0,1.0,2.0,3.0,0.0,0.0,1.0,1.0,3.0,2.0,-1.0,1.0,4.0,0.0,2.0,0.0,0.0,0.0,0.0,0.0
20260529_MIN_CHI,"Friday, May 29, 2026",regular_season,Minnesota Lynx,Chicago Sky,Antonia Delaere,F,11.0,0-1,0-0,0-0,0.0,0.0,0.0,1.0,0.0,0.0,0.0,0.0,0.0,5.0,0.0,1.0,0.0,0.0,0.0,0.0,0.0,,999.0
20260529_MIN_CHI,"Friday, May 29, 2026",regular_season,Minnesota Lynx,Chicago Sky,Anastasiia Olairi Kosu,F,5.0,1-2,0-0,0-0,1.0,1.0,2.0,0.0,1.0,0.0,0.0,1.0,2.0,2.0,1.0,2.0,0.0,0.0,0.0,0.0,0.0,0.0,0.0
20260529_MIN_CHI,"Friday, May 29, 2026",regular_season,Minnesota Lynx,Chicago Sky,Teaira McCowan,C,10.0,0-2,0-0,0-0,0.0,4.0,4.0,1.0,0.0,2.0,2.0,2.0,0.0,11.0,0.0,2.0,0.0,0.0,0.0,0.0,0.0,,0.5
20260529_MIN_CHI,"Friday, May 29, 2026",regular_season,Minnesota Lynx,Chicago Sky,Maya Caldwell,G,17.0,1-6,1-4,2-2,0.0,4.0,4.0,0.0,1.0,1.0,0.0,0.0,5.0,13.0,1.0,6.0,1.0,4.0,2.0,2.0,0.8333333333333334,0.0,0.0
20260529_MIN_CHI,"Friday, May 29, 2026",regular_season,Minnesota Lynx,Chicago Sky,Napheesa Collier,F,,,,,,,,,,,,,,,,,,,,,,,
20260529_MIN_CHI,"Friday, May 29, 2026",regular_season,Minnesota Lynx,Chicago Sky,Dorka Juhasz,F,,,,,,,,,,,,,,,,,,,,,,,
20260529_MIN_CHI,"Friday, May 29, 2026",regular_season,Minnesota Lynx,Chicago Sky,Emma Cechova,F,,,,,,,,,,,,,,,,,,,,,,,
20260529_MIN_CHI,"Friday, May 29, 2026",regular_season,Chicago Sky,Minnesota Lynx,Azura Stevens,F,18.0,2-8,0-4,0-0,1.0,0.0,1.0,2.0,0.0,0.0,1.0,1.0,4.0,-13.0,2.0,8.0,0.0,4.0,0.0,0.0,0.0,1.0,2.0
20260529_MIN_CHI,"Friday, May 29, 2026",regular_season,Chicago Sky,Minnesota Lynx,Kamilla Cardoso,C,28.0,4-9,0-0,4-4,3.0,10.0,13.0,1.0,0.0,2.0,3.0,3.0,12.0,-27.0,4.0,9.0,0.0,0.0,4.0,4.0,0.4444444444444444,0.25,0.333
20260529_MIN_CHI,"Friday, May 29, 2026",regular_season,Chicago Sky,Minnesota Lynx,Skylar Diggins,G,29.0,4-12,0-3,4-4,1.0,4.0,5.0,3.0,2.0,0.0,3.0,4.0,12.0,-18.0,4.0,12.0,0.0,3.0,4.0,4.0,0.3333333333333333,0.75,1.0
20260529_MIN_CHI,"Friday, May 29, 2026",regular_season,Chicago Sky,Minnesota Lynx,Natasha Cloud,G,31.0,1-7,1-5,3-4,0.0,4.0,4.0,2.0,2.0,1.0,2.0,3.0,6.0,-22.0,1.0,7.0,1.0,5.0,3.0,4.0,0.8571428571428571,2.0,1.0
20260529_MIN_CHI,"Friday, May 29, 2026",regular_season,Chicago Sky,Minnesota Lynx,Jacy Sheldon,G,20.0,2-5,1-3,0-0,0.0,1.0,1.0,2.0,0.0,0.0,2.0,4.0,5.0,-10.0,2.0,5.0,1.0,3.0,0.0,0.0,0.6,1.0,1.0
20260529_MIN_CHI,"Friday, May 29, 2026",regular_season,Chicago Sky,Minnesota Lynx,Elizabeth Williams,C,19.0,0-3,0-0,0-4,2.0,3.0,5.0,1.0,0.0,2.0,1.0,0.0,0.0,-7.0,0.0,3.0,0.0,0.0,0.0,4.0,0.0,,1.0
20260529_MIN_CHI,"Friday, May 29, 2026",regular_season,Chicago Sky,Minnesota Lynx,Rachel Banham,G,23.0,2-10,2-8,2-2,1.0,6.0,7.0,0.0,0.0,1.0,1.0,1.0,8.0,-12.0,2.0,10.0,2.0,8.0,2.0,2.0,0.8,0.0,0.0
20260529_MIN_CHI,"Friday, May 29, 2026",regular_season,Chicago Sky,Minnesota Lynx,Aicha Coulibaly,G,11.0,2-7,0-1,0-0,1.0,2.0,3.0,0.0,2.0,0.0,3.0,0.0,4.0,5.0,2.0,7.0,0.0,1.0,0.0,0.0,0.0,0.0,0.0
20260529_MIN_CHI,"Friday, May 29, 2026",regular_season,Chicago Sky,Minnesota Lynx,Saylor Poffenbarger,G,1.0,0-0,0-0,0-0,0.0,0.0,0.0,0.0,0.0,0.0,0.0,0.0,0.0,0.0,0.0,0.0,0.0,0.0,0.0,0.0,,,0.0
20260529_MIN_CHI,"Friday, May 29, 2026",regular_season,Chicago Sky,Minnesota Lynx,Sydney Taylor,G,20.0,3-9,1-6,0-0,0.0,2.0,2.0,4.0,0.0,0.0,1.0,3.0,7.0,-1.0,3.0,9.0,1.0,6.0,0.0,0.0,0.3333333333333333,1.3333333333333333,4.0
20260529_MIN_CHI,"Friday, May 29, 2026",regular_season,Chicago Sky,Minnesota Lynx,Rickea Jackson,F,,,,,,,,,,,,,,,,,,,,,,,
20260529_MIN_CHI,"Friday, May 29, 2026",regular_season,Chicago Sky,Minnesota Lynx,Courtney Vandersloot,G,,,,,,,,,,,,,,,,,,,,,,,
20260529_MIN_CHI,"Friday, May 29, 2026",regular_season,Chicago Sky,Minnesota Lynx,DiJonai Carrington,G,,,,,,,,,,,,,,,,,,,,,,,
20260529_MIN_CHI,"Friday, May 29, 2026",regular_season,Chicago Sky,Minnesota Lynx,Gabriela Jaquez,G,,,,,,,,,,,,,,,,,,,,,,,
20260530_ATL_POR,"Saturday, May 30, 2026",regular_season,Atlanta Dream,Portland Fire,Naz Hillmon,F,36.0,6-14,1-9,1-1,4.0,3.0,7.0,4.0,5.0,0.0,1.0,2.0,14.0,19.0,6.0,14.0,1.0,9.0,1.0,1.0,0.2857142857142857,0.6666666666666666,4.0
20260530_ATL_POR,"Saturday, May 30, 2026",regular_season,Atlanta Dream,Portland Fire,Angel Reese,F,32.0,6-14,0-3,6-7,5.0,7.0,12.0,5.0,0.0,1.0,4.0,3.0,18.0,18.0,6.0,14.0,0.0,3.0,6.0,7.0,0.42857142857142855,0.8333333333333334,1.25
20260530_ATL_POR,"Saturday, May 30, 2026",regular_season,Atlanta Dream,Portland Fire,Allisha Gray,G,30.0,3-12,3-7,4-4,0.0,3.0,3.0,1.0,3.0,0.0,1.0,1.0,13.0,26.0,3.0,12.0,3.0,7.0,4.0,4.0,1.0833333333333333,0.3333333333333333,1.0
20260530_ATL_POR,"Saturday, May 30, 2026",regular_season,Atlanta Dream,Portland Fire,Jordin Canada,G,27.0,2-4,0-1,5-5,2.0,2.0,4.0,4.0,1.0,0.0,3.0,2.0,9.0,25.0,2.0,4.0,0.0,1.0,5.0,5.0,1.25,2.0,1.333
20260530_ATL_POR,"Saturday, May 30, 2026",regular_season,Atlanta Dream,Portland Fire,Rhyne Howard,G,34.0,5-11,4-7,0-2,1.0,1.0,2.0,4.0,6.0,0.0,1.0,3.0,14.0,19.0,5.0,11.0,4.0,7.0,0.0,2.0,1.0909090909090908,0.8,4.0
20260530_ATL_POR,"Saturday, May 30, 2026",regular_season,Atlanta Dream,Portland Fire,Sika Kone,F,5.0,0-1,0-0,0-0,0.0,0.0,0.0,0.0,0.0,0.0,1.0,1.0,0.0,-2.0,0.0,1.0,0.0,0.0,0.0,0.0,0.0,,0.0
20260530_ATL_POR,"Saturday, May 30, 2026",regular_season,Atlanta Dream,Portland Fire,Madina Okot,C,7.0,3-3,0-0,1-1,0.0,0.0,0.0,1.0,0.0,0.0,2.0,1.0,7.0,5.0,3.0,3.0,0.0,0.0,1.0,1.0,0.3333333333333333,0.3333333333333333,0.5
20260530_ATL_POR,"Saturday, May 30, 2026",regular_season,Atlanta Dream,Portland Fire,Te-Hina Paopao,G,14.0,2-5,1-3,0-0,0.0,0.0,0.0,1.0,0.0,0.0,1.0,0.0,5.0,-9.0,2.0,5.0,1.0,3.0,0.0,0.0,0.6,0.5,1.0
20260530_ATL_POR,"Saturday, May 30, 2026",regular_season,Atlanta Dream,Portland Fire,Aaliyah Nye,G,1.0,0-1,0-0,0-0,0.0,0.0,0.0,1.0,0.0,0.0,0.0,0.0,0.0,1.0,0.0,1.0,0.0,0.0,0.0,0.0,0.0,,999.0
20260530_ATL_POR,"Saturday, May 30, 2026",regular_season,Atlanta Dream,Portland Fire,Indya Nivar,G,4.0,2-2,0-0,0-0,0.0,1.0,1.0,0.0,1.0,0.0,0.0,1.0,4.0,-1.0,2.0,2.0,0.0,0.0,0.0,0.0,0.0,0.0,0.0
20260530_ATL_POR,"Saturday, May 30, 2026",regular_season,Atlanta Dream,Portland Fire,Isobel Borlase,G,10.0,1-1,0-0,0-0,0.0,0.0,0.0,1.0,0.0,0.0,1.0,0.0,2.0,-1.0,1.0,1.0,0.0,0.0,0.0,0.0,0.0,1.0,1.0
20260530_ATL_POR,"Saturday, May 30, 2026",regular_season,Atlanta Dream,Portland Fire,Brionna Jones,F,,,,,,,,,,,,,,,,,,,,,,,
20260530_ATL_POR,"Saturday, May 30, 2026",regular_season,Portland Fire,Atlanta Dream,Emily Engstler,F,18.0,4-9,2-4,0-0,1.0,1.0,2.0,0.0,0.0,3.0,6.0,4.0,10.0,-17.0,4.0,9.0,2.0,4.0,0.0,0.0,0.6666666666666666,0.0,0.0
20260530_ATL_POR,"Saturday, May 30, 2026",regular_season,Portland Fire,Atlanta Dream,Nyadiew Puoch,F,17.0,1-4,0-3,0-0,0.0,1.0,1.0,1.0,0.0,0.0,2.0,2.0,2.0,-8.0,1.0,4.0,0.0,3.0,0.0,0.0,0.0,1.0,0.5
20260530_ATL_POR,"Saturday, May 30, 2026",regular_season,Portland Fire,Atlanta Dream,Luisa Geiselsoder,C,22.0,2-7,1-5,1-2,0.0,0.0,0.0,2.0,0.0,0.0,2.0,4.0,6.0,-22.0,2.0,7.0,1.0,5.0,1.0,2.0,0.5714285714285714,1.0,1.0
20260530_ATL_POR,"Saturday, May 30, 2026",regular_season,Portland Fire,Atlanta Dream,Holly Winterburn,G,28.0,3-7,0-2,0-0,0.0,3.0,3.0,7.0,2.0,0.0,4.0,0.0,6.0,-24.0,3.0,7.0,0.0,2.0,0.0,0.0,0.0,2.3333333333333335,1.75
20260530_ATL_POR,"Saturday, May 30, 2026",regular_season,Portland Fire,Atlanta Dream,Carla Leite,G,24.0,3-4,1-1,4-4,0.0,1.0,1.0,4.0,0.0,0.0,4.0,2.0,11.0,-11.0,3.0,4.0,1.0,1.0,4.0,4.0,1.75,1.3333333333333333,1.0
20260530_ATL_POR,"Saturday, May 30, 2026",regular_season,Portland Fire,Atlanta Dream,Frieda Buhner,F,14.0,2-2,1-1,2-2,0.0,0.0,0.0,0.0,0.0,0.0,3.0,0.0,7.0,-10.0,2.0,2.0,1.0,1.0,2.0,2.0,2.5,0.0,0.0
20260530_ATL_POR,"Saturday, May 30, 2026",regular_season,Portland Fire,Atlanta Dream,Megan Gustafson,C,18.0,4-9,2-5,0-0,1.0,4.0,5.0,1.0,0.0,1.0,1.0,2.0,10.0,2.0,4.0,9.0,2.0,5.0,0.0,0.0,0.6666666666666666,0.25,1.0
20260530_ATL_POR,"Saturday, May 30, 2026",regular_season,Portland Fire,Atlanta Dream,Serah Williams,C,20.0,0-3,0-1,0-0,3.0,3.0,6.0,2.0,1.0,0.0,2.0,5.0,0.0,1.0,0.0,3.0,0.0,1.0,0.0,0.0,0.0,,1.0
20260530_ATL_POR,"Saturday, May 30, 2026",regular_season,Portland Fire,Atlanta Dream,Karlie Samuelson,G,19.0,0-2,0-2,0-0,1.0,2.0,3.0,1.0,1.0,0.0,1.0,2.0,0.0,-15.0,0.0,2.0,0.0,2.0,0.0,0.0,0.0,,1.0
20260530_ATL_POR,"Saturday, May 30, 2026",regular_season,Portland Fire,Atlanta Dream,Sarah Ashlee Barker,G,21.0,6-9,2-3,0-0,0.0,2.0,2.0,0.0,0.0,0.0,3.0,1.0,14.0,4.0,6.0,9.0,2.0,3.0,0.0,0.0,0.6666666666666666,0.0,0.0
20260530_ATL_POR,"Saturday, May 30, 2026",regular_season,Portland Fire,Atlanta Dream,Bridget Carleton,F,,,,,,,,,,,,,,,,,,,,,,,
20260530_ATL_POR,"Saturday, May 30, 2026",regular_season,Portland Fire,Atlanta Dream,Teja Oblak,G,,,,,,,,,,,,,,,,,,,,,,,
20260530_SEA_TOR,"Saturday, May 30, 2026",regular_season,Seattle Storm,Toronto Tempo,Jordan Horston,F,22.0,6-11,1-2,2-2,3.0,1.0,4.0,1.0,4.0,0.0,2.0,0.0,15.0,-2.0,6.0,11.0,1.0,2.0,2.0,2.0,0.45454545454545453,0.16666666666666666,0.5
20260530_SEA_TOR,"Saturday, May 30, 2026",regular_season,Seattle Storm,Toronto Tempo,Stefanie Dolson,C,23.0,3-5,1-1,0-0,2.0,2.0,4.0,2.0,1.0,1.0,1.0,3.0,7.0,-11.0,3.0,5.0,1.0,1.0,0.0,0.0,0.6,0.6666666666666666,2.0
20260530_SEA_TOR,"Saturday, May 30, 2026",regular_season,Seattle Storm,Toronto Tempo,Natisha Hiedeman,G,23.0,7-12,3-8,1-1,0.0,2.0,2.0,7.0,0.0,0.0,2.0,2.0,18.0,-9.0,7.0,12.0,3.0,8.0,1.0,1.0,0.8333333333333334,1.0,3.5
20260530_SEA_TOR,"Saturday, May 30, 2026",regular_season,Seattle Storm,Toronto Tempo,Flau'jae Johnson,G,24.0,3-9,1-5,0-0,1.0,2.0,3.0,3.0,0.0,1.0,2.0,2.0,7.0,-15.0,3.0,9.0,1.0,5.0,0.0,0.0,0.3333333333333333,1.0,1.5
20260530_SEA_TOR,"Saturday, May 30, 2026",regular_season,Seattle Storm,Toronto Tempo,Jade Melbourne,G,27.0,3-8,1-2,1-1,0.0,3.0,3.0,4.0,0.0,1.0,3.0,3.0,8.0,-18.0,3.0,8.0,1.0,2.0,1.0,1.0,0.5,1.3333333333333333,1.333
20260530_SEA_TOR,"Saturday, May 30, 2026",regular_season,Seattle Storm,Toronto Tempo,Katie Lou Samuelson,F,17.0,1-5,0-4,0-1,0.0,4.0,4.0,2.0,1.0,0.0,2.0,1.0,2.0,-16.0,1.0,5.0,0.0,4.0,0.0,1.0,0.0,2.0,1.0
20260530_SEA_TOR,"Saturday, May 30, 2026",regular_season,Seattle Storm,Toronto Tempo,Mackenzie Holmes,F,15.0,2-3,0-0,2-2,2.0,5.0,7.0,1.0,1.0,0.0,1.0,3.0,6.0,-5.0,2.0,3.0,0.0,0.0,2.0,2.0,0.6666666666666666,0.5,1.0
20260530_SEA_TOR,"Saturday, May 30, 2026",regular_season,Seattle Storm,Toronto Tempo,Awa Fam,C,24.0,3-10,0-2,1-1,1.0,4.0,5.0,0.0,0.0,1.0,2.0,3.0,7.0,-20.0,3.0,10.0,0.0,2.0,1.0,1.0,0.1,0.0,0.0
20260530_SEA_TOR,"Saturday, May 30, 2026",regular_season,Seattle Storm,Toronto Tempo,Lexie Brown,G,14.0,0-2,0-2,0-0,0.0,0.0,0.0,1.0,0.0,0.0,1.0,2.0,0.0,-2.0,0.0,2.0,0.0,2.0,0.0,0.0,0.0,,1.0
20260530_SEA_TOR,"Saturday, May 30, 2026",regular_season,Seattle Storm,Toronto Tempo,Zia Cooke,G,11.0,1-6,0-1,0-0,0.0,0.0,0.0,0.0,0.0,0.0,1.0,1.0,2.0,-7.0,1.0,6.0,0.0,1.0,0.0,0.0,0.0,0.0,0.0
20260530_SEA_TOR,"Saturday, May 30, 2026",regular_season,Seattle Storm,Toronto Tempo,Joyner Holmes,F,,,,,,,,,,,,,,,,,,,,,,,
20260530_SEA_TOR,"Saturday, May 30, 2026",regular_season,Seattle Storm,Toronto Tempo,Ezi Magbegor,F,,,,,,,,,,,,,,,,,,,,,,,
20260530_SEA_TOR,"Saturday, May 30, 2026",regular_season,Seattle Storm,Toronto Tempo,Dominique Malonga,C,,,,,,,,,,,,,,,,,,,,,,,
20260530_SEA_TOR,"Saturday, May 30, 2026",regular_season,Toronto Tempo,Seattle Storm,Nyara Sabally,F,26.0,2-5,0-1,4-4,2.0,2.0,4.0,0.0,2.0,1.0,1.0,1.0,8.0,15.0,2.0,5.0,0.0,1.0,4.0,4.0,0.8,0.0,0.0
20260530_SEA_TOR,"Saturday, May 30, 2026",regular_season,Toronto Tempo,Seattle Storm,Laura Juskaite,F,25.0,5-8,4-5,0-0,0.0,5.0,5.0,1.0,2.0,0.0,1.0,3.0,14.0,25.0,5.0,8.0,4.0,5.0,0.0,0.0,1.5,0.2,1.0
20260530_SEA_TOR,"Saturday, May 30, 2026",regular_season,Toronto Tempo,Seattle Storm,Brittney Sykes,G,29.0,4-12,0-4,7-7,1.0,2.0,3.0,2.0,1.0,0.0,1.0,2.0,15.0,8.0,4.0,12.0,0.0,4.0,7.0,7.0,0.5833333333333334,0.5,2.0
20260530_SEA_TOR,"Saturday, May 30, 2026",regular_season,Toronto Tempo,Seattle Storm,Marina Mabrey,G,29.0,6-13,3-9,3-3,0.0,3.0,3.0,4.0,1.0,0.0,3.0,0.0,18.0,6.0,6.0,13.0,3.0,9.0,3.0,3.0,0.9230769230769231,0.6666666666666666,1.333
20260530_SEA_TOR,"Saturday, May 30, 2026",regular_season,Toronto Tempo,Seattle Storm,Kiki Rice,G,28.0,4-8,0-2,9-9,2.0,4.0,6.0,1.0,4.0,0.0,3.0,3.0,17.0,24.0,4.0,8.0,0.0,2.0,9.0,9.0,1.125,0.25,0.333
20260530_SEA_TOR,"Saturday, May 30, 2026",regular_season,Toronto Tempo,Seattle Storm,Maria Conde,F,23.0,3-6,3-4,4-4,0.0,6.0,6.0,2.0,0.0,0.0,1.0,1.0,13.0,19.0,3.0,6.0,3.0,4.0,4.0,4.0,2.1666666666666665,0.6666666666666666,2.0
20260530_SEA_TOR,"Saturday, May 30, 2026",regular_season,Toronto Tempo,Seattle Storm,Teonni Key,F,9.0,0-1,0-1,0-2,1.0,0.0,1.0,0.0,0.0,0.0,0.0,1.0,0.0,-1.0,0.0,1.0,0.0,1.0,0.0,2.0,0.0,,0.0
20260530_SEA_TOR,"Saturday, May 30, 2026",regular_season,Toronto Tempo,Seattle Storm,Kia Nurse,G,10.0,0-2,0-1,0-0,0.0,2.0,2.0,0.0,1.0,0.0,0.0,0.0,0.0,-4.0,0.0,2.0,0.0,1.0,0.0,0.0,0.0,,0.0
20260530_SEA_TOR,"Saturday, May 30, 2026",regular_season,Toronto Tempo,Seattle Storm,Julie Allemand,G,17.0,2-4,0-2,2-2,0.0,4.0,4.0,4.0,1.0,0.0,2.0,2.0,6.0,15.0,2.0,4.0,0.0,2.0,2.0,2.0,0.5,2.0,2.0
20260530_SEA_TOR,"Saturday, May 30, 2026",regular_season,Toronto Tempo,Seattle Storm,Tima Pouye,G,4.0,0-0,0-0,2-2,0.0,0.0,0.0,0.0,0.0,0.0,0.0,0.0,2.0,-2.0,0.0,0.0,0.0,0.0,2.0,2.0,,,0.0
20260530_SEA_TOR,"Saturday, May 30, 2026",regular_season,Toronto Tempo,Seattle Storm,Isabelle Harrison,F,,,,,,,,,,,,,,,,,,,,,,,
20260530_SEA_TOR,"Saturday, May 30, 2026",regular_season,Toronto Tempo,Seattle Storm,Nikolina Milic,F,,,,,,,,,,,,,,,,,,,,,,,
20260530_SEA_TOR,"Saturday, May 30, 2026",regular_season,Toronto Tempo,Seattle Storm,Temi Fagbenle,C,,,,,,,,,,,,,,,,,,,,,,,
20260530_LA_CON,"Saturday, May 30, 2026",regular_season,Los Angeles Sparks,Connecticut Sun,Nneka Ogwumike,F,33.0,4-8,1-4,3-6,2.0,1.0,3.0,2.0,1.0,0.0,0.0,2.0,12.0,-13.0,4.0,8.0,1.0,4.0,3.0,6.0,0.75,0.5,999.0
20260530_LA_CON,"Saturday, May 30, 2026",regular_season,Los Angeles Sparks,Connecticut Sun,Dearica Hamby,F,30.0,4-13,0-2,3-5,4.0,3.0,7.0,2.0,1.0,2.0,2.0,2.0,11.0,-4.0,4.0,13.0,0.0,2.0,3.0,5.0,0.23076923076923078,0.5,1.0
20260530_LA_CON,"Saturday, May 30, 2026",regular_season,Los Angeles Sparks,Connecticut Sun,Erica Wheeler,G,30.0,5-12,0-4,3-5,1.0,2.0,3.0,6.0,1.0,0.0,4.0,3.0,13.0,-3.0,5.0,12.0,0.0,4.0,3.0,5.0,0.25,1.2,1.5
20260530_LA_CON,"Saturday, May 30, 2026",regular_season,Los Angeles Sparks,Connecticut Sun,Ariel Atkins,G,32.0,3-9,2-4,8-8,1.0,3.0,4.0,1.0,4.0,3.0,3.0,5.0,16.0,5.0,3.0,9.0,2.0,4.0,8.0,8.0,1.5555555555555556,0.3333333333333333,0.333
20260530_LA_CON,"Saturday, May 30, 2026",regular_season,Los Angeles Sparks,Connecticut Sun,Rae Burrell,G,27.0,6-13,2-4,2-2,2.0,3.0,5.0,1.0,0.0,1.0,2.0,2.0,16.0,-6.0,6.0,13.0,2.0,4.0,2.0,2.0,0.6153846153846154,0.16666666666666666,0.5
20260530_LA_CON,"Saturday, May 30, 2026",regular_season,Los Angeles Sparks,Connecticut Sun,Cameron Brink,F,18.0,1-4,0-1,0-0,0.0,4.0,4.0,3.0,1.0,1.0,5.0,4.0,2.0,11.0,1.0,4.0,0.0,1.0,0.0,0.0,0.0,3.0,0.6
20260530_LA_CON,"Saturday, May 30, 2026",regular_season,Los Angeles Sparks,Connecticut Sun,Kate Martin,G,13.0,1-2,0-1,0-0,0.0,1.0,1.0,0.0,1.0,0.0,0.0,3.0,2.0,3.0,1.0,2.0,0.0,1.0,0.0,0.0,0.0,0.0,0.0
20260530_LA_CON,"Saturday, May 30, 2026",regular_season,Los Angeles Sparks,Connecticut Sun,Ta'Niya Latson,G,5.0,1-1,1-1,0-0,0.0,0.0,0.0,0.0,0.0,0.0,0.0,1.0,3.0,-3.0,1.0,1.0,1.0,1.0,0.0,0.0,3.0,0.0,0.0
20260530_LA_CON,"Saturday, May 30, 2026",regular_season,Los Angeles Sparks,Connecticut Sun,Chance Gray,G,13.0,2-4,2-4,0-0,1.0,1.0,2.0,1.0,0.0,0.0,0.0,2.0,6.0,-5.0,2.0,4.0,2.0,4.0,0.0,0.0,1.5,0.5,999.0
20260530_LA_CON,"Saturday, May 30, 2026",regular_season,Los Angeles Sparks,Connecticut Sun,Emma Cannon,F,,,,,,,,,,,,,,,,,,,,,,,
20260530_LA_CON,"Saturday, May 30, 2026",regular_season,Los Angeles Sparks,Connecticut Sun,Sania Feagin,F,,,,,,,,,,,,,,,,,,,,,,,
20260530_LA_CON,"Saturday, May 30, 2026",regular_season,Los Angeles Sparks,Connecticut Sun,Jihyun Park,F,,,,,,,,,,,,,,,,,,,,,,,
20260530_LA_CON,"Saturday, May 30, 2026",regular_season,Los Angeles Sparks,Connecticut Sun,Kelsey Plum,G,,,,,,,,,,,,,,,,,,,,,,,
20260530_LA_CON,"Saturday, May 30, 2026",regular_season,Connecticut Sun,Los Angeles Sparks,Diamond Miller,F,20.0,5-11,1-3,1-1,1.0,0.0,1.0,2.0,1.0,0.0,1.0,3.0,12.0,2.0,5.0,11.0,1.0,3.0,1.0,1.0,0.36363636363636365,0.4,2.0
20260530_LA_CON,"Saturday, May 30, 2026",regular_season,Connecticut Sun,Los Angeles Sparks,Aneesah Morrow,F,32.0,6-13,1-4,4-4,4.0,10.0,14.0,2.0,2.0,1.0,3.0,3.0,17.0,0.0,6.0,13.0,1.0,4.0,4.0,4.0,0.5384615384615384,0.3333333333333333,0.667
20260530_LA_CON,"Saturday, May 30, 2026",regular_season,Connecticut Sun,Los Angeles Sparks,Brittney Griner,C,15.0,3-5,0-0,3-4,1.0,1.0,2.0,1.0,0.0,1.0,2.0,1.0,9.0,-1.0,3.0,5.0,0.0,0.0,3.0,4.0,0.6,0.3333333333333333,0.5
20260530_LA_CON,"Saturday, May 30, 2026",regular_season,Connecticut Sun,Los Angeles Sparks,Saniya Rivers,G,29.0,4-10,0-1,1-2,0.0,0.0,0.0,4.0,2.0,1.0,3.0,2.0,9.0,6.0,4.0,10.0,0.0,1.0,1.0,2.0,0.1,1.0,1.333
20260530_LA_CON,"Saturday, May 30, 2026",regular_season,Connecticut Sun,Los Angeles Sparks,Leila Lacan,G,21.0,5-14,1-6,1-4,1.0,1.0,2.0,3.0,1.0,0.0,1.0,4.0,12.0,4.0,5.0,14.0,1.0,6.0,1.0,4.0,0.2857142857142857,0.6,3.0
20260530_LA_CON,"Saturday, May 30, 2026",regular_season,Connecticut Sun,Los Angeles Sparks,Raegan Beers,F,11.0,0-0,0-0,0-0,2.0,5.0,7.0,2.0,0.0,0.0,2.0,5.0,0.0,4.0,0.0,0.0,0.0,0.0,0.0,0.0,,,1.0
20260530_LA_CON,"Saturday, May 30, 2026",regular_season,Connecticut Sun,Los Angeles Sparks,Nell Angloma,F,11.0,0-2,0-1,2-2,0.0,0.0,0.0,0.0,0.0,1.0,1.0,2.0,2.0,-1.0,0.0,2.0,0.0,1.0,2.0,2.0,1.0,,0.0
20260530_LA_CON,"Saturday, May 30, 2026",regular_season,Connecticut Sun,Los Angeles Sparks,Olivia Nelson-Ododa,C,17.0,0-1,0-0,4-4,1.0,3.0,4.0,1.0,1.0,1.0,0.0,4.0,4.0,3.0,0.0,1.0,0.0,0.0,4.0,4.0,4.0,,999.0
20260530_LA_CON,"Saturday, May 30, 2026",regular_season,Connecticut Sun,Los Angeles Sparks,Kennedy Burke,G,24.0,4-8,2-5,4-8,2.0,4.0,6.0,0.0,2.0,3.0,0.0,1.0,14.0,3.0,4.0,8.0,2.0,5.0,4.0,8.0,1.25,0.0,0.0
20260530_LA_CON,"Saturday, May 30, 2026",regular_season,Connecticut Sun,Los Angeles Sparks,Charlisse Leger-Walker,G,13.0,0-2,0-1,2-2,0.0,1.0,1.0,3.0,2.0,1.0,3.0,2.0,2.0,-3.0,0.0,2.0,0.0,1.0,2.0,2.0,1.0,,1.0
20260530_LA_CON,"Saturday, May 30, 2026",regular_season,Connecticut Sun,Los Angeles Sparks,Gianna Kneepkens,G,6.0,1-1,1-1,0-0,0.0,0.0,0.0,0.0,0.0,0.0,0.0,2.0,3.0,-2.0,1.0,1.0,1.0,1.0,0.0,0.0,3.0,0.0,0.0
20260530_LA_CON,"Saturday, May 30, 2026",regular_season,Connecticut Sun,Los Angeles Sparks,Aaliyah Edwards,F,,,,,,,,,,,,,,,,,,,,,,,
20260531_IND_POR,"Sunday, May 31, 2026",regular_season,Indiana Fever,Portland Fire,Monique Billings,F,8.0,0-0,0-0,0-0,1.0,0.0,1.0,0.0,0.0,1.0,1.0,1.0,0.0,-9.0,0.0,0.0,0.0,0.0,0.0,0.0,,,0.0
20260531_IND_POR,"Sunday, May 31, 2026",regular_season,Indiana Fever,Portland Fire,Aliyah Boston,C,26.0,7-13,0-1,4-4,2.0,5.0,7.0,2.0,0.0,0.0,3.0,3.0,18.0,-14.0,7.0,13.0,0.0,1.0,4.0,4.0,0.3076923076923077,0.2857142857142857,0.667
20260531_IND_POR,"Sunday, May 31, 2026",regular_season,Indiana Fever,Portland Fire,Kelsey Mitchell,G,33.0,4-9,1-2,8-9,1.0,0.0,1.0,4.0,2.0,0.0,2.0,0.0,17.0,-11.0,4.0,9.0,1.0,2.0,8.0,9.0,1.2222222222222223,1.0,2.0
20260531_IND_POR,"Sunday, May 31, 2026",regular_season,Indiana Fever,Portland Fire,Lexie Hull,G,16.0,0-4,0-4,0-0,0.0,1.0,1.0,1.0,0.0,0.0,0.0,1.0,0.0,-9.0,0.0,4.0,0.0,4.0,0.0,0.0,0.0,,999.0
20260531_IND_POR,"Sunday, May 31, 2026",regular_season,Indiana Fever,Portland Fire,Caitlin Clark,G,22.0,1-7,0-2,4-5,1.0,1.0,2.0,6.0,1.0,0.0,1.0,5.0,6.0,-8.0,1.0,7.0,0.0,2.0,4.0,5.0,0.5714285714285714,6.0,6.0
20260531_IND_POR,"Sunday, May 31, 2026",regular_season,Indiana Fever,Portland Fire,Myisha Hines-Allen,F,18.0,3-5,1-1,0-0,0.0,2.0,2.0,2.0,0.0,0.0,5.0,2.0,7.0,1.0,3.0,5.0,1.0,1.0,0.0,0.0,0.6,0.6666666666666666,0.4
20260531_IND_POR,"Sunday, May 31, 2026",regular_season,Indiana Fever,Portland Fire,Makayla Timpson,F,25.0,3-5,0-0,5-5,3.0,3.0,6.0,1.0,1.0,2.0,1.0,3.0,11.0,-4.0,3.0,5.0,0.0,0.0,5.0,5.0,1.0,0.3333333333333333,1.0
20260531_IND_POR,"Sunday, May 31, 2026",regular_season,Indiana Fever,Portland Fire,Grace VanSlooten,F,6.0,1-1,0-0,0-0,0.0,0.0,0.0,0.0,0.0,0.0,0.0,0.0,2.0,-6.0,1.0,1.0,0.0,0.0,0.0,0.0,0.0,0.0,0.0
20260531_IND_POR,"Sunday, May 31, 2026",regular_season,Indiana Fever,Portland Fire,Sophie Cunningham,G,26.0,3-5,2-4,7-8,0.0,3.0,3.0,4.0,1.0,0.0,1.0,3.0,15.0,-4.0,3.0,5.0,2.0,4.0,7.0,8.0,2.6,1.3333333333333333,4.0
20260531_IND_POR,"Sunday, May 31, 2026",regular_season,Indiana Fever,Portland Fire,Tyasha Harris,G,12.0,1-5,1-5,2-2,1.0,1.0,2.0,1.0,0.0,0.0,2.0,0.0,5.0,-5.0,1.0,5.0,1.0,5.0,2.0,2.0,1.0,1.0,0.5
20260531_IND_POR,"Sunday, May 31, 2026",regular_season,Indiana Fever,Portland Fire,Raven Johnson,G,10.0,1-4,0-3,1-2,0.0,1.0,1.0,0.0,1.0,0.0,1.0,6.0,3.0,-11.0,1.0,4.0,0.0,3.0,1.0,2.0,0.25,0.0,0.0
20260531_IND_POR,"Sunday, May 31, 2026",regular_season,Indiana Fever,Portland Fire,Damiris Dantas,C,,,,,,,,,,,,,,,,,,,,,,,
20260531_IND_POR,"Sunday, May 31, 2026",regular_season,Portland Fire,Indiana Fever,Bridget Carleton,F,32.0,6-15,2-6,0-0,0.0,2.0,2.0,3.0,3.0,2.0,0.0,3.0,14.0,17.0,6.0,15.0,2.0,6.0,0.0,0.0,0.4,0.5,999.0
20260531_IND_POR,"Sunday, May 31, 2026",regular_season,Portland Fire,Indiana Fever,Emily Engstler,F,29.0,7-10,2-3,0-0,3.0,7.0,10.0,4.0,4.0,2.0,1.0,3.0,16.0,15.0,7.0,10.0,2.0,3.0,0.0,0.0,0.6,0.5714285714285714,4.0
20260531_IND_POR,"Sunday, May 31, 2026",regular_season,Portland Fire,Indiana Fever,Nyadiew Puoch,F,16.0,1-3,0-0,0-0,2.0,0.0,2.0,1.0,0.0,0.0,0.0,3.0,2.0,-4.0,1.0,3.0,0.0,0.0,0.0,0.0,0.0,1.0,999.0
20260531_IND_POR,"Sunday, May 31, 2026",regular_season,Portland Fire,Indiana Fever,Megan Gustafson,C,28.0,8-8,1-1,5-6,0.0,1.0,1.0,0.0,0.0,1.0,0.0,4.0,22.0,15.0,8.0,8.0,1.0,1.0,5.0,6.0,1.0,0.0,0.0
20260531_IND_POR,"Sunday, May 31, 2026",regular_season,Portland Fire,Indiana Fever,Carla Leite,G,27.0,6-12,0-2,6-6,0.0,1.0,1.0,12.0,0.0,0.0,4.0,3.0,18.0,20.0,6.0,12.0,0.0,2.0,6.0,6.0,0.5,2.0,3.0
20260531_IND_POR,"Sunday, May 31, 2026",regular_season,Portland Fire,Indiana Fever,Frieda Buhner,F,14.0,3-5,0-1,4-4,1.0,0.0,1.0,0.0,1.0,0.0,0.0,3.0,10.0,14.0,3.0,5.0,0.0,1.0,4.0,4.0,0.8,0.0,0.0
20260531_IND_POR,"Sunday, May 31, 2026",regular_season,Portland Fire,Indiana Fever,Luisa Geiselsoder,C,12.0,0-1,0-0,0-0,1.0,0.0,1.0,1.0,0.0,0.0,1.0,1.0,0.0,1.0,0.0,1.0,0.0,0.0,0.0,0.0,0.0,,1.0
20260531_IND_POR,"Sunday, May 31, 2026",regular_season,Portland Fire,Indiana Fever,Holly Winterburn,G,3.0,0-0,0-0,0-0,0.0,0.0,0.0,1.0,0.0,0.0,1.0,0.0,0.0,-3.0,0.0,0.0,0.0,0.0,0.0,0.0,,,1.0
20260531_IND_POR,"Sunday, May 31, 2026",regular_season,Portland Fire,Indiana Fever,Sarah Ashlee Barker,G,28.0,4-13,3-9,4-4,1.0,5.0,6.0,4.0,0.0,0.0,2.0,4.0,15.0,6.0,4.0,13.0,3.0,9.0,4.0,4.0,1.0,1.0,2.0
20260531_IND_POR,"Sunday, May 31, 2026",regular_season,Portland Fire,Indiana Fever,Teja Oblak,G,10.0,1-3,1-1,0-0,0.0,1.0,1.0,0.0,0.0,0.0,2.0,2.0,3.0,-1.0,1.0,3.0,1.0,1.0,0.0,0.0,1.0,0.0,0.0
20260531_IND_POR,"Sunday, May 31, 2026",regular_season,Portland Fire,Indiana Fever,Serah Williams,C,,,,,,,,,,,,,,,,,,,,,,,
20260531_IND_POR,"Sunday, May 31, 2026",regular_season,Portland Fire,Indiana Fever,Karlie Samuelson,G,,,,,,,,,,,,,,,,,,,,,,,
20260531_LV_GS,"Sunday, May 31, 2026",regular_season,Las Vegas Aces,Golden State Valkyries,Stephanie Talbot,F,32.0,2-7,2-7,4-5,2.0,5.0,7.0,4.0,1.0,0.0,1.0,5.0,10.0,8.0,2.0,7.0,2.0,7.0,4.0,5.0,1.4285714285714286,2.0,4.0
20260531_LV_GS,"Sunday, May 31, 2026",regular_season,Las Vegas Aces,Golden State Valkyries,NaLyssa Smith,F,25.0,7-9,0-0,1-2,2.0,7.0,9.0,1.0,0.0,0.0,2.0,3.0,15.0,-2.0,7.0,9.0,0.0,0.0,1.0,2.0,0.1111111111111111,0.14285714285714285,0.5
20260531_LV_GS,"Sunday, May 31, 2026",regular_season,Las Vegas Aces,Golden State Valkyries,A'ja Wilson,C,36.0,11-22,0-1,6-7,5.0,10.0,15.0,4.0,1.0,4.0,4.0,2.0,28.0,11.0,11.0,22.0,0.0,1.0,6.0,7.0,0.2727272727272727,0.36363636363636365,1.0
20260531_LV_GS,"Sunday, May 31, 2026",regular_season,Las Vegas Aces,Golden State Valkyries,Chelsea Gray,G,36.0,1-7,0-2,3-3,0.0,2.0,2.0,6.0,2.0,0.0,5.0,4.0,5.0,7.0,1.0,7.0,0.0,2.0,3.0,3.0,0.42857142857142855,6.0,1.2
20260531_LV_GS,"Sunday, May 31, 2026",regular_season,Las Vegas Aces,Golden State Valkyries,Jackie Young,G,37.0,9-17,5-9,0-0,0.0,7.0,7.0,9.0,1.0,0.0,2.0,1.0,23.0,12.0,9.0,17.0,5.0,9.0,0.0,0.0,0.8823529411764706,1.0,4.5
20260531_LV_GS,"Sunday, May 31, 2026",regular_season,Las Vegas Aces,Golden State Valkyries,Brianna Turner,F,10.0,2-4,0-0,0-0,2.0,1.0,3.0,0.0,0.0,1.0,1.0,2.0,4.0,4.0,2.0,4.0,0.0,0.0,0.0,0.0,0.0,0.0,0.0
20260531_LV_GS,"Sunday, May 31, 2026",regular_season,Las Vegas Aces,Golden State Valkyries,Kierstan Bell,F,14.0,0-2,0-2,0-0,1.0,0.0,1.0,2.0,0.0,2.0,0.0,1.0,0.0,8.0,0.0,2.0,0.0,2.0,0.0,0.0,0.0,,999.0
20260531_LV_GS,"Sunday, May 31, 2026",regular_season,Las Vegas Aces,Golden State Valkyries,Chennedy Carter,G,9.0,1-1,1-1,3-4,0.0,1.0,1.0,0.0,0.0,1.0,0.0,0.0,6.0,2.0,1.0,1.0,1.0,1.0,3.0,4.0,6.0,0.0,0.0
20260531_LV_GS,"Sunday, May 31, 2026",regular_season,Las Vegas Aces,Golden State Valkyries,Cheyenne Parker-Tyus,F,,,,,,,,,,,,,,,,,,,,,,,
20260531_LV_GS,"Sunday, May 31, 2026",regular_season,Las Vegas Aces,Golden State Valkyries,Janiah Barker,F,,,,,,,,,,,,,,,,,,,,,,,
20260531_LV_GS,"Sunday, May 31, 2026",regular_season,Golden State Valkyries,Las Vegas Aces,Kayla Thornton,F,27.0,4-10,4-7,0-0,0.0,4.0,4.0,0.0,2.0,0.0,0.0,4.0,12.0,-10.0,4.0,10.0,4.0,7.0,0.0,0.0,1.2,0.0,0.0
20260531_LV_GS,"Sunday, May 31, 2026",regular_season,Golden State Valkyries,Las Vegas Aces,Gabby Williams,F,26.0,6-14,4-6,4-4,0.0,4.0,4.0,1.0,2.0,0.0,2.0,2.0,20.0,2.0,6.0,14.0,4.0,6.0,4.0,4.0,1.1428571428571428,0.16666666666666666,0.5
20260531_LV_GS,"Sunday, May 31, 2026",regular_season,Golden State Valkyries,Las Vegas Aces,Cecilia Zandalasini,F,21.0,3-7,2-5,1-2,2.0,2.0,4.0,1.0,0.0,0.0,4.0,1.0,9.0,-9.0,3.0,7.0,2.0,5.0,1.0,2.0,1.0,0.3333333333333333,0.25
20260531_LV_GS,"Sunday, May 31, 2026",regular_season,Golden State Valkyries,Las Vegas Aces,Kiah Stokes,C,24.0,0-2,0-1,0-0,0.0,7.0,7.0,0.0,1.0,0.0,0.0,2.0,0.0,-7.0,0.0,2.0,0.0,1.0,0.0,0.0,0.0,,0.0
20260531_LV_GS,"Sunday, May 31, 2026",regular_season,Golden State Valkyries,Las Vegas Aces,Veronica Burton,G,28.0,3-9,1-3,0-0,2.0,1.0,3.0,5.0,1.0,0.0,2.0,4.0,7.0,-15.0,3.0,9.0,1.0,3.0,0.0,0.0,0.3333333333333333,1.6666666666666667,2.5
20260531_LV_GS,"Sunday, May 31, 2026",regular_season,Golden State Valkyries,Las Vegas Aces,Laeticia Amihere,F,7.0,0-5,0-0,2-2,4.0,0.0,4.0,2.0,0.0,0.0,0.0,1.0,2.0,3.0,0.0,5.0,0.0,0.0,2.0,2.0,0.4,,999.0
20260531_LV_GS,"Sunday, May 31, 2026",regular_season,Golden State Valkyries,Las Vegas Aces,Janelle Salaun,F,21.0,5-13,3-8,3-3,1.0,3.0,4.0,1.0,2.0,0.0,0.0,3.0,16.0,-12.0,5.0,13.0,3.0,8.0,3.0,3.0,0.9230769230769231,0.2,999.0
20260531_LV_GS,"Sunday, May 31, 2026",regular_season,Golden State Valkyries,Las Vegas Aces,Tiffany Hayes,G,14.0,1-4,0-1,3-4,0.0,0.0,0.0,1.0,1.0,0.0,1.0,2.0,5.0,-16.0,1.0,4.0,0.0,1.0,3.0,4.0,0.75,1.0,1.0
20260531_LV_GS,"Sunday, May 31, 2026",regular_season,Golden State Valkyries,Las Vegas Aces,Kaila Charles,G,11.0,0-4,0-2,0-0,0.0,0.0,0.0,1.0,0.0,0.0,2.0,2.0,0.0,-8.0,0.0,4.0,0.0,2.0,0.0,0.0,0.0,,0.5
20260531_LV_GS,"Sunday, May 31, 2026",regular_season,Golden State Valkyries,Las Vegas Aces,Kaitlyn Chen,G,12.0,2-4,1-1,0-0,0.0,1.0,1.0,3.0,0.0,0.0,0.0,0.0,5.0,5.0,2.0,4.0,1.0,1.0,0.0,0.0,0.75,1.5,999.0
20260531_LV_GS,"Sunday, May 31, 2026",regular_season,Golden State Valkyries,Las Vegas Aces,Ndjakalenga Mwenentanda,G,4.0,0-0,0-0,0-0,0.0,1.0,1.0,0.0,0.0,0.0,1.0,0.0,0.0,7.0,0.0,0.0,0.0,0.0,0.0,0.0,,,0.0
20260531_LV_GS,"Sunday, May 31, 2026",regular_season,Golden State Valkyries,Las Vegas Aces,Juste Jocyte,G,5.0,1-2,1-1,2-2,0.0,1.0,1.0,1.0,0.0,0.0,0.0,0.0,5.0,10.0,1.0,2.0,1.0,1.0,2.0,2.0,2.5,1.0,999.0
20260602_SEA_DAL,"Tuesday, June 02, 2026",regular_season,Seattle Storm,Dallas Wings,Jordan Horston,F,27.0,1-7,0-2,0-0,1.0,5.0,6.0,1.0,0.0,4.0,2.0,1.0,2.0,-13.0,1.0,7.0,0.0,2.0,0.0,0.0,0.0,1.0,0.5
20260602_SEA_DAL,"Tuesday, June 02, 2026",regular_season,Seattle Storm,Dallas Wings,Stefanie Dolson,C,20.0,1-4,0-2,0-0,0.0,2.0,2.0,0.0,0.0,2.0,1.0,4.0,2.0,-18.0,1.0,4.0,0.0,2.0,0.0,0.0,0.0,0.0,0.0
20260602_SEA_DAL,"Tuesday, June 02, 2026",regular_season,Seattle Storm,Dallas Wings,Natisha Hiedeman,G,26.0,3-9,0-2,5-5,0.0,2.0,2.0,2.0,0.0,0.0,3.0,1.0,11.0,-22.0,3.0,9.0,0.0,2.0,5.0,5.0,0.5555555555555556,0.6666666666666666,0.667
20260602_SEA_DAL,"Tuesday, June 02, 2026",regular_season,Seattle Storm,Dallas Wings,Flau'jae Johnson,G,25.0,4-12,1-5,7-10,2.0,8.0,10.0,1.0,1.0,1.0,5.0,6.0,16.0,-22.0,4.0,12.0,1.0,5.0,7.0,10.0,0.8333333333333334,0.25,0.2
20260602_SEA_DAL,"Tuesday, June 02, 2026",regular_season,Seattle Storm,Dallas Wings,Jade Melbourne,G,25.0,2-8,1-3,0-0,0.0,3.0,3.0,1.0,0.0,0.0,1.0,6.0,5.0,-23.0,2.0,8.0,1.0,3.0,0.0,0.0,0.375,0.5,1.0
20260602_SEA_DAL,"Tuesday, June 02, 2026",regular_season,Seattle Storm,Dallas Wings,Katie Lou Samuelson,F,12.0,2-2,2-2,0-2,0.0,2.0,2.0,2.0,0.0,0.0,0.0,0.0,6.0,-3.0,2.0,2.0,2.0,2.0,0.0,2.0,3.0,1.0,999.0
20260602_SEA_DAL,"Tuesday, June 02, 2026",regular_season,Seattle Storm,Dallas Wings,Mackenzie Holmes,F,14.0,1-2,0-0,0-0,0.0,1.0,1.0,2.0,0.0,0.0,1.0,1.0,2.0,6.0,1.0,2.0,0.0,0.0,0.0,0.0,0.0,2.0,2.0
20260602_SEA_DAL,"Tuesday, June 02, 2026",regular_season,Seattle Storm,Dallas Wings,Awa Fam,C,31.0,4-10,0-1,0-0,3.0,4.0,7.0,1.0,4.0,0.0,2.0,2.0,8.0,-17.0,4.0,10.0,0.0,1.0,0.0,0.0,0.0,0.25,0.5
20260602_SEA_DAL,"Tuesday, June 02, 2026",regular_season,Seattle Storm,Dallas Wings,Lexie Brown,G,5.0,0-0,0-0,0-0,0.0,1.0,1.0,1.0,1.0,0.0,0.0,0.0,0.0,-2.0,0.0,0.0,0.0,0.0,0.0,0.0,,,999.0
20260602_SEA_DAL,"Tuesday, June 02, 2026",regular_season,Seattle Storm,Dallas Wings,Zia Cooke,G,16.0,2-7,0-2,0-0,0.0,2.0,2.0,0.0,0.0,0.0,2.0,1.0,4.0,-1.0,2.0,7.0,0.0,2.0,0.0,0.0,0.0,0.0,0.0
20260602_SEA_DAL,"Tuesday, June 02, 2026",regular_season,Seattle Storm,Dallas Wings,Joyner Holmes,F,,,,,,,,,,,,,,,,,,,,,,,
20260602_SEA_DAL,"Tuesday, June 02, 2026",regular_season,Seattle Storm,Dallas Wings,Ezi Magbegor,F,,,,,,,,,,,,,,,,,,,,,,,
20260602_SEA_DAL,"Tuesday, June 02, 2026",regular_season,Seattle Storm,Dallas Wings,Dominique Malonga,C,,,,,,,,,,,,,,,,,,,,,,,
20260602_SEA_DAL,"Tuesday, June 02, 2026",regular_season,Dallas Wings,Seattle Storm,Jessica Shepard,F,23.0,4-9,0-0,1-2,2.0,6.0,8.0,1.0,1.0,0.0,0.0,0.0,9.0,16.0,4.0,9.0,0.0,0.0,1.0,2.0,0.1111111111111111,0.25,999.0
20260602_SEA_DAL,"Tuesday, June 02, 2026",regular_season,Dallas Wings,Seattle Storm,Maddy Siegrist,F,22.0,3-10,1-2,2-2,6.0,3.0,9.0,2.0,1.0,0.0,0.0,1.0,9.0,21.0,3.0,10.0,1.0,2.0,2.0,2.0,0.5,0.6666666666666666,999.0
20260602_SEA_DAL,"Tuesday, June 02, 2026",regular_season,Dallas Wings,Seattle Storm,Arike Ogunbowale,G,18.0,2-13,0-5,5-6,4.0,1.0,5.0,0.0,1.0,0.0,1.0,0.0,9.0,9.0,2.0,13.0,0.0,5.0,5.0,6.0,0.38461538461538464,0.0,0.0
20260602_SEA_DAL,"Tuesday, June 02, 2026",regular_season,Dallas Wings,Seattle Storm,Paige Bueckers,G,24.0,4-12,1-5,1-2,1.0,8.0,9.0,7.0,1.0,0.0,2.0,1.0,10.0,18.0,4.0,12.0,1.0,5.0,1.0,2.0,0.3333333333333333,1.75,3.5
20260602_SEA_DAL,"Tuesday, June 02, 2026",regular_season,Dallas Wings,Seattle Storm,Azzi Fudd,G,24.0,4-7,1-4,0-0,0.0,1.0,1.0,0.0,1.0,1.0,0.0,1.0,9.0,15.0,4.0,7.0,1.0,4.0,0.0,0.0,0.42857142857142855,0.0,0.0
20260602_SEA_DAL,"Tuesday, June 02, 2026",regular_season,Dallas Wings,Seattle Storm,Alysha Clark,F,18.0,1-3,1-3,3-4,2.0,3.0,5.0,1.0,1.0,0.0,0.0,4.0,6.0,5.0,1.0,3.0,1.0,3.0,3.0,4.0,2.0,1.0,999.0
20260602_SEA_DAL,"Tuesday, June 02, 2026",regular_season,Dallas Wings,Seattle Storm,Alanna Smith,F,22.0,2-6,0-3,1-2,0.0,4.0,4.0,3.0,0.0,0.0,4.0,4.0,5.0,10.0,2.0,6.0,0.0,3.0,1.0,2.0,0.16666666666666666,1.5,0.75
20260602_SEA_DAL,"Tuesday, June 02, 2026",regular_season,Dallas Wings,Seattle Storm,Li Yueru,C,9.0,1-2,0-1,0-0,1.0,1.0,2.0,0.0,0.0,0.0,0.0,1.0,2.0,-1.0,1.0,2.0,0.0,1.0,0.0,0.0,0.0,0.0,0.0
20260602_SEA_DAL,"Tuesday, June 02, 2026",regular_season,Dallas Wings,Seattle Storm,Odyssey Sims,G,21.0,1-5,0-0,0-2,0.0,2.0,2.0,4.0,1.0,0.0,1.0,0.0,2.0,13.0,1.0,5.0,0.0,0.0,0.0,2.0,0.0,4.0,4.0
20260602_SEA_DAL,"Tuesday, June 02, 2026",regular_season,Dallas Wings,Seattle Storm,Aziaha James,G,18.0,7-14,1-2,3-4,2.0,1.0,3.0,1.0,0.0,0.0,0.0,3.0,18.0,9.0,7.0,14.0,1.0,2.0,3.0,4.0,0.42857142857142855,0.14285714285714285,999.0
20260602_SEA_DAL,"Tuesday, June 02, 2026",regular_season,Dallas Wings,Seattle Storm,JJ Quinerly,G,,,,,,,,,,,,,,,,,,,,,,,
20260602_MIN_PHX,"Tuesday, June 02, 2026",regular_season,Minnesota Lynx,Phoenix Mercury,Natasha Howard,F,23.0,5-7,0-0,1-1,1.0,3.0,4.0,3.0,3.0,0.0,2.0,1.0,11.0,21.0,5.0,7.0,0.0,0.0,1.0,1.0,0.14285714285714285,0.6,1.5
20260602_MIN_PHX,"Tuesday, June 02, 2026",regular_season,Minnesota Lynx,Phoenix Mercury,Nia Coffey,F,22.0,3-5,2-4,0-0,1.0,5.0,6.0,2.0,1.0,0.0,0.0,1.0,8.0,16.0,3.0,5.0,2.0,4.0,0.0,0.0,1.2,0.6666666666666666,999.0
20260602_MIN_PHX,"Tuesday, June 02, 2026",regular_season,Minnesota Lynx,Phoenix Mercury,Kayla McBride,G,22.0,3-7,1-4,0-0,0.0,0.0,0.0,5.0,1.0,0.0,0.0,2.0,7.0,19.0,3.0,7.0,1.0,4.0,0.0,0.0,0.42857142857142855,1.6666666666666667,999.0
20260602_MIN_PHX,"Tuesday, June 02, 2026",regular_season,Minnesota Lynx,Phoenix Mercury,Courtney Williams,G,29.0,13-20,3-3,1-1,1.0,4.0,5.0,2.0,0.0,1.0,2.0,2.0,30.0,20.0,13.0,20.0,3.0,3.0,1.0,1.0,0.5,0.15384615384615385,1.0
20260602_MIN_PHX,"Tuesday, June 02, 2026",regular_season,Minnesota Lynx,Phoenix Mercury,Olivia Miles,G,28.0,7-9,0-0,5-5,0.0,4.0,4.0,9.0,3.0,0.0,4.0,4.0,19.0,23.0,7.0,9.0,0.0,0.0,5.0,5.0,0.5555555555555556,1.2857142857142858,2.25
20260602_MIN_PHX,"Tuesday, June 02, 2026",regular_season,Minnesota Lynx,Phoenix Mercury,Antonia Delaere,F,24.0,4-6,3-4,2-2,0.0,2.0,2.0,6.0,0.0,0.0,0.0,2.0,13.0,23.0,4.0,6.0,3.0,4.0,2.0,2.0,1.8333333333333333,1.5,999.0
20260602_MIN_PHX,"Tuesday, June 02, 2026",regular_season,Minnesota Lynx,Phoenix Mercury,Anastasiia Olairi Kosu,F,18.0,4-6,0-0,4-4,4.0,2.0,6.0,0.0,1.0,3.0,0.0,2.0,12.0,18.0,4.0,6.0,0.0,0.0,4.0,4.0,0.6666666666666666,0.0,0.0
20260602_MIN_PHX,"Tuesday, June 02, 2026",regular_season,Minnesota Lynx,Phoenix Mercury,Teaira McCowan,C,16.0,3-4,0-0,0-0,1.0,5.0,6.0,0.0,1.0,0.0,2.0,6.0,6.0,13.0,3.0,4.0,0.0,0.0,0.0,0.0,0.0,0.0,0.0
20260602_MIN_PHX,"Tuesday, June 02, 2026",regular_season,Minnesota Lynx,Phoenix Mercury,Maya Caldwell,G,18.0,2-5,1-2,0-0,0.0,2.0,2.0,0.0,0.0,1.0,1.0,2.0,5.0,17.0,2.0,5.0,1.0,2.0,0.0,0.0,0.6,0.0,0.0
20260602_MIN_PHX,"Tuesday, June 02, 2026",regular_season,Minnesota Lynx,Phoenix Mercury,Napheesa Collier,F,,,,,,,,,,,,,,,,,,,,,,,
20260602_MIN_PHX,"Tuesday, June 02, 2026",regular_season,Minnesota Lynx,Phoenix Mercury,Dorka Juhasz,F,,,,,,,,,,,,,,,,,,,,,,,
20260602_MIN_PHX,"Tuesday, June 02, 2026",regular_season,Minnesota Lynx,Phoenix Mercury,Emma Cechova,F,,,,,,,,,,,,,,,,,,,,,,,
20260602_MIN_PHX,"Tuesday, June 02, 2026",regular_season,Phoenix Mercury,Minnesota Lynx,Alyssa Thomas,F,25.0,1-6,0-0,4-4,2.0,1.0,3.0,5.0,0.0,0.0,3.0,1.0,6.0,-27.0,1.0,6.0,0.0,0.0,4.0,4.0,0.6666666666666666,5.0,1.667
20260602_MIN_PHX,"Tuesday, June 02, 2026",regular_season,Phoenix Mercury,Minnesota Lynx,Natasha Mack,F,20.0,2-4,0-0,0-0,5.0,6.0,11.0,1.0,0.0,0.0,1.0,2.0,4.0,-20.0,2.0,4.0,0.0,0.0,0.0,0.0,0.0,0.5,1.0
20260602_MIN_PHX,"Tuesday, June 02, 2026",regular_season,Phoenix Mercury,Minnesota Lynx,Noemie Brochant,F,24.0,4-8,3-6,0-0,1.0,1.0,2.0,0.0,0.0,0.0,1.0,0.0,11.0,-22.0,4.0,8.0,3.0,6.0,0.0,0.0,1.125,0.0,0.0
20260602_MIN_PHX,"Tuesday, June 02, 2026",regular_season,Phoenix Mercury,Minnesota Lynx,Kahleah Copper,G,27.0,5-13,3-7,5-8,0.0,2.0,2.0,1.0,1.0,0.0,2.0,1.0,18.0,-28.0,5.0,13.0,3.0,7.0,5.0,8.0,1.0769230769230769,0.2,0.5
20260602_MIN_PHX,"Tuesday, June 02, 2026",regular_season,Phoenix Mercury,Minnesota Lynx,Monique Akoa Makani,G,24.0,1-6,0-3,8-8,0.0,0.0,0.0,5.0,2.0,0.0,3.0,2.0,10.0,-23.0,1.0,6.0,0.0,3.0,8.0,8.0,1.3333333333333333,5.0,1.667
20260602_MIN_PHX,"Tuesday, June 02, 2026",regular_season,Phoenix Mercury,Minnesota Lynx,DeWanna Bonner,F,7.0,1-5,0-1,0-0,1.0,0.0,1.0,0.0,0.0,0.0,2.0,0.0,2.0,-14.0,1.0,5.0,0.0,1.0,0.0,0.0,0.0,0.0,0.0
20260602_MIN_PHX,"Tuesday, June 02, 2026",regular_season,Phoenix Mercury,Minnesota Lynx,Valeriane Ayayi,F,11.0,0-3,0-1,0-0,0.0,1.0,1.0,4.0,0.0,0.0,0.0,2.0,0.0,-2.0,0.0,3.0,0.0,1.0,0.0,0.0,0.0,,999.0
20260602_MIN_PHX,"Tuesday, June 02, 2026",regular_season,Phoenix Mercury,Minnesota Lynx,Kyara Linskens,C,20.0,3-7,1-3,0-0,1.0,2.0,3.0,0.0,2.0,0.0,0.0,2.0,7.0,-14.0,3.0,7.0,1.0,3.0,0.0,0.0,0.42857142857142855,0.0,0.0
20260602_MIN_PHX,"Tuesday, June 02, 2026",regular_season,Phoenix Mercury,Minnesota Lynx,Jovana Nogic,G,16.0,3-6,2-4,0-0,1.0,0.0,1.0,0.0,0.0,0.0,2.0,1.0,8.0,-11.0,3.0,6.0,2.0,4.0,0.0,0.0,1.0,0.0,0.0
20260602_MIN_PHX,"Tuesday, June 02, 2026",regular_season,Phoenix Mercury,Minnesota Lynx,Lexi Held,G,15.0,1-3,1-2,2-2,0.0,0.0,0.0,0.0,0.0,0.0,0.0,1.0,5.0,-7.0,1.0,3.0,1.0,2.0,2.0,2.0,1.6666666666666667,0.0,0.0
20260602_MIN_PHX,"Tuesday, June 02, 2026",regular_season,Phoenix Mercury,Minnesota Lynx,Quionche Carter,G,10.0,1-3,0-0,4-5,0.0,0.0,0.0,2.0,1.0,0.0,0.0,0.0,6.0,-2.0,1.0,3.0,0.0,0.0,4.0,5.0,1.3333333333333333,2.0,999.0
20260602_MIN_PHX,"Tuesday, June 02, 2026",regular_season,Phoenix Mercury,Minnesota Lynx,Sami Whitcomb,G,,,,,,,,,,,,,,,,,,,,,,,
